/*--------------------------------*- C++ -*----------------------------------*\
  =========                 |
  \\      /  F ield         | OpenFOAM: The Open Source CFD Toolbox
   \\    /   O peration     | Website:  https://openfoam.org
    \\  /    A nd           | Version:  12
     \\/     M anipulation  |
\*---------------------------------------------------------------------------*/
FoamFile
{
    format      ascii;
    class       faceList;
    location    "constant/polyMesh";
    object      faces;
}
// * * * * * * * * * * * * * * * * * * * * * * * * * * * * * * * * * * * * * //


27056
(
4(361 401 41 1)
4(401 400 40 41)
4(360 400 401 361)
4(0 360 361 1)
4(41 40 0 1)
4(362 402 42 2)
4(402 401 41 42)
4(361 401 402 362)
4(1 361 362 2)
4(42 41 1 2)
4(363 403 43 3)
4(403 402 42 43)
4(362 402 403 363)
4(2 362 363 3)
4(43 42 2 3)
4(364 404 44 4)
4(404 403 43 44)
4(363 403 404 364)
4(3 363 364 4)
4(44 43 3 4)
4(365 405 45 5)
4(405 404 44 45)
4(364 404 405 365)
4(4 364 365 5)
4(45 44 4 5)
4(366 406 46 6)
4(406 405 45 46)
4(365 405 406 366)
4(5 365 366 6)
4(46 45 5 6)
4(367 407 47 7)
4(407 406 46 47)
4(366 406 407 367)
4(6 366 367 7)
4(47 46 6 7)
4(368 408 48 8)
4(408 407 47 48)
4(367 407 408 368)
4(7 367 368 8)
4(48 47 7 8)
4(369 409 49 9)
4(409 408 48 49)
4(368 408 409 369)
4(8 368 369 9)
4(49 48 8 9)
4(370 410 50 10)
4(410 409 49 50)
4(369 409 410 370)
4(9 369 370 10)
4(50 49 9 10)
4(371 411 51 11)
4(411 410 50 51)
4(370 410 411 371)
4(10 370 371 11)
4(51 50 10 11)
4(372 412 52 12)
4(412 411 51 52)
4(371 411 412 372)
4(11 371 372 12)
4(52 51 11 12)
4(373 413 53 13)
4(413 412 52 53)
4(372 412 413 373)
4(12 372 373 13)
4(53 52 12 13)
4(374 414 54 14)
4(414 413 53 54)
4(373 413 414 374)
4(13 373 374 14)
4(54 53 13 14)
4(375 415 55 15)
4(415 414 54 55)
4(374 414 415 375)
4(14 374 375 15)
4(55 54 14 15)
4(376 416 56 16)
4(416 415 55 56)
4(375 415 416 376)
4(15 375 376 16)
4(56 55 15 16)
4(377 417 57 17)
4(417 416 56 57)
4(376 416 417 377)
4(16 376 377 17)
4(57 56 16 17)
4(378 418 58 18)
4(418 417 57 58)
4(377 417 418 378)
4(17 377 378 18)
4(58 57 17 18)
4(379 419 59 19)
4(419 418 58 59)
4(378 418 419 379)
4(18 378 379 19)
4(59 58 18 19)
4(380 420 60 20)
4(420 419 59 60)
4(379 419 420 380)
4(19 379 380 20)
4(60 59 19 20)
4(381 421 61 21)
4(421 420 60 61)
4(380 420 421 381)
4(20 380 381 21)
4(61 60 20 21)
4(382 422 62 22)
4(422 421 61 62)
4(381 421 422 382)
4(21 381 382 22)
4(62 61 21 22)
4(383 423 63 23)
4(423 422 62 63)
4(382 422 423 383)
4(22 382 383 23)
4(63 62 22 23)
4(384 424 64 24)
4(424 423 63 64)
4(383 423 424 384)
4(23 383 384 24)
4(64 63 23 24)
4(385 425 65 25)
4(425 424 64 65)
4(384 424 425 385)
4(24 384 385 25)
4(65 64 24 25)
4(386 426 66 26)
4(426 425 65 66)
4(385 425 426 386)
4(25 385 386 26)
4(66 65 25 26)
4(387 427 67 27)
4(427 426 66 67)
4(386 426 427 387)
4(26 386 387 27)
4(67 66 26 27)
4(388 428 68 28)
4(428 427 67 68)
4(387 427 428 388)
4(27 387 388 28)
4(68 67 27 28)
4(389 429 69 29)
4(429 428 68 69)
4(388 428 429 389)
4(28 388 389 29)
4(69 68 28 29)
4(390 430 70 30)
4(430 429 69 70)
4(389 429 430 390)
4(29 389 390 30)
4(70 69 29 30)
4(391 431 71 31)
4(431 430 70 71)
4(390 430 431 391)
4(30 390 391 31)
4(71 70 30 31)
4(392 432 72 32)
4(432 431 71 72)
4(391 431 432 392)
4(31 391 392 32)
4(72 71 31 32)
4(393 433 73 33)
4(433 432 72 73)
4(392 432 433 393)
4(32 392 393 33)
4(73 72 32 33)
4(394 434 74 34)
4(434 433 73 74)
4(393 433 434 394)
4(33 393 394 34)
4(74 73 33 34)
4(395 435 75 35)
4(435 434 74 75)
4(394 434 435 395)
4(34 394 395 35)
4(75 74 34 35)
4(396 436 76 36)
4(436 435 75 76)
4(395 435 436 396)
4(35 395 396 36)
4(76 75 35 36)
4(397 437 77 37)
4(437 436 76 77)
4(396 436 437 397)
4(36 396 397 37)
4(77 76 36 37)
4(398 438 78 38)
4(438 437 77 78)
4(397 437 438 398)
4(37 397 398 38)
4(78 77 37 38)
4(439 438 78 79)
4(398 438 439 399)
4(38 398 399 39)
4(79 78 38 39)
4(401 441 81 41)
4(441 440 80 81)
4(400 440 441 401)
4(81 80 40 41)
4(402 442 82 42)
4(442 441 81 82)
4(401 441 442 402)
4(82 81 41 42)
4(403 443 83 43)
4(443 442 82 83)
4(402 442 443 403)
4(83 82 42 43)
4(404 444 84 44)
4(444 443 83 84)
4(403 443 444 404)
4(84 83 43 44)
4(405 445 85 45)
4(445 444 84 85)
4(404 444 445 405)
4(85 84 44 45)
4(406 446 86 46)
4(446 445 85 86)
4(405 445 446 406)
4(86 85 45 46)
4(407 447 87 47)
4(447 446 86 87)
4(406 446 447 407)
4(87 86 46 47)
4(408 448 88 48)
4(448 447 87 88)
4(407 447 448 408)
4(88 87 47 48)
4(409 449 89 49)
4(449 448 88 89)
4(408 448 449 409)
4(89 88 48 49)
4(410 450 90 50)
4(450 449 89 90)
4(409 449 450 410)
4(90 89 49 50)
4(411 451 91 51)
4(451 450 90 91)
4(410 450 451 411)
4(91 90 50 51)
4(412 452 92 52)
4(452 451 91 92)
4(411 451 452 412)
4(92 91 51 52)
4(413 453 93 53)
4(453 452 92 93)
4(412 452 453 413)
4(93 92 52 53)
4(414 454 94 54)
4(454 453 93 94)
4(413 453 454 414)
4(94 93 53 54)
4(415 455 95 55)
4(455 454 94 95)
4(414 454 455 415)
4(95 94 54 55)
4(416 456 96 56)
4(456 455 95 96)
4(415 455 456 416)
4(96 95 55 56)
4(417 457 97 57)
4(457 456 96 97)
4(416 456 457 417)
4(97 96 56 57)
4(418 458 98 58)
4(458 457 97 98)
4(417 457 458 418)
4(98 97 57 58)
4(419 459 99 59)
4(459 458 98 99)
4(418 458 459 419)
4(99 98 58 59)
4(420 460 100 60)
4(460 459 99 100)
4(419 459 460 420)
4(100 99 59 60)
4(421 461 101 61)
4(461 460 100 101)
4(420 460 461 421)
4(101 100 60 61)
4(422 462 102 62)
4(462 461 101 102)
4(421 461 462 422)
4(102 101 61 62)
4(423 463 103 63)
4(463 462 102 103)
4(422 462 463 423)
4(103 102 62 63)
4(424 464 104 64)
4(464 463 103 104)
4(423 463 464 424)
4(104 103 63 64)
4(425 465 105 65)
4(465 464 104 105)
4(424 464 465 425)
4(105 104 64 65)
4(426 466 106 66)
4(466 465 105 106)
4(425 465 466 426)
4(106 105 65 66)
4(427 467 107 67)
4(467 466 106 107)
4(426 466 467 427)
4(107 106 66 67)
4(428 468 108 68)
4(468 467 107 108)
4(427 467 468 428)
4(108 107 67 68)
4(429 469 109 69)
4(469 468 108 109)
4(428 468 469 429)
4(109 108 68 69)
4(430 470 110 70)
4(470 469 109 110)
4(429 469 470 430)
4(110 109 69 70)
4(431 471 111 71)
4(471 470 110 111)
4(430 470 471 431)
4(111 110 70 71)
4(432 472 112 72)
4(472 471 111 112)
4(431 471 472 432)
4(112 111 71 72)
4(433 473 113 73)
4(473 472 112 113)
4(432 472 473 433)
4(113 112 72 73)
4(434 474 114 74)
4(474 473 113 114)
4(433 473 474 434)
4(114 113 73 74)
4(435 475 115 75)
4(475 474 114 115)
4(434 474 475 435)
4(115 114 74 75)
4(436 476 116 76)
4(476 475 115 116)
4(435 475 476 436)
4(116 115 75 76)
4(437 477 117 77)
4(477 476 116 117)
4(436 476 477 437)
4(117 116 76 77)
4(438 478 118 78)
4(478 477 117 118)
4(437 477 478 438)
4(118 117 77 78)
4(479 478 118 119)
4(438 478 479 439)
4(119 118 78 79)
4(441 481 121 81)
4(481 480 120 121)
4(440 480 481 441)
4(121 120 80 81)
4(442 482 122 82)
4(482 481 121 122)
4(441 481 482 442)
4(122 121 81 82)
4(443 483 123 83)
4(483 482 122 123)
4(442 482 483 443)
4(123 122 82 83)
4(444 484 124 84)
4(484 483 123 124)
4(443 483 484 444)
4(124 123 83 84)
4(445 485 125 85)
4(485 484 124 125)
4(444 484 485 445)
4(125 124 84 85)
4(446 486 126 86)
4(486 485 125 126)
4(445 485 486 446)
4(126 125 85 86)
4(447 487 127 87)
4(487 486 126 127)
4(446 486 487 447)
4(127 126 86 87)
4(448 488 128 88)
4(488 487 127 128)
4(447 487 488 448)
4(128 127 87 88)
4(449 489 129 89)
4(489 488 128 129)
4(448 488 489 449)
4(129 128 88 89)
4(450 490 130 90)
4(490 489 129 130)
4(449 489 490 450)
4(130 129 89 90)
4(451 491 131 91)
4(491 490 130 131)
4(450 490 491 451)
4(131 130 90 91)
4(452 492 132 92)
4(492 491 131 132)
4(451 491 492 452)
4(132 131 91 92)
4(453 493 133 93)
4(493 492 132 133)
4(452 492 493 453)
4(133 132 92 93)
4(454 494 134 94)
4(494 493 133 134)
4(453 493 494 454)
4(134 133 93 94)
4(455 495 135 95)
4(495 494 134 135)
4(454 494 495 455)
4(135 134 94 95)
4(456 496 136 96)
4(496 495 135 136)
4(455 495 496 456)
4(136 135 95 96)
4(457 497 137 97)
4(497 496 136 137)
4(456 496 497 457)
4(137 136 96 97)
4(458 498 138 98)
4(498 497 137 138)
4(457 497 498 458)
4(138 137 97 98)
4(459 499 139 99)
4(499 498 138 139)
4(458 498 499 459)
4(139 138 98 99)
4(460 500 140 100)
4(500 499 139 140)
4(459 499 500 460)
4(140 139 99 100)
4(461 501 141 101)
4(501 500 140 141)
4(460 500 501 461)
4(141 140 100 101)
4(462 502 142 102)
4(502 501 141 142)
4(461 501 502 462)
4(142 141 101 102)
4(463 503 143 103)
4(503 502 142 143)
4(462 502 503 463)
4(143 142 102 103)
4(464 504 144 104)
4(504 503 143 144)
4(463 503 504 464)
4(144 143 103 104)
4(465 505 145 105)
4(505 504 144 145)
4(464 504 505 465)
4(145 144 104 105)
4(466 506 146 106)
4(506 505 145 146)
4(465 505 506 466)
4(146 145 105 106)
4(467 507 147 107)
4(507 506 146 147)
4(466 506 507 467)
4(147 146 106 107)
4(468 508 148 108)
4(508 507 147 148)
4(467 507 508 468)
4(148 147 107 108)
4(469 509 149 109)
4(509 508 148 149)
4(468 508 509 469)
4(149 148 108 109)
4(470 510 150 110)
4(510 509 149 150)
4(469 509 510 470)
4(150 149 109 110)
4(471 511 151 111)
4(511 510 150 151)
4(470 510 511 471)
4(151 150 110 111)
4(472 512 152 112)
4(512 511 151 152)
4(471 511 512 472)
4(152 151 111 112)
4(473 513 153 113)
4(513 512 152 153)
4(472 512 513 473)
4(153 152 112 113)
4(474 514 154 114)
4(514 513 153 154)
4(473 513 514 474)
4(154 153 113 114)
4(475 515 155 115)
4(515 514 154 155)
4(474 514 515 475)
4(155 154 114 115)
4(476 516 156 116)
4(516 515 155 156)
4(475 515 516 476)
4(156 155 115 116)
4(477 517 157 117)
4(517 516 156 157)
4(476 516 517 477)
4(157 156 116 117)
4(478 518 158 118)
4(518 517 157 158)
4(477 517 518 478)
4(158 157 117 118)
4(519 518 158 159)
4(478 518 519 479)
4(159 158 118 119)
4(481 521 161 121)
4(521 520 160 161)
4(480 520 521 481)
4(161 160 120 121)
4(482 522 162 122)
4(522 521 161 162)
4(481 521 522 482)
4(162 161 121 122)
4(483 523 163 123)
4(523 522 162 163)
4(482 522 523 483)
4(163 162 122 123)
4(484 524 164 124)
4(524 523 163 164)
4(483 523 524 484)
4(164 163 123 124)
4(485 525 165 125)
4(525 524 164 165)
4(484 524 525 485)
4(165 164 124 125)
4(486 526 166 126)
4(526 525 165 166)
4(485 525 526 486)
4(166 165 125 126)
4(487 527 167 127)
4(527 526 166 167)
4(486 526 527 487)
4(167 166 126 127)
4(488 528 168 128)
4(528 527 167 168)
4(487 527 528 488)
4(168 167 127 128)
4(489 529 169 129)
4(529 528 168 169)
4(488 528 529 489)
4(169 168 128 129)
4(490 530 170 130)
4(530 529 169 170)
4(489 529 530 490)
4(170 169 129 130)
4(491 531 171 131)
4(531 530 170 171)
4(490 530 531 491)
4(171 170 130 131)
4(492 532 172 132)
4(532 531 171 172)
4(491 531 532 492)
4(172 171 131 132)
4(493 533 173 133)
4(533 532 172 173)
4(492 532 533 493)
4(173 172 132 133)
4(494 534 174 134)
4(534 533 173 174)
4(493 533 534 494)
4(174 173 133 134)
4(495 535 175 135)
4(535 534 174 175)
4(494 534 535 495)
4(175 174 134 135)
4(496 536 176 136)
4(536 535 175 176)
4(495 535 536 496)
4(176 175 135 136)
4(497 537 177 137)
4(537 536 176 177)
4(496 536 537 497)
4(177 176 136 137)
4(498 538 178 138)
4(538 537 177 178)
4(497 537 538 498)
4(178 177 137 138)
4(499 539 179 139)
4(539 538 178 179)
4(498 538 539 499)
4(179 178 138 139)
4(500 540 180 140)
4(540 539 179 180)
4(499 539 540 500)
4(180 179 139 140)
4(501 541 181 141)
4(541 540 180 181)
4(500 540 541 501)
4(181 180 140 141)
4(502 542 182 142)
4(542 541 181 182)
4(501 541 542 502)
4(182 181 141 142)
4(503 543 183 143)
4(543 542 182 183)
4(502 542 543 503)
4(183 182 142 143)
4(504 544 184 144)
4(544 543 183 184)
4(503 543 544 504)
4(184 183 143 144)
4(505 545 185 145)
4(545 544 184 185)
4(504 544 545 505)
4(185 184 144 145)
4(506 546 186 146)
4(546 545 185 186)
4(505 545 546 506)
4(186 185 145 146)
4(507 547 187 147)
4(547 546 186 187)
4(506 546 547 507)
4(187 186 146 147)
4(508 548 188 148)
4(548 547 187 188)
4(507 547 548 508)
4(188 187 147 148)
4(509 549 189 149)
4(549 548 188 189)
4(508 548 549 509)
4(189 188 148 149)
4(510 550 190 150)
4(550 549 189 190)
4(509 549 550 510)
4(190 189 149 150)
4(511 551 191 151)
4(551 550 190 191)
4(510 550 551 511)
4(191 190 150 151)
4(512 552 192 152)
4(552 551 191 192)
4(511 551 552 512)
4(192 191 151 152)
4(513 553 193 153)
4(553 552 192 193)
4(512 552 553 513)
4(193 192 152 153)
4(514 554 194 154)
4(554 553 193 194)
4(513 553 554 514)
4(194 193 153 154)
4(515 555 195 155)
4(555 554 194 195)
4(514 554 555 515)
4(195 194 154 155)
4(516 556 196 156)
4(556 555 195 196)
4(515 555 556 516)
4(196 195 155 156)
4(517 557 197 157)
4(557 556 196 197)
4(516 556 557 517)
4(197 196 156 157)
4(518 558 198 158)
4(558 557 197 198)
4(517 557 558 518)
4(198 197 157 158)
4(559 558 198 199)
4(518 558 559 519)
4(199 198 158 159)
4(521 561 201 161)
4(561 560 200 201)
4(520 560 561 521)
4(201 200 160 161)
4(522 562 202 162)
4(562 561 201 202)
4(521 561 562 522)
4(202 201 161 162)
4(523 563 203 163)
4(563 562 202 203)
4(522 562 563 523)
4(203 202 162 163)
4(524 564 204 164)
4(564 563 203 204)
4(523 563 564 524)
4(204 203 163 164)
4(525 565 205 165)
4(565 564 204 205)
4(524 564 565 525)
4(205 204 164 165)
4(526 566 206 166)
4(566 565 205 206)
4(525 565 566 526)
4(206 205 165 166)
4(527 567 207 167)
4(567 566 206 207)
4(526 566 567 527)
4(207 206 166 167)
4(528 568 208 168)
4(568 567 207 208)
4(527 567 568 528)
4(208 207 167 168)
4(529 569 209 169)
4(569 568 208 209)
4(528 568 569 529)
4(209 208 168 169)
4(530 570 210 170)
4(570 569 209 210)
4(529 569 570 530)
4(210 209 169 170)
4(531 571 211 171)
4(571 570 210 211)
4(530 570 571 531)
4(211 210 170 171)
4(532 572 212 172)
4(572 571 211 212)
4(531 571 572 532)
4(212 211 171 172)
4(533 573 213 173)
4(573 572 212 213)
4(532 572 573 533)
4(213 212 172 173)
4(534 574 214 174)
4(574 573 213 214)
4(533 573 574 534)
4(214 213 173 174)
4(535 575 215 175)
4(575 574 214 215)
4(534 574 575 535)
4(215 214 174 175)
4(536 576 216 176)
4(576 575 215 216)
4(535 575 576 536)
4(216 215 175 176)
4(537 577 217 177)
4(577 576 216 217)
4(536 576 577 537)
4(217 216 176 177)
4(538 578 218 178)
4(578 577 217 218)
4(537 577 578 538)
4(218 217 177 178)
4(539 579 219 179)
4(579 578 218 219)
4(538 578 579 539)
4(219 218 178 179)
4(540 580 220 180)
4(580 579 219 220)
4(539 579 580 540)
4(220 219 179 180)
4(541 581 221 181)
4(581 580 220 221)
4(540 580 581 541)
4(221 220 180 181)
4(542 582 222 182)
4(582 581 221 222)
4(541 581 582 542)
4(222 221 181 182)
4(543 583 223 183)
4(583 582 222 223)
4(542 582 583 543)
4(223 222 182 183)
4(544 584 224 184)
4(584 583 223 224)
4(543 583 584 544)
4(224 223 183 184)
4(545 585 225 185)
4(585 584 224 225)
4(544 584 585 545)
4(225 224 184 185)
4(546 586 226 186)
4(586 585 225 226)
4(545 585 586 546)
4(226 225 185 186)
4(547 587 227 187)
4(587 586 226 227)
4(546 586 587 547)
4(227 226 186 187)
4(548 588 228 188)
4(588 587 227 228)
4(547 587 588 548)
4(228 227 187 188)
4(549 589 229 189)
4(589 588 228 229)
4(548 588 589 549)
4(229 228 188 189)
4(550 590 230 190)
4(590 589 229 230)
4(549 589 590 550)
4(230 229 189 190)
4(551 591 231 191)
4(591 590 230 231)
4(550 590 591 551)
4(231 230 190 191)
4(552 592 232 192)
4(592 591 231 232)
4(551 591 592 552)
4(232 231 191 192)
4(553 593 233 193)
4(593 592 232 233)
4(552 592 593 553)
4(233 232 192 193)
4(554 594 234 194)
4(594 593 233 234)
4(553 593 594 554)
4(234 233 193 194)
4(555 595 235 195)
4(595 594 234 235)
4(554 594 595 555)
4(235 234 194 195)
4(556 596 236 196)
4(596 595 235 236)
4(555 595 596 556)
4(236 235 195 196)
4(557 597 237 197)
4(597 596 236 237)
4(556 596 597 557)
4(237 236 196 197)
4(558 598 238 198)
4(598 597 237 238)
4(557 597 598 558)
4(238 237 197 198)
4(599 598 238 239)
4(558 598 599 559)
4(239 238 198 199)
4(561 601 241 201)
4(601 600 240 241)
4(560 600 601 561)
4(241 240 200 201)
4(562 602 242 202)
4(602 601 241 242)
4(561 601 602 562)
4(242 241 201 202)
4(563 603 243 203)
4(603 602 242 243)
4(562 602 603 563)
4(243 242 202 203)
4(564 604 244 204)
4(604 603 243 244)
4(563 603 604 564)
4(244 243 203 204)
4(565 605 245 205)
4(605 604 244 245)
4(564 604 605 565)
4(245 244 204 205)
4(566 606 246 206)
4(606 605 245 246)
4(565 605 606 566)
4(246 245 205 206)
4(567 607 247 207)
4(607 606 246 247)
4(566 606 607 567)
4(247 246 206 207)
4(568 608 248 208)
4(608 607 247 248)
4(567 607 608 568)
4(248 247 207 208)
4(569 609 249 209)
4(609 608 248 249)
4(568 608 609 569)
4(249 248 208 209)
4(570 610 250 210)
4(610 609 249 250)
4(569 609 610 570)
4(250 249 209 210)
4(571 611 251 211)
4(611 610 250 251)
4(570 610 611 571)
4(251 250 210 211)
4(572 612 252 212)
4(612 611 251 252)
4(571 611 612 572)
4(252 251 211 212)
4(573 613 253 213)
4(613 612 252 253)
4(572 612 613 573)
4(253 252 212 213)
4(574 614 254 214)
4(614 613 253 254)
4(573 613 614 574)
4(254 253 213 214)
4(575 615 255 215)
4(615 614 254 255)
4(574 614 615 575)
4(255 254 214 215)
4(576 616 256 216)
4(616 615 255 256)
4(575 615 616 576)
4(256 255 215 216)
4(577 617 257 217)
4(617 616 256 257)
4(576 616 617 577)
4(257 256 216 217)
4(578 618 258 218)
4(618 617 257 258)
4(577 617 618 578)
4(258 257 217 218)
4(579 619 259 219)
4(619 618 258 259)
4(578 618 619 579)
4(259 258 218 219)
4(580 620 260 220)
4(620 619 259 260)
4(579 619 620 580)
4(260 259 219 220)
4(581 621 261 221)
4(621 620 260 261)
4(580 620 621 581)
4(261 260 220 221)
4(582 622 262 222)
4(622 621 261 262)
4(581 621 622 582)
4(262 261 221 222)
4(583 623 263 223)
4(623 622 262 263)
4(582 622 623 583)
4(263 262 222 223)
4(584 624 264 224)
4(624 623 263 264)
4(583 623 624 584)
4(264 263 223 224)
4(585 625 265 225)
4(625 624 264 265)
4(584 624 625 585)
4(265 264 224 225)
4(586 626 266 226)
4(626 625 265 266)
4(585 625 626 586)
4(266 265 225 226)
4(587 627 267 227)
4(627 626 266 267)
4(586 626 627 587)
4(267 266 226 227)
4(588 628 268 228)
4(628 627 267 268)
4(587 627 628 588)
4(268 267 227 228)
4(589 629 269 229)
4(629 628 268 269)
4(588 628 629 589)
4(269 268 228 229)
4(590 630 270 230)
4(630 629 269 270)
4(589 629 630 590)
4(270 269 229 230)
4(591 631 271 231)
4(631 630 270 271)
4(590 630 631 591)
4(271 270 230 231)
4(592 632 272 232)
4(632 631 271 272)
4(591 631 632 592)
4(272 271 231 232)
4(593 633 273 233)
4(633 632 272 273)
4(592 632 633 593)
4(273 272 232 233)
4(594 634 274 234)
4(634 633 273 274)
4(593 633 634 594)
4(274 273 233 234)
4(595 635 275 235)
4(635 634 274 275)
4(594 634 635 595)
4(275 274 234 235)
4(596 636 276 236)
4(636 635 275 276)
4(595 635 636 596)
4(276 275 235 236)
4(597 637 277 237)
4(637 636 276 277)
4(596 636 637 597)
4(277 276 236 237)
4(598 638 278 238)
4(638 637 277 278)
4(597 637 638 598)
4(278 277 237 238)
4(639 638 278 279)
4(598 638 639 599)
4(279 278 238 239)
4(601 641 281 241)
4(641 640 280 281)
4(600 640 641 601)
4(281 280 240 241)
4(602 642 282 242)
4(642 641 281 282)
4(601 641 642 602)
4(282 281 241 242)
4(603 643 283 243)
4(643 642 282 283)
4(602 642 643 603)
4(283 282 242 243)
4(604 644 284 244)
4(644 643 283 284)
4(603 643 644 604)
4(284 283 243 244)
4(605 645 285 245)
4(645 644 284 285)
4(604 644 645 605)
4(285 284 244 245)
4(606 646 286 246)
4(646 645 285 286)
4(605 645 646 606)
4(286 285 245 246)
4(607 647 287 247)
4(647 646 286 287)
4(606 646 647 607)
4(287 286 246 247)
4(608 648 288 248)
4(648 647 287 288)
4(607 647 648 608)
4(288 287 247 248)
4(609 649 289 249)
4(649 648 288 289)
4(608 648 649 609)
4(289 288 248 249)
4(610 650 290 250)
4(650 649 289 290)
4(609 649 650 610)
4(290 289 249 250)
4(611 651 291 251)
4(651 650 290 291)
4(610 650 651 611)
4(291 290 250 251)
4(612 652 292 252)
4(652 651 291 292)
4(611 651 652 612)
4(292 291 251 252)
4(613 653 293 253)
4(653 652 292 293)
4(612 652 653 613)
4(293 292 252 253)
4(614 654 294 254)
4(654 653 293 294)
4(613 653 654 614)
4(294 293 253 254)
4(615 655 295 255)
4(655 654 294 295)
4(614 654 655 615)
4(295 294 254 255)
4(616 656 296 256)
4(656 655 295 296)
4(615 655 656 616)
4(296 295 255 256)
4(617 657 297 257)
4(657 656 296 297)
4(616 656 657 617)
4(297 296 256 257)
4(618 658 298 258)
4(658 657 297 298)
4(617 657 658 618)
4(298 297 257 258)
4(619 659 299 259)
4(659 658 298 299)
4(618 658 659 619)
4(299 298 258 259)
4(620 660 300 260)
4(660 659 299 300)
4(619 659 660 620)
4(300 299 259 260)
4(621 661 301 261)
4(661 660 300 301)
4(620 660 661 621)
4(301 300 260 261)
4(622 662 302 262)
4(662 661 301 302)
4(621 661 662 622)
4(302 301 261 262)
4(623 663 303 263)
4(663 662 302 303)
4(622 662 663 623)
4(303 302 262 263)
4(624 664 304 264)
4(664 663 303 304)
4(623 663 664 624)
4(304 303 263 264)
4(625 665 305 265)
4(665 664 304 305)
4(624 664 665 625)
4(305 304 264 265)
4(626 666 306 266)
4(666 665 305 306)
4(625 665 666 626)
4(306 305 265 266)
4(627 667 307 267)
4(667 666 306 307)
4(626 666 667 627)
4(307 306 266 267)
4(628 668 308 268)
4(668 667 307 308)
4(627 667 668 628)
4(308 307 267 268)
4(629 669 309 269)
4(669 668 308 309)
4(628 668 669 629)
4(309 308 268 269)
4(630 670 310 270)
4(670 669 309 310)
4(629 669 670 630)
4(310 309 269 270)
4(631 671 311 271)
4(671 670 310 311)
4(630 670 671 631)
4(311 310 270 271)
4(632 672 312 272)
4(672 671 311 312)
4(631 671 672 632)
4(312 311 271 272)
4(633 673 313 273)
4(673 672 312 313)
4(632 672 673 633)
4(313 312 272 273)
4(634 674 314 274)
4(674 673 313 314)
4(633 673 674 634)
4(314 313 273 274)
4(635 675 315 275)
4(675 674 314 315)
4(634 674 675 635)
4(315 314 274 275)
4(636 676 316 276)
4(676 675 315 316)
4(635 675 676 636)
4(316 315 275 276)
4(637 677 317 277)
4(677 676 316 317)
4(636 676 677 637)
4(317 316 276 277)
4(638 678 318 278)
4(678 677 317 318)
4(637 677 678 638)
4(318 317 277 278)
4(679 678 318 319)
4(638 678 679 639)
4(319 318 278 279)
4(641 681 321 281)
4(640 680 681 641)
4(681 680 320 321)
4(321 320 280 281)
4(642 682 322 282)
4(641 681 682 642)
4(682 681 321 322)
4(322 321 281 282)
4(643 683 323 283)
4(642 682 683 643)
4(683 682 322 323)
4(323 322 282 283)
4(644 684 324 284)
4(643 683 684 644)
4(684 683 323 324)
4(324 323 283 284)
4(645 685 325 285)
4(644 684 685 645)
4(685 684 324 325)
4(325 324 284 285)
4(646 686 326 286)
4(645 685 686 646)
4(686 685 325 326)
4(326 325 285 286)
4(647 687 327 287)
4(646 686 687 647)
4(687 686 326 327)
4(327 326 286 287)
4(648 688 328 288)
4(647 687 688 648)
4(688 687 327 328)
4(328 327 287 288)
4(649 689 329 289)
4(648 688 689 649)
4(689 688 328 329)
4(329 328 288 289)
4(650 690 330 290)
4(649 689 690 650)
4(690 689 329 330)
4(330 329 289 290)
4(651 691 331 291)
4(650 690 691 651)
4(691 690 330 331)
4(331 330 290 291)
4(652 692 332 292)
4(651 691 692 652)
4(692 691 331 332)
4(332 331 291 292)
4(653 693 333 293)
4(652 692 693 653)
4(693 692 332 333)
4(333 332 292 293)
4(654 694 334 294)
4(653 693 694 654)
4(694 693 333 334)
4(334 333 293 294)
4(655 695 335 295)
4(654 694 695 655)
4(695 694 334 335)
4(335 334 294 295)
4(656 696 336 296)
4(655 695 696 656)
4(696 695 335 336)
4(336 335 295 296)
4(657 697 337 297)
4(656 696 697 657)
4(697 696 336 337)
4(337 336 296 297)
4(658 698 338 298)
4(657 697 698 658)
4(698 697 337 338)
4(338 337 297 298)
4(659 699 339 299)
4(658 698 699 659)
4(699 698 338 339)
4(339 338 298 299)
4(660 700 340 300)
4(659 699 700 660)
4(700 699 339 340)
4(340 339 299 300)
4(661 701 341 301)
4(660 700 701 661)
4(701 700 340 341)
4(341 340 300 301)
4(662 702 342 302)
4(661 701 702 662)
4(702 701 341 342)
4(342 341 301 302)
4(663 703 343 303)
4(662 702 703 663)
4(703 702 342 343)
4(343 342 302 303)
4(664 704 344 304)
4(663 703 704 664)
4(704 703 343 344)
4(344 343 303 304)
4(665 705 345 305)
4(664 704 705 665)
4(705 704 344 345)
4(345 344 304 305)
4(666 706 346 306)
4(665 705 706 666)
4(706 705 345 346)
4(346 345 305 306)
4(667 707 347 307)
4(666 706 707 667)
4(707 706 346 347)
4(347 346 306 307)
4(668 708 348 308)
4(667 707 708 668)
4(708 707 347 348)
4(348 347 307 308)
4(669 709 349 309)
4(668 708 709 669)
4(709 708 348 349)
4(349 348 308 309)
4(670 710 350 310)
4(669 709 710 670)
4(710 709 349 350)
4(350 349 309 310)
4(671 711 351 311)
4(670 710 711 671)
4(711 710 350 351)
4(351 350 310 311)
4(672 712 352 312)
4(671 711 712 672)
4(712 711 351 352)
4(352 351 311 312)
4(673 713 353 313)
4(672 712 713 673)
4(713 712 352 353)
4(353 352 312 313)
4(674 714 354 314)
4(673 713 714 674)
4(714 713 353 354)
4(354 353 313 314)
4(675 715 355 315)
4(674 714 715 675)
4(715 714 354 355)
4(355 354 314 315)
4(676 716 356 316)
4(675 715 716 676)
4(716 715 355 356)
4(356 355 315 316)
4(677 717 357 317)
4(676 716 717 677)
4(717 716 356 357)
4(357 356 316 317)
4(678 718 358 318)
4(677 717 718 678)
4(718 717 357 358)
4(358 357 317 318)
4(678 718 719 679)
4(719 718 358 359)
4(359 358 318 319)
4(721 761 401 361)
4(761 760 400 401)
4(720 760 761 721)
4(360 720 721 361)
4(722 762 402 362)
4(762 761 401 402)
4(721 761 762 722)
4(361 721 722 362)
4(723 763 403 363)
4(763 762 402 403)
4(722 762 763 723)
4(362 722 723 363)
4(724 764 404 364)
4(764 763 403 404)
4(723 763 764 724)
4(363 723 724 364)
4(725 765 405 365)
4(765 764 404 405)
4(724 764 765 725)
4(364 724 725 365)
4(726 766 406 366)
4(766 765 405 406)
4(725 765 766 726)
4(365 725 726 366)
4(727 767 407 367)
4(767 766 406 407)
4(726 766 767 727)
4(366 726 727 367)
4(728 768 408 368)
4(768 767 407 408)
4(727 767 768 728)
4(367 727 728 368)
4(729 769 409 369)
4(769 768 408 409)
4(728 768 769 729)
4(368 728 729 369)
4(730 770 410 370)
4(770 769 409 410)
4(729 769 770 730)
4(369 729 730 370)
4(731 771 411 371)
4(771 770 410 411)
4(730 770 771 731)
4(370 730 731 371)
4(732 772 412 372)
4(772 771 411 412)
4(731 771 772 732)
4(371 731 732 372)
4(733 773 413 373)
4(773 772 412 413)
4(732 772 773 733)
4(372 732 733 373)
4(734 774 414 374)
4(774 773 413 414)
4(733 773 774 734)
4(373 733 734 374)
4(735 775 415 375)
4(775 774 414 415)
4(734 774 775 735)
4(374 734 735 375)
4(736 776 416 376)
4(776 775 415 416)
4(735 775 776 736)
4(375 735 736 376)
4(737 777 417 377)
4(777 776 416 417)
4(736 776 777 737)
4(376 736 737 377)
4(738 778 418 378)
4(778 777 417 418)
4(737 777 778 738)
4(377 737 738 378)
4(739 779 419 379)
4(779 778 418 419)
4(738 778 779 739)
4(378 738 739 379)
4(740 780 420 380)
4(780 779 419 420)
4(739 779 780 740)
4(379 739 740 380)
4(741 781 421 381)
4(781 780 420 421)
4(740 780 781 741)
4(380 740 741 381)
4(742 782 422 382)
4(782 781 421 422)
4(741 781 782 742)
4(381 741 742 382)
4(743 783 423 383)
4(783 782 422 423)
4(742 782 783 743)
4(382 742 743 383)
4(744 784 424 384)
4(784 783 423 424)
4(743 783 784 744)
4(383 743 744 384)
4(745 785 425 385)
4(785 784 424 425)
4(744 784 785 745)
4(384 744 745 385)
4(746 786 426 386)
4(786 785 425 426)
4(745 785 786 746)
4(385 745 746 386)
4(747 787 427 387)
4(787 786 426 427)
4(746 786 787 747)
4(386 746 747 387)
4(748 788 428 388)
4(788 787 427 428)
4(747 787 788 748)
4(387 747 748 388)
4(749 789 429 389)
4(789 788 428 429)
4(748 788 789 749)
4(388 748 749 389)
4(750 790 430 390)
4(790 789 429 430)
4(749 789 790 750)
4(389 749 750 390)
4(751 791 431 391)
4(791 790 430 431)
4(750 790 791 751)
4(390 750 751 391)
4(752 792 432 392)
4(792 791 431 432)
4(751 791 792 752)
4(391 751 752 392)
4(753 793 433 393)
4(793 792 432 433)
4(752 792 793 753)
4(392 752 753 393)
4(754 794 434 394)
4(794 793 433 434)
4(753 793 794 754)
4(393 753 754 394)
4(755 795 435 395)
4(795 794 434 435)
4(754 794 795 755)
4(394 754 755 395)
4(756 796 436 396)
4(796 795 435 436)
4(755 795 796 756)
4(395 755 756 396)
4(757 797 437 397)
4(797 796 436 437)
4(756 796 797 757)
4(396 756 757 397)
4(758 798 438 398)
4(798 797 437 438)
4(757 797 798 758)
4(397 757 758 398)
4(799 798 438 439)
4(758 798 799 759)
4(398 758 759 399)
4(761 801 441 401)
4(801 800 440 441)
4(760 800 801 761)
4(762 802 442 402)
4(802 801 441 442)
4(761 801 802 762)
4(763 803 443 403)
4(803 802 442 443)
4(762 802 803 763)
4(764 804 444 404)
4(804 803 443 444)
4(763 803 804 764)
4(765 805 445 405)
4(805 804 444 445)
4(764 804 805 765)
4(766 806 446 406)
4(806 805 445 446)
4(765 805 806 766)
4(767 807 447 407)
4(807 806 446 447)
4(766 806 807 767)
4(768 808 448 408)
4(808 807 447 448)
4(767 807 808 768)
4(769 809 449 409)
4(809 808 448 449)
4(768 808 809 769)
4(770 810 450 410)
4(810 809 449 450)
4(769 809 810 770)
4(771 811 451 411)
4(811 810 450 451)
4(770 810 811 771)
4(772 812 452 412)
4(812 811 451 452)
4(771 811 812 772)
4(773 813 453 413)
4(813 812 452 453)
4(772 812 813 773)
4(774 814 454 414)
4(814 813 453 454)
4(773 813 814 774)
4(775 815 455 415)
4(815 814 454 455)
4(774 814 815 775)
4(776 816 456 416)
4(816 815 455 456)
4(775 815 816 776)
4(777 817 457 417)
4(817 816 456 457)
4(776 816 817 777)
4(778 818 458 418)
4(818 817 457 458)
4(777 817 818 778)
4(779 819 459 419)
4(819 818 458 459)
4(778 818 819 779)
4(780 820 460 420)
4(820 819 459 460)
4(779 819 820 780)
4(781 821 461 421)
4(821 820 460 461)
4(780 820 821 781)
4(782 822 462 422)
4(822 821 461 462)
4(781 821 822 782)
4(783 823 463 423)
4(823 822 462 463)
4(782 822 823 783)
4(784 824 464 424)
4(824 823 463 464)
4(783 823 824 784)
4(785 825 465 425)
4(825 824 464 465)
4(784 824 825 785)
4(786 826 466 426)
4(826 825 465 466)
4(785 825 826 786)
4(787 827 467 427)
4(827 826 466 467)
4(786 826 827 787)
4(788 828 468 428)
4(828 827 467 468)
4(787 827 828 788)
4(789 829 469 429)
4(829 828 468 469)
4(788 828 829 789)
4(790 830 470 430)
4(830 829 469 470)
4(789 829 830 790)
4(791 831 471 431)
4(831 830 470 471)
4(790 830 831 791)
4(792 832 472 432)
4(832 831 471 472)
4(791 831 832 792)
4(793 833 473 433)
4(833 832 472 473)
4(792 832 833 793)
4(794 834 474 434)
4(834 833 473 474)
4(793 833 834 794)
4(795 835 475 435)
4(835 834 474 475)
4(794 834 835 795)
4(796 836 476 436)
4(836 835 475 476)
4(795 835 836 796)
4(797 837 477 437)
4(837 836 476 477)
4(796 836 837 797)
4(798 838 478 438)
4(838 837 477 478)
4(797 837 838 798)
4(839 838 478 479)
4(798 838 839 799)
4(801 841 481 441)
4(841 840 480 481)
4(800 840 841 801)
4(802 842 482 442)
4(842 841 481 482)
4(801 841 842 802)
4(803 843 483 443)
4(843 842 482 483)
4(802 842 843 803)
4(804 844 484 444)
4(844 843 483 484)
4(803 843 844 804)
4(805 845 485 445)
4(845 844 484 485)
4(804 844 845 805)
4(806 846 486 446)
4(846 845 485 486)
4(805 845 846 806)
4(807 847 487 447)
4(847 846 486 487)
4(806 846 847 807)
4(808 848 488 448)
4(848 847 487 488)
4(807 847 848 808)
4(809 849 489 449)
4(849 848 488 489)
4(808 848 849 809)
4(810 850 490 450)
4(850 849 489 490)
4(809 849 850 810)
4(811 851 491 451)
4(851 850 490 491)
4(810 850 851 811)
4(812 852 492 452)
4(852 851 491 492)
4(811 851 852 812)
4(813 853 493 453)
4(853 852 492 493)
4(812 852 853 813)
4(814 854 494 454)
4(854 853 493 494)
4(813 853 854 814)
4(815 855 495 455)
4(855 854 494 495)
4(814 854 855 815)
4(816 856 496 456)
4(856 855 495 496)
4(815 855 856 816)
4(817 857 497 457)
4(857 856 496 497)
4(816 856 857 817)
4(818 858 498 458)
4(858 857 497 498)
4(817 857 858 818)
4(819 859 499 459)
4(859 858 498 499)
4(818 858 859 819)
4(820 860 500 460)
4(860 859 499 500)
4(819 859 860 820)
4(821 861 501 461)
4(861 860 500 501)
4(820 860 861 821)
4(822 862 502 462)
4(862 861 501 502)
4(821 861 862 822)
4(823 863 503 463)
4(863 862 502 503)
4(822 862 863 823)
4(824 864 504 464)
4(864 863 503 504)
4(823 863 864 824)
4(825 865 505 465)
4(865 864 504 505)
4(824 864 865 825)
4(826 866 506 466)
4(866 865 505 506)
4(825 865 866 826)
4(827 867 507 467)
4(867 866 506 507)
4(826 866 867 827)
4(828 868 508 468)
4(868 867 507 508)
4(827 867 868 828)
4(829 869 509 469)
4(869 868 508 509)
4(828 868 869 829)
4(830 870 510 470)
4(870 869 509 510)
4(829 869 870 830)
4(831 871 511 471)
4(871 870 510 511)
4(830 870 871 831)
4(832 872 512 472)
4(872 871 511 512)
4(831 871 872 832)
4(833 873 513 473)
4(873 872 512 513)
4(832 872 873 833)
4(834 874 514 474)
4(874 873 513 514)
4(833 873 874 834)
4(835 875 515 475)
4(875 874 514 515)
4(834 874 875 835)
4(836 876 516 476)
4(876 875 515 516)
4(835 875 876 836)
4(837 877 517 477)
4(877 876 516 517)
4(836 876 877 837)
4(838 878 518 478)
4(878 877 517 518)
4(837 877 878 838)
4(879 878 518 519)
4(838 878 879 839)
4(841 881 521 481)
4(881 880 520 521)
4(840 880 881 841)
4(842 882 522 482)
4(882 881 521 522)
4(841 881 882 842)
4(843 883 523 483)
4(883 882 522 523)
4(842 882 883 843)
4(844 884 524 484)
4(884 883 523 524)
4(843 883 884 844)
4(845 885 525 485)
4(885 884 524 525)
4(844 884 885 845)
4(846 886 526 486)
4(886 885 525 526)
4(845 885 886 846)
4(847 887 527 487)
4(887 886 526 527)
4(846 886 887 847)
4(848 888 528 488)
4(888 887 527 528)
4(847 887 888 848)
4(849 889 529 489)
4(889 888 528 529)
4(848 888 889 849)
4(850 890 530 490)
4(890 889 529 530)
4(849 889 890 850)
4(851 891 531 491)
4(891 890 530 531)
4(850 890 891 851)
4(852 892 532 492)
4(892 891 531 532)
4(851 891 892 852)
4(853 893 533 493)
4(893 892 532 533)
4(852 892 893 853)
4(854 894 534 494)
4(894 893 533 534)
4(853 893 894 854)
4(855 895 535 495)
4(895 894 534 535)
4(854 894 895 855)
4(856 896 536 496)
4(896 895 535 536)
4(855 895 896 856)
4(857 897 537 497)
4(897 896 536 537)
4(856 896 897 857)
4(858 898 538 498)
4(898 897 537 538)
4(857 897 898 858)
4(859 899 539 499)
4(899 898 538 539)
4(858 898 899 859)
4(860 900 540 500)
4(900 899 539 540)
4(859 899 900 860)
4(861 901 541 501)
4(901 900 540 541)
4(860 900 901 861)
4(862 902 542 502)
4(902 901 541 542)
4(861 901 902 862)
4(863 903 543 503)
4(903 902 542 543)
4(862 902 903 863)
4(864 904 544 504)
4(904 903 543 544)
4(863 903 904 864)
4(865 905 545 505)
4(905 904 544 545)
4(864 904 905 865)
4(866 906 546 506)
4(906 905 545 546)
4(865 905 906 866)
4(867 907 547 507)
4(907 906 546 547)
4(866 906 907 867)
4(868 908 548 508)
4(908 907 547 548)
4(867 907 908 868)
4(869 909 549 509)
4(909 908 548 549)
4(868 908 909 869)
4(870 910 550 510)
4(910 909 549 550)
4(869 909 910 870)
4(871 911 551 511)
4(911 910 550 551)
4(870 910 911 871)
4(872 912 552 512)
4(912 911 551 552)
4(871 911 912 872)
4(873 913 553 513)
4(913 912 552 553)
4(872 912 913 873)
4(874 914 554 514)
4(914 913 553 554)
4(873 913 914 874)
4(875 915 555 515)
4(915 914 554 555)
4(874 914 915 875)
4(876 916 556 516)
4(916 915 555 556)
4(875 915 916 876)
4(877 917 557 517)
4(917 916 556 557)
4(876 916 917 877)
4(878 918 558 518)
4(918 917 557 558)
4(877 917 918 878)
4(919 918 558 559)
4(878 918 919 879)
4(881 921 561 521)
4(921 920 560 561)
4(880 920 921 881)
4(882 922 562 522)
4(922 921 561 562)
4(881 921 922 882)
4(883 923 563 523)
4(923 922 562 563)
4(882 922 923 883)
4(884 924 564 524)
4(924 923 563 564)
4(883 923 924 884)
4(885 925 565 525)
4(925 924 564 565)
4(884 924 925 885)
4(886 926 566 526)
4(926 925 565 566)
4(885 925 926 886)
4(887 927 567 527)
4(927 926 566 567)
4(886 926 927 887)
4(888 928 568 528)
4(928 927 567 568)
4(887 927 928 888)
4(889 929 569 529)
4(929 928 568 569)
4(888 928 929 889)
4(890 930 570 530)
4(930 929 569 570)
4(889 929 930 890)
4(891 931 571 531)
4(931 930 570 571)
4(890 930 931 891)
4(892 932 572 532)
4(932 931 571 572)
4(891 931 932 892)
4(893 933 573 533)
4(933 932 572 573)
4(892 932 933 893)
4(894 934 574 534)
4(934 933 573 574)
4(893 933 934 894)
4(895 935 575 535)
4(935 934 574 575)
4(894 934 935 895)
4(896 936 576 536)
4(936 935 575 576)
4(895 935 936 896)
4(897 937 577 537)
4(937 936 576 577)
4(896 936 937 897)
4(898 938 578 538)
4(938 937 577 578)
4(897 937 938 898)
4(899 939 579 539)
4(939 938 578 579)
4(898 938 939 899)
4(900 940 580 540)
4(940 939 579 580)
4(899 939 940 900)
4(901 941 581 541)
4(941 940 580 581)
4(900 940 941 901)
4(902 942 582 542)
4(942 941 581 582)
4(901 941 942 902)
4(903 943 583 543)
4(943 942 582 583)
4(902 942 943 903)
4(904 944 584 544)
4(944 943 583 584)
4(903 943 944 904)
4(905 945 585 545)
4(945 944 584 585)
4(904 944 945 905)
4(906 946 586 546)
4(946 945 585 586)
4(905 945 946 906)
4(907 947 587 547)
4(947 946 586 587)
4(906 946 947 907)
4(908 948 588 548)
4(948 947 587 588)
4(907 947 948 908)
4(909 949 589 549)
4(949 948 588 589)
4(908 948 949 909)
4(910 950 590 550)
4(950 949 589 590)
4(909 949 950 910)
4(911 951 591 551)
4(951 950 590 591)
4(910 950 951 911)
4(912 952 592 552)
4(952 951 591 592)
4(911 951 952 912)
4(913 953 593 553)
4(953 952 592 593)
4(912 952 953 913)
4(914 954 594 554)
4(954 953 593 594)
4(913 953 954 914)
4(915 955 595 555)
4(955 954 594 595)
4(914 954 955 915)
4(916 956 596 556)
4(956 955 595 596)
4(915 955 956 916)
4(917 957 597 557)
4(957 956 596 597)
4(916 956 957 917)
4(918 958 598 558)
4(958 957 597 598)
4(917 957 958 918)
4(959 958 598 599)
4(918 958 959 919)
4(921 961 601 561)
4(961 960 600 601)
4(920 960 961 921)
4(922 962 602 562)
4(962 961 601 602)
4(921 961 962 922)
4(923 963 603 563)
4(963 962 602 603)
4(922 962 963 923)
4(924 964 604 564)
4(964 963 603 604)
4(923 963 964 924)
4(925 965 605 565)
4(965 964 604 605)
4(924 964 965 925)
4(926 966 606 566)
4(966 965 605 606)
4(925 965 966 926)
4(927 967 607 567)
4(967 966 606 607)
4(926 966 967 927)
4(928 968 608 568)
4(968 967 607 608)
4(927 967 968 928)
4(929 969 609 569)
4(969 968 608 609)
4(928 968 969 929)
4(930 970 610 570)
4(970 969 609 610)
4(929 969 970 930)
4(931 971 611 571)
4(971 970 610 611)
4(930 970 971 931)
4(932 972 612 572)
4(972 971 611 612)
4(931 971 972 932)
4(933 973 613 573)
4(973 972 612 613)
4(932 972 973 933)
4(934 974 614 574)
4(974 973 613 614)
4(933 973 974 934)
4(935 975 615 575)
4(975 974 614 615)
4(934 974 975 935)
4(936 976 616 576)
4(976 975 615 616)
4(935 975 976 936)
4(937 977 617 577)
4(977 976 616 617)
4(936 976 977 937)
4(938 978 618 578)
4(978 977 617 618)
4(937 977 978 938)
4(939 979 619 579)
4(979 978 618 619)
4(938 978 979 939)
4(940 980 620 580)
4(980 979 619 620)
4(939 979 980 940)
4(941 981 621 581)
4(981 980 620 621)
4(940 980 981 941)
4(942 982 622 582)
4(982 981 621 622)
4(941 981 982 942)
4(943 983 623 583)
4(983 982 622 623)
4(942 982 983 943)
4(944 984 624 584)
4(984 983 623 624)
4(943 983 984 944)
4(945 985 625 585)
4(985 984 624 625)
4(944 984 985 945)
4(946 986 626 586)
4(986 985 625 626)
4(945 985 986 946)
4(947 987 627 587)
4(987 986 626 627)
4(946 986 987 947)
4(948 988 628 588)
4(988 987 627 628)
4(947 987 988 948)
4(949 989 629 589)
4(989 988 628 629)
4(948 988 989 949)
4(950 990 630 590)
4(990 989 629 630)
4(949 989 990 950)
4(951 991 631 591)
4(991 990 630 631)
4(950 990 991 951)
4(952 992 632 592)
4(992 991 631 632)
4(951 991 992 952)
4(953 993 633 593)
4(993 992 632 633)
4(952 992 993 953)
4(954 994 634 594)
4(994 993 633 634)
4(953 993 994 954)
4(955 995 635 595)
4(995 994 634 635)
4(954 994 995 955)
4(956 996 636 596)
4(996 995 635 636)
4(955 995 996 956)
4(957 997 637 597)
4(997 996 636 637)
4(956 996 997 957)
4(958 998 638 598)
4(998 997 637 638)
4(957 997 998 958)
4(999 998 638 639)
4(958 998 999 959)
4(961 1001 641 601)
4(1001 1000 640 641)
4(960 1000 1001 961)
4(962 1002 642 602)
4(1002 1001 641 642)
4(961 1001 1002 962)
4(963 1003 643 603)
4(1003 1002 642 643)
4(962 1002 1003 963)
4(964 1004 644 604)
4(1004 1003 643 644)
4(963 1003 1004 964)
4(965 1005 645 605)
4(1005 1004 644 645)
4(964 1004 1005 965)
4(966 1006 646 606)
4(1006 1005 645 646)
4(965 1005 1006 966)
4(967 1007 647 607)
4(1007 1006 646 647)
4(966 1006 1007 967)
4(968 1008 648 608)
4(1008 1007 647 648)
4(967 1007 1008 968)
4(969 1009 649 609)
4(1009 1008 648 649)
4(968 1008 1009 969)
4(970 1010 650 610)
4(1010 1009 649 650)
4(969 1009 1010 970)
4(971 1011 651 611)
4(1011 1010 650 651)
4(970 1010 1011 971)
4(972 1012 652 612)
4(1012 1011 651 652)
4(971 1011 1012 972)
4(973 1013 653 613)
4(1013 1012 652 653)
4(972 1012 1013 973)
4(974 1014 654 614)
4(1014 1013 653 654)
4(973 1013 1014 974)
4(975 1015 655 615)
4(1015 1014 654 655)
4(974 1014 1015 975)
4(976 1016 656 616)
4(1016 1015 655 656)
4(975 1015 1016 976)
4(977 1017 657 617)
4(1017 1016 656 657)
4(976 1016 1017 977)
4(978 1018 658 618)
4(1018 1017 657 658)
4(977 1017 1018 978)
4(979 1019 659 619)
4(1019 1018 658 659)
4(978 1018 1019 979)
4(980 1020 660 620)
4(1020 1019 659 660)
4(979 1019 1020 980)
4(981 1021 661 621)
4(1021 1020 660 661)
4(980 1020 1021 981)
4(982 1022 662 622)
4(1022 1021 661 662)
4(981 1021 1022 982)
4(983 1023 663 623)
4(1023 1022 662 663)
4(982 1022 1023 983)
4(984 1024 664 624)
4(1024 1023 663 664)
4(983 1023 1024 984)
4(985 1025 665 625)
4(1025 1024 664 665)
4(984 1024 1025 985)
4(986 1026 666 626)
4(1026 1025 665 666)
4(985 1025 1026 986)
4(987 1027 667 627)
4(1027 1026 666 667)
4(986 1026 1027 987)
4(988 1028 668 628)
4(1028 1027 667 668)
4(987 1027 1028 988)
4(989 1029 669 629)
4(1029 1028 668 669)
4(988 1028 1029 989)
4(990 1030 670 630)
4(1030 1029 669 670)
4(989 1029 1030 990)
4(991 1031 671 631)
4(1031 1030 670 671)
4(990 1030 1031 991)
4(992 1032 672 632)
4(1032 1031 671 672)
4(991 1031 1032 992)
4(993 1033 673 633)
4(1033 1032 672 673)
4(992 1032 1033 993)
4(994 1034 674 634)
4(1034 1033 673 674)
4(993 1033 1034 994)
4(995 1035 675 635)
4(1035 1034 674 675)
4(994 1034 1035 995)
4(996 1036 676 636)
4(1036 1035 675 676)
4(995 1035 1036 996)
4(997 1037 677 637)
4(1037 1036 676 677)
4(996 1036 1037 997)
4(998 1038 678 638)
4(1038 1037 677 678)
4(997 1037 1038 998)
4(1039 1038 678 679)
4(998 1038 1039 999)
4(1001 1041 681 641)
4(1000 1040 1041 1001)
4(1041 1040 680 681)
4(1002 1042 682 642)
4(1001 1041 1042 1002)
4(1042 1041 681 682)
4(1003 1043 683 643)
4(1002 1042 1043 1003)
4(1043 1042 682 683)
4(1004 1044 684 644)
4(1003 1043 1044 1004)
4(1044 1043 683 684)
4(1005 1045 685 645)
4(1004 1044 1045 1005)
4(1045 1044 684 685)
4(1006 1046 686 646)
4(1005 1045 1046 1006)
4(1046 1045 685 686)
4(1007 1047 687 647)
4(1006 1046 1047 1007)
4(1047 1046 686 687)
4(1008 1048 688 648)
4(1007 1047 1048 1008)
4(1048 1047 687 688)
4(1009 1049 689 649)
4(1008 1048 1049 1009)
4(1049 1048 688 689)
4(1010 1050 690 650)
4(1009 1049 1050 1010)
4(1050 1049 689 690)
4(1011 1051 691 651)
4(1010 1050 1051 1011)
4(1051 1050 690 691)
4(1012 1052 692 652)
4(1011 1051 1052 1012)
4(1052 1051 691 692)
4(1013 1053 693 653)
4(1012 1052 1053 1013)
4(1053 1052 692 693)
4(1014 1054 694 654)
4(1013 1053 1054 1014)
4(1054 1053 693 694)
4(1015 1055 695 655)
4(1014 1054 1055 1015)
4(1055 1054 694 695)
4(1016 1056 696 656)
4(1015 1055 1056 1016)
4(1056 1055 695 696)
4(1017 1057 697 657)
4(1016 1056 1057 1017)
4(1057 1056 696 697)
4(1018 1058 698 658)
4(1017 1057 1058 1018)
4(1058 1057 697 698)
4(1019 1059 699 659)
4(1018 1058 1059 1019)
4(1059 1058 698 699)
4(1020 1060 700 660)
4(1019 1059 1060 1020)
4(1060 1059 699 700)
4(1021 1061 701 661)
4(1020 1060 1061 1021)
4(1061 1060 700 701)
4(1022 1062 702 662)
4(1021 1061 1062 1022)
4(1062 1061 701 702)
4(1023 1063 703 663)
4(1022 1062 1063 1023)
4(1063 1062 702 703)
4(1024 1064 704 664)
4(1023 1063 1064 1024)
4(1064 1063 703 704)
4(1025 1065 705 665)
4(1024 1064 1065 1025)
4(1065 1064 704 705)
4(1026 1066 706 666)
4(1025 1065 1066 1026)
4(1066 1065 705 706)
4(1027 1067 707 667)
4(1026 1066 1067 1027)
4(1067 1066 706 707)
4(1028 1068 708 668)
4(1027 1067 1068 1028)
4(1068 1067 707 708)
4(1029 1069 709 669)
4(1028 1068 1069 1029)
4(1069 1068 708 709)
4(1030 1070 710 670)
4(1029 1069 1070 1030)
4(1070 1069 709 710)
4(1031 1071 711 671)
4(1030 1070 1071 1031)
4(1071 1070 710 711)
4(1032 1072 712 672)
4(1031 1071 1072 1032)
4(1072 1071 711 712)
4(1033 1073 713 673)
4(1032 1072 1073 1033)
4(1073 1072 712 713)
4(1034 1074 714 674)
4(1033 1073 1074 1034)
4(1074 1073 713 714)
4(1035 1075 715 675)
4(1034 1074 1075 1035)
4(1075 1074 714 715)
4(1036 1076 716 676)
4(1035 1075 1076 1036)
4(1076 1075 715 716)
4(1037 1077 717 677)
4(1036 1076 1077 1037)
4(1077 1076 716 717)
4(1038 1078 718 678)
4(1037 1077 1078 1038)
4(1078 1077 717 718)
4(1038 1078 1079 1039)
4(1079 1078 718 719)
4(1081 1121 761 721)
4(1121 1120 760 761)
4(1080 1120 1121 1081)
4(720 1080 1081 721)
4(1082 1122 762 722)
4(1122 1121 761 762)
4(1081 1121 1122 1082)
4(721 1081 1082 722)
4(1083 1123 763 723)
4(1123 1122 762 763)
4(1082 1122 1123 1083)
4(722 1082 1083 723)
4(1084 1124 764 724)
4(1124 1123 763 764)
4(1083 1123 1124 1084)
4(723 1083 1084 724)
4(1085 1125 765 725)
4(1125 1124 764 765)
4(1084 1124 1125 1085)
4(724 1084 1085 725)
4(1086 1126 766 726)
4(1126 1125 765 766)
4(1085 1125 1126 1086)
4(725 1085 1086 726)
4(1087 1127 767 727)
4(1127 1126 766 767)
4(1086 1126 1127 1087)
4(726 1086 1087 727)
4(1088 1128 768 728)
4(1128 1127 767 768)
4(1087 1127 1128 1088)
4(727 1087 1088 728)
4(1089 1129 769 729)
4(1129 1128 768 769)
4(1088 1128 1129 1089)
4(728 1088 1089 729)
4(1090 1130 770 730)
4(1130 1129 769 770)
4(1089 1129 1130 1090)
4(729 1089 1090 730)
4(1091 1131 771 731)
4(1131 1130 770 771)
4(1090 1130 1131 1091)
4(730 1090 1091 731)
4(1092 1132 772 732)
4(1132 1131 771 772)
4(1091 1131 1132 1092)
4(731 1091 1092 732)
4(1093 1133 773 733)
4(1133 1132 772 773)
4(1092 1132 1133 1093)
4(732 1092 1093 733)
4(1094 1134 774 734)
4(1134 1133 773 774)
4(1093 1133 1134 1094)
4(733 1093 1094 734)
4(1095 1135 775 735)
4(1135 1134 774 775)
4(1094 1134 1135 1095)
4(734 1094 1095 735)
4(1096 1136 776 736)
4(1136 1135 775 776)
4(1095 1135 1136 1096)
4(735 1095 1096 736)
4(1097 1137 777 737)
4(1137 1136 776 777)
4(1096 1136 1137 1097)
4(736 1096 1097 737)
4(1098 1138 778 738)
4(1138 1137 777 778)
4(1097 1137 1138 1098)
4(737 1097 1098 738)
4(1099 1139 779 739)
4(1139 1138 778 779)
4(1098 1138 1139 1099)
4(738 1098 1099 739)
4(1100 1140 780 740)
4(1140 1139 779 780)
4(1099 1139 1140 1100)
4(739 1099 1100 740)
4(1101 1141 781 741)
4(1141 1140 780 781)
4(1100 1140 1141 1101)
4(740 1100 1101 741)
4(1102 1142 782 742)
4(1142 1141 781 782)
4(1101 1141 1142 1102)
4(741 1101 1102 742)
4(1103 1143 783 743)
4(1143 1142 782 783)
4(1102 1142 1143 1103)
4(742 1102 1103 743)
4(1104 1144 784 744)
4(1144 1143 783 784)
4(1103 1143 1144 1104)
4(743 1103 1104 744)
4(1105 1145 785 745)
4(1145 1144 784 785)
4(1104 1144 1145 1105)
4(744 1104 1105 745)
4(1106 1146 786 746)
4(1146 1145 785 786)
4(1105 1145 1146 1106)
4(745 1105 1106 746)
4(1107 1147 787 747)
4(1147 1146 786 787)
4(1106 1146 1147 1107)
4(746 1106 1107 747)
4(1108 1148 788 748)
4(1148 1147 787 788)
4(1107 1147 1148 1108)
4(747 1107 1108 748)
4(1109 1149 789 749)
4(1149 1148 788 789)
4(1108 1148 1149 1109)
4(748 1108 1109 749)
4(1110 1150 790 750)
4(1150 1149 789 790)
4(1109 1149 1150 1110)
4(749 1109 1110 750)
4(1111 1151 791 751)
4(1151 1150 790 791)
4(1110 1150 1151 1111)
4(750 1110 1111 751)
4(1112 1152 792 752)
4(1152 1151 791 792)
4(1111 1151 1152 1112)
4(751 1111 1112 752)
4(1113 1153 793 753)
4(1153 1152 792 793)
4(1112 1152 1153 1113)
4(752 1112 1113 753)
4(1114 1154 794 754)
4(1154 1153 793 794)
4(1113 1153 1154 1114)
4(753 1113 1114 754)
4(1115 1155 795 755)
4(1155 1154 794 795)
4(1114 1154 1155 1115)
4(754 1114 1115 755)
4(1116 1156 796 756)
4(1156 1155 795 796)
4(1115 1155 1156 1116)
4(755 1115 1116 756)
4(1117 1157 797 757)
4(1157 1156 796 797)
4(1116 1156 1157 1117)
4(756 1116 1117 757)
4(1118 1158 798 758)
4(1158 1157 797 798)
4(1117 1157 1158 1118)
4(757 1117 1118 758)
4(1159 1158 798 799)
4(1118 1158 1159 1119)
4(758 1118 1119 759)
4(1121 1161 801 761)
4(1161 1160 800 801)
4(1120 1160 1161 1121)
4(1122 1162 802 762)
4(1162 1161 801 802)
4(1121 1161 1162 1122)
4(1123 1163 803 763)
4(1163 1162 802 803)
4(1122 1162 1163 1123)
4(1124 1164 804 764)
4(1164 1163 803 804)
4(1123 1163 1164 1124)
4(1125 1165 805 765)
4(1165 1164 804 805)
4(1124 1164 1165 1125)
4(1126 1166 806 766)
4(1166 1165 805 806)
4(1125 1165 1166 1126)
4(1127 1167 807 767)
4(1167 1166 806 807)
4(1126 1166 1167 1127)
4(1128 1168 808 768)
4(1168 1167 807 808)
4(1127 1167 1168 1128)
4(1129 1169 809 769)
4(1169 1168 808 809)
4(1128 1168 1169 1129)
4(1130 1170 810 770)
4(1170 1169 809 810)
4(1129 1169 1170 1130)
4(1131 1171 811 771)
4(1171 1170 810 811)
4(1130 1170 1171 1131)
4(1132 1172 812 772)
4(1172 1171 811 812)
4(1131 1171 1172 1132)
4(1133 1173 813 773)
4(1173 1172 812 813)
4(1132 1172 1173 1133)
4(1134 1174 814 774)
4(1174 1173 813 814)
4(1133 1173 1174 1134)
4(1135 1175 815 775)
4(1175 1174 814 815)
4(1134 1174 1175 1135)
4(1136 1176 816 776)
4(1176 1175 815 816)
4(1135 1175 1176 1136)
4(1137 1177 817 777)
4(1177 1176 816 817)
4(1136 1176 1177 1137)
4(1138 1178 818 778)
4(1178 1177 817 818)
4(1137 1177 1178 1138)
4(1139 1179 819 779)
4(1179 1178 818 819)
4(1138 1178 1179 1139)
4(1140 1180 820 780)
4(1180 1179 819 820)
4(1139 1179 1180 1140)
4(1141 1181 821 781)
4(1181 1180 820 821)
4(1140 1180 1181 1141)
4(1142 1182 822 782)
4(1182 1181 821 822)
4(1141 1181 1182 1142)
4(1143 1183 823 783)
4(1183 1182 822 823)
4(1142 1182 1183 1143)
4(1144 1184 824 784)
4(1184 1183 823 824)
4(1143 1183 1184 1144)
4(1145 1185 825 785)
4(1185 1184 824 825)
4(1144 1184 1185 1145)
4(1146 1186 826 786)
4(1186 1185 825 826)
4(1145 1185 1186 1146)
4(1147 1187 827 787)
4(1187 1186 826 827)
4(1146 1186 1187 1147)
4(1148 1188 828 788)
4(1188 1187 827 828)
4(1147 1187 1188 1148)
4(1149 1189 829 789)
4(1189 1188 828 829)
4(1148 1188 1189 1149)
4(1150 1190 830 790)
4(1190 1189 829 830)
4(1149 1189 1190 1150)
4(1151 1191 831 791)
4(1191 1190 830 831)
4(1150 1190 1191 1151)
4(1152 1192 832 792)
4(1192 1191 831 832)
4(1151 1191 1192 1152)
4(1153 1193 833 793)
4(1193 1192 832 833)
4(1152 1192 1193 1153)
4(1154 1194 834 794)
4(1194 1193 833 834)
4(1153 1193 1194 1154)
4(1155 1195 835 795)
4(1195 1194 834 835)
4(1154 1194 1195 1155)
4(1156 1196 836 796)
4(1196 1195 835 836)
4(1155 1195 1196 1156)
4(1157 1197 837 797)
4(1197 1196 836 837)
4(1156 1196 1197 1157)
4(1158 1198 838 798)
4(1198 1197 837 838)
4(1157 1197 1198 1158)
4(1199 1198 838 839)
4(1158 1198 1199 1159)
4(1161 1201 841 801)
4(1201 1200 840 841)
4(1160 1200 1201 1161)
4(1162 1202 842 802)
4(1202 1201 841 842)
4(1161 1201 1202 1162)
4(1163 1203 843 803)
4(1203 1202 842 843)
4(1162 1202 1203 1163)
4(1164 1204 844 804)
4(1204 1203 843 844)
4(1163 1203 1204 1164)
4(1165 1205 845 805)
4(1205 1204 844 845)
4(1164 1204 1205 1165)
4(1166 1206 846 806)
4(1206 1205 845 846)
4(1165 1205 1206 1166)
4(1167 1207 847 807)
4(1207 1206 846 847)
4(1166 1206 1207 1167)
4(1168 1208 848 808)
4(1208 1207 847 848)
4(1167 1207 1208 1168)
4(1169 1209 849 809)
4(1209 1208 848 849)
4(1168 1208 1209 1169)
4(1170 1210 850 810)
4(1210 1209 849 850)
4(1169 1209 1210 1170)
4(1171 1211 851 811)
4(1211 1210 850 851)
4(1170 1210 1211 1171)
4(1172 1212 852 812)
4(1212 1211 851 852)
4(1171 1211 1212 1172)
4(1173 1213 853 813)
4(1213 1212 852 853)
4(1172 1212 1213 1173)
4(1174 1214 854 814)
4(1214 1213 853 854)
4(1173 1213 1214 1174)
4(1175 1215 855 815)
4(1215 1214 854 855)
4(1174 1214 1215 1175)
4(1176 1216 856 816)
4(1216 1215 855 856)
4(1175 1215 1216 1176)
4(1177 1217 857 817)
4(1217 1216 856 857)
4(1176 1216 1217 1177)
4(1178 1218 858 818)
4(1218 1217 857 858)
4(1177 1217 1218 1178)
4(1179 1219 859 819)
4(1219 1218 858 859)
4(1178 1218 1219 1179)
4(1180 1220 860 820)
4(1220 1219 859 860)
4(1179 1219 1220 1180)
4(1181 1221 861 821)
4(1221 1220 860 861)
4(1180 1220 1221 1181)
4(1182 1222 862 822)
4(1222 1221 861 862)
4(1181 1221 1222 1182)
4(1183 1223 863 823)
4(1223 1222 862 863)
4(1182 1222 1223 1183)
4(1184 1224 864 824)
4(1224 1223 863 864)
4(1183 1223 1224 1184)
4(1185 1225 865 825)
4(1225 1224 864 865)
4(1184 1224 1225 1185)
4(1186 1226 866 826)
4(1226 1225 865 866)
4(1185 1225 1226 1186)
4(1187 1227 867 827)
4(1227 1226 866 867)
4(1186 1226 1227 1187)
4(1188 1228 868 828)
4(1228 1227 867 868)
4(1187 1227 1228 1188)
4(1189 1229 869 829)
4(1229 1228 868 869)
4(1188 1228 1229 1189)
4(1190 1230 870 830)
4(1230 1229 869 870)
4(1189 1229 1230 1190)
4(1191 1231 871 831)
4(1231 1230 870 871)
4(1190 1230 1231 1191)
4(1192 1232 872 832)
4(1232 1231 871 872)
4(1191 1231 1232 1192)
4(1193 1233 873 833)
4(1233 1232 872 873)
4(1192 1232 1233 1193)
4(1194 1234 874 834)
4(1234 1233 873 874)
4(1193 1233 1234 1194)
4(1195 1235 875 835)
4(1235 1234 874 875)
4(1194 1234 1235 1195)
4(1196 1236 876 836)
4(1236 1235 875 876)
4(1195 1235 1236 1196)
4(1197 1237 877 837)
4(1237 1236 876 877)
4(1196 1236 1237 1197)
4(1198 1238 878 838)
4(1238 1237 877 878)
4(1197 1237 1238 1198)
4(1239 1238 878 879)
4(1198 1238 1239 1199)
4(1201 1241 881 841)
4(1241 1240 880 881)
4(1200 1240 1241 1201)
4(1202 1242 882 842)
4(1242 1241 881 882)
4(1201 1241 1242 1202)
4(1203 1243 883 843)
4(1243 1242 882 883)
4(1202 1242 1243 1203)
4(1204 1244 884 844)
4(1244 1243 883 884)
4(1203 1243 1244 1204)
4(1205 1245 885 845)
4(1245 1244 884 885)
4(1204 1244 1245 1205)
4(1206 1246 886 846)
4(1246 1245 885 886)
4(1205 1245 1246 1206)
4(1207 1247 887 847)
4(1247 1246 886 887)
4(1206 1246 1247 1207)
4(1208 1248 888 848)
4(1248 1247 887 888)
4(1207 1247 1248 1208)
4(1209 1249 889 849)
4(1249 1248 888 889)
4(1208 1248 1249 1209)
4(1210 1250 890 850)
4(1250 1249 889 890)
4(1209 1249 1250 1210)
4(1211 1251 891 851)
4(1251 1250 890 891)
4(1210 1250 1251 1211)
4(1212 1252 892 852)
4(1252 1251 891 892)
4(1211 1251 1252 1212)
4(1213 1253 893 853)
4(1253 1252 892 893)
4(1212 1252 1253 1213)
4(1214 1254 894 854)
4(1254 1253 893 894)
4(1213 1253 1254 1214)
4(1215 1255 895 855)
4(1255 1254 894 895)
4(1214 1254 1255 1215)
4(1216 1256 896 856)
4(1256 1255 895 896)
4(1215 1255 1256 1216)
4(1217 1257 897 857)
4(1257 1256 896 897)
4(1216 1256 1257 1217)
4(1218 1258 898 858)
4(1258 1257 897 898)
4(1217 1257 1258 1218)
4(1219 1259 899 859)
4(1259 1258 898 899)
4(1218 1258 1259 1219)
4(1220 1260 900 860)
4(1260 1259 899 900)
4(1219 1259 1260 1220)
4(1221 1261 901 861)
4(1261 1260 900 901)
4(1220 1260 1261 1221)
4(1222 1262 902 862)
4(1262 1261 901 902)
4(1221 1261 1262 1222)
4(1223 1263 903 863)
4(1263 1262 902 903)
4(1222 1262 1263 1223)
4(1224 1264 904 864)
4(1264 1263 903 904)
4(1223 1263 1264 1224)
4(1225 1265 905 865)
4(1265 1264 904 905)
4(1224 1264 1265 1225)
4(1226 1266 906 866)
4(1266 1265 905 906)
4(1225 1265 1266 1226)
4(1227 1267 907 867)
4(1267 1266 906 907)
4(1226 1266 1267 1227)
4(1228 1268 908 868)
4(1268 1267 907 908)
4(1227 1267 1268 1228)
4(1229 1269 909 869)
4(1269 1268 908 909)
4(1228 1268 1269 1229)
4(1230 1270 910 870)
4(1270 1269 909 910)
4(1229 1269 1270 1230)
4(1231 1271 911 871)
4(1271 1270 910 911)
4(1230 1270 1271 1231)
4(1232 1272 912 872)
4(1272 1271 911 912)
4(1231 1271 1272 1232)
4(1233 1273 913 873)
4(1273 1272 912 913)
4(1232 1272 1273 1233)
4(1234 1274 914 874)
4(1274 1273 913 914)
4(1233 1273 1274 1234)
4(1235 1275 915 875)
4(1275 1274 914 915)
4(1234 1274 1275 1235)
4(1236 1276 916 876)
4(1276 1275 915 916)
4(1235 1275 1276 1236)
4(1237 1277 917 877)
4(1277 1276 916 917)
4(1236 1276 1277 1237)
4(1238 1278 918 878)
4(1278 1277 917 918)
4(1237 1277 1278 1238)
4(1279 1278 918 919)
4(1238 1278 1279 1239)
4(1241 1281 921 881)
4(1281 1280 920 921)
4(1240 1280 1281 1241)
4(1242 1282 922 882)
4(1282 1281 921 922)
4(1241 1281 1282 1242)
4(1243 1283 923 883)
4(1283 1282 922 923)
4(1242 1282 1283 1243)
4(1244 1284 924 884)
4(1284 1283 923 924)
4(1243 1283 1284 1244)
4(1245 1285 925 885)
4(1285 1284 924 925)
4(1244 1284 1285 1245)
4(1246 1286 926 886)
4(1286 1285 925 926)
4(1245 1285 1286 1246)
4(1247 1287 927 887)
4(1287 1286 926 927)
4(1246 1286 1287 1247)
4(1248 1288 928 888)
4(1288 1287 927 928)
4(1247 1287 1288 1248)
4(1249 1289 929 889)
4(1289 1288 928 929)
4(1248 1288 1289 1249)
4(1250 1290 930 890)
4(1290 1289 929 930)
4(1249 1289 1290 1250)
4(1251 1291 931 891)
4(1291 1290 930 931)
4(1250 1290 1291 1251)
4(1252 1292 932 892)
4(1292 1291 931 932)
4(1251 1291 1292 1252)
4(1253 1293 933 893)
4(1293 1292 932 933)
4(1252 1292 1293 1253)
4(1254 1294 934 894)
4(1294 1293 933 934)
4(1253 1293 1294 1254)
4(1255 1295 935 895)
4(1295 1294 934 935)
4(1254 1294 1295 1255)
4(1256 1296 936 896)
4(1296 1295 935 936)
4(1255 1295 1296 1256)
4(1257 1297 937 897)
4(1297 1296 936 937)
4(1256 1296 1297 1257)
4(1258 1298 938 898)
4(1298 1297 937 938)
4(1257 1297 1298 1258)
4(1259 1299 939 899)
4(1299 1298 938 939)
4(1258 1298 1299 1259)
4(1260 1300 940 900)
4(1300 1299 939 940)
4(1259 1299 1300 1260)
4(1261 1301 941 901)
4(1301 1300 940 941)
4(1260 1300 1301 1261)
4(1262 1302 942 902)
4(1302 1301 941 942)
4(1261 1301 1302 1262)
4(1263 1303 943 903)
4(1303 1302 942 943)
4(1262 1302 1303 1263)
4(1264 1304 944 904)
4(1304 1303 943 944)
4(1263 1303 1304 1264)
4(1265 1305 945 905)
4(1305 1304 944 945)
4(1264 1304 1305 1265)
4(1266 1306 946 906)
4(1306 1305 945 946)
4(1265 1305 1306 1266)
4(1267 1307 947 907)
4(1307 1306 946 947)
4(1266 1306 1307 1267)
4(1268 1308 948 908)
4(1308 1307 947 948)
4(1267 1307 1308 1268)
4(1269 1309 949 909)
4(1309 1308 948 949)
4(1268 1308 1309 1269)
4(1270 1310 950 910)
4(1310 1309 949 950)
4(1269 1309 1310 1270)
4(1271 1311 951 911)
4(1311 1310 950 951)
4(1270 1310 1311 1271)
4(1272 1312 952 912)
4(1312 1311 951 952)
4(1271 1311 1312 1272)
4(1273 1313 953 913)
4(1313 1312 952 953)
4(1272 1312 1313 1273)
4(1274 1314 954 914)
4(1314 1313 953 954)
4(1273 1313 1314 1274)
4(1275 1315 955 915)
4(1315 1314 954 955)
4(1274 1314 1315 1275)
4(1276 1316 956 916)
4(1316 1315 955 956)
4(1275 1315 1316 1276)
4(1277 1317 957 917)
4(1317 1316 956 957)
4(1276 1316 1317 1277)
4(1278 1318 958 918)
4(1318 1317 957 958)
4(1277 1317 1318 1278)
4(1319 1318 958 959)
4(1278 1318 1319 1279)
4(1281 1321 961 921)
4(1321 1320 960 961)
4(1280 1320 1321 1281)
4(1282 1322 962 922)
4(1322 1321 961 962)
4(1281 1321 1322 1282)
4(1283 1323 963 923)
4(1323 1322 962 963)
4(1282 1322 1323 1283)
4(1284 1324 964 924)
4(1324 1323 963 964)
4(1283 1323 1324 1284)
4(1285 1325 965 925)
4(1325 1324 964 965)
4(1284 1324 1325 1285)
4(1286 1326 966 926)
4(1326 1325 965 966)
4(1285 1325 1326 1286)
4(1287 1327 967 927)
4(1327 1326 966 967)
4(1286 1326 1327 1287)
4(1288 1328 968 928)
4(1328 1327 967 968)
4(1287 1327 1328 1288)
4(1289 1329 969 929)
4(1329 1328 968 969)
4(1288 1328 1329 1289)
4(1290 1330 970 930)
4(1330 1329 969 970)
4(1289 1329 1330 1290)
4(1291 1331 971 931)
4(1331 1330 970 971)
4(1290 1330 1331 1291)
4(1292 1332 972 932)
4(1332 1331 971 972)
4(1291 1331 1332 1292)
4(1293 1333 973 933)
4(1333 1332 972 973)
4(1292 1332 1333 1293)
4(1294 1334 974 934)
4(1334 1333 973 974)
4(1293 1333 1334 1294)
4(1295 1335 975 935)
4(1335 1334 974 975)
4(1294 1334 1335 1295)
4(1296 1336 976 936)
4(1336 1335 975 976)
4(1295 1335 1336 1296)
4(1297 1337 977 937)
4(1337 1336 976 977)
4(1296 1336 1337 1297)
4(1298 1338 978 938)
4(1338 1337 977 978)
4(1297 1337 1338 1298)
4(1299 1339 979 939)
4(1339 1338 978 979)
4(1298 1338 1339 1299)
4(1300 1340 980 940)
4(1340 1339 979 980)
4(1299 1339 1340 1300)
4(1301 1341 981 941)
4(1341 1340 980 981)
4(1300 1340 1341 1301)
4(1302 1342 982 942)
4(1342 1341 981 982)
4(1301 1341 1342 1302)
4(1303 1343 983 943)
4(1343 1342 982 983)
4(1302 1342 1343 1303)
4(1304 1344 984 944)
4(1344 1343 983 984)
4(1303 1343 1344 1304)
4(1305 1345 985 945)
4(1345 1344 984 985)
4(1304 1344 1345 1305)
4(1306 1346 986 946)
4(1346 1345 985 986)
4(1305 1345 1346 1306)
4(1307 1347 987 947)
4(1347 1346 986 987)
4(1306 1346 1347 1307)
4(1308 1348 988 948)
4(1348 1347 987 988)
4(1307 1347 1348 1308)
4(1309 1349 989 949)
4(1349 1348 988 989)
4(1308 1348 1349 1309)
4(1310 1350 990 950)
4(1350 1349 989 990)
4(1309 1349 1350 1310)
4(1311 1351 991 951)
4(1351 1350 990 991)
4(1310 1350 1351 1311)
4(1312 1352 992 952)
4(1352 1351 991 992)
4(1311 1351 1352 1312)
4(1313 1353 993 953)
4(1353 1352 992 993)
4(1312 1352 1353 1313)
4(1314 1354 994 954)
4(1354 1353 993 994)
4(1313 1353 1354 1314)
4(1315 1355 995 955)
4(1355 1354 994 995)
4(1314 1354 1355 1315)
4(1316 1356 996 956)
4(1356 1355 995 996)
4(1315 1355 1356 1316)
4(1317 1357 997 957)
4(1357 1356 996 997)
4(1316 1356 1357 1317)
4(1318 1358 998 958)
4(1358 1357 997 998)
4(1317 1357 1358 1318)
4(1359 1358 998 999)
4(1318 1358 1359 1319)
4(1321 1361 1001 961)
4(1361 1360 1000 1001)
4(1320 1360 1361 1321)
4(1322 1362 1002 962)
4(1362 1361 1001 1002)
4(1321 1361 1362 1322)
4(1323 1363 1003 963)
4(1363 1362 1002 1003)
4(1322 1362 1363 1323)
4(1324 1364 1004 964)
4(1364 1363 1003 1004)
4(1323 1363 1364 1324)
4(1325 1365 1005 965)
4(1365 1364 1004 1005)
4(1324 1364 1365 1325)
4(1326 1366 1006 966)
4(1366 1365 1005 1006)
4(1325 1365 1366 1326)
4(1327 1367 1007 967)
4(1367 1366 1006 1007)
4(1326 1366 1367 1327)
4(1328 1368 1008 968)
4(1368 1367 1007 1008)
4(1327 1367 1368 1328)
4(1329 1369 1009 969)
4(1369 1368 1008 1009)
4(1328 1368 1369 1329)
4(1330 1370 1010 970)
4(1370 1369 1009 1010)
4(1329 1369 1370 1330)
4(1331 1371 1011 971)
4(1371 1370 1010 1011)
4(1330 1370 1371 1331)
4(1332 1372 1012 972)
4(1372 1371 1011 1012)
4(1331 1371 1372 1332)
4(1333 1373 1013 973)
4(1373 1372 1012 1013)
4(1332 1372 1373 1333)
4(1334 1374 1014 974)
4(1374 1373 1013 1014)
4(1333 1373 1374 1334)
4(1335 1375 1015 975)
4(1375 1374 1014 1015)
4(1334 1374 1375 1335)
4(1336 1376 1016 976)
4(1376 1375 1015 1016)
4(1335 1375 1376 1336)
4(1337 1377 1017 977)
4(1377 1376 1016 1017)
4(1336 1376 1377 1337)
4(1338 1378 1018 978)
4(1378 1377 1017 1018)
4(1337 1377 1378 1338)
4(1339 1379 1019 979)
4(1379 1378 1018 1019)
4(1338 1378 1379 1339)
4(1340 1380 1020 980)
4(1380 1379 1019 1020)
4(1339 1379 1380 1340)
4(1341 1381 1021 981)
4(1381 1380 1020 1021)
4(1340 1380 1381 1341)
4(1342 1382 1022 982)
4(1382 1381 1021 1022)
4(1341 1381 1382 1342)
4(1343 1383 1023 983)
4(1383 1382 1022 1023)
4(1342 1382 1383 1343)
4(1344 1384 1024 984)
4(1384 1383 1023 1024)
4(1343 1383 1384 1344)
4(1345 1385 1025 985)
4(1385 1384 1024 1025)
4(1344 1384 1385 1345)
4(1346 1386 1026 986)
4(1386 1385 1025 1026)
4(1345 1385 1386 1346)
4(1347 1387 1027 987)
4(1387 1386 1026 1027)
4(1346 1386 1387 1347)
4(1348 1388 1028 988)
4(1388 1387 1027 1028)
4(1347 1387 1388 1348)
4(1349 1389 1029 989)
4(1389 1388 1028 1029)
4(1348 1388 1389 1349)
4(1350 1390 1030 990)
4(1390 1389 1029 1030)
4(1349 1389 1390 1350)
4(1351 1391 1031 991)
4(1391 1390 1030 1031)
4(1350 1390 1391 1351)
4(1352 1392 1032 992)
4(1392 1391 1031 1032)
4(1351 1391 1392 1352)
4(1353 1393 1033 993)
4(1393 1392 1032 1033)
4(1352 1392 1393 1353)
4(1354 1394 1034 994)
4(1394 1393 1033 1034)
4(1353 1393 1394 1354)
4(1355 1395 1035 995)
4(1395 1394 1034 1035)
4(1354 1394 1395 1355)
4(1356 1396 1036 996)
4(1396 1395 1035 1036)
4(1355 1395 1396 1356)
4(1357 1397 1037 997)
4(1397 1396 1036 1037)
4(1356 1396 1397 1357)
4(1358 1398 1038 998)
4(1398 1397 1037 1038)
4(1357 1397 1398 1358)
4(1399 1398 1038 1039)
4(1358 1398 1399 1359)
4(1361 1401 1041 1001)
4(1360 1400 1401 1361)
4(1401 1400 1040 1041)
4(1362 1402 1042 1002)
4(1361 1401 1402 1362)
4(1402 1401 1041 1042)
4(1363 1403 1043 1003)
4(1362 1402 1403 1363)
4(1403 1402 1042 1043)
4(1364 1404 1044 1004)
4(1363 1403 1404 1364)
4(1404 1403 1043 1044)
4(1365 1405 1045 1005)
4(1364 1404 1405 1365)
4(1405 1404 1044 1045)
4(1366 1406 1046 1006)
4(1365 1405 1406 1366)
4(1406 1405 1045 1046)
4(1367 1407 1047 1007)
4(1366 1406 1407 1367)
4(1407 1406 1046 1047)
4(1368 1408 1048 1008)
4(1367 1407 1408 1368)
4(1408 1407 1047 1048)
4(1369 1409 1049 1009)
4(1368 1408 1409 1369)
4(1409 1408 1048 1049)
4(1370 1410 1050 1010)
4(1369 1409 1410 1370)
4(1410 1409 1049 1050)
4(1371 1411 1051 1011)
4(1370 1410 1411 1371)
4(1411 1410 1050 1051)
4(1372 1412 1052 1012)
4(1371 1411 1412 1372)
4(1412 1411 1051 1052)
4(1373 1413 1053 1013)
4(1372 1412 1413 1373)
4(1413 1412 1052 1053)
4(1374 1414 1054 1014)
4(1373 1413 1414 1374)
4(1414 1413 1053 1054)
4(1375 1415 1055 1015)
4(1374 1414 1415 1375)
4(1415 1414 1054 1055)
4(1376 1416 1056 1016)
4(1375 1415 1416 1376)
4(1416 1415 1055 1056)
4(1377 1417 1057 1017)
4(1376 1416 1417 1377)
4(1417 1416 1056 1057)
4(1378 1418 1058 1018)
4(1377 1417 1418 1378)
4(1418 1417 1057 1058)
4(1379 1419 1059 1019)
4(1378 1418 1419 1379)
4(1419 1418 1058 1059)
4(1380 1420 1060 1020)
4(1379 1419 1420 1380)
4(1420 1419 1059 1060)
4(1381 1421 1061 1021)
4(1380 1420 1421 1381)
4(1421 1420 1060 1061)
4(1382 1422 1062 1022)
4(1381 1421 1422 1382)
4(1422 1421 1061 1062)
4(1383 1423 1063 1023)
4(1382 1422 1423 1383)
4(1423 1422 1062 1063)
4(1384 1424 1064 1024)
4(1383 1423 1424 1384)
4(1424 1423 1063 1064)
4(1385 1425 1065 1025)
4(1384 1424 1425 1385)
4(1425 1424 1064 1065)
4(1386 1426 1066 1026)
4(1385 1425 1426 1386)
4(1426 1425 1065 1066)
4(1387 1427 1067 1027)
4(1386 1426 1427 1387)
4(1427 1426 1066 1067)
4(1388 1428 1068 1028)
4(1387 1427 1428 1388)
4(1428 1427 1067 1068)
4(1389 1429 1069 1029)
4(1388 1428 1429 1389)
4(1429 1428 1068 1069)
4(1390 1430 1070 1030)
4(1389 1429 1430 1390)
4(1430 1429 1069 1070)
4(1391 1431 1071 1031)
4(1390 1430 1431 1391)
4(1431 1430 1070 1071)
4(1392 1432 1072 1032)
4(1391 1431 1432 1392)
4(1432 1431 1071 1072)
4(1393 1433 1073 1033)
4(1392 1432 1433 1393)
4(1433 1432 1072 1073)
4(1394 1434 1074 1034)
4(1393 1433 1434 1394)
4(1434 1433 1073 1074)
4(1395 1435 1075 1035)
4(1394 1434 1435 1395)
4(1435 1434 1074 1075)
4(1396 1436 1076 1036)
4(1395 1435 1436 1396)
4(1436 1435 1075 1076)
4(1397 1437 1077 1037)
4(1396 1436 1437 1397)
4(1437 1436 1076 1077)
4(1398 1438 1078 1038)
4(1397 1437 1438 1398)
4(1438 1437 1077 1078)
4(1398 1438 1439 1399)
4(1439 1438 1078 1079)
4(1441 1481 1121 1081)
4(1481 1480 1120 1121)
4(1440 1480 1481 1441)
4(1080 1440 1441 1081)
4(1442 1482 1122 1082)
4(1482 1481 1121 1122)
4(1441 1481 1482 1442)
4(1081 1441 1442 1082)
4(1443 1483 1123 1083)
4(1483 1482 1122 1123)
4(1442 1482 1483 1443)
4(1082 1442 1443 1083)
4(1444 1484 1124 1084)
4(1484 1483 1123 1124)
4(1443 1483 1484 1444)
4(1083 1443 1444 1084)
4(1445 1485 1125 1085)
4(1485 1484 1124 1125)
4(1444 1484 1485 1445)
4(1084 1444 1445 1085)
4(1446 1486 1126 1086)
4(1486 1485 1125 1126)
4(1445 1485 1486 1446)
4(1085 1445 1446 1086)
4(1447 1487 1127 1087)
4(1487 1486 1126 1127)
4(1446 1486 1487 1447)
4(1086 1446 1447 1087)
4(1448 1488 1128 1088)
4(1488 1487 1127 1128)
4(1447 1487 1488 1448)
4(1087 1447 1448 1088)
4(1449 1489 1129 1089)
4(1489 1488 1128 1129)
4(1448 1488 1489 1449)
4(1088 1448 1449 1089)
4(1450 1490 1130 1090)
4(1490 1489 1129 1130)
4(1449 1489 1490 1450)
4(1089 1449 1450 1090)
4(1451 1491 1131 1091)
4(1491 1490 1130 1131)
4(1450 1490 1491 1451)
4(1090 1450 1451 1091)
4(1452 1492 1132 1092)
4(1492 1491 1131 1132)
4(1451 1491 1492 1452)
4(1091 1451 1452 1092)
4(1453 1493 1133 1093)
4(1493 1492 1132 1133)
4(1452 1492 1493 1453)
4(1092 1452 1453 1093)
4(1454 1494 1134 1094)
4(1494 1493 1133 1134)
4(1453 1493 1494 1454)
4(1093 1453 1454 1094)
4(1455 1495 1135 1095)
4(1495 1494 1134 1135)
4(1454 1494 1495 1455)
4(1094 1454 1455 1095)
4(1456 1496 1136 1096)
4(1496 1495 1135 1136)
4(1455 1495 1496 1456)
4(1095 1455 1456 1096)
4(1457 1497 1137 1097)
4(1497 1496 1136 1137)
4(1456 1496 1497 1457)
4(1096 1456 1457 1097)
4(1458 1498 1138 1098)
4(1498 1497 1137 1138)
4(1457 1497 1498 1458)
4(1097 1457 1458 1098)
4(1459 1499 1139 1099)
4(1499 1498 1138 1139)
4(1458 1498 1499 1459)
4(1098 1458 1459 1099)
4(1460 1500 1140 1100)
4(1500 1499 1139 1140)
4(1459 1499 1500 1460)
4(1099 1459 1460 1100)
4(1461 1501 1141 1101)
4(1501 1500 1140 1141)
4(1460 1500 1501 1461)
4(1100 1460 1461 1101)
4(1462 1502 1142 1102)
4(1502 1501 1141 1142)
4(1461 1501 1502 1462)
4(1101 1461 1462 1102)
4(1463 1503 1143 1103)
4(1503 1502 1142 1143)
4(1462 1502 1503 1463)
4(1102 1462 1463 1103)
4(1464 1504 1144 1104)
4(1504 1503 1143 1144)
4(1463 1503 1504 1464)
4(1103 1463 1464 1104)
4(1465 1505 1145 1105)
4(1505 1504 1144 1145)
4(1464 1504 1505 1465)
4(1104 1464 1465 1105)
4(1466 1506 1146 1106)
4(1506 1505 1145 1146)
4(1465 1505 1506 1466)
4(1105 1465 1466 1106)
4(1467 1507 1147 1107)
4(1507 1506 1146 1147)
4(1466 1506 1507 1467)
4(1106 1466 1467 1107)
4(1468 1508 1148 1108)
4(1508 1507 1147 1148)
4(1467 1507 1508 1468)
4(1107 1467 1468 1108)
4(1469 1509 1149 1109)
4(1509 1508 1148 1149)
4(1468 1508 1509 1469)
4(1108 1468 1469 1109)
4(1470 1510 1150 1110)
4(1510 1509 1149 1150)
4(1469 1509 1510 1470)
4(1109 1469 1470 1110)
4(1471 1511 1151 1111)
4(1511 1510 1150 1151)
4(1470 1510 1511 1471)
4(1110 1470 1471 1111)
4(1472 1512 1152 1112)
4(1512 1511 1151 1152)
4(1471 1511 1512 1472)
4(1111 1471 1472 1112)
4(1473 1513 1153 1113)
4(1513 1512 1152 1153)
4(1472 1512 1513 1473)
4(1112 1472 1473 1113)
4(1474 1514 1154 1114)
4(1514 1513 1153 1154)
4(1473 1513 1514 1474)
4(1113 1473 1474 1114)
4(1475 1515 1155 1115)
4(1515 1514 1154 1155)
4(1474 1514 1515 1475)
4(1114 1474 1475 1115)
4(1476 1516 1156 1116)
4(1516 1515 1155 1156)
4(1475 1515 1516 1476)
4(1115 1475 1476 1116)
4(1477 1517 1157 1117)
4(1517 1516 1156 1157)
4(1476 1516 1517 1477)
4(1116 1476 1477 1117)
4(1478 1518 1158 1118)
4(1518 1517 1157 1158)
4(1477 1517 1518 1478)
4(1117 1477 1478 1118)
4(1519 1518 1158 1159)
4(1478 1518 1519 1479)
4(1118 1478 1479 1119)
4(1481 1521 1161 1121)
4(1521 1520 1160 1161)
4(1480 1520 1521 1481)
4(1482 1522 1162 1122)
4(1522 1521 1161 1162)
4(1481 1521 1522 1482)
4(1483 1523 1163 1123)
4(1523 1522 1162 1163)
4(1482 1522 1523 1483)
4(1484 1524 1164 1124)
4(1524 1523 1163 1164)
4(1483 1523 1524 1484)
4(1485 1525 1165 1125)
4(1525 1524 1164 1165)
4(1484 1524 1525 1485)
4(1486 1526 1166 1126)
4(1526 1525 1165 1166)
4(1485 1525 1526 1486)
4(1487 1527 1167 1127)
4(1527 1526 1166 1167)
4(1486 1526 1527 1487)
4(1488 1528 1168 1128)
4(1528 1527 1167 1168)
4(1487 1527 1528 1488)
4(1489 1529 1169 1129)
4(1529 1528 1168 1169)
4(1488 1528 1529 1489)
4(1490 1530 1170 1130)
4(1530 1529 1169 1170)
4(1489 1529 1530 1490)
4(1491 1531 1171 1131)
4(1531 1530 1170 1171)
4(1490 1530 1531 1491)
4(1492 1532 1172 1132)
4(1532 1531 1171 1172)
4(1491 1531 1532 1492)
4(1493 1533 1173 1133)
4(1533 1532 1172 1173)
4(1492 1532 1533 1493)
4(1494 1534 1174 1134)
4(1534 1533 1173 1174)
4(1493 1533 1534 1494)
4(1495 1535 1175 1135)
4(1535 1534 1174 1175)
4(1494 1534 1535 1495)
4(1496 1536 1176 1136)
4(1536 1535 1175 1176)
4(1495 1535 1536 1496)
4(1497 1537 1177 1137)
4(1537 1536 1176 1177)
4(1496 1536 1537 1497)
4(1498 1538 1178 1138)
4(1538 1537 1177 1178)
4(1497 1537 1538 1498)
4(1499 1539 1179 1139)
4(1539 1538 1178 1179)
4(1498 1538 1539 1499)
4(1500 1540 1180 1140)
4(1540 1539 1179 1180)
4(1499 1539 1540 1500)
4(1501 1541 1181 1141)
4(1541 1540 1180 1181)
4(1500 1540 1541 1501)
4(1502 1542 1182 1142)
4(1542 1541 1181 1182)
4(1501 1541 1542 1502)
4(1503 1543 1183 1143)
4(1543 1542 1182 1183)
4(1502 1542 1543 1503)
4(1504 1544 1184 1144)
4(1544 1543 1183 1184)
4(1503 1543 1544 1504)
4(1505 1545 1185 1145)
4(1545 1544 1184 1185)
4(1504 1544 1545 1505)
4(1506 1546 1186 1146)
4(1546 1545 1185 1186)
4(1505 1545 1546 1506)
4(1507 1547 1187 1147)
4(1547 1546 1186 1187)
4(1506 1546 1547 1507)
4(1508 1548 1188 1148)
4(1548 1547 1187 1188)
4(1507 1547 1548 1508)
4(1509 1549 1189 1149)
4(1549 1548 1188 1189)
4(1508 1548 1549 1509)
4(1510 1550 1190 1150)
4(1550 1549 1189 1190)
4(1509 1549 1550 1510)
4(1511 1551 1191 1151)
4(1551 1550 1190 1191)
4(1510 1550 1551 1511)
4(1512 1552 1192 1152)
4(1552 1551 1191 1192)
4(1511 1551 1552 1512)
4(1513 1553 1193 1153)
4(1553 1552 1192 1193)
4(1512 1552 1553 1513)
4(1514 1554 1194 1154)
4(1554 1553 1193 1194)
4(1513 1553 1554 1514)
4(1515 1555 1195 1155)
4(1555 1554 1194 1195)
4(1514 1554 1555 1515)
4(1516 1556 1196 1156)
4(1556 1555 1195 1196)
4(1515 1555 1556 1516)
4(1517 1557 1197 1157)
4(1557 1556 1196 1197)
4(1516 1556 1557 1517)
4(1518 1558 1198 1158)
4(1558 1557 1197 1198)
4(1517 1557 1558 1518)
4(1559 1558 1198 1199)
4(1518 1558 1559 1519)
4(1521 1561 1201 1161)
4(1561 1560 1200 1201)
4(1520 1560 1561 1521)
4(1522 1562 1202 1162)
4(1562 1561 1201 1202)
4(1521 1561 1562 1522)
4(1523 1563 1203 1163)
4(1563 1562 1202 1203)
4(1522 1562 1563 1523)
4(1524 1564 1204 1164)
4(1564 1563 1203 1204)
4(1523 1563 1564 1524)
4(1525 1565 1205 1165)
4(1565 1564 1204 1205)
4(1524 1564 1565 1525)
4(1526 1566 1206 1166)
4(1566 1565 1205 1206)
4(1525 1565 1566 1526)
4(1527 1567 1207 1167)
4(1567 1566 1206 1207)
4(1526 1566 1567 1527)
4(1528 1568 1208 1168)
4(1568 1567 1207 1208)
4(1527 1567 1568 1528)
4(1529 1569 1209 1169)
4(1569 1568 1208 1209)
4(1528 1568 1569 1529)
4(1530 1570 1210 1170)
4(1570 1569 1209 1210)
4(1529 1569 1570 1530)
4(1531 1571 1211 1171)
4(1571 1570 1210 1211)
4(1530 1570 1571 1531)
4(1532 1572 1212 1172)
4(1572 1571 1211 1212)
4(1531 1571 1572 1532)
4(1533 1573 1213 1173)
4(1573 1572 1212 1213)
4(1532 1572 1573 1533)
4(1534 1574 1214 1174)
4(1574 1573 1213 1214)
4(1533 1573 1574 1534)
4(1535 1575 1215 1175)
4(1575 1574 1214 1215)
4(1534 1574 1575 1535)
4(1536 1576 1216 1176)
4(1576 1575 1215 1216)
4(1535 1575 1576 1536)
4(1537 1577 1217 1177)
4(1577 1576 1216 1217)
4(1536 1576 1577 1537)
4(1538 1578 1218 1178)
4(1578 1577 1217 1218)
4(1537 1577 1578 1538)
4(1539 1579 1219 1179)
4(1579 1578 1218 1219)
4(1538 1578 1579 1539)
4(1540 1580 1220 1180)
4(1580 1579 1219 1220)
4(1539 1579 1580 1540)
4(1541 1581 1221 1181)
4(1581 1580 1220 1221)
4(1540 1580 1581 1541)
4(1542 1582 1222 1182)
4(1582 1581 1221 1222)
4(1541 1581 1582 1542)
4(1543 1583 1223 1183)
4(1583 1582 1222 1223)
4(1542 1582 1583 1543)
4(1544 1584 1224 1184)
4(1584 1583 1223 1224)
4(1543 1583 1584 1544)
4(1545 1585 1225 1185)
4(1585 1584 1224 1225)
4(1544 1584 1585 1545)
4(1546 1586 1226 1186)
4(1586 1585 1225 1226)
4(1545 1585 1586 1546)
4(1547 1587 1227 1187)
4(1587 1586 1226 1227)
4(1546 1586 1587 1547)
4(1548 1588 1228 1188)
4(1588 1587 1227 1228)
4(1547 1587 1588 1548)
4(1549 1589 1229 1189)
4(1589 1588 1228 1229)
4(1548 1588 1589 1549)
4(1550 1590 1230 1190)
4(1590 1589 1229 1230)
4(1549 1589 1590 1550)
4(1551 1591 1231 1191)
4(1591 1590 1230 1231)
4(1550 1590 1591 1551)
4(1552 1592 1232 1192)
4(1592 1591 1231 1232)
4(1551 1591 1592 1552)
4(1553 1593 1233 1193)
4(1593 1592 1232 1233)
4(1552 1592 1593 1553)
4(1554 1594 1234 1194)
4(1594 1593 1233 1234)
4(1553 1593 1594 1554)
4(1555 1595 1235 1195)
4(1595 1594 1234 1235)
4(1554 1594 1595 1555)
4(1556 1596 1236 1196)
4(1596 1595 1235 1236)
4(1555 1595 1596 1556)
4(1557 1597 1237 1197)
4(1597 1596 1236 1237)
4(1556 1596 1597 1557)
4(1558 1598 1238 1198)
4(1598 1597 1237 1238)
4(1557 1597 1598 1558)
4(1599 1598 1238 1239)
4(1558 1598 1599 1559)
4(1561 1601 1241 1201)
4(1601 1600 1240 1241)
4(1560 1600 1601 1561)
4(1562 1602 1242 1202)
4(1602 1601 1241 1242)
4(1561 1601 1602 1562)
4(1563 1603 1243 1203)
4(1603 1602 1242 1243)
4(1562 1602 1603 1563)
4(1564 1604 1244 1204)
4(1604 1603 1243 1244)
4(1563 1603 1604 1564)
4(1565 1605 1245 1205)
4(1605 1604 1244 1245)
4(1564 1604 1605 1565)
4(1566 1606 1246 1206)
4(1606 1605 1245 1246)
4(1565 1605 1606 1566)
4(1567 1607 1247 1207)
4(1607 1606 1246 1247)
4(1566 1606 1607 1567)
4(1568 1608 1248 1208)
4(1608 1607 1247 1248)
4(1567 1607 1608 1568)
4(1569 1609 1249 1209)
4(1609 1608 1248 1249)
4(1568 1608 1609 1569)
4(1570 1610 1250 1210)
4(1610 1609 1249 1250)
4(1569 1609 1610 1570)
4(1571 1611 1251 1211)
4(1611 1610 1250 1251)
4(1570 1610 1611 1571)
4(1572 1612 1252 1212)
4(1612 1611 1251 1252)
4(1571 1611 1612 1572)
4(1573 1613 1253 1213)
4(1613 1612 1252 1253)
4(1572 1612 1613 1573)
4(1574 1614 1254 1214)
4(1614 1613 1253 1254)
4(1573 1613 1614 1574)
4(1575 1615 1255 1215)
4(1615 1614 1254 1255)
4(1574 1614 1615 1575)
4(1576 1616 1256 1216)
4(1616 1615 1255 1256)
4(1575 1615 1616 1576)
4(1577 1617 1257 1217)
4(1617 1616 1256 1257)
4(1576 1616 1617 1577)
4(1578 1618 1258 1218)
4(1618 1617 1257 1258)
4(1577 1617 1618 1578)
4(1579 1619 1259 1219)
4(1619 1618 1258 1259)
4(1578 1618 1619 1579)
4(1580 1620 1260 1220)
4(1620 1619 1259 1260)
4(1579 1619 1620 1580)
4(1581 1621 1261 1221)
4(1621 1620 1260 1261)
4(1580 1620 1621 1581)
4(1582 1622 1262 1222)
4(1622 1621 1261 1262)
4(1581 1621 1622 1582)
4(1583 1623 1263 1223)
4(1623 1622 1262 1263)
4(1582 1622 1623 1583)
4(1584 1624 1264 1224)
4(1624 1623 1263 1264)
4(1583 1623 1624 1584)
4(1585 1625 1265 1225)
4(1625 1624 1264 1265)
4(1584 1624 1625 1585)
4(1586 1626 1266 1226)
4(1626 1625 1265 1266)
4(1585 1625 1626 1586)
4(1587 1627 1267 1227)
4(1627 1626 1266 1267)
4(1586 1626 1627 1587)
4(1588 1628 1268 1228)
4(1628 1627 1267 1268)
4(1587 1627 1628 1588)
4(1589 1629 1269 1229)
4(1629 1628 1268 1269)
4(1588 1628 1629 1589)
4(1590 1630 1270 1230)
4(1630 1629 1269 1270)
4(1589 1629 1630 1590)
4(1591 1631 1271 1231)
4(1631 1630 1270 1271)
4(1590 1630 1631 1591)
4(1592 1632 1272 1232)
4(1632 1631 1271 1272)
4(1591 1631 1632 1592)
4(1593 1633 1273 1233)
4(1633 1632 1272 1273)
4(1592 1632 1633 1593)
4(1594 1634 1274 1234)
4(1634 1633 1273 1274)
4(1593 1633 1634 1594)
4(1595 1635 1275 1235)
4(1635 1634 1274 1275)
4(1594 1634 1635 1595)
4(1596 1636 1276 1236)
4(1636 1635 1275 1276)
4(1595 1635 1636 1596)
4(1597 1637 1277 1237)
4(1637 1636 1276 1277)
4(1596 1636 1637 1597)
4(1598 1638 1278 1238)
4(1638 1637 1277 1278)
4(1597 1637 1638 1598)
4(1639 1638 1278 1279)
4(1598 1638 1639 1599)
4(1601 1641 1281 1241)
4(1641 1640 1280 1281)
4(1600 1640 1641 1601)
4(1602 1642 1282 1242)
4(1642 1641 1281 1282)
4(1601 1641 1642 1602)
4(1603 1643 1283 1243)
4(1643 1642 1282 1283)
4(1602 1642 1643 1603)
4(1604 1644 1284 1244)
4(1644 1643 1283 1284)
4(1603 1643 1644 1604)
4(1605 1645 1285 1245)
4(1645 1644 1284 1285)
4(1604 1644 1645 1605)
4(1606 1646 1286 1246)
4(1646 1645 1285 1286)
4(1605 1645 1646 1606)
4(1607 1647 1287 1247)
4(1647 1646 1286 1287)
4(1606 1646 1647 1607)
4(1608 1648 1288 1248)
4(1648 1647 1287 1288)
4(1607 1647 1648 1608)
4(1609 1649 1289 1249)
4(1649 1648 1288 1289)
4(1608 1648 1649 1609)
4(1610 1650 1290 1250)
4(1650 1649 1289 1290)
4(1609 1649 1650 1610)
4(1611 1651 1291 1251)
4(1651 1650 1290 1291)
4(1610 1650 1651 1611)
4(1612 1652 1292 1252)
4(1652 1651 1291 1292)
4(1611 1651 1652 1612)
4(1613 1653 1293 1253)
4(1653 1652 1292 1293)
4(1612 1652 1653 1613)
4(1614 1654 1294 1254)
4(1654 1653 1293 1294)
4(1613 1653 1654 1614)
4(1615 1655 1295 1255)
4(1655 1654 1294 1295)
4(1614 1654 1655 1615)
4(1616 1656 1296 1256)
4(1656 1655 1295 1296)
4(1615 1655 1656 1616)
4(1617 1657 1297 1257)
4(1657 1656 1296 1297)
4(1616 1656 1657 1617)
4(1618 1658 1298 1258)
4(1658 1657 1297 1298)
4(1617 1657 1658 1618)
4(1619 1659 1299 1259)
4(1659 1658 1298 1299)
4(1618 1658 1659 1619)
4(1620 1660 1300 1260)
4(1660 1659 1299 1300)
4(1619 1659 1660 1620)
4(1621 1661 1301 1261)
4(1661 1660 1300 1301)
4(1620 1660 1661 1621)
4(1622 1662 1302 1262)
4(1662 1661 1301 1302)
4(1621 1661 1662 1622)
4(1623 1663 1303 1263)
4(1663 1662 1302 1303)
4(1622 1662 1663 1623)
4(1624 1664 1304 1264)
4(1664 1663 1303 1304)
4(1623 1663 1664 1624)
4(1625 1665 1305 1265)
4(1665 1664 1304 1305)
4(1624 1664 1665 1625)
4(1626 1666 1306 1266)
4(1666 1665 1305 1306)
4(1625 1665 1666 1626)
4(1627 1667 1307 1267)
4(1667 1666 1306 1307)
4(1626 1666 1667 1627)
4(1628 1668 1308 1268)
4(1668 1667 1307 1308)
4(1627 1667 1668 1628)
4(1629 1669 1309 1269)
4(1669 1668 1308 1309)
4(1628 1668 1669 1629)
4(1630 1670 1310 1270)
4(1670 1669 1309 1310)
4(1629 1669 1670 1630)
4(1631 1671 1311 1271)
4(1671 1670 1310 1311)
4(1630 1670 1671 1631)
4(1632 1672 1312 1272)
4(1672 1671 1311 1312)
4(1631 1671 1672 1632)
4(1633 1673 1313 1273)
4(1673 1672 1312 1313)
4(1632 1672 1673 1633)
4(1634 1674 1314 1274)
4(1674 1673 1313 1314)
4(1633 1673 1674 1634)
4(1635 1675 1315 1275)
4(1675 1674 1314 1315)
4(1634 1674 1675 1635)
4(1636 1676 1316 1276)
4(1676 1675 1315 1316)
4(1635 1675 1676 1636)
4(1637 1677 1317 1277)
4(1677 1676 1316 1317)
4(1636 1676 1677 1637)
4(1638 1678 1318 1278)
4(1678 1677 1317 1318)
4(1637 1677 1678 1638)
4(1679 1678 1318 1319)
4(1638 1678 1679 1639)
4(1641 1681 1321 1281)
4(1681 1680 1320 1321)
4(1640 1680 1681 1641)
4(1642 1682 1322 1282)
4(1682 1681 1321 1322)
4(1641 1681 1682 1642)
4(1643 1683 1323 1283)
4(1683 1682 1322 1323)
4(1642 1682 1683 1643)
4(1644 1684 1324 1284)
4(1684 1683 1323 1324)
4(1643 1683 1684 1644)
4(1645 1685 1325 1285)
4(1685 1684 1324 1325)
4(1644 1684 1685 1645)
4(1646 1686 1326 1286)
4(1686 1685 1325 1326)
4(1645 1685 1686 1646)
4(1647 1687 1327 1287)
4(1687 1686 1326 1327)
4(1646 1686 1687 1647)
4(1648 1688 1328 1288)
4(1688 1687 1327 1328)
4(1647 1687 1688 1648)
4(1649 1689 1329 1289)
4(1689 1688 1328 1329)
4(1648 1688 1689 1649)
4(1650 1690 1330 1290)
4(1690 1689 1329 1330)
4(1649 1689 1690 1650)
4(1651 1691 1331 1291)
4(1691 1690 1330 1331)
4(1650 1690 1691 1651)
4(1652 1692 1332 1292)
4(1692 1691 1331 1332)
4(1651 1691 1692 1652)
4(1653 1693 1333 1293)
4(1693 1692 1332 1333)
4(1652 1692 1693 1653)
4(1654 1694 1334 1294)
4(1694 1693 1333 1334)
4(1653 1693 1694 1654)
4(1655 1695 1335 1295)
4(1695 1694 1334 1335)
4(1654 1694 1695 1655)
4(1656 1696 1336 1296)
4(1696 1695 1335 1336)
4(1655 1695 1696 1656)
4(1657 1697 1337 1297)
4(1697 1696 1336 1337)
4(1656 1696 1697 1657)
4(1658 1698 1338 1298)
4(1698 1697 1337 1338)
4(1657 1697 1698 1658)
4(1659 1699 1339 1299)
4(1699 1698 1338 1339)
4(1658 1698 1699 1659)
4(1660 1700 1340 1300)
4(1700 1699 1339 1340)
4(1659 1699 1700 1660)
4(1661 1701 1341 1301)
4(1701 1700 1340 1341)
4(1660 1700 1701 1661)
4(1662 1702 1342 1302)
4(1702 1701 1341 1342)
4(1661 1701 1702 1662)
4(1663 1703 1343 1303)
4(1703 1702 1342 1343)
4(1662 1702 1703 1663)
4(1664 1704 1344 1304)
4(1704 1703 1343 1344)
4(1663 1703 1704 1664)
4(1665 1705 1345 1305)
4(1705 1704 1344 1345)
4(1664 1704 1705 1665)
4(1666 1706 1346 1306)
4(1706 1705 1345 1346)
4(1665 1705 1706 1666)
4(1667 1707 1347 1307)
4(1707 1706 1346 1347)
4(1666 1706 1707 1667)
4(1668 1708 1348 1308)
4(1708 1707 1347 1348)
4(1667 1707 1708 1668)
4(1669 1709 1349 1309)
4(1709 1708 1348 1349)
4(1668 1708 1709 1669)
4(1670 1710 1350 1310)
4(1710 1709 1349 1350)
4(1669 1709 1710 1670)
4(1671 1711 1351 1311)
4(1711 1710 1350 1351)
4(1670 1710 1711 1671)
4(1672 1712 1352 1312)
4(1712 1711 1351 1352)
4(1671 1711 1712 1672)
4(1673 1713 1353 1313)
4(1713 1712 1352 1353)
4(1672 1712 1713 1673)
4(1674 1714 1354 1314)
4(1714 1713 1353 1354)
4(1673 1713 1714 1674)
4(1675 1715 1355 1315)
4(1715 1714 1354 1355)
4(1674 1714 1715 1675)
4(1676 1716 1356 1316)
4(1716 1715 1355 1356)
4(1675 1715 1716 1676)
4(1677 1717 1357 1317)
4(1717 1716 1356 1357)
4(1676 1716 1717 1677)
4(1678 1718 1358 1318)
4(1718 1717 1357 1358)
4(1677 1717 1718 1678)
4(1719 1718 1358 1359)
4(1678 1718 1719 1679)
4(1681 1721 1361 1321)
4(1721 1720 1360 1361)
4(1680 1720 1721 1681)
4(1682 1722 1362 1322)
4(1722 1721 1361 1362)
4(1681 1721 1722 1682)
4(1683 1723 1363 1323)
4(1723 1722 1362 1363)
4(1682 1722 1723 1683)
4(1684 1724 1364 1324)
4(1724 1723 1363 1364)
4(1683 1723 1724 1684)
4(1685 1725 1365 1325)
4(1725 1724 1364 1365)
4(1684 1724 1725 1685)
4(1686 1726 1366 1326)
4(1726 1725 1365 1366)
4(1685 1725 1726 1686)
4(1687 1727 1367 1327)
4(1727 1726 1366 1367)
4(1686 1726 1727 1687)
4(1688 1728 1368 1328)
4(1728 1727 1367 1368)
4(1687 1727 1728 1688)
4(1689 1729 1369 1329)
4(1729 1728 1368 1369)
4(1688 1728 1729 1689)
4(1690 1730 1370 1330)
4(1730 1729 1369 1370)
4(1689 1729 1730 1690)
4(1691 1731 1371 1331)
4(1731 1730 1370 1371)
4(1690 1730 1731 1691)
4(1692 1732 1372 1332)
4(1732 1731 1371 1372)
4(1691 1731 1732 1692)
4(1693 1733 1373 1333)
4(1733 1732 1372 1373)
4(1692 1732 1733 1693)
4(1694 1734 1374 1334)
4(1734 1733 1373 1374)
4(1693 1733 1734 1694)
4(1695 1735 1375 1335)
4(1735 1734 1374 1375)
4(1694 1734 1735 1695)
4(1696 1736 1376 1336)
4(1736 1735 1375 1376)
4(1695 1735 1736 1696)
4(1697 1737 1377 1337)
4(1737 1736 1376 1377)
4(1696 1736 1737 1697)
4(1698 1738 1378 1338)
4(1738 1737 1377 1378)
4(1697 1737 1738 1698)
4(1699 1739 1379 1339)
4(1739 1738 1378 1379)
4(1698 1738 1739 1699)
4(1700 1740 1380 1340)
4(1740 1739 1379 1380)
4(1699 1739 1740 1700)
4(1701 1741 1381 1341)
4(1741 1740 1380 1381)
4(1700 1740 1741 1701)
4(1702 1742 1382 1342)
4(1742 1741 1381 1382)
4(1701 1741 1742 1702)
4(1703 1743 1383 1343)
4(1743 1742 1382 1383)
4(1702 1742 1743 1703)
4(1704 1744 1384 1344)
4(1744 1743 1383 1384)
4(1703 1743 1744 1704)
4(1705 1745 1385 1345)
4(1745 1744 1384 1385)
4(1704 1744 1745 1705)
4(1706 1746 1386 1346)
4(1746 1745 1385 1386)
4(1705 1745 1746 1706)
4(1707 1747 1387 1347)
4(1747 1746 1386 1387)
4(1706 1746 1747 1707)
4(1708 1748 1388 1348)
4(1748 1747 1387 1388)
4(1707 1747 1748 1708)
4(1709 1749 1389 1349)
4(1749 1748 1388 1389)
4(1708 1748 1749 1709)
4(1710 1750 1390 1350)
4(1750 1749 1389 1390)
4(1709 1749 1750 1710)
4(1711 1751 1391 1351)
4(1751 1750 1390 1391)
4(1710 1750 1751 1711)
4(1712 1752 1392 1352)
4(1752 1751 1391 1392)
4(1711 1751 1752 1712)
4(1713 1753 1393 1353)
4(1753 1752 1392 1393)
4(1712 1752 1753 1713)
4(1714 1754 1394 1354)
4(1754 1753 1393 1394)
4(1713 1753 1754 1714)
4(1715 1755 1395 1355)
4(1755 1754 1394 1395)
4(1714 1754 1755 1715)
4(1716 1756 1396 1356)
4(1756 1755 1395 1396)
4(1715 1755 1756 1716)
4(1717 1757 1397 1357)
4(1757 1756 1396 1397)
4(1716 1756 1757 1717)
4(1718 1758 1398 1358)
4(1758 1757 1397 1398)
4(1717 1757 1758 1718)
4(1759 1758 1398 1399)
4(1718 1758 1759 1719)
4(1721 1761 1401 1361)
4(1720 1760 1761 1721)
4(1761 1760 1400 1401)
4(1722 1762 1402 1362)
4(1721 1761 1762 1722)
4(1762 1761 1401 1402)
4(1723 1763 1403 1363)
4(1722 1762 1763 1723)
4(1763 1762 1402 1403)
4(1724 1764 1404 1364)
4(1723 1763 1764 1724)
4(1764 1763 1403 1404)
4(1725 1765 1405 1365)
4(1724 1764 1765 1725)
4(1765 1764 1404 1405)
4(1726 1766 1406 1366)
4(1725 1765 1766 1726)
4(1766 1765 1405 1406)
4(1727 1767 1407 1367)
4(1726 1766 1767 1727)
4(1767 1766 1406 1407)
4(1728 1768 1408 1368)
4(1727 1767 1768 1728)
4(1768 1767 1407 1408)
4(1729 1769 1409 1369)
4(1728 1768 1769 1729)
4(1769 1768 1408 1409)
4(1730 1770 1410 1370)
4(1729 1769 1770 1730)
4(1770 1769 1409 1410)
4(1731 1771 1411 1371)
4(1730 1770 1771 1731)
4(1771 1770 1410 1411)
4(1732 1772 1412 1372)
4(1731 1771 1772 1732)
4(1772 1771 1411 1412)
4(1733 1773 1413 1373)
4(1732 1772 1773 1733)
4(1773 1772 1412 1413)
4(1734 1774 1414 1374)
4(1733 1773 1774 1734)
4(1774 1773 1413 1414)
4(1735 1775 1415 1375)
4(1734 1774 1775 1735)
4(1775 1774 1414 1415)
4(1736 1776 1416 1376)
4(1735 1775 1776 1736)
4(1776 1775 1415 1416)
4(1737 1777 1417 1377)
4(1736 1776 1777 1737)
4(1777 1776 1416 1417)
4(1738 1778 1418 1378)
4(1737 1777 1778 1738)
4(1778 1777 1417 1418)
4(1739 1779 1419 1379)
4(1738 1778 1779 1739)
4(1779 1778 1418 1419)
4(1740 1780 1420 1380)
4(1739 1779 1780 1740)
4(1780 1779 1419 1420)
4(1741 1781 1421 1381)
4(1740 1780 1781 1741)
4(1781 1780 1420 1421)
4(1742 1782 1422 1382)
4(1741 1781 1782 1742)
4(1782 1781 1421 1422)
4(1743 1783 1423 1383)
4(1742 1782 1783 1743)
4(1783 1782 1422 1423)
4(1744 1784 1424 1384)
4(1743 1783 1784 1744)
4(1784 1783 1423 1424)
4(1745 1785 1425 1385)
4(1744 1784 1785 1745)
4(1785 1784 1424 1425)
4(1746 1786 1426 1386)
4(1745 1785 1786 1746)
4(1786 1785 1425 1426)
4(1747 1787 1427 1387)
4(1746 1786 1787 1747)
4(1787 1786 1426 1427)
4(1748 1788 1428 1388)
4(1747 1787 1788 1748)
4(1788 1787 1427 1428)
4(1749 1789 1429 1389)
4(1748 1788 1789 1749)
4(1789 1788 1428 1429)
4(1750 1790 1430 1390)
4(1749 1789 1790 1750)
4(1790 1789 1429 1430)
4(1751 1791 1431 1391)
4(1750 1790 1791 1751)
4(1791 1790 1430 1431)
4(1752 1792 1432 1392)
4(1751 1791 1792 1752)
4(1792 1791 1431 1432)
4(1753 1793 1433 1393)
4(1752 1792 1793 1753)
4(1793 1792 1432 1433)
4(1754 1794 1434 1394)
4(1753 1793 1794 1754)
4(1794 1793 1433 1434)
4(1755 1795 1435 1395)
4(1754 1794 1795 1755)
4(1795 1794 1434 1435)
4(1756 1796 1436 1396)
4(1755 1795 1796 1756)
4(1796 1795 1435 1436)
4(1757 1797 1437 1397)
4(1756 1796 1797 1757)
4(1797 1796 1436 1437)
4(1758 1798 1438 1398)
4(1757 1797 1798 1758)
4(1798 1797 1437 1438)
4(1758 1798 1799 1759)
4(1799 1798 1438 1439)
4(1801 1841 1481 1441)
4(1841 1840 1480 1481)
4(1800 1840 1841 1801)
4(1440 1800 1801 1441)
4(1802 1842 1482 1442)
4(1842 1841 1481 1482)
4(1801 1841 1842 1802)
4(1441 1801 1802 1442)
4(1803 1843 1483 1443)
4(1843 1842 1482 1483)
4(1802 1842 1843 1803)
4(1442 1802 1803 1443)
4(1804 1844 1484 1444)
4(1844 1843 1483 1484)
4(1803 1843 1844 1804)
4(1443 1803 1804 1444)
4(1805 1845 1485 1445)
4(1845 1844 1484 1485)
4(1804 1844 1845 1805)
4(1444 1804 1805 1445)
4(1806 1846 1486 1446)
4(1846 1845 1485 1486)
4(1805 1845 1846 1806)
4(1445 1805 1806 1446)
4(1807 1847 1487 1447)
4(1847 1846 1486 1487)
4(1806 1846 1847 1807)
4(1446 1806 1807 1447)
4(1808 1848 1488 1448)
4(1848 1847 1487 1488)
4(1807 1847 1848 1808)
4(1447 1807 1808 1448)
4(1809 1849 1489 1449)
4(1849 1848 1488 1489)
4(1808 1848 1849 1809)
4(1448 1808 1809 1449)
4(1810 1850 1490 1450)
4(1850 1849 1489 1490)
4(1809 1849 1850 1810)
4(1449 1809 1810 1450)
4(1811 1851 1491 1451)
4(1851 1850 1490 1491)
4(1810 1850 1851 1811)
4(1450 1810 1811 1451)
4(1812 1852 1492 1452)
4(1852 1851 1491 1492)
4(1811 1851 1852 1812)
4(1451 1811 1812 1452)
4(1813 1853 1493 1453)
4(1853 1852 1492 1493)
4(1812 1852 1853 1813)
4(1452 1812 1813 1453)
4(1814 1854 1494 1454)
4(1854 1853 1493 1494)
4(1813 1853 1854 1814)
4(1453 1813 1814 1454)
4(1815 1855 1495 1455)
4(1855 1854 1494 1495)
4(1814 1854 1855 1815)
4(1454 1814 1815 1455)
4(1816 1856 1496 1456)
4(1856 1855 1495 1496)
4(1815 1855 1856 1816)
4(1455 1815 1816 1456)
4(1817 1857 1497 1457)
4(1857 1856 1496 1497)
4(1816 1856 1857 1817)
4(1456 1816 1817 1457)
4(1818 1858 1498 1458)
4(1858 1857 1497 1498)
4(1817 1857 1858 1818)
4(1457 1817 1818 1458)
4(1819 1859 1499 1459)
4(1859 1858 1498 1499)
4(1818 1858 1859 1819)
4(1458 1818 1819 1459)
4(1820 1860 1500 1460)
4(1860 1859 1499 1500)
4(1819 1859 1860 1820)
4(1459 1819 1820 1460)
4(1821 1861 1501 1461)
4(1861 1860 1500 1501)
4(1820 1860 1861 1821)
4(1460 1820 1821 1461)
4(1822 1862 1502 1462)
4(1862 1861 1501 1502)
4(1821 1861 1862 1822)
4(1461 1821 1822 1462)
4(1823 1863 1503 1463)
4(1863 1862 1502 1503)
4(1822 1862 1863 1823)
4(1462 1822 1823 1463)
4(1824 1864 1504 1464)
4(1864 1863 1503 1504)
4(1823 1863 1864 1824)
4(1463 1823 1824 1464)
4(1825 1865 1505 1465)
4(1865 1864 1504 1505)
4(1824 1864 1865 1825)
4(1464 1824 1825 1465)
4(1826 1866 1506 1466)
4(1866 1865 1505 1506)
4(1825 1865 1866 1826)
4(1465 1825 1826 1466)
4(1827 1867 1507 1467)
4(1867 1866 1506 1507)
4(1826 1866 1867 1827)
4(1466 1826 1827 1467)
4(1828 1868 1508 1468)
4(1868 1867 1507 1508)
4(1827 1867 1868 1828)
4(1467 1827 1828 1468)
4(1829 1869 1509 1469)
4(1869 1868 1508 1509)
4(1828 1868 1869 1829)
4(1468 1828 1829 1469)
4(1830 1870 1510 1470)
4(1870 1869 1509 1510)
4(1829 1869 1870 1830)
4(1469 1829 1830 1470)
4(1831 1871 1511 1471)
4(1871 1870 1510 1511)
4(1830 1870 1871 1831)
4(1470 1830 1831 1471)
4(1832 1872 1512 1472)
4(1872 1871 1511 1512)
4(1831 1871 1872 1832)
4(1471 1831 1832 1472)
4(1833 1873 1513 1473)
4(1873 1872 1512 1513)
4(1832 1872 1873 1833)
4(1472 1832 1833 1473)
4(1834 1874 1514 1474)
4(1874 1873 1513 1514)
4(1833 1873 1874 1834)
4(1473 1833 1834 1474)
4(1835 1875 1515 1475)
4(1875 1874 1514 1515)
4(1834 1874 1875 1835)
4(1474 1834 1835 1475)
4(1836 1876 1516 1476)
4(1876 1875 1515 1516)
4(1835 1875 1876 1836)
4(1475 1835 1836 1476)
4(1837 1877 1517 1477)
4(1877 1876 1516 1517)
4(1836 1876 1877 1837)
4(1476 1836 1837 1477)
4(1838 1878 1518 1478)
4(1878 1877 1517 1518)
4(1837 1877 1878 1838)
4(1477 1837 1838 1478)
4(1879 1878 1518 1519)
4(1838 1878 1879 1839)
4(1478 1838 1839 1479)
4(1841 1881 1521 1481)
4(1881 1880 1520 1521)
4(1840 1880 1881 1841)
4(1842 1882 1522 1482)
4(1882 1881 1521 1522)
4(1841 1881 1882 1842)
4(1843 1883 1523 1483)
4(1883 1882 1522 1523)
4(1842 1882 1883 1843)
4(1844 1884 1524 1484)
4(1884 1883 1523 1524)
4(1843 1883 1884 1844)
4(1845 1885 1525 1485)
4(1885 1884 1524 1525)
4(1844 1884 1885 1845)
4(1846 1886 1526 1486)
4(1886 1885 1525 1526)
4(1845 1885 1886 1846)
4(1847 1887 1527 1487)
4(1887 1886 1526 1527)
4(1846 1886 1887 1847)
4(1848 1888 1528 1488)
4(1888 1887 1527 1528)
4(1847 1887 1888 1848)
4(1849 1889 1529 1489)
4(1889 1888 1528 1529)
4(1848 1888 1889 1849)
4(1850 1890 1530 1490)
4(1890 1889 1529 1530)
4(1849 1889 1890 1850)
4(1851 1891 1531 1491)
4(1891 1890 1530 1531)
4(1850 1890 1891 1851)
4(1852 1892 1532 1492)
4(1892 1891 1531 1532)
4(1851 1891 1892 1852)
4(1853 1893 1533 1493)
4(1893 1892 1532 1533)
4(1852 1892 1893 1853)
4(1854 1894 1534 1494)
4(1894 1893 1533 1534)
4(1853 1893 1894 1854)
4(1855 1895 1535 1495)
4(1895 1894 1534 1535)
4(1854 1894 1895 1855)
4(1856 1896 1536 1496)
4(1896 1895 1535 1536)
4(1855 1895 1896 1856)
4(1857 1897 1537 1497)
4(1897 1896 1536 1537)
4(1856 1896 1897 1857)
4(1858 1898 1538 1498)
4(1898 1897 1537 1538)
4(1857 1897 1898 1858)
4(1859 1899 1539 1499)
4(1899 1898 1538 1539)
4(1858 1898 1899 1859)
4(1860 1900 1540 1500)
4(1900 1899 1539 1540)
4(1859 1899 1900 1860)
4(1861 1901 1541 1501)
4(1901 1900 1540 1541)
4(1860 1900 1901 1861)
4(1862 1902 1542 1502)
4(1902 1901 1541 1542)
4(1861 1901 1902 1862)
4(1863 1903 1543 1503)
4(1903 1902 1542 1543)
4(1862 1902 1903 1863)
4(1864 1904 1544 1504)
4(1904 1903 1543 1544)
4(1863 1903 1904 1864)
4(1865 1905 1545 1505)
4(1905 1904 1544 1545)
4(1864 1904 1905 1865)
4(1866 1906 1546 1506)
4(1906 1905 1545 1546)
4(1865 1905 1906 1866)
4(1867 1907 1547 1507)
4(1907 1906 1546 1547)
4(1866 1906 1907 1867)
4(1868 1908 1548 1508)
4(1908 1907 1547 1548)
4(1867 1907 1908 1868)
4(1869 1909 1549 1509)
4(1909 1908 1548 1549)
4(1868 1908 1909 1869)
4(1870 1910 1550 1510)
4(1910 1909 1549 1550)
4(1869 1909 1910 1870)
4(1871 1911 1551 1511)
4(1911 1910 1550 1551)
4(1870 1910 1911 1871)
4(1872 1912 1552 1512)
4(1912 1911 1551 1552)
4(1871 1911 1912 1872)
4(1873 1913 1553 1513)
4(1913 1912 1552 1553)
4(1872 1912 1913 1873)
4(1874 1914 1554 1514)
4(1914 1913 1553 1554)
4(1873 1913 1914 1874)
4(1875 1915 1555 1515)
4(1915 1914 1554 1555)
4(1874 1914 1915 1875)
4(1876 1916 1556 1516)
4(1916 1915 1555 1556)
4(1875 1915 1916 1876)
4(1877 1917 1557 1517)
4(1917 1916 1556 1557)
4(1876 1916 1917 1877)
4(1878 1918 1558 1518)
4(1918 1917 1557 1558)
4(1877 1917 1918 1878)
4(1919 1918 1558 1559)
4(1878 1918 1919 1879)
4(1881 1921 1561 1521)
4(1921 1920 1560 1561)
4(1880 1920 1921 1881)
4(1882 1922 1562 1522)
4(1922 1921 1561 1562)
4(1881 1921 1922 1882)
4(1883 1923 1563 1523)
4(1923 1922 1562 1563)
4(1882 1922 1923 1883)
4(1884 1924 1564 1524)
4(1924 1923 1563 1564)
4(1883 1923 1924 1884)
4(1885 1925 1565 1525)
4(1925 1924 1564 1565)
4(1884 1924 1925 1885)
4(1886 1926 1566 1526)
4(1926 1925 1565 1566)
4(1885 1925 1926 1886)
4(1887 1927 1567 1527)
4(1927 1926 1566 1567)
4(1886 1926 1927 1887)
4(1888 1928 1568 1528)
4(1928 1927 1567 1568)
4(1887 1927 1928 1888)
4(1889 1929 1569 1529)
4(1929 1928 1568 1569)
4(1888 1928 1929 1889)
4(1890 1930 1570 1530)
4(1930 1929 1569 1570)
4(1889 1929 1930 1890)
4(1891 1931 1571 1531)
4(1931 1930 1570 1571)
4(1890 1930 1931 1891)
4(1892 1932 1572 1532)
4(1932 1931 1571 1572)
4(1891 1931 1932 1892)
4(1893 1933 1573 1533)
4(1933 1932 1572 1573)
4(1892 1932 1933 1893)
4(1894 1934 1574 1534)
4(1934 1933 1573 1574)
4(1893 1933 1934 1894)
4(1895 1935 1575 1535)
4(1935 1934 1574 1575)
4(1894 1934 1935 1895)
4(1896 1936 1576 1536)
4(1936 1935 1575 1576)
4(1895 1935 1936 1896)
4(1897 1937 1577 1537)
4(1937 1936 1576 1577)
4(1896 1936 1937 1897)
4(1898 1938 1578 1538)
4(1938 1937 1577 1578)
4(1897 1937 1938 1898)
4(1899 1939 1579 1539)
4(1939 1938 1578 1579)
4(1898 1938 1939 1899)
4(1900 1940 1580 1540)
4(1940 1939 1579 1580)
4(1899 1939 1940 1900)
4(1901 1941 1581 1541)
4(1941 1940 1580 1581)
4(1900 1940 1941 1901)
4(1902 1942 1582 1542)
4(1942 1941 1581 1582)
4(1901 1941 1942 1902)
4(1903 1943 1583 1543)
4(1943 1942 1582 1583)
4(1902 1942 1943 1903)
4(1904 1944 1584 1544)
4(1944 1943 1583 1584)
4(1903 1943 1944 1904)
4(1905 1945 1585 1545)
4(1945 1944 1584 1585)
4(1904 1944 1945 1905)
4(1906 1946 1586 1546)
4(1946 1945 1585 1586)
4(1905 1945 1946 1906)
4(1907 1947 1587 1547)
4(1947 1946 1586 1587)
4(1906 1946 1947 1907)
4(1908 1948 1588 1548)
4(1948 1947 1587 1588)
4(1907 1947 1948 1908)
4(1909 1949 1589 1549)
4(1949 1948 1588 1589)
4(1908 1948 1949 1909)
4(1910 1950 1590 1550)
4(1950 1949 1589 1590)
4(1909 1949 1950 1910)
4(1911 1951 1591 1551)
4(1951 1950 1590 1591)
4(1910 1950 1951 1911)
4(1912 1952 1592 1552)
4(1952 1951 1591 1592)
4(1911 1951 1952 1912)
4(1913 1953 1593 1553)
4(1953 1952 1592 1593)
4(1912 1952 1953 1913)
4(1914 1954 1594 1554)
4(1954 1953 1593 1594)
4(1913 1953 1954 1914)
4(1915 1955 1595 1555)
4(1955 1954 1594 1595)
4(1914 1954 1955 1915)
4(1916 1956 1596 1556)
4(1956 1955 1595 1596)
4(1915 1955 1956 1916)
4(1917 1957 1597 1557)
4(1957 1956 1596 1597)
4(1916 1956 1957 1917)
4(1918 1958 1598 1558)
4(1958 1957 1597 1598)
4(1917 1957 1958 1918)
4(1959 1958 1598 1599)
4(1918 1958 1959 1919)
4(1921 1961 1601 1561)
4(1961 1960 1600 1601)
4(1920 1960 1961 1921)
4(1922 1962 1602 1562)
4(1962 1961 1601 1602)
4(1921 1961 1962 1922)
4(1923 1963 1603 1563)
4(1963 1962 1602 1603)
4(1922 1962 1963 1923)
4(1924 1964 1604 1564)
4(1964 1963 1603 1604)
4(1923 1963 1964 1924)
4(1925 1965 1605 1565)
4(1965 1964 1604 1605)
4(1924 1964 1965 1925)
4(1926 1966 1606 1566)
4(1966 1965 1605 1606)
4(1925 1965 1966 1926)
4(1927 1967 1607 1567)
4(1967 1966 1606 1607)
4(1926 1966 1967 1927)
4(1928 1968 1608 1568)
4(1968 1967 1607 1608)
4(1927 1967 1968 1928)
4(1929 1969 1609 1569)
4(1969 1968 1608 1609)
4(1928 1968 1969 1929)
4(1930 1970 1610 1570)
4(1970 1969 1609 1610)
4(1929 1969 1970 1930)
4(1931 1971 1611 1571)
4(1971 1970 1610 1611)
4(1930 1970 1971 1931)
4(1932 1972 1612 1572)
4(1972 1971 1611 1612)
4(1931 1971 1972 1932)
4(1933 1973 1613 1573)
4(1973 1972 1612 1613)
4(1932 1972 1973 1933)
4(1934 1974 1614 1574)
4(1974 1973 1613 1614)
4(1933 1973 1974 1934)
4(1935 1975 1615 1575)
4(1975 1974 1614 1615)
4(1934 1974 1975 1935)
4(1936 1976 1616 1576)
4(1976 1975 1615 1616)
4(1935 1975 1976 1936)
4(1937 1977 1617 1577)
4(1977 1976 1616 1617)
4(1936 1976 1977 1937)
4(1938 1978 1618 1578)
4(1978 1977 1617 1618)
4(1937 1977 1978 1938)
4(1939 1979 1619 1579)
4(1979 1978 1618 1619)
4(1938 1978 1979 1939)
4(1940 1980 1620 1580)
4(1980 1979 1619 1620)
4(1939 1979 1980 1940)
4(1941 1981 1621 1581)
4(1981 1980 1620 1621)
4(1940 1980 1981 1941)
4(1942 1982 1622 1582)
4(1982 1981 1621 1622)
4(1941 1981 1982 1942)
4(1943 1983 1623 1583)
4(1983 1982 1622 1623)
4(1942 1982 1983 1943)
4(1944 1984 1624 1584)
4(1984 1983 1623 1624)
4(1943 1983 1984 1944)
4(1945 1985 1625 1585)
4(1985 1984 1624 1625)
4(1944 1984 1985 1945)
4(1946 1986 1626 1586)
4(1986 1985 1625 1626)
4(1945 1985 1986 1946)
4(1947 1987 1627 1587)
4(1987 1986 1626 1627)
4(1946 1986 1987 1947)
4(1948 1988 1628 1588)
4(1988 1987 1627 1628)
4(1947 1987 1988 1948)
4(1949 1989 1629 1589)
4(1989 1988 1628 1629)
4(1948 1988 1989 1949)
4(1950 1990 1630 1590)
4(1990 1989 1629 1630)
4(1949 1989 1990 1950)
4(1951 1991 1631 1591)
4(1991 1990 1630 1631)
4(1950 1990 1991 1951)
4(1952 1992 1632 1592)
4(1992 1991 1631 1632)
4(1951 1991 1992 1952)
4(1953 1993 1633 1593)
4(1993 1992 1632 1633)
4(1952 1992 1993 1953)
4(1954 1994 1634 1594)
4(1994 1993 1633 1634)
4(1953 1993 1994 1954)
4(1955 1995 1635 1595)
4(1995 1994 1634 1635)
4(1954 1994 1995 1955)
4(1956 1996 1636 1596)
4(1996 1995 1635 1636)
4(1955 1995 1996 1956)
4(1957 1997 1637 1597)
4(1997 1996 1636 1637)
4(1956 1996 1997 1957)
4(1958 1998 1638 1598)
4(1998 1997 1637 1638)
4(1957 1997 1998 1958)
4(1999 1998 1638 1639)
4(1958 1998 1999 1959)
4(1961 2001 1641 1601)
4(2001 2000 1640 1641)
4(1960 2000 2001 1961)
4(1962 2002 1642 1602)
4(2002 2001 1641 1642)
4(1961 2001 2002 1962)
4(1963 2003 1643 1603)
4(2003 2002 1642 1643)
4(1962 2002 2003 1963)
4(1964 2004 1644 1604)
4(2004 2003 1643 1644)
4(1963 2003 2004 1964)
4(1965 2005 1645 1605)
4(2005 2004 1644 1645)
4(1964 2004 2005 1965)
4(1966 2006 1646 1606)
4(2006 2005 1645 1646)
4(1965 2005 2006 1966)
4(1967 2007 1647 1607)
4(2007 2006 1646 1647)
4(1966 2006 2007 1967)
4(1968 2008 1648 1608)
4(2008 2007 1647 1648)
4(1967 2007 2008 1968)
4(1969 2009 1649 1609)
4(2009 2008 1648 1649)
4(1968 2008 2009 1969)
4(1970 2010 1650 1610)
4(2010 2009 1649 1650)
4(1969 2009 2010 1970)
4(1971 2011 1651 1611)
4(2011 2010 1650 1651)
4(1970 2010 2011 1971)
4(1972 2012 1652 1612)
4(2012 2011 1651 1652)
4(1971 2011 2012 1972)
4(1973 2013 1653 1613)
4(2013 2012 1652 1653)
4(1972 2012 2013 1973)
4(1974 2014 1654 1614)
4(2014 2013 1653 1654)
4(1973 2013 2014 1974)
4(1975 2015 1655 1615)
4(2015 2014 1654 1655)
4(1974 2014 2015 1975)
4(1976 2016 1656 1616)
4(2016 2015 1655 1656)
4(1975 2015 2016 1976)
4(1977 2017 1657 1617)
4(2017 2016 1656 1657)
4(1976 2016 2017 1977)
4(1978 2018 1658 1618)
4(2018 2017 1657 1658)
4(1977 2017 2018 1978)
4(1979 2019 1659 1619)
4(2019 2018 1658 1659)
4(1978 2018 2019 1979)
4(1980 2020 1660 1620)
4(2020 2019 1659 1660)
4(1979 2019 2020 1980)
4(1981 2021 1661 1621)
4(2021 2020 1660 1661)
4(1980 2020 2021 1981)
4(1982 2022 1662 1622)
4(2022 2021 1661 1662)
4(1981 2021 2022 1982)
4(1983 2023 1663 1623)
4(2023 2022 1662 1663)
4(1982 2022 2023 1983)
4(1984 2024 1664 1624)
4(2024 2023 1663 1664)
4(1983 2023 2024 1984)
4(1985 2025 1665 1625)
4(2025 2024 1664 1665)
4(1984 2024 2025 1985)
4(1986 2026 1666 1626)
4(2026 2025 1665 1666)
4(1985 2025 2026 1986)
4(1987 2027 1667 1627)
4(2027 2026 1666 1667)
4(1986 2026 2027 1987)
4(1988 2028 1668 1628)
4(2028 2027 1667 1668)
4(1987 2027 2028 1988)
4(1989 2029 1669 1629)
4(2029 2028 1668 1669)
4(1988 2028 2029 1989)
4(1990 2030 1670 1630)
4(2030 2029 1669 1670)
4(1989 2029 2030 1990)
4(1991 2031 1671 1631)
4(2031 2030 1670 1671)
4(1990 2030 2031 1991)
4(1992 2032 1672 1632)
4(2032 2031 1671 1672)
4(1991 2031 2032 1992)
4(1993 2033 1673 1633)
4(2033 2032 1672 1673)
4(1992 2032 2033 1993)
4(1994 2034 1674 1634)
4(2034 2033 1673 1674)
4(1993 2033 2034 1994)
4(1995 2035 1675 1635)
4(2035 2034 1674 1675)
4(1994 2034 2035 1995)
4(1996 2036 1676 1636)
4(2036 2035 1675 1676)
4(1995 2035 2036 1996)
4(1997 2037 1677 1637)
4(2037 2036 1676 1677)
4(1996 2036 2037 1997)
4(1998 2038 1678 1638)
4(2038 2037 1677 1678)
4(1997 2037 2038 1998)
4(2039 2038 1678 1679)
4(1998 2038 2039 1999)
4(2001 2041 1681 1641)
4(2041 2040 1680 1681)
4(2000 2040 2041 2001)
4(2002 2042 1682 1642)
4(2042 2041 1681 1682)
4(2001 2041 2042 2002)
4(2003 2043 1683 1643)
4(2043 2042 1682 1683)
4(2002 2042 2043 2003)
4(2004 2044 1684 1644)
4(2044 2043 1683 1684)
4(2003 2043 2044 2004)
4(2005 2045 1685 1645)
4(2045 2044 1684 1685)
4(2004 2044 2045 2005)
4(2006 2046 1686 1646)
4(2046 2045 1685 1686)
4(2005 2045 2046 2006)
4(2007 2047 1687 1647)
4(2047 2046 1686 1687)
4(2006 2046 2047 2007)
4(2008 2048 1688 1648)
4(2048 2047 1687 1688)
4(2007 2047 2048 2008)
4(2009 2049 1689 1649)
4(2049 2048 1688 1689)
4(2008 2048 2049 2009)
4(2010 2050 1690 1650)
4(2050 2049 1689 1690)
4(2009 2049 2050 2010)
4(2011 2051 1691 1651)
4(2051 2050 1690 1691)
4(2010 2050 2051 2011)
4(2012 2052 1692 1652)
4(2052 2051 1691 1692)
4(2011 2051 2052 2012)
4(2013 2053 1693 1653)
4(2053 2052 1692 1693)
4(2012 2052 2053 2013)
4(2014 2054 1694 1654)
4(2054 2053 1693 1694)
4(2013 2053 2054 2014)
4(2015 2055 1695 1655)
4(2055 2054 1694 1695)
4(2014 2054 2055 2015)
4(2016 2056 1696 1656)
4(2056 2055 1695 1696)
4(2015 2055 2056 2016)
4(2017 2057 1697 1657)
4(2057 2056 1696 1697)
4(2016 2056 2057 2017)
4(2018 2058 1698 1658)
4(2058 2057 1697 1698)
4(2017 2057 2058 2018)
4(2019 2059 1699 1659)
4(2059 2058 1698 1699)
4(2018 2058 2059 2019)
4(2020 2060 1700 1660)
4(2060 2059 1699 1700)
4(2019 2059 2060 2020)
4(2021 2061 1701 1661)
4(2061 2060 1700 1701)
4(2020 2060 2061 2021)
4(2022 2062 1702 1662)
4(2062 2061 1701 1702)
4(2021 2061 2062 2022)
4(2023 2063 1703 1663)
4(2063 2062 1702 1703)
4(2022 2062 2063 2023)
4(2024 2064 1704 1664)
4(2064 2063 1703 1704)
4(2023 2063 2064 2024)
4(2025 2065 1705 1665)
4(2065 2064 1704 1705)
4(2024 2064 2065 2025)
4(2026 2066 1706 1666)
4(2066 2065 1705 1706)
4(2025 2065 2066 2026)
4(2027 2067 1707 1667)
4(2067 2066 1706 1707)
4(2026 2066 2067 2027)
4(2028 2068 1708 1668)
4(2068 2067 1707 1708)
4(2027 2067 2068 2028)
4(2029 2069 1709 1669)
4(2069 2068 1708 1709)
4(2028 2068 2069 2029)
4(2030 2070 1710 1670)
4(2070 2069 1709 1710)
4(2029 2069 2070 2030)
4(2031 2071 1711 1671)
4(2071 2070 1710 1711)
4(2030 2070 2071 2031)
4(2032 2072 1712 1672)
4(2072 2071 1711 1712)
4(2031 2071 2072 2032)
4(2033 2073 1713 1673)
4(2073 2072 1712 1713)
4(2032 2072 2073 2033)
4(2034 2074 1714 1674)
4(2074 2073 1713 1714)
4(2033 2073 2074 2034)
4(2035 2075 1715 1675)
4(2075 2074 1714 1715)
4(2034 2074 2075 2035)
4(2036 2076 1716 1676)
4(2076 2075 1715 1716)
4(2035 2075 2076 2036)
4(2037 2077 1717 1677)
4(2077 2076 1716 1717)
4(2036 2076 2077 2037)
4(2038 2078 1718 1678)
4(2078 2077 1717 1718)
4(2037 2077 2078 2038)
4(2079 2078 1718 1719)
4(2038 2078 2079 2039)
4(2041 2081 1721 1681)
4(2081 2080 1720 1721)
4(2040 2080 2081 2041)
4(2042 2082 1722 1682)
4(2082 2081 1721 1722)
4(2041 2081 2082 2042)
4(2043 2083 1723 1683)
4(2083 2082 1722 1723)
4(2042 2082 2083 2043)
4(2044 2084 1724 1684)
4(2084 2083 1723 1724)
4(2043 2083 2084 2044)
4(2045 2085 1725 1685)
4(2085 2084 1724 1725)
4(2044 2084 2085 2045)
4(2046 2086 1726 1686)
4(2086 2085 1725 1726)
4(2045 2085 2086 2046)
4(2047 2087 1727 1687)
4(2087 2086 1726 1727)
4(2046 2086 2087 2047)
4(2048 2088 1728 1688)
4(2088 2087 1727 1728)
4(2047 2087 2088 2048)
4(2049 2089 1729 1689)
4(2089 2088 1728 1729)
4(2048 2088 2089 2049)
4(2050 2090 1730 1690)
4(2090 2089 1729 1730)
4(2049 2089 2090 2050)
4(2051 2091 1731 1691)
4(2091 2090 1730 1731)
4(2050 2090 2091 2051)
4(2052 2092 1732 1692)
4(2092 2091 1731 1732)
4(2051 2091 2092 2052)
4(2053 2093 1733 1693)
4(2093 2092 1732 1733)
4(2052 2092 2093 2053)
4(2054 2094 1734 1694)
4(2094 2093 1733 1734)
4(2053 2093 2094 2054)
4(2055 2095 1735 1695)
4(2095 2094 1734 1735)
4(2054 2094 2095 2055)
4(2056 2096 1736 1696)
4(2096 2095 1735 1736)
4(2055 2095 2096 2056)
4(2057 2097 1737 1697)
4(2097 2096 1736 1737)
4(2056 2096 2097 2057)
4(2058 2098 1738 1698)
4(2098 2097 1737 1738)
4(2057 2097 2098 2058)
4(2059 2099 1739 1699)
4(2099 2098 1738 1739)
4(2058 2098 2099 2059)
4(2060 2100 1740 1700)
4(2100 2099 1739 1740)
4(2059 2099 2100 2060)
4(2061 2101 1741 1701)
4(2101 2100 1740 1741)
4(2060 2100 2101 2061)
4(2062 2102 1742 1702)
4(2102 2101 1741 1742)
4(2061 2101 2102 2062)
4(2063 2103 1743 1703)
4(2103 2102 1742 1743)
4(2062 2102 2103 2063)
4(2064 2104 1744 1704)
4(2104 2103 1743 1744)
4(2063 2103 2104 2064)
4(2065 2105 1745 1705)
4(2105 2104 1744 1745)
4(2064 2104 2105 2065)
4(2066 2106 1746 1706)
4(2106 2105 1745 1746)
4(2065 2105 2106 2066)
4(2067 2107 1747 1707)
4(2107 2106 1746 1747)
4(2066 2106 2107 2067)
4(2068 2108 1748 1708)
4(2108 2107 1747 1748)
4(2067 2107 2108 2068)
4(2069 2109 1749 1709)
4(2109 2108 1748 1749)
4(2068 2108 2109 2069)
4(2070 2110 1750 1710)
4(2110 2109 1749 1750)
4(2069 2109 2110 2070)
4(2071 2111 1751 1711)
4(2111 2110 1750 1751)
4(2070 2110 2111 2071)
4(2072 2112 1752 1712)
4(2112 2111 1751 1752)
4(2071 2111 2112 2072)
4(2073 2113 1753 1713)
4(2113 2112 1752 1753)
4(2072 2112 2113 2073)
4(2074 2114 1754 1714)
4(2114 2113 1753 1754)
4(2073 2113 2114 2074)
4(2075 2115 1755 1715)
4(2115 2114 1754 1755)
4(2074 2114 2115 2075)
4(2076 2116 1756 1716)
4(2116 2115 1755 1756)
4(2075 2115 2116 2076)
4(2077 2117 1757 1717)
4(2117 2116 1756 1757)
4(2076 2116 2117 2077)
4(2078 2118 1758 1718)
4(2118 2117 1757 1758)
4(2077 2117 2118 2078)
4(2119 2118 1758 1759)
4(2078 2118 2119 2079)
4(2081 2121 1761 1721)
4(2080 2120 2121 2081)
4(2121 2120 1760 1761)
4(2082 2122 1762 1722)
4(2081 2121 2122 2082)
4(2122 2121 1761 1762)
4(2083 2123 1763 1723)
4(2082 2122 2123 2083)
4(2123 2122 1762 1763)
4(2084 2124 1764 1724)
4(2083 2123 2124 2084)
4(2124 2123 1763 1764)
4(2085 2125 1765 1725)
4(2084 2124 2125 2085)
4(2125 2124 1764 1765)
4(2086 2126 1766 1726)
4(2085 2125 2126 2086)
4(2126 2125 1765 1766)
4(2087 2127 1767 1727)
4(2086 2126 2127 2087)
4(2127 2126 1766 1767)
4(2088 2128 1768 1728)
4(2087 2127 2128 2088)
4(2128 2127 1767 1768)
4(2089 2129 1769 1729)
4(2088 2128 2129 2089)
4(2129 2128 1768 1769)
4(2090 2130 1770 1730)
4(2089 2129 2130 2090)
4(2130 2129 1769 1770)
4(2091 2131 1771 1731)
4(2090 2130 2131 2091)
4(2131 2130 1770 1771)
4(2092 2132 1772 1732)
4(2091 2131 2132 2092)
4(2132 2131 1771 1772)
4(2093 2133 1773 1733)
4(2092 2132 2133 2093)
4(2133 2132 1772 1773)
4(2094 2134 1774 1734)
4(2093 2133 2134 2094)
4(2134 2133 1773 1774)
4(2095 2135 1775 1735)
4(2094 2134 2135 2095)
4(2135 2134 1774 1775)
4(2096 2136 1776 1736)
4(2095 2135 2136 2096)
4(2136 2135 1775 1776)
4(2097 2137 1777 1737)
4(2096 2136 2137 2097)
4(2137 2136 1776 1777)
4(2098 2138 1778 1738)
4(2097 2137 2138 2098)
4(2138 2137 1777 1778)
4(2099 2139 1779 1739)
4(2098 2138 2139 2099)
4(2139 2138 1778 1779)
4(2100 2140 1780 1740)
4(2099 2139 2140 2100)
4(2140 2139 1779 1780)
4(2101 2141 1781 1741)
4(2100 2140 2141 2101)
4(2141 2140 1780 1781)
4(2102 2142 1782 1742)
4(2101 2141 2142 2102)
4(2142 2141 1781 1782)
4(2103 2143 1783 1743)
4(2102 2142 2143 2103)
4(2143 2142 1782 1783)
4(2104 2144 1784 1744)
4(2103 2143 2144 2104)
4(2144 2143 1783 1784)
4(2105 2145 1785 1745)
4(2104 2144 2145 2105)
4(2145 2144 1784 1785)
4(2106 2146 1786 1746)
4(2105 2145 2146 2106)
4(2146 2145 1785 1786)
4(2107 2147 1787 1747)
4(2106 2146 2147 2107)
4(2147 2146 1786 1787)
4(2108 2148 1788 1748)
4(2107 2147 2148 2108)
4(2148 2147 1787 1788)
4(2109 2149 1789 1749)
4(2108 2148 2149 2109)
4(2149 2148 1788 1789)
4(2110 2150 1790 1750)
4(2109 2149 2150 2110)
4(2150 2149 1789 1790)
4(2111 2151 1791 1751)
4(2110 2150 2151 2111)
4(2151 2150 1790 1791)
4(2112 2152 1792 1752)
4(2111 2151 2152 2112)
4(2152 2151 1791 1792)
4(2113 2153 1793 1753)
4(2112 2152 2153 2113)
4(2153 2152 1792 1793)
4(2114 2154 1794 1754)
4(2113 2153 2154 2114)
4(2154 2153 1793 1794)
4(2115 2155 1795 1755)
4(2114 2154 2155 2115)
4(2155 2154 1794 1795)
4(2116 2156 1796 1756)
4(2115 2155 2156 2116)
4(2156 2155 1795 1796)
4(2117 2157 1797 1757)
4(2116 2156 2157 2117)
4(2157 2156 1796 1797)
4(2118 2158 1798 1758)
4(2117 2157 2158 2118)
4(2158 2157 1797 1798)
4(2118 2158 2159 2119)
4(2159 2158 1798 1799)
4(2161 2201 1841 1801)
4(2201 2200 1840 1841)
4(2160 2200 2201 2161)
4(1800 2160 2161 1801)
4(2162 2202 1842 1802)
4(2202 2201 1841 1842)
4(2161 2201 2202 2162)
4(1801 2161 2162 1802)
4(2163 2203 1843 1803)
4(2203 2202 1842 1843)
4(2162 2202 2203 2163)
4(1802 2162 2163 1803)
4(2164 2204 1844 1804)
4(2204 2203 1843 1844)
4(2163 2203 2204 2164)
4(1803 2163 2164 1804)
4(2165 2205 1845 1805)
4(2205 2204 1844 1845)
4(2164 2204 2205 2165)
4(1804 2164 2165 1805)
4(2166 2206 1846 1806)
4(2206 2205 1845 1846)
4(2165 2205 2206 2166)
4(1805 2165 2166 1806)
4(2167 2207 1847 1807)
4(2207 2206 1846 1847)
4(2166 2206 2207 2167)
4(1806 2166 2167 1807)
4(2168 2208 1848 1808)
4(2208 2207 1847 1848)
4(2167 2207 2208 2168)
4(1807 2167 2168 1808)
4(2169 2209 1849 1809)
4(2209 2208 1848 1849)
4(2168 2208 2209 2169)
4(1808 2168 2169 1809)
4(2170 2210 1850 1810)
4(2210 2209 1849 1850)
4(2169 2209 2210 2170)
4(1809 2169 2170 1810)
4(2171 2211 1851 1811)
4(2211 2210 1850 1851)
4(2170 2210 2211 2171)
4(1810 2170 2171 1811)
4(2172 2212 1852 1812)
4(2212 2211 1851 1852)
4(2171 2211 2212 2172)
4(1811 2171 2172 1812)
4(2173 2213 1853 1813)
4(2213 2212 1852 1853)
4(2172 2212 2213 2173)
4(1812 2172 2173 1813)
4(2174 2214 1854 1814)
4(2214 2213 1853 1854)
4(2173 2213 2214 2174)
4(1813 2173 2174 1814)
4(2175 2215 1855 1815)
4(2215 2214 1854 1855)
4(2174 2214 2215 2175)
4(1814 2174 2175 1815)
4(2176 2216 1856 1816)
4(2216 2215 1855 1856)
4(2175 2215 2216 2176)
4(1815 2175 2176 1816)
4(2177 2217 1857 1817)
4(2217 2216 1856 1857)
4(2176 2216 2217 2177)
4(1816 2176 2177 1817)
4(2178 2218 1858 1818)
4(2218 2217 1857 1858)
4(2177 2217 2218 2178)
4(1817 2177 2178 1818)
4(2179 2219 1859 1819)
4(2219 2218 1858 1859)
4(2178 2218 2219 2179)
4(1818 2178 2179 1819)
4(2180 2220 1860 1820)
4(2220 2219 1859 1860)
4(2179 2219 2220 2180)
4(1819 2179 2180 1820)
4(2181 2221 1861 1821)
4(2221 2220 1860 1861)
4(2180 2220 2221 2181)
4(1820 2180 2181 1821)
4(2182 2222 1862 1822)
4(2222 2221 1861 1862)
4(2181 2221 2222 2182)
4(1821 2181 2182 1822)
4(2183 2223 1863 1823)
4(2223 2222 1862 1863)
4(2182 2222 2223 2183)
4(1822 2182 2183 1823)
4(2184 2224 1864 1824)
4(2224 2223 1863 1864)
4(2183 2223 2224 2184)
4(1823 2183 2184 1824)
4(2185 2225 1865 1825)
4(2225 2224 1864 1865)
4(2184 2224 2225 2185)
4(1824 2184 2185 1825)
4(2186 2226 1866 1826)
4(2226 2225 1865 1866)
4(2185 2225 2226 2186)
4(1825 2185 2186 1826)
4(2187 2227 1867 1827)
4(2227 2226 1866 1867)
4(2186 2226 2227 2187)
4(1826 2186 2187 1827)
4(2188 2228 1868 1828)
4(2228 2227 1867 1868)
4(2187 2227 2228 2188)
4(1827 2187 2188 1828)
4(2189 2229 1869 1829)
4(2229 2228 1868 1869)
4(2188 2228 2229 2189)
4(1828 2188 2189 1829)
4(2190 2230 1870 1830)
4(2230 2229 1869 1870)
4(2189 2229 2230 2190)
4(1829 2189 2190 1830)
4(2191 2231 1871 1831)
4(2231 2230 1870 1871)
4(2190 2230 2231 2191)
4(1830 2190 2191 1831)
4(2192 2232 1872 1832)
4(2232 2231 1871 1872)
4(2191 2231 2232 2192)
4(1831 2191 2192 1832)
4(2193 2233 1873 1833)
4(2233 2232 1872 1873)
4(2192 2232 2233 2193)
4(1832 2192 2193 1833)
4(2194 2234 1874 1834)
4(2234 2233 1873 1874)
4(2193 2233 2234 2194)
4(1833 2193 2194 1834)
4(2195 2235 1875 1835)
4(2235 2234 1874 1875)
4(2194 2234 2235 2195)
4(1834 2194 2195 1835)
4(2196 2236 1876 1836)
4(2236 2235 1875 1876)
4(2195 2235 2236 2196)
4(1835 2195 2196 1836)
4(2197 2237 1877 1837)
4(2237 2236 1876 1877)
4(2196 2236 2237 2197)
4(1836 2196 2197 1837)
4(2198 2238 1878 1838)
4(2238 2237 1877 1878)
4(2197 2237 2238 2198)
4(1837 2197 2198 1838)
4(2239 2238 1878 1879)
4(2198 2238 2239 2199)
4(1838 2198 2199 1839)
4(2201 2241 1881 1841)
4(2241 2240 1880 1881)
4(2200 2240 2241 2201)
4(2202 2242 1882 1842)
4(2242 2241 1881 1882)
4(2201 2241 2242 2202)
4(2203 2243 1883 1843)
4(2243 2242 1882 1883)
4(2202 2242 2243 2203)
4(2204 2244 1884 1844)
4(2244 2243 1883 1884)
4(2203 2243 2244 2204)
4(2205 2245 1885 1845)
4(2245 2244 1884 1885)
4(2204 2244 2245 2205)
4(2206 2246 1886 1846)
4(2246 2245 1885 1886)
4(2205 2245 2246 2206)
4(2207 2247 1887 1847)
4(2247 2246 1886 1887)
4(2206 2246 2247 2207)
4(2208 2248 1888 1848)
4(2248 2247 1887 1888)
4(2207 2247 2248 2208)
4(2209 2249 1889 1849)
4(2249 2248 1888 1889)
4(2208 2248 2249 2209)
4(2210 2250 1890 1850)
4(2250 2249 1889 1890)
4(2209 2249 2250 2210)
4(2211 2251 1891 1851)
4(2251 2250 1890 1891)
4(2210 2250 2251 2211)
4(2212 2252 1892 1852)
4(2252 2251 1891 1892)
4(2211 2251 2252 2212)
4(2213 2253 1893 1853)
4(2253 2252 1892 1893)
4(2212 2252 2253 2213)
4(2214 2254 1894 1854)
4(2254 2253 1893 1894)
4(2213 2253 2254 2214)
4(2215 2255 1895 1855)
4(2255 2254 1894 1895)
4(2214 2254 2255 2215)
4(2216 2256 1896 1856)
4(2256 2255 1895 1896)
4(2215 2255 2256 2216)
4(2217 2257 1897 1857)
4(2257 2256 1896 1897)
4(2216 2256 2257 2217)
4(2218 2258 1898 1858)
4(2258 2257 1897 1898)
4(2217 2257 2258 2218)
4(2219 2259 1899 1859)
4(2259 2258 1898 1899)
4(2218 2258 2259 2219)
4(2220 2260 1900 1860)
4(2260 2259 1899 1900)
4(2219 2259 2260 2220)
4(2221 2261 1901 1861)
4(2261 2260 1900 1901)
4(2220 2260 2261 2221)
4(2222 2262 1902 1862)
4(2262 2261 1901 1902)
4(2221 2261 2262 2222)
4(2223 2263 1903 1863)
4(2263 2262 1902 1903)
4(2222 2262 2263 2223)
4(2224 2264 1904 1864)
4(2264 2263 1903 1904)
4(2223 2263 2264 2224)
4(2225 2265 1905 1865)
4(2265 2264 1904 1905)
4(2224 2264 2265 2225)
4(2226 2266 1906 1866)
4(2266 2265 1905 1906)
4(2225 2265 2266 2226)
4(2227 2267 1907 1867)
4(2267 2266 1906 1907)
4(2226 2266 2267 2227)
4(2228 2268 1908 1868)
4(2268 2267 1907 1908)
4(2227 2267 2268 2228)
4(2229 2269 1909 1869)
4(2269 2268 1908 1909)
4(2228 2268 2269 2229)
4(2230 2270 1910 1870)
4(2270 2269 1909 1910)
4(2229 2269 2270 2230)
4(2231 2271 1911 1871)
4(2271 2270 1910 1911)
4(2230 2270 2271 2231)
4(2232 2272 1912 1872)
4(2272 2271 1911 1912)
4(2231 2271 2272 2232)
4(2233 2273 1913 1873)
4(2273 2272 1912 1913)
4(2232 2272 2273 2233)
4(2234 2274 1914 1874)
4(2274 2273 1913 1914)
4(2233 2273 2274 2234)
4(2235 2275 1915 1875)
4(2275 2274 1914 1915)
4(2234 2274 2275 2235)
4(2236 2276 1916 1876)
4(2276 2275 1915 1916)
4(2235 2275 2276 2236)
4(2237 2277 1917 1877)
4(2277 2276 1916 1917)
4(2236 2276 2277 2237)
4(2238 2278 1918 1878)
4(2278 2277 1917 1918)
4(2237 2277 2278 2238)
4(2279 2278 1918 1919)
4(2238 2278 2279 2239)
4(2241 2281 1921 1881)
4(2281 2280 1920 1921)
4(2240 2280 2281 2241)
4(2242 2282 1922 1882)
4(2282 2281 1921 1922)
4(2241 2281 2282 2242)
4(2243 2283 1923 1883)
4(2283 2282 1922 1923)
4(2242 2282 2283 2243)
4(2244 2284 1924 1884)
4(2284 2283 1923 1924)
4(2243 2283 2284 2244)
4(2245 2285 1925 1885)
4(2285 2284 1924 1925)
4(2244 2284 2285 2245)
4(2246 2286 1926 1886)
4(2286 2285 1925 1926)
4(2245 2285 2286 2246)
4(2247 2287 1927 1887)
4(2287 2286 1926 1927)
4(2246 2286 2287 2247)
4(2248 2288 1928 1888)
4(2288 2287 1927 1928)
4(2247 2287 2288 2248)
4(2249 2289 1929 1889)
4(2289 2288 1928 1929)
4(2248 2288 2289 2249)
4(2250 2290 1930 1890)
4(2290 2289 1929 1930)
4(2249 2289 2290 2250)
4(2251 2291 1931 1891)
4(2291 2290 1930 1931)
4(2250 2290 2291 2251)
4(2252 2292 1932 1892)
4(2292 2291 1931 1932)
4(2251 2291 2292 2252)
4(2253 2293 1933 1893)
4(2293 2292 1932 1933)
4(2252 2292 2293 2253)
4(2254 2294 1934 1894)
4(2294 2293 1933 1934)
4(2253 2293 2294 2254)
4(2255 2295 1935 1895)
4(2295 2294 1934 1935)
4(2254 2294 2295 2255)
4(2256 2296 1936 1896)
4(2296 2295 1935 1936)
4(2255 2295 2296 2256)
4(2257 2297 1937 1897)
4(2297 2296 1936 1937)
4(2256 2296 2297 2257)
4(2258 2298 1938 1898)
4(2298 2297 1937 1938)
4(2257 2297 2298 2258)
4(2259 2299 1939 1899)
4(2299 2298 1938 1939)
4(2258 2298 2299 2259)
4(2260 2300 1940 1900)
4(2300 2299 1939 1940)
4(2259 2299 2300 2260)
4(2261 2301 1941 1901)
4(2301 2300 1940 1941)
4(2260 2300 2301 2261)
4(2262 2302 1942 1902)
4(2302 2301 1941 1942)
4(2261 2301 2302 2262)
4(2263 2303 1943 1903)
4(2303 2302 1942 1943)
4(2262 2302 2303 2263)
4(2264 2304 1944 1904)
4(2304 2303 1943 1944)
4(2263 2303 2304 2264)
4(2265 2305 1945 1905)
4(2305 2304 1944 1945)
4(2264 2304 2305 2265)
4(2266 2306 1946 1906)
4(2306 2305 1945 1946)
4(2265 2305 2306 2266)
4(2267 2307 1947 1907)
4(2307 2306 1946 1947)
4(2266 2306 2307 2267)
4(2268 2308 1948 1908)
4(2308 2307 1947 1948)
4(2267 2307 2308 2268)
4(2269 2309 1949 1909)
4(2309 2308 1948 1949)
4(2268 2308 2309 2269)
4(2270 2310 1950 1910)
4(2310 2309 1949 1950)
4(2269 2309 2310 2270)
4(2271 2311 1951 1911)
4(2311 2310 1950 1951)
4(2270 2310 2311 2271)
4(2272 2312 1952 1912)
4(2312 2311 1951 1952)
4(2271 2311 2312 2272)
4(2273 2313 1953 1913)
4(2313 2312 1952 1953)
4(2272 2312 2313 2273)
4(2274 2314 1954 1914)
4(2314 2313 1953 1954)
4(2273 2313 2314 2274)
4(2275 2315 1955 1915)
4(2315 2314 1954 1955)
4(2274 2314 2315 2275)
4(2276 2316 1956 1916)
4(2316 2315 1955 1956)
4(2275 2315 2316 2276)
4(2277 2317 1957 1917)
4(2317 2316 1956 1957)
4(2276 2316 2317 2277)
4(2278 2318 1958 1918)
4(2318 2317 1957 1958)
4(2277 2317 2318 2278)
4(2319 2318 1958 1959)
4(2278 2318 2319 2279)
4(2281 2321 1961 1921)
4(2321 2320 1960 1961)
4(2280 2320 2321 2281)
4(2282 2322 1962 1922)
4(2322 2321 1961 1962)
4(2281 2321 2322 2282)
4(2283 2323 1963 1923)
4(2323 2322 1962 1963)
4(2282 2322 2323 2283)
4(2284 2324 1964 1924)
4(2324 2323 1963 1964)
4(2283 2323 2324 2284)
4(2285 2325 1965 1925)
4(2325 2324 1964 1965)
4(2284 2324 2325 2285)
4(2286 2326 1966 1926)
4(2326 2325 1965 1966)
4(2285 2325 2326 2286)
4(2287 2327 1967 1927)
4(2327 2326 1966 1967)
4(2286 2326 2327 2287)
4(2288 2328 1968 1928)
4(2328 2327 1967 1968)
4(2287 2327 2328 2288)
4(2289 2329 1969 1929)
4(2329 2328 1968 1969)
4(2288 2328 2329 2289)
4(2290 2330 1970 1930)
4(2330 2329 1969 1970)
4(2289 2329 2330 2290)
4(2291 2331 1971 1931)
4(2331 2330 1970 1971)
4(2290 2330 2331 2291)
4(2292 2332 1972 1932)
4(2332 2331 1971 1972)
4(2291 2331 2332 2292)
4(2293 2333 1973 1933)
4(2333 2332 1972 1973)
4(2292 2332 2333 2293)
4(2294 2334 1974 1934)
4(2334 2333 1973 1974)
4(2293 2333 2334 2294)
4(2295 2335 1975 1935)
4(2335 2334 1974 1975)
4(2294 2334 2335 2295)
4(2296 2336 1976 1936)
4(2336 2335 1975 1976)
4(2295 2335 2336 2296)
4(2297 2337 1977 1937)
4(2337 2336 1976 1977)
4(2296 2336 2337 2297)
4(2298 2338 1978 1938)
4(2338 2337 1977 1978)
4(2297 2337 2338 2298)
4(2299 2339 1979 1939)
4(2339 2338 1978 1979)
4(2298 2338 2339 2299)
4(2300 2340 1980 1940)
4(2340 2339 1979 1980)
4(2299 2339 2340 2300)
4(2301 2341 1981 1941)
4(2341 2340 1980 1981)
4(2300 2340 2341 2301)
4(2302 2342 1982 1942)
4(2342 2341 1981 1982)
4(2301 2341 2342 2302)
4(2303 2343 1983 1943)
4(2343 2342 1982 1983)
4(2302 2342 2343 2303)
4(2304 2344 1984 1944)
4(2344 2343 1983 1984)
4(2303 2343 2344 2304)
4(2305 2345 1985 1945)
4(2345 2344 1984 1985)
4(2304 2344 2345 2305)
4(2306 2346 1986 1946)
4(2346 2345 1985 1986)
4(2305 2345 2346 2306)
4(2307 2347 1987 1947)
4(2347 2346 1986 1987)
4(2306 2346 2347 2307)
4(2308 2348 1988 1948)
4(2348 2347 1987 1988)
4(2307 2347 2348 2308)
4(2309 2349 1989 1949)
4(2349 2348 1988 1989)
4(2308 2348 2349 2309)
4(2310 2350 1990 1950)
4(2350 2349 1989 1990)
4(2309 2349 2350 2310)
4(2311 2351 1991 1951)
4(2351 2350 1990 1991)
4(2310 2350 2351 2311)
4(2312 2352 1992 1952)
4(2352 2351 1991 1992)
4(2311 2351 2352 2312)
4(2313 2353 1993 1953)
4(2353 2352 1992 1993)
4(2312 2352 2353 2313)
4(2314 2354 1994 1954)
4(2354 2353 1993 1994)
4(2313 2353 2354 2314)
4(2315 2355 1995 1955)
4(2355 2354 1994 1995)
4(2314 2354 2355 2315)
4(2316 2356 1996 1956)
4(2356 2355 1995 1996)
4(2315 2355 2356 2316)
4(2317 2357 1997 1957)
4(2357 2356 1996 1997)
4(2316 2356 2357 2317)
4(2318 2358 1998 1958)
4(2358 2357 1997 1998)
4(2317 2357 2358 2318)
4(2359 2358 1998 1999)
4(2318 2358 2359 2319)
4(2321 2361 2001 1961)
4(2361 2360 2000 2001)
4(2320 2360 2361 2321)
4(2322 2362 2002 1962)
4(2362 2361 2001 2002)
4(2321 2361 2362 2322)
4(2323 2363 2003 1963)
4(2363 2362 2002 2003)
4(2322 2362 2363 2323)
4(2324 2364 2004 1964)
4(2364 2363 2003 2004)
4(2323 2363 2364 2324)
4(2325 2365 2005 1965)
4(2365 2364 2004 2005)
4(2324 2364 2365 2325)
4(2326 2366 2006 1966)
4(2366 2365 2005 2006)
4(2325 2365 2366 2326)
4(2327 2367 2007 1967)
4(2367 2366 2006 2007)
4(2326 2366 2367 2327)
4(2328 2368 2008 1968)
4(2368 2367 2007 2008)
4(2327 2367 2368 2328)
4(2329 2369 2009 1969)
4(2369 2368 2008 2009)
4(2328 2368 2369 2329)
4(2330 2370 2010 1970)
4(2370 2369 2009 2010)
4(2329 2369 2370 2330)
4(2331 2371 2011 1971)
4(2371 2370 2010 2011)
4(2330 2370 2371 2331)
4(2332 2372 2012 1972)
4(2372 2371 2011 2012)
4(2331 2371 2372 2332)
4(2333 2373 2013 1973)
4(2373 2372 2012 2013)
4(2332 2372 2373 2333)
4(2334 2374 2014 1974)
4(2374 2373 2013 2014)
4(2333 2373 2374 2334)
4(2335 2375 2015 1975)
4(2375 2374 2014 2015)
4(2334 2374 2375 2335)
4(2336 2376 2016 1976)
4(2376 2375 2015 2016)
4(2335 2375 2376 2336)
4(2337 2377 2017 1977)
4(2377 2376 2016 2017)
4(2336 2376 2377 2337)
4(2338 2378 2018 1978)
4(2378 2377 2017 2018)
4(2337 2377 2378 2338)
4(2339 2379 2019 1979)
4(2379 2378 2018 2019)
4(2338 2378 2379 2339)
4(2340 2380 2020 1980)
4(2380 2379 2019 2020)
4(2339 2379 2380 2340)
4(2341 2381 2021 1981)
4(2381 2380 2020 2021)
4(2340 2380 2381 2341)
4(2342 2382 2022 1982)
4(2382 2381 2021 2022)
4(2341 2381 2382 2342)
4(2343 2383 2023 1983)
4(2383 2382 2022 2023)
4(2342 2382 2383 2343)
4(2344 2384 2024 1984)
4(2384 2383 2023 2024)
4(2343 2383 2384 2344)
4(2345 2385 2025 1985)
4(2385 2384 2024 2025)
4(2344 2384 2385 2345)
4(2346 2386 2026 1986)
4(2386 2385 2025 2026)
4(2345 2385 2386 2346)
4(2347 2387 2027 1987)
4(2387 2386 2026 2027)
4(2346 2386 2387 2347)
4(2348 2388 2028 1988)
4(2388 2387 2027 2028)
4(2347 2387 2388 2348)
4(2349 2389 2029 1989)
4(2389 2388 2028 2029)
4(2348 2388 2389 2349)
4(2350 2390 2030 1990)
4(2390 2389 2029 2030)
4(2349 2389 2390 2350)
4(2351 2391 2031 1991)
4(2391 2390 2030 2031)
4(2350 2390 2391 2351)
4(2352 2392 2032 1992)
4(2392 2391 2031 2032)
4(2351 2391 2392 2352)
4(2353 2393 2033 1993)
4(2393 2392 2032 2033)
4(2352 2392 2393 2353)
4(2354 2394 2034 1994)
4(2394 2393 2033 2034)
4(2353 2393 2394 2354)
4(2355 2395 2035 1995)
4(2395 2394 2034 2035)
4(2354 2394 2395 2355)
4(2356 2396 2036 1996)
4(2396 2395 2035 2036)
4(2355 2395 2396 2356)
4(2357 2397 2037 1997)
4(2397 2396 2036 2037)
4(2356 2396 2397 2357)
4(2358 2398 2038 1998)
4(2398 2397 2037 2038)
4(2357 2397 2398 2358)
4(2399 2398 2038 2039)
4(2358 2398 2399 2359)
4(2361 2401 2041 2001)
4(2401 2400 2040 2041)
4(2360 2400 2401 2361)
4(2362 2402 2042 2002)
4(2402 2401 2041 2042)
4(2361 2401 2402 2362)
4(2363 2403 2043 2003)
4(2403 2402 2042 2043)
4(2362 2402 2403 2363)
4(2364 2404 2044 2004)
4(2404 2403 2043 2044)
4(2363 2403 2404 2364)
4(2365 2405 2045 2005)
4(2405 2404 2044 2045)
4(2364 2404 2405 2365)
4(2366 2406 2046 2006)
4(2406 2405 2045 2046)
4(2365 2405 2406 2366)
4(2367 2407 2047 2007)
4(2407 2406 2046 2047)
4(2366 2406 2407 2367)
4(2368 2408 2048 2008)
4(2408 2407 2047 2048)
4(2367 2407 2408 2368)
4(2369 2409 2049 2009)
4(2409 2408 2048 2049)
4(2368 2408 2409 2369)
4(2370 2410 2050 2010)
4(2410 2409 2049 2050)
4(2369 2409 2410 2370)
4(2371 2411 2051 2011)
4(2411 2410 2050 2051)
4(2370 2410 2411 2371)
4(2372 2412 2052 2012)
4(2412 2411 2051 2052)
4(2371 2411 2412 2372)
4(2373 2413 2053 2013)
4(2413 2412 2052 2053)
4(2372 2412 2413 2373)
4(2374 2414 2054 2014)
4(2414 2413 2053 2054)
4(2373 2413 2414 2374)
4(2375 2415 2055 2015)
4(2415 2414 2054 2055)
4(2374 2414 2415 2375)
4(2376 2416 2056 2016)
4(2416 2415 2055 2056)
4(2375 2415 2416 2376)
4(2377 2417 2057 2017)
4(2417 2416 2056 2057)
4(2376 2416 2417 2377)
4(2378 2418 2058 2018)
4(2418 2417 2057 2058)
4(2377 2417 2418 2378)
4(2379 2419 2059 2019)
4(2419 2418 2058 2059)
4(2378 2418 2419 2379)
4(2380 2420 2060 2020)
4(2420 2419 2059 2060)
4(2379 2419 2420 2380)
4(2381 2421 2061 2021)
4(2421 2420 2060 2061)
4(2380 2420 2421 2381)
4(2382 2422 2062 2022)
4(2422 2421 2061 2062)
4(2381 2421 2422 2382)
4(2383 2423 2063 2023)
4(2423 2422 2062 2063)
4(2382 2422 2423 2383)
4(2384 2424 2064 2024)
4(2424 2423 2063 2064)
4(2383 2423 2424 2384)
4(2385 2425 2065 2025)
4(2425 2424 2064 2065)
4(2384 2424 2425 2385)
4(2386 2426 2066 2026)
4(2426 2425 2065 2066)
4(2385 2425 2426 2386)
4(2387 2427 2067 2027)
4(2427 2426 2066 2067)
4(2386 2426 2427 2387)
4(2388 2428 2068 2028)
4(2428 2427 2067 2068)
4(2387 2427 2428 2388)
4(2389 2429 2069 2029)
4(2429 2428 2068 2069)
4(2388 2428 2429 2389)
4(2390 2430 2070 2030)
4(2430 2429 2069 2070)
4(2389 2429 2430 2390)
4(2391 2431 2071 2031)
4(2431 2430 2070 2071)
4(2390 2430 2431 2391)
4(2392 2432 2072 2032)
4(2432 2431 2071 2072)
4(2391 2431 2432 2392)
4(2393 2433 2073 2033)
4(2433 2432 2072 2073)
4(2392 2432 2433 2393)
4(2394 2434 2074 2034)
4(2434 2433 2073 2074)
4(2393 2433 2434 2394)
4(2395 2435 2075 2035)
4(2435 2434 2074 2075)
4(2394 2434 2435 2395)
4(2396 2436 2076 2036)
4(2436 2435 2075 2076)
4(2395 2435 2436 2396)
4(2397 2437 2077 2037)
4(2437 2436 2076 2077)
4(2396 2436 2437 2397)
4(2398 2438 2078 2038)
4(2438 2437 2077 2078)
4(2397 2437 2438 2398)
4(2439 2438 2078 2079)
4(2398 2438 2439 2399)
4(2401 2441 2081 2041)
4(2441 2440 2080 2081)
4(2400 2440 2441 2401)
4(2402 2442 2082 2042)
4(2442 2441 2081 2082)
4(2401 2441 2442 2402)
4(2403 2443 2083 2043)
4(2443 2442 2082 2083)
4(2402 2442 2443 2403)
4(2404 2444 2084 2044)
4(2444 2443 2083 2084)
4(2403 2443 2444 2404)
4(2405 2445 2085 2045)
4(2445 2444 2084 2085)
4(2404 2444 2445 2405)
4(2406 2446 2086 2046)
4(2446 2445 2085 2086)
4(2405 2445 2446 2406)
4(2407 2447 2087 2047)
4(2447 2446 2086 2087)
4(2406 2446 2447 2407)
4(2408 2448 2088 2048)
4(2448 2447 2087 2088)
4(2407 2447 2448 2408)
4(2409 2449 2089 2049)
4(2449 2448 2088 2089)
4(2408 2448 2449 2409)
4(2410 2450 2090 2050)
4(2450 2449 2089 2090)
4(2409 2449 2450 2410)
4(2411 2451 2091 2051)
4(2451 2450 2090 2091)
4(2410 2450 2451 2411)
4(2412 2452 2092 2052)
4(2452 2451 2091 2092)
4(2411 2451 2452 2412)
4(2413 2453 2093 2053)
4(2453 2452 2092 2093)
4(2412 2452 2453 2413)
4(2414 2454 2094 2054)
4(2454 2453 2093 2094)
4(2413 2453 2454 2414)
4(2415 2455 2095 2055)
4(2455 2454 2094 2095)
4(2414 2454 2455 2415)
4(2416 2456 2096 2056)
4(2456 2455 2095 2096)
4(2415 2455 2456 2416)
4(2417 2457 2097 2057)
4(2457 2456 2096 2097)
4(2416 2456 2457 2417)
4(2418 2458 2098 2058)
4(2458 2457 2097 2098)
4(2417 2457 2458 2418)
4(2419 2459 2099 2059)
4(2459 2458 2098 2099)
4(2418 2458 2459 2419)
4(2420 2460 2100 2060)
4(2460 2459 2099 2100)
4(2419 2459 2460 2420)
4(2421 2461 2101 2061)
4(2461 2460 2100 2101)
4(2420 2460 2461 2421)
4(2422 2462 2102 2062)
4(2462 2461 2101 2102)
4(2421 2461 2462 2422)
4(2423 2463 2103 2063)
4(2463 2462 2102 2103)
4(2422 2462 2463 2423)
4(2424 2464 2104 2064)
4(2464 2463 2103 2104)
4(2423 2463 2464 2424)
4(2425 2465 2105 2065)
4(2465 2464 2104 2105)
4(2424 2464 2465 2425)
4(2426 2466 2106 2066)
4(2466 2465 2105 2106)
4(2425 2465 2466 2426)
4(2427 2467 2107 2067)
4(2467 2466 2106 2107)
4(2426 2466 2467 2427)
4(2428 2468 2108 2068)
4(2468 2467 2107 2108)
4(2427 2467 2468 2428)
4(2429 2469 2109 2069)
4(2469 2468 2108 2109)
4(2428 2468 2469 2429)
4(2430 2470 2110 2070)
4(2470 2469 2109 2110)
4(2429 2469 2470 2430)
4(2431 2471 2111 2071)
4(2471 2470 2110 2111)
4(2430 2470 2471 2431)
4(2432 2472 2112 2072)
4(2472 2471 2111 2112)
4(2431 2471 2472 2432)
4(2433 2473 2113 2073)
4(2473 2472 2112 2113)
4(2432 2472 2473 2433)
4(2434 2474 2114 2074)
4(2474 2473 2113 2114)
4(2433 2473 2474 2434)
4(2435 2475 2115 2075)
4(2475 2474 2114 2115)
4(2434 2474 2475 2435)
4(2436 2476 2116 2076)
4(2476 2475 2115 2116)
4(2435 2475 2476 2436)
4(2437 2477 2117 2077)
4(2477 2476 2116 2117)
4(2436 2476 2477 2437)
4(2438 2478 2118 2078)
4(2478 2477 2117 2118)
4(2437 2477 2478 2438)
4(2479 2478 2118 2119)
4(2438 2478 2479 2439)
4(2441 2481 2121 2081)
4(2440 2480 2481 2441)
4(2481 2480 2120 2121)
4(2442 2482 2122 2082)
4(2441 2481 2482 2442)
4(2482 2481 2121 2122)
4(2443 2483 2123 2083)
4(2442 2482 2483 2443)
4(2483 2482 2122 2123)
4(2444 2484 2124 2084)
4(2443 2483 2484 2444)
4(2484 2483 2123 2124)
4(2445 2485 2125 2085)
4(2444 2484 2485 2445)
4(2485 2484 2124 2125)
4(2446 2486 2126 2086)
4(2445 2485 2486 2446)
4(2486 2485 2125 2126)
4(2447 2487 2127 2087)
4(2446 2486 2487 2447)
4(2487 2486 2126 2127)
4(2448 2488 2128 2088)
4(2447 2487 2488 2448)
4(2488 2487 2127 2128)
4(2449 2489 2129 2089)
4(2448 2488 2489 2449)
4(2489 2488 2128 2129)
4(2450 2490 2130 2090)
4(2449 2489 2490 2450)
4(2490 2489 2129 2130)
4(2451 2491 2131 2091)
4(2450 2490 2491 2451)
4(2491 2490 2130 2131)
4(2452 2492 2132 2092)
4(2451 2491 2492 2452)
4(2492 2491 2131 2132)
4(2453 2493 2133 2093)
4(2452 2492 2493 2453)
4(2493 2492 2132 2133)
4(2454 2494 2134 2094)
4(2453 2493 2494 2454)
4(2494 2493 2133 2134)
4(2455 2495 2135 2095)
4(2454 2494 2495 2455)
4(2495 2494 2134 2135)
4(2456 2496 2136 2096)
4(2455 2495 2496 2456)
4(2496 2495 2135 2136)
4(2457 2497 2137 2097)
4(2456 2496 2497 2457)
4(2497 2496 2136 2137)
4(2458 2498 2138 2098)
4(2457 2497 2498 2458)
4(2498 2497 2137 2138)
4(2459 2499 2139 2099)
4(2458 2498 2499 2459)
4(2499 2498 2138 2139)
4(2460 2500 2140 2100)
4(2459 2499 2500 2460)
4(2500 2499 2139 2140)
4(2461 2501 2141 2101)
4(2460 2500 2501 2461)
4(2501 2500 2140 2141)
4(2462 2502 2142 2102)
4(2461 2501 2502 2462)
4(2502 2501 2141 2142)
4(2463 2503 2143 2103)
4(2462 2502 2503 2463)
4(2503 2502 2142 2143)
4(2464 2504 2144 2104)
4(2463 2503 2504 2464)
4(2504 2503 2143 2144)
4(2465 2505 2145 2105)
4(2464 2504 2505 2465)
4(2505 2504 2144 2145)
4(2466 2506 2146 2106)
4(2465 2505 2506 2466)
4(2506 2505 2145 2146)
4(2467 2507 2147 2107)
4(2466 2506 2507 2467)
4(2507 2506 2146 2147)
4(2468 2508 2148 2108)
4(2467 2507 2508 2468)
4(2508 2507 2147 2148)
4(2469 2509 2149 2109)
4(2468 2508 2509 2469)
4(2509 2508 2148 2149)
4(2470 2510 2150 2110)
4(2469 2509 2510 2470)
4(2510 2509 2149 2150)
4(2471 2511 2151 2111)
4(2470 2510 2511 2471)
4(2511 2510 2150 2151)
4(2472 2512 2152 2112)
4(2471 2511 2512 2472)
4(2512 2511 2151 2152)
4(2473 2513 2153 2113)
4(2472 2512 2513 2473)
4(2513 2512 2152 2153)
4(2474 2514 2154 2114)
4(2473 2513 2514 2474)
4(2514 2513 2153 2154)
4(2475 2515 2155 2115)
4(2474 2514 2515 2475)
4(2515 2514 2154 2155)
4(2476 2516 2156 2116)
4(2475 2515 2516 2476)
4(2516 2515 2155 2156)
4(2477 2517 2157 2117)
4(2476 2516 2517 2477)
4(2517 2516 2156 2157)
4(2478 2518 2158 2118)
4(2477 2517 2518 2478)
4(2518 2517 2157 2158)
4(2478 2518 2519 2479)
4(2519 2518 2158 2159)
4(2521 2561 2201 2161)
4(2561 2560 2200 2201)
4(2520 2560 2561 2521)
4(2160 2520 2521 2161)
4(2522 2562 2202 2162)
4(2562 2561 2201 2202)
4(2521 2561 2562 2522)
4(2161 2521 2522 2162)
4(2523 2563 2203 2163)
4(2563 2562 2202 2203)
4(2522 2562 2563 2523)
4(2162 2522 2523 2163)
4(2524 2564 2204 2164)
4(2564 2563 2203 2204)
4(2523 2563 2564 2524)
4(2163 2523 2524 2164)
4(2525 2565 2205 2165)
4(2565 2564 2204 2205)
4(2524 2564 2565 2525)
4(2164 2524 2525 2165)
4(2526 2566 2206 2166)
4(2566 2565 2205 2206)
4(2525 2565 2566 2526)
4(2165 2525 2526 2166)
4(2527 2567 2207 2167)
4(2567 2566 2206 2207)
4(2526 2566 2567 2527)
4(2166 2526 2527 2167)
4(2528 2568 2208 2168)
4(2568 2567 2207 2208)
4(2527 2567 2568 2528)
4(2167 2527 2528 2168)
4(2529 2569 2209 2169)
4(2569 2568 2208 2209)
4(2528 2568 2569 2529)
4(2168 2528 2529 2169)
4(2530 2570 2210 2170)
4(2570 2569 2209 2210)
4(2529 2569 2570 2530)
4(2169 2529 2530 2170)
4(2531 2571 2211 2171)
4(2571 2570 2210 2211)
4(2530 2570 2571 2531)
4(2170 2530 2531 2171)
4(2532 2572 2212 2172)
4(2572 2571 2211 2212)
4(2531 2571 2572 2532)
4(2171 2531 2532 2172)
4(2533 2573 2213 2173)
4(2573 2572 2212 2213)
4(2532 2572 2573 2533)
4(2172 2532 2533 2173)
4(2534 2574 2214 2174)
4(2574 2573 2213 2214)
4(2533 2573 2574 2534)
4(2173 2533 2534 2174)
4(2535 2575 2215 2175)
4(2575 2574 2214 2215)
4(2534 2574 2575 2535)
4(2174 2534 2535 2175)
4(2536 2576 2216 2176)
4(2576 2575 2215 2216)
4(2535 2575 2576 2536)
4(2175 2535 2536 2176)
4(2537 2577 2217 2177)
4(2577 2576 2216 2217)
4(2536 2576 2577 2537)
4(2176 2536 2537 2177)
4(2538 2578 2218 2178)
4(2578 2577 2217 2218)
4(2537 2577 2578 2538)
4(2177 2537 2538 2178)
4(2539 2579 2219 2179)
4(2579 2578 2218 2219)
4(2538 2578 2579 2539)
4(2178 2538 2539 2179)
4(2540 2580 2220 2180)
4(2580 2579 2219 2220)
4(2539 2579 2580 2540)
4(2179 2539 2540 2180)
4(2541 2581 2221 2181)
4(2581 2580 2220 2221)
4(2540 2580 2581 2541)
4(2180 2540 2541 2181)
4(2542 2582 2222 2182)
4(2582 2581 2221 2222)
4(2541 2581 2582 2542)
4(2181 2541 2542 2182)
4(2543 2583 2223 2183)
4(2583 2582 2222 2223)
4(2542 2582 2583 2543)
4(2182 2542 2543 2183)
4(2544 2584 2224 2184)
4(2584 2583 2223 2224)
4(2543 2583 2584 2544)
4(2183 2543 2544 2184)
4(2545 2585 2225 2185)
4(2585 2584 2224 2225)
4(2544 2584 2585 2545)
4(2184 2544 2545 2185)
4(2546 2586 2226 2186)
4(2586 2585 2225 2226)
4(2545 2585 2586 2546)
4(2185 2545 2546 2186)
4(2547 2587 2227 2187)
4(2587 2586 2226 2227)
4(2546 2586 2587 2547)
4(2186 2546 2547 2187)
4(2548 2588 2228 2188)
4(2588 2587 2227 2228)
4(2547 2587 2588 2548)
4(2187 2547 2548 2188)
4(2549 2589 2229 2189)
4(2589 2588 2228 2229)
4(2548 2588 2589 2549)
4(2188 2548 2549 2189)
4(2550 2590 2230 2190)
4(2590 2589 2229 2230)
4(2549 2589 2590 2550)
4(2189 2549 2550 2190)
4(2551 2591 2231 2191)
4(2591 2590 2230 2231)
4(2550 2590 2591 2551)
4(2190 2550 2551 2191)
4(2552 2592 2232 2192)
4(2592 2591 2231 2232)
4(2551 2591 2592 2552)
4(2191 2551 2552 2192)
4(2553 2593 2233 2193)
4(2593 2592 2232 2233)
4(2552 2592 2593 2553)
4(2192 2552 2553 2193)
4(2554 2594 2234 2194)
4(2594 2593 2233 2234)
4(2553 2593 2594 2554)
4(2193 2553 2554 2194)
4(2555 2595 2235 2195)
4(2595 2594 2234 2235)
4(2554 2594 2595 2555)
4(2194 2554 2555 2195)
4(2556 2596 2236 2196)
4(2596 2595 2235 2236)
4(2555 2595 2596 2556)
4(2195 2555 2556 2196)
4(2557 2597 2237 2197)
4(2597 2596 2236 2237)
4(2556 2596 2597 2557)
4(2196 2556 2557 2197)
4(2558 2598 2238 2198)
4(2598 2597 2237 2238)
4(2557 2597 2598 2558)
4(2197 2557 2558 2198)
4(2599 2598 2238 2239)
4(2558 2598 2599 2559)
4(2198 2558 2559 2199)
4(2561 2601 2241 2201)
4(2601 2600 2240 2241)
4(2560 2600 2601 2561)
4(2562 2602 2242 2202)
4(2602 2601 2241 2242)
4(2561 2601 2602 2562)
4(2563 2603 2243 2203)
4(2603 2602 2242 2243)
4(2562 2602 2603 2563)
4(2564 2604 2244 2204)
4(2604 2603 2243 2244)
4(2563 2603 2604 2564)
4(2565 2605 2245 2205)
4(2605 2604 2244 2245)
4(2564 2604 2605 2565)
4(2566 2606 2246 2206)
4(2606 2605 2245 2246)
4(2565 2605 2606 2566)
4(2567 2607 2247 2207)
4(2607 2606 2246 2247)
4(2566 2606 2607 2567)
4(2568 2608 2248 2208)
4(2608 2607 2247 2248)
4(2567 2607 2608 2568)
4(2569 2609 2249 2209)
4(2609 2608 2248 2249)
4(2568 2608 2609 2569)
4(2570 2610 2250 2210)
4(2610 2609 2249 2250)
4(2569 2609 2610 2570)
4(2571 2611 2251 2211)
4(2611 2610 2250 2251)
4(2570 2610 2611 2571)
4(2572 2612 2252 2212)
4(2612 2611 2251 2252)
4(2571 2611 2612 2572)
4(2573 2613 2253 2213)
4(2613 2612 2252 2253)
4(2572 2612 2613 2573)
4(2574 2614 2254 2214)
4(2614 2613 2253 2254)
4(2573 2613 2614 2574)
4(2575 2615 2255 2215)
4(2615 2614 2254 2255)
4(2574 2614 2615 2575)
4(2576 2616 2256 2216)
4(2616 2615 2255 2256)
4(2575 2615 2616 2576)
4(2577 2617 2257 2217)
4(2617 2616 2256 2257)
4(2576 2616 2617 2577)
4(2578 2618 2258 2218)
4(2618 2617 2257 2258)
4(2577 2617 2618 2578)
4(2579 2619 2259 2219)
4(2619 2618 2258 2259)
4(2578 2618 2619 2579)
4(2580 2620 2260 2220)
4(2620 2619 2259 2260)
4(2579 2619 2620 2580)
4(2581 2621 2261 2221)
4(2621 2620 2260 2261)
4(2580 2620 2621 2581)
4(2582 2622 2262 2222)
4(2622 2621 2261 2262)
4(2581 2621 2622 2582)
4(2583 2623 2263 2223)
4(2623 2622 2262 2263)
4(2582 2622 2623 2583)
4(2584 2624 2264 2224)
4(2624 2623 2263 2264)
4(2583 2623 2624 2584)
4(2585 2625 2265 2225)
4(2625 2624 2264 2265)
4(2584 2624 2625 2585)
4(2586 2626 2266 2226)
4(2626 2625 2265 2266)
4(2585 2625 2626 2586)
4(2587 2627 2267 2227)
4(2627 2626 2266 2267)
4(2586 2626 2627 2587)
4(2588 2628 2268 2228)
4(2628 2627 2267 2268)
4(2587 2627 2628 2588)
4(2589 2629 2269 2229)
4(2629 2628 2268 2269)
4(2588 2628 2629 2589)
4(2590 2630 2270 2230)
4(2630 2629 2269 2270)
4(2589 2629 2630 2590)
4(2591 2631 2271 2231)
4(2631 2630 2270 2271)
4(2590 2630 2631 2591)
4(2592 2632 2272 2232)
4(2632 2631 2271 2272)
4(2591 2631 2632 2592)
4(2593 2633 2273 2233)
4(2633 2632 2272 2273)
4(2592 2632 2633 2593)
4(2594 2634 2274 2234)
4(2634 2633 2273 2274)
4(2593 2633 2634 2594)
4(2595 2635 2275 2235)
4(2635 2634 2274 2275)
4(2594 2634 2635 2595)
4(2596 2636 2276 2236)
4(2636 2635 2275 2276)
4(2595 2635 2636 2596)
4(2597 2637 2277 2237)
4(2637 2636 2276 2277)
4(2596 2636 2637 2597)
4(2598 2638 2278 2238)
4(2638 2637 2277 2278)
4(2597 2637 2638 2598)
4(2639 2638 2278 2279)
4(2598 2638 2639 2599)
4(2601 2641 2281 2241)
4(2641 2640 2280 2281)
4(2600 2640 2641 2601)
4(2602 2642 2282 2242)
4(2642 2641 2281 2282)
4(2601 2641 2642 2602)
4(2603 2643 2283 2243)
4(2643 2642 2282 2283)
4(2602 2642 2643 2603)
4(2604 2644 2284 2244)
4(2644 2643 2283 2284)
4(2603 2643 2644 2604)
4(2605 2645 2285 2245)
4(2645 2644 2284 2285)
4(2604 2644 2645 2605)
4(2606 2646 2286 2246)
4(2646 2645 2285 2286)
4(2605 2645 2646 2606)
4(2607 2647 2287 2247)
4(2647 2646 2286 2287)
4(2606 2646 2647 2607)
4(2608 2648 2288 2248)
4(2648 2647 2287 2288)
4(2607 2647 2648 2608)
4(2609 2649 2289 2249)
4(2649 2648 2288 2289)
4(2608 2648 2649 2609)
4(2610 2650 2290 2250)
4(2650 2649 2289 2290)
4(2609 2649 2650 2610)
4(2611 2651 2291 2251)
4(2651 2650 2290 2291)
4(2610 2650 2651 2611)
4(2612 2652 2292 2252)
4(2652 2651 2291 2292)
4(2611 2651 2652 2612)
4(2613 2653 2293 2253)
4(2653 2652 2292 2293)
4(2612 2652 2653 2613)
4(2614 2654 2294 2254)
4(2654 2653 2293 2294)
4(2613 2653 2654 2614)
4(2615 2655 2295 2255)
4(2655 2654 2294 2295)
4(2614 2654 2655 2615)
4(2616 2656 2296 2256)
4(2656 2655 2295 2296)
4(2615 2655 2656 2616)
4(2617 2657 2297 2257)
4(2657 2656 2296 2297)
4(2616 2656 2657 2617)
4(2618 2658 2298 2258)
4(2658 2657 2297 2298)
4(2617 2657 2658 2618)
4(2619 2659 2299 2259)
4(2659 2658 2298 2299)
4(2618 2658 2659 2619)
4(2620 2660 2300 2260)
4(2660 2659 2299 2300)
4(2619 2659 2660 2620)
4(2621 2661 2301 2261)
4(2661 2660 2300 2301)
4(2620 2660 2661 2621)
4(2622 2662 2302 2262)
4(2662 2661 2301 2302)
4(2621 2661 2662 2622)
4(2623 2663 2303 2263)
4(2663 2662 2302 2303)
4(2622 2662 2663 2623)
4(2624 2664 2304 2264)
4(2664 2663 2303 2304)
4(2623 2663 2664 2624)
4(2625 2665 2305 2265)
4(2665 2664 2304 2305)
4(2624 2664 2665 2625)
4(2626 2666 2306 2266)
4(2666 2665 2305 2306)
4(2625 2665 2666 2626)
4(2627 2667 2307 2267)
4(2667 2666 2306 2307)
4(2626 2666 2667 2627)
4(2628 2668 2308 2268)
4(2668 2667 2307 2308)
4(2627 2667 2668 2628)
4(2629 2669 2309 2269)
4(2669 2668 2308 2309)
4(2628 2668 2669 2629)
4(2630 2670 2310 2270)
4(2670 2669 2309 2310)
4(2629 2669 2670 2630)
4(2631 2671 2311 2271)
4(2671 2670 2310 2311)
4(2630 2670 2671 2631)
4(2632 2672 2312 2272)
4(2672 2671 2311 2312)
4(2631 2671 2672 2632)
4(2633 2673 2313 2273)
4(2673 2672 2312 2313)
4(2632 2672 2673 2633)
4(2634 2674 2314 2274)
4(2674 2673 2313 2314)
4(2633 2673 2674 2634)
4(2635 2675 2315 2275)
4(2675 2674 2314 2315)
4(2634 2674 2675 2635)
4(2636 2676 2316 2276)
4(2676 2675 2315 2316)
4(2635 2675 2676 2636)
4(2637 2677 2317 2277)
4(2677 2676 2316 2317)
4(2636 2676 2677 2637)
4(2638 2678 2318 2278)
4(2678 2677 2317 2318)
4(2637 2677 2678 2638)
4(2679 2678 2318 2319)
4(2638 2678 2679 2639)
4(2641 2681 2321 2281)
4(2681 2680 2320 2321)
4(2640 2680 2681 2641)
4(2642 2682 2322 2282)
4(2682 2681 2321 2322)
4(2641 2681 2682 2642)
4(2643 2683 2323 2283)
4(2683 2682 2322 2323)
4(2642 2682 2683 2643)
4(2644 2684 2324 2284)
4(2684 2683 2323 2324)
4(2643 2683 2684 2644)
4(2645 2685 2325 2285)
4(2685 2684 2324 2325)
4(2644 2684 2685 2645)
4(2646 2686 2326 2286)
4(2686 2685 2325 2326)
4(2645 2685 2686 2646)
4(2647 2687 2327 2287)
4(2687 2686 2326 2327)
4(2646 2686 2687 2647)
4(2648 2688 2328 2288)
4(2688 2687 2327 2328)
4(2647 2687 2688 2648)
4(2649 2689 2329 2289)
4(2689 2688 2328 2329)
4(2648 2688 2689 2649)
4(2650 2690 2330 2290)
4(2690 2689 2329 2330)
4(2649 2689 2690 2650)
4(2651 2691 2331 2291)
4(2691 2690 2330 2331)
4(2650 2690 2691 2651)
4(2652 2692 2332 2292)
4(2692 2691 2331 2332)
4(2651 2691 2692 2652)
4(2653 2693 2333 2293)
4(2693 2692 2332 2333)
4(2652 2692 2693 2653)
4(2654 2694 2334 2294)
4(2694 2693 2333 2334)
4(2653 2693 2694 2654)
4(2655 2695 2335 2295)
4(2695 2694 2334 2335)
4(2654 2694 2695 2655)
4(2656 2696 2336 2296)
4(2696 2695 2335 2336)
4(2655 2695 2696 2656)
4(2657 2697 2337 2297)
4(2697 2696 2336 2337)
4(2656 2696 2697 2657)
4(2658 2698 2338 2298)
4(2698 2697 2337 2338)
4(2657 2697 2698 2658)
4(2659 2699 2339 2299)
4(2699 2698 2338 2339)
4(2658 2698 2699 2659)
4(2660 2700 2340 2300)
4(2700 2699 2339 2340)
4(2659 2699 2700 2660)
4(2661 2701 2341 2301)
4(2701 2700 2340 2341)
4(2660 2700 2701 2661)
4(2662 2702 2342 2302)
4(2702 2701 2341 2342)
4(2661 2701 2702 2662)
4(2663 2703 2343 2303)
4(2703 2702 2342 2343)
4(2662 2702 2703 2663)
4(2664 2704 2344 2304)
4(2704 2703 2343 2344)
4(2663 2703 2704 2664)
4(2665 2705 2345 2305)
4(2705 2704 2344 2345)
4(2664 2704 2705 2665)
4(2666 2706 2346 2306)
4(2706 2705 2345 2346)
4(2665 2705 2706 2666)
4(2667 2707 2347 2307)
4(2707 2706 2346 2347)
4(2666 2706 2707 2667)
4(2668 2708 2348 2308)
4(2708 2707 2347 2348)
4(2667 2707 2708 2668)
4(2669 2709 2349 2309)
4(2709 2708 2348 2349)
4(2668 2708 2709 2669)
4(2670 2710 2350 2310)
4(2710 2709 2349 2350)
4(2669 2709 2710 2670)
4(2671 2711 2351 2311)
4(2711 2710 2350 2351)
4(2670 2710 2711 2671)
4(2672 2712 2352 2312)
4(2712 2711 2351 2352)
4(2671 2711 2712 2672)
4(2673 2713 2353 2313)
4(2713 2712 2352 2353)
4(2672 2712 2713 2673)
4(2674 2714 2354 2314)
4(2714 2713 2353 2354)
4(2673 2713 2714 2674)
4(2675 2715 2355 2315)
4(2715 2714 2354 2355)
4(2674 2714 2715 2675)
4(2676 2716 2356 2316)
4(2716 2715 2355 2356)
4(2675 2715 2716 2676)
4(2677 2717 2357 2317)
4(2717 2716 2356 2357)
4(2676 2716 2717 2677)
4(2678 2718 2358 2318)
4(2718 2717 2357 2358)
4(2677 2717 2718 2678)
4(2719 2718 2358 2359)
4(2678 2718 2719 2679)
4(2681 2721 2361 2321)
4(2721 2720 2360 2361)
4(2680 2720 2721 2681)
4(2682 2722 2362 2322)
4(2722 2721 2361 2362)
4(2681 2721 2722 2682)
4(2683 2723 2363 2323)
4(2723 2722 2362 2363)
4(2682 2722 2723 2683)
4(2684 2724 2364 2324)
4(2724 2723 2363 2364)
4(2683 2723 2724 2684)
4(2685 2725 2365 2325)
4(2725 2724 2364 2365)
4(2684 2724 2725 2685)
4(2686 2726 2366 2326)
4(2726 2725 2365 2366)
4(2685 2725 2726 2686)
4(2687 2727 2367 2327)
4(2727 2726 2366 2367)
4(2686 2726 2727 2687)
4(2688 2728 2368 2328)
4(2728 2727 2367 2368)
4(2687 2727 2728 2688)
4(2689 2729 2369 2329)
4(2729 2728 2368 2369)
4(2688 2728 2729 2689)
4(2690 2730 2370 2330)
4(2730 2729 2369 2370)
4(2689 2729 2730 2690)
4(2691 2731 2371 2331)
4(2731 2730 2370 2371)
4(2690 2730 2731 2691)
4(2692 2732 2372 2332)
4(2732 2731 2371 2372)
4(2691 2731 2732 2692)
4(2693 2733 2373 2333)
4(2733 2732 2372 2373)
4(2692 2732 2733 2693)
4(2694 2734 2374 2334)
4(2734 2733 2373 2374)
4(2693 2733 2734 2694)
4(2695 2735 2375 2335)
4(2735 2734 2374 2375)
4(2694 2734 2735 2695)
4(2696 2736 2376 2336)
4(2736 2735 2375 2376)
4(2695 2735 2736 2696)
4(2697 2737 2377 2337)
4(2737 2736 2376 2377)
4(2696 2736 2737 2697)
4(2698 2738 2378 2338)
4(2738 2737 2377 2378)
4(2697 2737 2738 2698)
4(2699 2739 2379 2339)
4(2739 2738 2378 2379)
4(2698 2738 2739 2699)
4(2700 2740 2380 2340)
4(2740 2739 2379 2380)
4(2699 2739 2740 2700)
4(2701 2741 2381 2341)
4(2741 2740 2380 2381)
4(2700 2740 2741 2701)
4(2702 2742 2382 2342)
4(2742 2741 2381 2382)
4(2701 2741 2742 2702)
4(2703 2743 2383 2343)
4(2743 2742 2382 2383)
4(2702 2742 2743 2703)
4(2704 2744 2384 2344)
4(2744 2743 2383 2384)
4(2703 2743 2744 2704)
4(2705 2745 2385 2345)
4(2745 2744 2384 2385)
4(2704 2744 2745 2705)
4(2706 2746 2386 2346)
4(2746 2745 2385 2386)
4(2705 2745 2746 2706)
4(2707 2747 2387 2347)
4(2747 2746 2386 2387)
4(2706 2746 2747 2707)
4(2708 2748 2388 2348)
4(2748 2747 2387 2388)
4(2707 2747 2748 2708)
4(2709 2749 2389 2349)
4(2749 2748 2388 2389)
4(2708 2748 2749 2709)
4(2710 2750 2390 2350)
4(2750 2749 2389 2390)
4(2709 2749 2750 2710)
4(2711 2751 2391 2351)
4(2751 2750 2390 2391)
4(2710 2750 2751 2711)
4(2712 2752 2392 2352)
4(2752 2751 2391 2392)
4(2711 2751 2752 2712)
4(2713 2753 2393 2353)
4(2753 2752 2392 2393)
4(2712 2752 2753 2713)
4(2714 2754 2394 2354)
4(2754 2753 2393 2394)
4(2713 2753 2754 2714)
4(2715 2755 2395 2355)
4(2755 2754 2394 2395)
4(2714 2754 2755 2715)
4(2716 2756 2396 2356)
4(2756 2755 2395 2396)
4(2715 2755 2756 2716)
4(2717 2757 2397 2357)
4(2757 2756 2396 2397)
4(2716 2756 2757 2717)
4(2718 2758 2398 2358)
4(2758 2757 2397 2398)
4(2717 2757 2758 2718)
4(2759 2758 2398 2399)
4(2718 2758 2759 2719)
4(2721 2761 2401 2361)
4(2761 2760 2400 2401)
4(2720 2760 2761 2721)
4(2722 2762 2402 2362)
4(2762 2761 2401 2402)
4(2721 2761 2762 2722)
4(2723 2763 2403 2363)
4(2763 2762 2402 2403)
4(2722 2762 2763 2723)
4(2724 2764 2404 2364)
4(2764 2763 2403 2404)
4(2723 2763 2764 2724)
4(2725 2765 2405 2365)
4(2765 2764 2404 2405)
4(2724 2764 2765 2725)
4(2726 2766 2406 2366)
4(2766 2765 2405 2406)
4(2725 2765 2766 2726)
4(2727 2767 2407 2367)
4(2767 2766 2406 2407)
4(2726 2766 2767 2727)
4(2728 2768 2408 2368)
4(2768 2767 2407 2408)
4(2727 2767 2768 2728)
4(2729 2769 2409 2369)
4(2769 2768 2408 2409)
4(2728 2768 2769 2729)
4(2730 2770 2410 2370)
4(2770 2769 2409 2410)
4(2729 2769 2770 2730)
4(2731 2771 2411 2371)
4(2771 2770 2410 2411)
4(2730 2770 2771 2731)
4(2732 2772 2412 2372)
4(2772 2771 2411 2412)
4(2731 2771 2772 2732)
4(2733 2773 2413 2373)
4(2773 2772 2412 2413)
4(2732 2772 2773 2733)
4(2734 2774 2414 2374)
4(2774 2773 2413 2414)
4(2733 2773 2774 2734)
4(2735 2775 2415 2375)
4(2775 2774 2414 2415)
4(2734 2774 2775 2735)
4(2736 2776 2416 2376)
4(2776 2775 2415 2416)
4(2735 2775 2776 2736)
4(2737 2777 2417 2377)
4(2777 2776 2416 2417)
4(2736 2776 2777 2737)
4(2738 2778 2418 2378)
4(2778 2777 2417 2418)
4(2737 2777 2778 2738)
4(2739 2779 2419 2379)
4(2779 2778 2418 2419)
4(2738 2778 2779 2739)
4(2740 2780 2420 2380)
4(2780 2779 2419 2420)
4(2739 2779 2780 2740)
4(2741 2781 2421 2381)
4(2781 2780 2420 2421)
4(2740 2780 2781 2741)
4(2742 2782 2422 2382)
4(2782 2781 2421 2422)
4(2741 2781 2782 2742)
4(2743 2783 2423 2383)
4(2783 2782 2422 2423)
4(2742 2782 2783 2743)
4(2744 2784 2424 2384)
4(2784 2783 2423 2424)
4(2743 2783 2784 2744)
4(2745 2785 2425 2385)
4(2785 2784 2424 2425)
4(2744 2784 2785 2745)
4(2746 2786 2426 2386)
4(2786 2785 2425 2426)
4(2745 2785 2786 2746)
4(2747 2787 2427 2387)
4(2787 2786 2426 2427)
4(2746 2786 2787 2747)
4(2748 2788 2428 2388)
4(2788 2787 2427 2428)
4(2747 2787 2788 2748)
4(2749 2789 2429 2389)
4(2789 2788 2428 2429)
4(2748 2788 2789 2749)
4(2750 2790 2430 2390)
4(2790 2789 2429 2430)
4(2749 2789 2790 2750)
4(2751 2791 2431 2391)
4(2791 2790 2430 2431)
4(2750 2790 2791 2751)
4(2752 2792 2432 2392)
4(2792 2791 2431 2432)
4(2751 2791 2792 2752)
4(2753 2793 2433 2393)
4(2793 2792 2432 2433)
4(2752 2792 2793 2753)
4(2754 2794 2434 2394)
4(2794 2793 2433 2434)
4(2753 2793 2794 2754)
4(2755 2795 2435 2395)
4(2795 2794 2434 2435)
4(2754 2794 2795 2755)
4(2756 2796 2436 2396)
4(2796 2795 2435 2436)
4(2755 2795 2796 2756)
4(2757 2797 2437 2397)
4(2797 2796 2436 2437)
4(2756 2796 2797 2757)
4(2758 2798 2438 2398)
4(2798 2797 2437 2438)
4(2757 2797 2798 2758)
4(2799 2798 2438 2439)
4(2758 2798 2799 2759)
4(2761 2801 2441 2401)
4(2801 2800 2440 2441)
4(2760 2800 2801 2761)
4(2762 2802 2442 2402)
4(2802 2801 2441 2442)
4(2761 2801 2802 2762)
4(2763 2803 2443 2403)
4(2803 2802 2442 2443)
4(2762 2802 2803 2763)
4(2764 2804 2444 2404)
4(2804 2803 2443 2444)
4(2763 2803 2804 2764)
4(2765 2805 2445 2405)
4(2805 2804 2444 2445)
4(2764 2804 2805 2765)
4(2766 2806 2446 2406)
4(2806 2805 2445 2446)
4(2765 2805 2806 2766)
4(2767 2807 2447 2407)
4(2807 2806 2446 2447)
4(2766 2806 2807 2767)
4(2768 2808 2448 2408)
4(2808 2807 2447 2448)
4(2767 2807 2808 2768)
4(2769 2809 2449 2409)
4(2809 2808 2448 2449)
4(2768 2808 2809 2769)
4(2770 2810 2450 2410)
4(2810 2809 2449 2450)
4(2769 2809 2810 2770)
4(2771 2811 2451 2411)
4(2811 2810 2450 2451)
4(2770 2810 2811 2771)
4(2772 2812 2452 2412)
4(2812 2811 2451 2452)
4(2771 2811 2812 2772)
4(2773 2813 2453 2413)
4(2813 2812 2452 2453)
4(2772 2812 2813 2773)
4(2774 2814 2454 2414)
4(2814 2813 2453 2454)
4(2773 2813 2814 2774)
4(2775 2815 2455 2415)
4(2815 2814 2454 2455)
4(2774 2814 2815 2775)
4(2776 2816 2456 2416)
4(2816 2815 2455 2456)
4(2775 2815 2816 2776)
4(2777 2817 2457 2417)
4(2817 2816 2456 2457)
4(2776 2816 2817 2777)
4(2778 2818 2458 2418)
4(2818 2817 2457 2458)
4(2777 2817 2818 2778)
4(2779 2819 2459 2419)
4(2819 2818 2458 2459)
4(2778 2818 2819 2779)
4(2780 2820 2460 2420)
4(2820 2819 2459 2460)
4(2779 2819 2820 2780)
4(2781 2821 2461 2421)
4(2821 2820 2460 2461)
4(2780 2820 2821 2781)
4(2782 2822 2462 2422)
4(2822 2821 2461 2462)
4(2781 2821 2822 2782)
4(2783 2823 2463 2423)
4(2823 2822 2462 2463)
4(2782 2822 2823 2783)
4(2784 2824 2464 2424)
4(2824 2823 2463 2464)
4(2783 2823 2824 2784)
4(2785 2825 2465 2425)
4(2825 2824 2464 2465)
4(2784 2824 2825 2785)
4(2786 2826 2466 2426)
4(2826 2825 2465 2466)
4(2785 2825 2826 2786)
4(2787 2827 2467 2427)
4(2827 2826 2466 2467)
4(2786 2826 2827 2787)
4(2788 2828 2468 2428)
4(2828 2827 2467 2468)
4(2787 2827 2828 2788)
4(2789 2829 2469 2429)
4(2829 2828 2468 2469)
4(2788 2828 2829 2789)
4(2790 2830 2470 2430)
4(2830 2829 2469 2470)
4(2789 2829 2830 2790)
4(2791 2831 2471 2431)
4(2831 2830 2470 2471)
4(2790 2830 2831 2791)
4(2792 2832 2472 2432)
4(2832 2831 2471 2472)
4(2791 2831 2832 2792)
4(2793 2833 2473 2433)
4(2833 2832 2472 2473)
4(2792 2832 2833 2793)
4(2794 2834 2474 2434)
4(2834 2833 2473 2474)
4(2793 2833 2834 2794)
4(2795 2835 2475 2435)
4(2835 2834 2474 2475)
4(2794 2834 2835 2795)
4(2796 2836 2476 2436)
4(2836 2835 2475 2476)
4(2795 2835 2836 2796)
4(2797 2837 2477 2437)
4(2837 2836 2476 2477)
4(2796 2836 2837 2797)
4(2798 2838 2478 2438)
4(2838 2837 2477 2478)
4(2797 2837 2838 2798)
4(2839 2838 2478 2479)
4(2798 2838 2839 2799)
4(2801 2841 2481 2441)
4(2800 2840 2841 2801)
4(2841 2840 2480 2481)
4(2802 2842 2482 2442)
4(2801 2841 2842 2802)
4(2842 2841 2481 2482)
4(2803 2843 2483 2443)
4(2802 2842 2843 2803)
4(2843 2842 2482 2483)
4(2804 2844 2484 2444)
4(2803 2843 2844 2804)
4(2844 2843 2483 2484)
4(2805 2845 2485 2445)
4(2804 2844 2845 2805)
4(2845 2844 2484 2485)
4(2806 2846 2486 2446)
4(2805 2845 2846 2806)
4(2846 2845 2485 2486)
4(2807 2847 2487 2447)
4(2806 2846 2847 2807)
4(2847 2846 2486 2487)
4(2808 2848 2488 2448)
4(2807 2847 2848 2808)
4(2848 2847 2487 2488)
4(2809 2849 2489 2449)
4(2808 2848 2849 2809)
4(2849 2848 2488 2489)
4(2810 2850 2490 2450)
4(2809 2849 2850 2810)
4(2850 2849 2489 2490)
4(2811 2851 2491 2451)
4(2810 2850 2851 2811)
4(2851 2850 2490 2491)
4(2812 2852 2492 2452)
4(2811 2851 2852 2812)
4(2852 2851 2491 2492)
4(2813 2853 2493 2453)
4(2812 2852 2853 2813)
4(2853 2852 2492 2493)
4(2814 2854 2494 2454)
4(2813 2853 2854 2814)
4(2854 2853 2493 2494)
4(2815 2855 2495 2455)
4(2814 2854 2855 2815)
4(2855 2854 2494 2495)
4(2816 2856 2496 2456)
4(2815 2855 2856 2816)
4(2856 2855 2495 2496)
4(2817 2857 2497 2457)
4(2816 2856 2857 2817)
4(2857 2856 2496 2497)
4(2818 2858 2498 2458)
4(2817 2857 2858 2818)
4(2858 2857 2497 2498)
4(2819 2859 2499 2459)
4(2818 2858 2859 2819)
4(2859 2858 2498 2499)
4(2820 2860 2500 2460)
4(2819 2859 2860 2820)
4(2860 2859 2499 2500)
4(2821 2861 2501 2461)
4(2820 2860 2861 2821)
4(2861 2860 2500 2501)
4(2822 2862 2502 2462)
4(2821 2861 2862 2822)
4(2862 2861 2501 2502)
4(2823 2863 2503 2463)
4(2822 2862 2863 2823)
4(2863 2862 2502 2503)
4(2824 2864 2504 2464)
4(2823 2863 2864 2824)
4(2864 2863 2503 2504)
4(2825 2865 2505 2465)
4(2824 2864 2865 2825)
4(2865 2864 2504 2505)
4(2826 2866 2506 2466)
4(2825 2865 2866 2826)
4(2866 2865 2505 2506)
4(2827 2867 2507 2467)
4(2826 2866 2867 2827)
4(2867 2866 2506 2507)
4(2828 2868 2508 2468)
4(2827 2867 2868 2828)
4(2868 2867 2507 2508)
4(2829 2869 2509 2469)
4(2828 2868 2869 2829)
4(2869 2868 2508 2509)
4(2830 2870 2510 2470)
4(2829 2869 2870 2830)
4(2870 2869 2509 2510)
4(2831 2871 2511 2471)
4(2830 2870 2871 2831)
4(2871 2870 2510 2511)
4(2832 2872 2512 2472)
4(2831 2871 2872 2832)
4(2872 2871 2511 2512)
4(2833 2873 2513 2473)
4(2832 2872 2873 2833)
4(2873 2872 2512 2513)
4(2834 2874 2514 2474)
4(2833 2873 2874 2834)
4(2874 2873 2513 2514)
4(2835 2875 2515 2475)
4(2834 2874 2875 2835)
4(2875 2874 2514 2515)
4(2836 2876 2516 2476)
4(2835 2875 2876 2836)
4(2876 2875 2515 2516)
4(2837 2877 2517 2477)
4(2836 2876 2877 2837)
4(2877 2876 2516 2517)
4(2838 2878 2518 2478)
4(2837 2877 2878 2838)
4(2878 2877 2517 2518)
4(2838 2878 2879 2839)
4(2879 2878 2518 2519)
4(2881 2921 2561 2521)
4(2921 2920 2560 2561)
4(2520 2880 2881 2521)
4(2880 2920 2921 2881)
4(2882 2922 2562 2522)
4(2922 2921 2561 2562)
4(2521 2881 2882 2522)
4(2881 2921 2922 2882)
4(2883 2923 2563 2523)
4(2923 2922 2562 2563)
4(2522 2882 2883 2523)
4(2882 2922 2923 2883)
4(2884 2924 2564 2524)
4(2924 2923 2563 2564)
4(2523 2883 2884 2524)
4(2883 2923 2924 2884)
4(2885 2925 2565 2525)
4(2925 2924 2564 2565)
4(2524 2884 2885 2525)
4(2884 2924 2925 2885)
4(2886 2926 2566 2526)
4(2926 2925 2565 2566)
4(2525 2885 2886 2526)
4(2885 2925 2926 2886)
4(2887 2927 2567 2527)
4(2927 2926 2566 2567)
4(2526 2886 2887 2527)
4(2886 2926 2927 2887)
4(2888 2928 2568 2528)
4(2928 2927 2567 2568)
4(2527 2887 2888 2528)
4(2887 2927 2928 2888)
4(2889 2929 2569 2529)
4(2929 2928 2568 2569)
4(2528 2888 2889 2529)
4(2888 2928 2929 2889)
4(2890 2930 2570 2530)
4(2930 2929 2569 2570)
4(2529 2889 2890 2530)
4(2889 2929 2930 2890)
4(2891 2931 2571 2531)
4(2931 2930 2570 2571)
4(2530 2890 2891 2531)
4(2890 2930 2931 2891)
4(2892 2932 2572 2532)
4(2932 2931 2571 2572)
4(2531 2891 2892 2532)
4(2891 2931 2932 2892)
4(2893 2933 2573 2533)
4(2933 2932 2572 2573)
4(2532 2892 2893 2533)
4(2892 2932 2933 2893)
4(2894 2934 2574 2534)
4(2934 2933 2573 2574)
4(2533 2893 2894 2534)
4(2893 2933 2934 2894)
4(2895 2935 2575 2535)
4(2935 2934 2574 2575)
4(2534 2894 2895 2535)
4(2894 2934 2935 2895)
4(2896 2936 2576 2536)
4(2936 2935 2575 2576)
4(2535 2895 2896 2536)
4(2895 2935 2936 2896)
4(2897 2937 2577 2537)
4(2937 2936 2576 2577)
4(2536 2896 2897 2537)
4(2896 2936 2937 2897)
4(2898 2938 2578 2538)
4(2938 2937 2577 2578)
4(2537 2897 2898 2538)
4(2897 2937 2938 2898)
4(2899 2939 2579 2539)
4(2939 2938 2578 2579)
4(2538 2898 2899 2539)
4(2898 2938 2939 2899)
4(2900 2940 2580 2540)
4(2940 2939 2579 2580)
4(2539 2899 2900 2540)
4(2899 2939 2940 2900)
4(2901 2941 2581 2541)
4(2941 2940 2580 2581)
4(2540 2900 2901 2541)
4(2900 2940 2941 2901)
4(2902 2942 2582 2542)
4(2942 2941 2581 2582)
4(2541 2901 2902 2542)
4(2901 2941 2942 2902)
4(2903 2943 2583 2543)
4(2943 2942 2582 2583)
4(2542 2902 2903 2543)
4(2902 2942 2943 2903)
4(2904 2944 2584 2544)
4(2944 2943 2583 2584)
4(2543 2903 2904 2544)
4(2903 2943 2944 2904)
4(2905 2945 2585 2545)
4(2945 2944 2584 2585)
4(2544 2904 2905 2545)
4(2904 2944 2945 2905)
4(2906 2946 2586 2546)
4(2946 2945 2585 2586)
4(2545 2905 2906 2546)
4(2905 2945 2946 2906)
4(2907 2947 2587 2547)
4(2947 2946 2586 2587)
4(2546 2906 2907 2547)
4(2906 2946 2947 2907)
4(2908 2948 2588 2548)
4(2948 2947 2587 2588)
4(2547 2907 2908 2548)
4(2907 2947 2948 2908)
4(2909 2949 2589 2549)
4(2949 2948 2588 2589)
4(2548 2908 2909 2549)
4(2908 2948 2949 2909)
4(2910 2950 2590 2550)
4(2950 2949 2589 2590)
4(2549 2909 2910 2550)
4(2909 2949 2950 2910)
4(2911 2951 2591 2551)
4(2951 2950 2590 2591)
4(2550 2910 2911 2551)
4(2910 2950 2951 2911)
4(2912 2952 2592 2552)
4(2952 2951 2591 2592)
4(2551 2911 2912 2552)
4(2911 2951 2952 2912)
4(2913 2953 2593 2553)
4(2953 2952 2592 2593)
4(2552 2912 2913 2553)
4(2912 2952 2953 2913)
4(2914 2954 2594 2554)
4(2954 2953 2593 2594)
4(2553 2913 2914 2554)
4(2913 2953 2954 2914)
4(2915 2955 2595 2555)
4(2955 2954 2594 2595)
4(2554 2914 2915 2555)
4(2914 2954 2955 2915)
4(2916 2956 2596 2556)
4(2956 2955 2595 2596)
4(2555 2915 2916 2556)
4(2915 2955 2956 2916)
4(2917 2957 2597 2557)
4(2957 2956 2596 2597)
4(2556 2916 2917 2557)
4(2916 2956 2957 2917)
4(2918 2958 2598 2558)
4(2958 2957 2597 2598)
4(2557 2917 2918 2558)
4(2917 2957 2958 2918)
4(2959 2958 2598 2599)
4(2558 2918 2919 2559)
4(2918 2958 2959 2919)
4(2921 2961 2601 2561)
4(2961 2960 2600 2601)
4(2920 2960 2961 2921)
4(2922 2962 2602 2562)
4(2962 2961 2601 2602)
4(2921 2961 2962 2922)
4(2923 2963 2603 2563)
4(2963 2962 2602 2603)
4(2922 2962 2963 2923)
4(2924 2964 2604 2564)
4(2964 2963 2603 2604)
4(2923 2963 2964 2924)
4(2925 2965 2605 2565)
4(2965 2964 2604 2605)
4(2924 2964 2965 2925)
4(2926 2966 2606 2566)
4(2966 2965 2605 2606)
4(2925 2965 2966 2926)
4(2927 2967 2607 2567)
4(2967 2966 2606 2607)
4(2926 2966 2967 2927)
4(2928 2968 2608 2568)
4(2968 2967 2607 2608)
4(2927 2967 2968 2928)
4(2929 2969 2609 2569)
4(2969 2968 2608 2609)
4(2928 2968 2969 2929)
4(2930 2970 2610 2570)
4(2970 2969 2609 2610)
4(2929 2969 2970 2930)
4(2931 2971 2611 2571)
4(2971 2970 2610 2611)
4(2930 2970 2971 2931)
4(2932 2972 2612 2572)
4(2972 2971 2611 2612)
4(2931 2971 2972 2932)
4(2933 2973 2613 2573)
4(2973 2972 2612 2613)
4(2932 2972 2973 2933)
4(2934 2974 2614 2574)
4(2974 2973 2613 2614)
4(2933 2973 2974 2934)
4(2935 2975 2615 2575)
4(2975 2974 2614 2615)
4(2934 2974 2975 2935)
4(2936 2976 2616 2576)
4(2976 2975 2615 2616)
4(2935 2975 2976 2936)
4(2937 2977 2617 2577)
4(2977 2976 2616 2617)
4(2936 2976 2977 2937)
4(2938 2978 2618 2578)
4(2978 2977 2617 2618)
4(2937 2977 2978 2938)
4(2939 2979 2619 2579)
4(2979 2978 2618 2619)
4(2938 2978 2979 2939)
4(2940 2980 2620 2580)
4(2980 2979 2619 2620)
4(2939 2979 2980 2940)
4(2941 2981 2621 2581)
4(2981 2980 2620 2621)
4(2940 2980 2981 2941)
4(2942 2982 2622 2582)
4(2982 2981 2621 2622)
4(2941 2981 2982 2942)
4(2943 2983 2623 2583)
4(2983 2982 2622 2623)
4(2942 2982 2983 2943)
4(2944 2984 2624 2584)
4(2984 2983 2623 2624)
4(2943 2983 2984 2944)
4(2945 2985 2625 2585)
4(2985 2984 2624 2625)
4(2944 2984 2985 2945)
4(2946 2986 2626 2586)
4(2986 2985 2625 2626)
4(2945 2985 2986 2946)
4(2947 2987 2627 2587)
4(2987 2986 2626 2627)
4(2946 2986 2987 2947)
4(2948 2988 2628 2588)
4(2988 2987 2627 2628)
4(2947 2987 2988 2948)
4(2949 2989 2629 2589)
4(2989 2988 2628 2629)
4(2948 2988 2989 2949)
4(2950 2990 2630 2590)
4(2990 2989 2629 2630)
4(2949 2989 2990 2950)
4(2951 2991 2631 2591)
4(2991 2990 2630 2631)
4(2950 2990 2991 2951)
4(2952 2992 2632 2592)
4(2992 2991 2631 2632)
4(2951 2991 2992 2952)
4(2953 2993 2633 2593)
4(2993 2992 2632 2633)
4(2952 2992 2993 2953)
4(2954 2994 2634 2594)
4(2994 2993 2633 2634)
4(2953 2993 2994 2954)
4(2955 2995 2635 2595)
4(2995 2994 2634 2635)
4(2954 2994 2995 2955)
4(2956 2996 2636 2596)
4(2996 2995 2635 2636)
4(2955 2995 2996 2956)
4(2957 2997 2637 2597)
4(2997 2996 2636 2637)
4(2956 2996 2997 2957)
4(2958 2998 2638 2598)
4(2998 2997 2637 2638)
4(2957 2997 2998 2958)
4(2999 2998 2638 2639)
4(2958 2998 2999 2959)
4(2961 3001 2641 2601)
4(3001 3000 2640 2641)
4(2960 3000 3001 2961)
4(2962 3002 2642 2602)
4(3002 3001 2641 2642)
4(2961 3001 3002 2962)
4(2963 3003 2643 2603)
4(3003 3002 2642 2643)
4(2962 3002 3003 2963)
4(2964 3004 2644 2604)
4(3004 3003 2643 2644)
4(2963 3003 3004 2964)
4(2965 3005 2645 2605)
4(3005 3004 2644 2645)
4(2964 3004 3005 2965)
4(2966 3006 2646 2606)
4(3006 3005 2645 2646)
4(2965 3005 3006 2966)
4(2967 3007 2647 2607)
4(3007 3006 2646 2647)
4(2966 3006 3007 2967)
4(2968 3008 2648 2608)
4(3008 3007 2647 2648)
4(2967 3007 3008 2968)
4(2969 3009 2649 2609)
4(3009 3008 2648 2649)
4(2968 3008 3009 2969)
4(2970 3010 2650 2610)
4(3010 3009 2649 2650)
4(2969 3009 3010 2970)
4(2971 3011 2651 2611)
4(3011 3010 2650 2651)
4(2970 3010 3011 2971)
4(2972 3012 2652 2612)
4(3012 3011 2651 2652)
4(2971 3011 3012 2972)
4(2973 3013 2653 2613)
4(3013 3012 2652 2653)
4(2972 3012 3013 2973)
4(2974 3014 2654 2614)
4(3014 3013 2653 2654)
4(2973 3013 3014 2974)
4(2975 3015 2655 2615)
4(3015 3014 2654 2655)
4(2974 3014 3015 2975)
4(2976 3016 2656 2616)
4(3016 3015 2655 2656)
4(2975 3015 3016 2976)
4(2977 3017 2657 2617)
4(3017 3016 2656 2657)
4(2976 3016 3017 2977)
4(2978 3018 2658 2618)
4(3018 3017 2657 2658)
4(2977 3017 3018 2978)
4(2979 3019 2659 2619)
4(3019 3018 2658 2659)
4(2978 3018 3019 2979)
4(2980 3020 2660 2620)
4(3020 3019 2659 2660)
4(2979 3019 3020 2980)
4(2981 3021 2661 2621)
4(3021 3020 2660 2661)
4(2980 3020 3021 2981)
4(2982 3022 2662 2622)
4(3022 3021 2661 2662)
4(2981 3021 3022 2982)
4(2983 3023 2663 2623)
4(3023 3022 2662 2663)
4(2982 3022 3023 2983)
4(2984 3024 2664 2624)
4(3024 3023 2663 2664)
4(2983 3023 3024 2984)
4(2985 3025 2665 2625)
4(3025 3024 2664 2665)
4(2984 3024 3025 2985)
4(2986 3026 2666 2626)
4(3026 3025 2665 2666)
4(2985 3025 3026 2986)
4(2987 3027 2667 2627)
4(3027 3026 2666 2667)
4(2986 3026 3027 2987)
4(2988 3028 2668 2628)
4(3028 3027 2667 2668)
4(2987 3027 3028 2988)
4(2989 3029 2669 2629)
4(3029 3028 2668 2669)
4(2988 3028 3029 2989)
4(2990 3030 2670 2630)
4(3030 3029 2669 2670)
4(2989 3029 3030 2990)
4(2991 3031 2671 2631)
4(3031 3030 2670 2671)
4(2990 3030 3031 2991)
4(2992 3032 2672 2632)
4(3032 3031 2671 2672)
4(2991 3031 3032 2992)
4(2993 3033 2673 2633)
4(3033 3032 2672 2673)
4(2992 3032 3033 2993)
4(2994 3034 2674 2634)
4(3034 3033 2673 2674)
4(2993 3033 3034 2994)
4(2995 3035 2675 2635)
4(3035 3034 2674 2675)
4(2994 3034 3035 2995)
4(2996 3036 2676 2636)
4(3036 3035 2675 2676)
4(2995 3035 3036 2996)
4(2997 3037 2677 2637)
4(3037 3036 2676 2677)
4(2996 3036 3037 2997)
4(2998 3038 2678 2638)
4(3038 3037 2677 2678)
4(2997 3037 3038 2998)
4(3039 3038 2678 2679)
4(2998 3038 3039 2999)
4(3001 3041 2681 2641)
4(3041 3040 2680 2681)
4(3000 3040 3041 3001)
4(3002 3042 2682 2642)
4(3042 3041 2681 2682)
4(3001 3041 3042 3002)
4(3003 3043 2683 2643)
4(3043 3042 2682 2683)
4(3002 3042 3043 3003)
4(3004 3044 2684 2644)
4(3044 3043 2683 2684)
4(3003 3043 3044 3004)
4(3005 3045 2685 2645)
4(3045 3044 2684 2685)
4(3004 3044 3045 3005)
4(3006 3046 2686 2646)
4(3046 3045 2685 2686)
4(3005 3045 3046 3006)
4(3007 3047 2687 2647)
4(3047 3046 2686 2687)
4(3006 3046 3047 3007)
4(3008 3048 2688 2648)
4(3048 3047 2687 2688)
4(3007 3047 3048 3008)
4(3009 3049 2689 2649)
4(3049 3048 2688 2689)
4(3008 3048 3049 3009)
4(3010 3050 2690 2650)
4(3050 3049 2689 2690)
4(3009 3049 3050 3010)
4(3011 3051 2691 2651)
4(3051 3050 2690 2691)
4(3010 3050 3051 3011)
4(3012 3052 2692 2652)
4(3052 3051 2691 2692)
4(3011 3051 3052 3012)
4(3013 3053 2693 2653)
4(3053 3052 2692 2693)
4(3012 3052 3053 3013)
4(3014 3054 2694 2654)
4(3054 3053 2693 2694)
4(3013 3053 3054 3014)
4(3015 3055 2695 2655)
4(3055 3054 2694 2695)
4(3014 3054 3055 3015)
4(3016 3056 2696 2656)
4(3056 3055 2695 2696)
4(3015 3055 3056 3016)
4(3017 3057 2697 2657)
4(3057 3056 2696 2697)
4(3016 3056 3057 3017)
4(3018 3058 2698 2658)
4(3058 3057 2697 2698)
4(3017 3057 3058 3018)
4(3019 3059 2699 2659)
4(3059 3058 2698 2699)
4(3018 3058 3059 3019)
4(3020 3060 2700 2660)
4(3060 3059 2699 2700)
4(3019 3059 3060 3020)
4(3021 3061 2701 2661)
4(3061 3060 2700 2701)
4(3020 3060 3061 3021)
4(3022 3062 2702 2662)
4(3062 3061 2701 2702)
4(3021 3061 3062 3022)
4(3023 3063 2703 2663)
4(3063 3062 2702 2703)
4(3022 3062 3063 3023)
4(3024 3064 2704 2664)
4(3064 3063 2703 2704)
4(3023 3063 3064 3024)
4(3025 3065 2705 2665)
4(3065 3064 2704 2705)
4(3024 3064 3065 3025)
4(3026 3066 2706 2666)
4(3066 3065 2705 2706)
4(3025 3065 3066 3026)
4(3027 3067 2707 2667)
4(3067 3066 2706 2707)
4(3026 3066 3067 3027)
4(3028 3068 2708 2668)
4(3068 3067 2707 2708)
4(3027 3067 3068 3028)
4(3029 3069 2709 2669)
4(3069 3068 2708 2709)
4(3028 3068 3069 3029)
4(3030 3070 2710 2670)
4(3070 3069 2709 2710)
4(3029 3069 3070 3030)
4(3031 3071 2711 2671)
4(3071 3070 2710 2711)
4(3030 3070 3071 3031)
4(3032 3072 2712 2672)
4(3072 3071 2711 2712)
4(3031 3071 3072 3032)
4(3033 3073 2713 2673)
4(3073 3072 2712 2713)
4(3032 3072 3073 3033)
4(3034 3074 2714 2674)
4(3074 3073 2713 2714)
4(3033 3073 3074 3034)
4(3035 3075 2715 2675)
4(3075 3074 2714 2715)
4(3034 3074 3075 3035)
4(3036 3076 2716 2676)
4(3076 3075 2715 2716)
4(3035 3075 3076 3036)
4(3037 3077 2717 2677)
4(3077 3076 2716 2717)
4(3036 3076 3077 3037)
4(3038 3078 2718 2678)
4(3078 3077 2717 2718)
4(3037 3077 3078 3038)
4(3079 3078 2718 2719)
4(3038 3078 3079 3039)
4(3041 3081 2721 2681)
4(3081 3080 2720 2721)
4(3040 3080 3081 3041)
4(3042 3082 2722 2682)
4(3082 3081 2721 2722)
4(3041 3081 3082 3042)
4(3043 3083 2723 2683)
4(3083 3082 2722 2723)
4(3042 3082 3083 3043)
4(3044 3084 2724 2684)
4(3084 3083 2723 2724)
4(3043 3083 3084 3044)
4(3045 3085 2725 2685)
4(3085 3084 2724 2725)
4(3044 3084 3085 3045)
4(3046 3086 2726 2686)
4(3086 3085 2725 2726)
4(3045 3085 3086 3046)
4(3047 3087 2727 2687)
4(3087 3086 2726 2727)
4(3046 3086 3087 3047)
4(3048 3088 2728 2688)
4(3088 3087 2727 2728)
4(3047 3087 3088 3048)
4(3049 3089 2729 2689)
4(3089 3088 2728 2729)
4(3048 3088 3089 3049)
4(3050 3090 2730 2690)
4(3090 3089 2729 2730)
4(3049 3089 3090 3050)
4(3051 3091 2731 2691)
4(3091 3090 2730 2731)
4(3050 3090 3091 3051)
4(3052 3092 2732 2692)
4(3092 3091 2731 2732)
4(3051 3091 3092 3052)
4(3053 3093 2733 2693)
4(3093 3092 2732 2733)
4(3052 3092 3093 3053)
4(3054 3094 2734 2694)
4(3094 3093 2733 2734)
4(3053 3093 3094 3054)
4(3055 3095 2735 2695)
4(3095 3094 2734 2735)
4(3054 3094 3095 3055)
4(3056 3096 2736 2696)
4(3096 3095 2735 2736)
4(3055 3095 3096 3056)
4(3057 3097 2737 2697)
4(3097 3096 2736 2737)
4(3056 3096 3097 3057)
4(3058 3098 2738 2698)
4(3098 3097 2737 2738)
4(3057 3097 3098 3058)
4(3059 3099 2739 2699)
4(3099 3098 2738 2739)
4(3058 3098 3099 3059)
4(3060 3100 2740 2700)
4(3100 3099 2739 2740)
4(3059 3099 3100 3060)
4(3061 3101 2741 2701)
4(3101 3100 2740 2741)
4(3060 3100 3101 3061)
4(3062 3102 2742 2702)
4(3102 3101 2741 2742)
4(3061 3101 3102 3062)
4(3063 3103 2743 2703)
4(3103 3102 2742 2743)
4(3062 3102 3103 3063)
4(3064 3104 2744 2704)
4(3104 3103 2743 2744)
4(3063 3103 3104 3064)
4(3065 3105 2745 2705)
4(3105 3104 2744 2745)
4(3064 3104 3105 3065)
4(3066 3106 2746 2706)
4(3106 3105 2745 2746)
4(3065 3105 3106 3066)
4(3067 3107 2747 2707)
4(3107 3106 2746 2747)
4(3066 3106 3107 3067)
4(3068 3108 2748 2708)
4(3108 3107 2747 2748)
4(3067 3107 3108 3068)
4(3069 3109 2749 2709)
4(3109 3108 2748 2749)
4(3068 3108 3109 3069)
4(3070 3110 2750 2710)
4(3110 3109 2749 2750)
4(3069 3109 3110 3070)
4(3071 3111 2751 2711)
4(3111 3110 2750 2751)
4(3070 3110 3111 3071)
4(3072 3112 2752 2712)
4(3112 3111 2751 2752)
4(3071 3111 3112 3072)
4(3073 3113 2753 2713)
4(3113 3112 2752 2753)
4(3072 3112 3113 3073)
4(3074 3114 2754 2714)
4(3114 3113 2753 2754)
4(3073 3113 3114 3074)
4(3075 3115 2755 2715)
4(3115 3114 2754 2755)
4(3074 3114 3115 3075)
4(3076 3116 2756 2716)
4(3116 3115 2755 2756)
4(3075 3115 3116 3076)
4(3077 3117 2757 2717)
4(3117 3116 2756 2757)
4(3076 3116 3117 3077)
4(3078 3118 2758 2718)
4(3118 3117 2757 2758)
4(3077 3117 3118 3078)
4(3119 3118 2758 2759)
4(3078 3118 3119 3079)
4(3081 3121 2761 2721)
4(3121 3120 2760 2761)
4(3080 3120 3121 3081)
4(3082 3122 2762 2722)
4(3122 3121 2761 2762)
4(3081 3121 3122 3082)
4(3083 3123 2763 2723)
4(3123 3122 2762 2763)
4(3082 3122 3123 3083)
4(3084 3124 2764 2724)
4(3124 3123 2763 2764)
4(3083 3123 3124 3084)
4(3085 3125 2765 2725)
4(3125 3124 2764 2765)
4(3084 3124 3125 3085)
4(3086 3126 2766 2726)
4(3126 3125 2765 2766)
4(3085 3125 3126 3086)
4(3087 3127 2767 2727)
4(3127 3126 2766 2767)
4(3086 3126 3127 3087)
4(3088 3128 2768 2728)
4(3128 3127 2767 2768)
4(3087 3127 3128 3088)
4(3089 3129 2769 2729)
4(3129 3128 2768 2769)
4(3088 3128 3129 3089)
4(3090 3130 2770 2730)
4(3130 3129 2769 2770)
4(3089 3129 3130 3090)
4(3091 3131 2771 2731)
4(3131 3130 2770 2771)
4(3090 3130 3131 3091)
4(3092 3132 2772 2732)
4(3132 3131 2771 2772)
4(3091 3131 3132 3092)
4(3093 3133 2773 2733)
4(3133 3132 2772 2773)
4(3092 3132 3133 3093)
4(3094 3134 2774 2734)
4(3134 3133 2773 2774)
4(3093 3133 3134 3094)
4(3095 3135 2775 2735)
4(3135 3134 2774 2775)
4(3094 3134 3135 3095)
4(3096 3136 2776 2736)
4(3136 3135 2775 2776)
4(3095 3135 3136 3096)
4(3097 3137 2777 2737)
4(3137 3136 2776 2777)
4(3096 3136 3137 3097)
4(3098 3138 2778 2738)
4(3138 3137 2777 2778)
4(3097 3137 3138 3098)
4(3099 3139 2779 2739)
4(3139 3138 2778 2779)
4(3098 3138 3139 3099)
4(3100 3140 2780 2740)
4(3140 3139 2779 2780)
4(3099 3139 3140 3100)
4(3101 3141 2781 2741)
4(3141 3140 2780 2781)
4(3100 3140 3141 3101)
4(3102 3142 2782 2742)
4(3142 3141 2781 2782)
4(3101 3141 3142 3102)
4(3103 3143 2783 2743)
4(3143 3142 2782 2783)
4(3102 3142 3143 3103)
4(3104 3144 2784 2744)
4(3144 3143 2783 2784)
4(3103 3143 3144 3104)
4(3105 3145 2785 2745)
4(3145 3144 2784 2785)
4(3104 3144 3145 3105)
4(3106 3146 2786 2746)
4(3146 3145 2785 2786)
4(3105 3145 3146 3106)
4(3107 3147 2787 2747)
4(3147 3146 2786 2787)
4(3106 3146 3147 3107)
4(3108 3148 2788 2748)
4(3148 3147 2787 2788)
4(3107 3147 3148 3108)
4(3109 3149 2789 2749)
4(3149 3148 2788 2789)
4(3108 3148 3149 3109)
4(3110 3150 2790 2750)
4(3150 3149 2789 2790)
4(3109 3149 3150 3110)
4(3111 3151 2791 2751)
4(3151 3150 2790 2791)
4(3110 3150 3151 3111)
4(3112 3152 2792 2752)
4(3152 3151 2791 2792)
4(3111 3151 3152 3112)
4(3113 3153 2793 2753)
4(3153 3152 2792 2793)
4(3112 3152 3153 3113)
4(3114 3154 2794 2754)
4(3154 3153 2793 2794)
4(3113 3153 3154 3114)
4(3115 3155 2795 2755)
4(3155 3154 2794 2795)
4(3114 3154 3155 3115)
4(3116 3156 2796 2756)
4(3156 3155 2795 2796)
4(3115 3155 3156 3116)
4(3117 3157 2797 2757)
4(3157 3156 2796 2797)
4(3116 3156 3157 3117)
4(3118 3158 2798 2758)
4(3158 3157 2797 2798)
4(3117 3157 3158 3118)
4(3159 3158 2798 2799)
4(3118 3158 3159 3119)
4(3121 3161 2801 2761)
4(3161 3160 2800 2801)
4(3120 3160 3161 3121)
4(3122 3162 2802 2762)
4(3162 3161 2801 2802)
4(3121 3161 3162 3122)
4(3123 3163 2803 2763)
4(3163 3162 2802 2803)
4(3122 3162 3163 3123)
4(3124 3164 2804 2764)
4(3164 3163 2803 2804)
4(3123 3163 3164 3124)
4(3125 3165 2805 2765)
4(3165 3164 2804 2805)
4(3124 3164 3165 3125)
4(3126 3166 2806 2766)
4(3166 3165 2805 2806)
4(3125 3165 3166 3126)
4(3127 3167 2807 2767)
4(3167 3166 2806 2807)
4(3126 3166 3167 3127)
4(3128 3168 2808 2768)
4(3168 3167 2807 2808)
4(3127 3167 3168 3128)
4(3129 3169 2809 2769)
4(3169 3168 2808 2809)
4(3128 3168 3169 3129)
4(3130 3170 2810 2770)
4(3170 3169 2809 2810)
4(3129 3169 3170 3130)
4(3131 3171 2811 2771)
4(3171 3170 2810 2811)
4(3130 3170 3171 3131)
4(3132 3172 2812 2772)
4(3172 3171 2811 2812)
4(3131 3171 3172 3132)
4(3133 3173 2813 2773)
4(3173 3172 2812 2813)
4(3132 3172 3173 3133)
4(3134 3174 2814 2774)
4(3174 3173 2813 2814)
4(3133 3173 3174 3134)
4(3135 3175 2815 2775)
4(3175 3174 2814 2815)
4(3134 3174 3175 3135)
4(3136 3176 2816 2776)
4(3176 3175 2815 2816)
4(3135 3175 3176 3136)
4(3137 3177 2817 2777)
4(3177 3176 2816 2817)
4(3136 3176 3177 3137)
4(3138 3178 2818 2778)
4(3178 3177 2817 2818)
4(3137 3177 3178 3138)
4(3139 3179 2819 2779)
4(3179 3178 2818 2819)
4(3138 3178 3179 3139)
4(3140 3180 2820 2780)
4(3180 3179 2819 2820)
4(3139 3179 3180 3140)
4(3141 3181 2821 2781)
4(3181 3180 2820 2821)
4(3140 3180 3181 3141)
4(3142 3182 2822 2782)
4(3182 3181 2821 2822)
4(3141 3181 3182 3142)
4(3143 3183 2823 2783)
4(3183 3182 2822 2823)
4(3142 3182 3183 3143)
4(3144 3184 2824 2784)
4(3184 3183 2823 2824)
4(3143 3183 3184 3144)
4(3145 3185 2825 2785)
4(3185 3184 2824 2825)
4(3144 3184 3185 3145)
4(3146 3186 2826 2786)
4(3186 3185 2825 2826)
4(3145 3185 3186 3146)
4(3147 3187 2827 2787)
4(3187 3186 2826 2827)
4(3146 3186 3187 3147)
4(3148 3188 2828 2788)
4(3188 3187 2827 2828)
4(3147 3187 3188 3148)
4(3149 3189 2829 2789)
4(3189 3188 2828 2829)
4(3148 3188 3189 3149)
4(3150 3190 2830 2790)
4(3190 3189 2829 2830)
4(3149 3189 3190 3150)
4(3151 3191 2831 2791)
4(3191 3190 2830 2831)
4(3150 3190 3191 3151)
4(3152 3192 2832 2792)
4(3192 3191 2831 2832)
4(3151 3191 3192 3152)
4(3153 3193 2833 2793)
4(3193 3192 2832 2833)
4(3152 3192 3193 3153)
4(3154 3194 2834 2794)
4(3194 3193 2833 2834)
4(3153 3193 3194 3154)
4(3155 3195 2835 2795)
4(3195 3194 2834 2835)
4(3154 3194 3195 3155)
4(3156 3196 2836 2796)
4(3196 3195 2835 2836)
4(3155 3195 3196 3156)
4(3157 3197 2837 2797)
4(3197 3196 2836 2837)
4(3156 3196 3197 3157)
4(3158 3198 2838 2798)
4(3198 3197 2837 2838)
4(3157 3197 3198 3158)
4(3199 3198 2838 2839)
4(3158 3198 3199 3159)
4(3161 3201 2841 2801)
4(3160 3200 3201 3161)
4(3201 3200 2840 2841)
4(3162 3202 2842 2802)
4(3161 3201 3202 3162)
4(3202 3201 2841 2842)
4(3163 3203 2843 2803)
4(3162 3202 3203 3163)
4(3203 3202 2842 2843)
4(3164 3204 2844 2804)
4(3163 3203 3204 3164)
4(3204 3203 2843 2844)
4(3165 3205 2845 2805)
4(3164 3204 3205 3165)
4(3205 3204 2844 2845)
4(3166 3206 2846 2806)
4(3165 3205 3206 3166)
4(3206 3205 2845 2846)
4(3167 3207 2847 2807)
4(3166 3206 3207 3167)
4(3207 3206 2846 2847)
4(3168 3208 2848 2808)
4(3167 3207 3208 3168)
4(3208 3207 2847 2848)
4(3169 3209 2849 2809)
4(3168 3208 3209 3169)
4(3209 3208 2848 2849)
4(3170 3210 2850 2810)
4(3169 3209 3210 3170)
4(3210 3209 2849 2850)
4(3171 3211 2851 2811)
4(3170 3210 3211 3171)
4(3211 3210 2850 2851)
4(3172 3212 2852 2812)
4(3171 3211 3212 3172)
4(3212 3211 2851 2852)
4(3173 3213 2853 2813)
4(3172 3212 3213 3173)
4(3213 3212 2852 2853)
4(3174 3214 2854 2814)
4(3173 3213 3214 3174)
4(3214 3213 2853 2854)
4(3175 3215 2855 2815)
4(3174 3214 3215 3175)
4(3215 3214 2854 2855)
4(3176 3216 2856 2816)
4(3175 3215 3216 3176)
4(3216 3215 2855 2856)
4(3177 3217 2857 2817)
4(3176 3216 3217 3177)
4(3217 3216 2856 2857)
4(3178 3218 2858 2818)
4(3177 3217 3218 3178)
4(3218 3217 2857 2858)
4(3179 3219 2859 2819)
4(3178 3218 3219 3179)
4(3219 3218 2858 2859)
4(3180 3220 2860 2820)
4(3179 3219 3220 3180)
4(3220 3219 2859 2860)
4(3181 3221 2861 2821)
4(3180 3220 3221 3181)
4(3221 3220 2860 2861)
4(3182 3222 2862 2822)
4(3181 3221 3222 3182)
4(3222 3221 2861 2862)
4(3183 3223 2863 2823)
4(3182 3222 3223 3183)
4(3223 3222 2862 2863)
4(3184 3224 2864 2824)
4(3183 3223 3224 3184)
4(3224 3223 2863 2864)
4(3185 3225 2865 2825)
4(3184 3224 3225 3185)
4(3225 3224 2864 2865)
4(3186 3226 2866 2826)
4(3185 3225 3226 3186)
4(3226 3225 2865 2866)
4(3187 3227 2867 2827)
4(3186 3226 3227 3187)
4(3227 3226 2866 2867)
4(3188 3228 2868 2828)
4(3187 3227 3228 3188)
4(3228 3227 2867 2868)
4(3189 3229 2869 2829)
4(3188 3228 3229 3189)
4(3229 3228 2868 2869)
4(3190 3230 2870 2830)
4(3189 3229 3230 3190)
4(3230 3229 2869 2870)
4(3191 3231 2871 2831)
4(3190 3230 3231 3191)
4(3231 3230 2870 2871)
4(3192 3232 2872 2832)
4(3191 3231 3232 3192)
4(3232 3231 2871 2872)
4(3193 3233 2873 2833)
4(3192 3232 3233 3193)
4(3233 3232 2872 2873)
4(3194 3234 2874 2834)
4(3193 3233 3234 3194)
4(3234 3233 2873 2874)
4(3195 3235 2875 2835)
4(3194 3234 3235 3195)
4(3235 3234 2874 2875)
4(3196 3236 2876 2836)
4(3195 3235 3236 3196)
4(3236 3235 2875 2876)
4(3197 3237 2877 2837)
4(3196 3236 3237 3197)
4(3237 3236 2876 2877)
4(3198 3238 2878 2838)
4(3197 3237 3238 3198)
4(3238 3237 2877 2878)
4(3198 3238 3239 3199)
4(3239 3238 2878 2879)
4(3241 3281 361 1)
4(3281 3280 360 361)
4(3240 3280 3281 3241)
4(0 3240 3241 1)
4(3242 3282 362 2)
4(3282 3281 361 362)
4(3241 3281 3282 3242)
4(1 3241 3242 2)
4(3243 3283 363 3)
4(3283 3282 362 363)
4(3242 3282 3283 3243)
4(2 3242 3243 3)
4(3244 3284 364 4)
4(3284 3283 363 364)
4(3243 3283 3284 3244)
4(3 3243 3244 4)
4(3245 3285 365 5)
4(3285 3284 364 365)
4(3244 3284 3285 3245)
4(4 3244 3245 5)
4(3246 3286 366 6)
4(3286 3285 365 366)
4(3245 3285 3286 3246)
4(5 3245 3246 6)
4(3247 3287 367 7)
4(3287 3286 366 367)
4(3246 3286 3287 3247)
4(6 3246 3247 7)
4(3248 3288 368 8)
4(3288 3287 367 368)
4(3247 3287 3288 3248)
4(7 3247 3248 8)
4(3249 3289 369 9)
4(3289 3288 368 369)
4(3248 3288 3289 3249)
4(8 3248 3249 9)
4(3250 3290 370 10)
4(3290 3289 369 370)
4(3249 3289 3290 3250)
4(9 3249 3250 10)
4(3251 3291 371 11)
4(3291 3290 370 371)
4(3250 3290 3291 3251)
4(10 3250 3251 11)
4(3252 3292 372 12)
4(3292 3291 371 372)
4(3251 3291 3292 3252)
4(11 3251 3252 12)
4(3253 3293 373 13)
4(3293 3292 372 373)
4(3252 3292 3293 3253)
4(12 3252 3253 13)
4(3254 3294 374 14)
4(3294 3293 373 374)
4(3253 3293 3294 3254)
4(13 3253 3254 14)
4(3255 3295 375 15)
4(3295 3294 374 375)
4(3254 3294 3295 3255)
4(14 3254 3255 15)
4(3256 3296 376 16)
4(3296 3295 375 376)
4(3255 3295 3296 3256)
4(15 3255 3256 16)
4(3257 3297 377 17)
4(3297 3296 376 377)
4(3256 3296 3297 3257)
4(16 3256 3257 17)
4(3258 3298 378 18)
4(3298 3297 377 378)
4(3257 3297 3298 3258)
4(17 3257 3258 18)
4(3259 3299 379 19)
4(3299 3298 378 379)
4(3258 3298 3299 3259)
4(18 3258 3259 19)
4(3260 3300 380 20)
4(3300 3299 379 380)
4(3259 3299 3300 3260)
4(19 3259 3260 20)
4(3261 3301 381 21)
4(3301 3300 380 381)
4(3260 3300 3301 3261)
4(20 3260 3261 21)
4(3262 3302 382 22)
4(3302 3301 381 382)
4(3261 3301 3302 3262)
4(21 3261 3262 22)
4(3263 3303 383 23)
4(3303 3302 382 383)
4(3262 3302 3303 3263)
4(22 3262 3263 23)
4(3264 3304 384 24)
4(3304 3303 383 384)
4(3263 3303 3304 3264)
4(23 3263 3264 24)
4(3265 3305 385 25)
4(3305 3304 384 385)
4(3264 3304 3305 3265)
4(24 3264 3265 25)
4(3266 3306 386 26)
4(3306 3305 385 386)
4(3265 3305 3306 3266)
4(25 3265 3266 26)
4(3267 3307 387 27)
4(3307 3306 386 387)
4(3266 3306 3307 3267)
4(26 3266 3267 27)
4(3268 3308 388 28)
4(3308 3307 387 388)
4(3267 3307 3308 3268)
4(27 3267 3268 28)
4(3269 3309 389 29)
4(3309 3308 388 389)
4(3268 3308 3309 3269)
4(28 3268 3269 29)
4(3270 3310 390 30)
4(3310 3309 389 390)
4(3269 3309 3310 3270)
4(29 3269 3270 30)
4(3271 3311 391 31)
4(3311 3310 390 391)
4(3270 3310 3311 3271)
4(30 3270 3271 31)
4(3272 3312 392 32)
4(3312 3311 391 392)
4(3271 3311 3312 3272)
4(31 3271 3272 32)
4(3273 3313 393 33)
4(3313 3312 392 393)
4(3272 3312 3313 3273)
4(32 3272 3273 33)
4(3274 3314 394 34)
4(3314 3313 393 394)
4(3273 3313 3314 3274)
4(33 3273 3274 34)
4(3275 3315 395 35)
4(3315 3314 394 395)
4(3274 3314 3315 3275)
4(34 3274 3275 35)
4(3276 3316 396 36)
4(3316 3315 395 396)
4(3275 3315 3316 3276)
4(35 3275 3276 36)
4(3277 3317 397 37)
4(3317 3316 396 397)
4(3276 3316 3317 3277)
4(36 3276 3277 37)
4(3278 3318 398 38)
4(3318 3317 397 398)
4(3277 3317 3318 3278)
4(37 3277 3278 38)
4(3319 3318 398 399)
4(3278 3318 3319 3279)
4(38 3278 3279 39)
4(3281 3321 721 361)
4(3321 3320 720 721)
4(3280 3320 3321 3281)
4(3282 3322 722 362)
4(3322 3321 721 722)
4(3281 3321 3322 3282)
4(3283 3323 723 363)
4(3323 3322 722 723)
4(3282 3322 3323 3283)
4(3284 3324 724 364)
4(3324 3323 723 724)
4(3283 3323 3324 3284)
4(3285 3325 725 365)
4(3325 3324 724 725)
4(3284 3324 3325 3285)
4(3286 3326 726 366)
4(3326 3325 725 726)
4(3285 3325 3326 3286)
4(3287 3327 727 367)
4(3327 3326 726 727)
4(3286 3326 3327 3287)
4(3288 3328 728 368)
4(3328 3327 727 728)
4(3287 3327 3328 3288)
4(3289 3329 729 369)
4(3329 3328 728 729)
4(3288 3328 3329 3289)
4(3290 3330 730 370)
4(3330 3329 729 730)
4(3289 3329 3330 3290)
4(3291 3331 731 371)
4(3331 3330 730 731)
4(3290 3330 3331 3291)
4(3292 3332 732 372)
4(3332 3331 731 732)
4(3291 3331 3332 3292)
4(3293 3333 733 373)
4(3333 3332 732 733)
4(3292 3332 3333 3293)
4(3294 3334 734 374)
4(3334 3333 733 734)
4(3293 3333 3334 3294)
4(3295 3335 735 375)
4(3335 3334 734 735)
4(3294 3334 3335 3295)
4(3296 3336 736 376)
4(3336 3335 735 736)
4(3295 3335 3336 3296)
4(3297 3337 737 377)
4(3337 3336 736 737)
4(3296 3336 3337 3297)
4(3298 3338 738 378)
4(3338 3337 737 738)
4(3297 3337 3338 3298)
4(3299 3339 739 379)
4(3339 3338 738 739)
4(3298 3338 3339 3299)
4(3300 3340 740 380)
4(3340 3339 739 740)
4(3299 3339 3340 3300)
4(3301 3341 741 381)
4(3341 3340 740 741)
4(3300 3340 3341 3301)
4(3302 3342 742 382)
4(3342 3341 741 742)
4(3301 3341 3342 3302)
4(3303 3343 743 383)
4(3343 3342 742 743)
4(3302 3342 3343 3303)
4(3304 3344 744 384)
4(3344 3343 743 744)
4(3303 3343 3344 3304)
4(3305 3345 745 385)
4(3345 3344 744 745)
4(3304 3344 3345 3305)
4(3306 3346 746 386)
4(3346 3345 745 746)
4(3305 3345 3346 3306)
4(3307 3347 747 387)
4(3347 3346 746 747)
4(3306 3346 3347 3307)
4(3308 3348 748 388)
4(3348 3347 747 748)
4(3307 3347 3348 3308)
4(3309 3349 749 389)
4(3349 3348 748 749)
4(3308 3348 3349 3309)
4(3310 3350 750 390)
4(3350 3349 749 750)
4(3309 3349 3350 3310)
4(3311 3351 751 391)
4(3351 3350 750 751)
4(3310 3350 3351 3311)
4(3312 3352 752 392)
4(3352 3351 751 752)
4(3311 3351 3352 3312)
4(3313 3353 753 393)
4(3353 3352 752 753)
4(3312 3352 3353 3313)
4(3314 3354 754 394)
4(3354 3353 753 754)
4(3313 3353 3354 3314)
4(3315 3355 755 395)
4(3355 3354 754 755)
4(3314 3354 3355 3315)
4(3316 3356 756 396)
4(3356 3355 755 756)
4(3315 3355 3356 3316)
4(3317 3357 757 397)
4(3357 3356 756 757)
4(3316 3356 3357 3317)
4(3318 3358 758 398)
4(3358 3357 757 758)
4(3317 3357 3358 3318)
4(3359 3358 758 759)
4(3318 3358 3359 3319)
4(3321 3361 1081 721)
4(3361 3360 1080 1081)
4(3320 3360 3361 3321)
4(3322 3362 1082 722)
4(3362 3361 1081 1082)
4(3321 3361 3362 3322)
4(3323 3363 1083 723)
4(3363 3362 1082 1083)
4(3322 3362 3363 3323)
4(3324 3364 1084 724)
4(3364 3363 1083 1084)
4(3323 3363 3364 3324)
4(3325 3365 1085 725)
4(3365 3364 1084 1085)
4(3324 3364 3365 3325)
4(3326 3366 1086 726)
4(3366 3365 1085 1086)
4(3325 3365 3366 3326)
4(3327 3367 1087 727)
4(3367 3366 1086 1087)
4(3326 3366 3367 3327)
4(3328 3368 1088 728)
4(3368 3367 1087 1088)
4(3327 3367 3368 3328)
4(3329 3369 1089 729)
4(3369 3368 1088 1089)
4(3328 3368 3369 3329)
4(3330 3370 1090 730)
4(3370 3369 1089 1090)
4(3329 3369 3370 3330)
4(3331 3371 1091 731)
4(3371 3370 1090 1091)
4(3330 3370 3371 3331)
4(3332 3372 1092 732)
4(3372 3371 1091 1092)
4(3331 3371 3372 3332)
4(3333 3373 1093 733)
4(3373 3372 1092 1093)
4(3332 3372 3373 3333)
4(3334 3374 1094 734)
4(3374 3373 1093 1094)
4(3333 3373 3374 3334)
4(3335 3375 1095 735)
4(3375 3374 1094 1095)
4(3334 3374 3375 3335)
4(3336 3376 1096 736)
4(3376 3375 1095 1096)
4(3335 3375 3376 3336)
4(3337 3377 1097 737)
4(3377 3376 1096 1097)
4(3336 3376 3377 3337)
4(3338 3378 1098 738)
4(3378 3377 1097 1098)
4(3337 3377 3378 3338)
4(3339 3379 1099 739)
4(3379 3378 1098 1099)
4(3338 3378 3379 3339)
4(3340 3380 1100 740)
4(3380 3379 1099 1100)
4(3339 3379 3380 3340)
4(3341 3381 1101 741)
4(3381 3380 1100 1101)
4(3340 3380 3381 3341)
4(3342 3382 1102 742)
4(3382 3381 1101 1102)
4(3341 3381 3382 3342)
4(3343 3383 1103 743)
4(3383 3382 1102 1103)
4(3342 3382 3383 3343)
4(3344 3384 1104 744)
4(3384 3383 1103 1104)
4(3343 3383 3384 3344)
4(3345 3385 1105 745)
4(3385 3384 1104 1105)
4(3344 3384 3385 3345)
4(3346 3386 1106 746)
4(3386 3385 1105 1106)
4(3345 3385 3386 3346)
4(3347 3387 1107 747)
4(3387 3386 1106 1107)
4(3346 3386 3387 3347)
4(3348 3388 1108 748)
4(3388 3387 1107 1108)
4(3347 3387 3388 3348)
4(3349 3389 1109 749)
4(3389 3388 1108 1109)
4(3348 3388 3389 3349)
4(3350 3390 1110 750)
4(3390 3389 1109 1110)
4(3349 3389 3390 3350)
4(3351 3391 1111 751)
4(3391 3390 1110 1111)
4(3350 3390 3391 3351)
4(3352 3392 1112 752)
4(3392 3391 1111 1112)
4(3351 3391 3392 3352)
4(3353 3393 1113 753)
4(3393 3392 1112 1113)
4(3352 3392 3393 3353)
4(3354 3394 1114 754)
4(3394 3393 1113 1114)
4(3353 3393 3394 3354)
4(3355 3395 1115 755)
4(3395 3394 1114 1115)
4(3354 3394 3395 3355)
4(3356 3396 1116 756)
4(3396 3395 1115 1116)
4(3355 3395 3396 3356)
4(3357 3397 1117 757)
4(3397 3396 1116 1117)
4(3356 3396 3397 3357)
4(3358 3398 1118 758)
4(3398 3397 1117 1118)
4(3357 3397 3398 3358)
4(3399 3398 1118 1119)
4(3358 3398 3399 3359)
4(3361 3401 1441 1081)
4(3401 3400 1440 1441)
4(3360 3400 3401 3361)
4(3362 3402 1442 1082)
4(3402 3401 1441 1442)
4(3361 3401 3402 3362)
4(3363 3403 1443 1083)
4(3403 3402 1442 1443)
4(3362 3402 3403 3363)
4(3364 3404 1444 1084)
4(3404 3403 1443 1444)
4(3363 3403 3404 3364)
4(3365 3405 1445 1085)
4(3405 3404 1444 1445)
4(3364 3404 3405 3365)
4(3366 3406 1446 1086)
4(3406 3405 1445 1446)
4(3365 3405 3406 3366)
4(3367 3407 1447 1087)
4(3407 3406 1446 1447)
4(3366 3406 3407 3367)
4(3368 3408 1448 1088)
4(3408 3407 1447 1448)
4(3367 3407 3408 3368)
4(3369 3409 1449 1089)
4(3409 3408 1448 1449)
4(3368 3408 3409 3369)
4(3370 3410 1450 1090)
4(3410 3409 1449 1450)
4(3369 3409 3410 3370)
4(3371 3411 1451 1091)
4(3411 3410 1450 1451)
4(3370 3410 3411 3371)
4(3372 3412 1452 1092)
4(3412 3411 1451 1452)
4(3371 3411 3412 3372)
4(3373 3413 1453 1093)
4(3413 3412 1452 1453)
4(3372 3412 3413 3373)
4(3374 3414 1454 1094)
4(3414 3413 1453 1454)
4(3373 3413 3414 3374)
4(3375 3415 1455 1095)
4(3415 3414 1454 1455)
4(3374 3414 3415 3375)
4(3376 3416 1456 1096)
4(3416 3415 1455 1456)
4(3375 3415 3416 3376)
4(3377 3417 1457 1097)
4(3417 3416 1456 1457)
4(3376 3416 3417 3377)
4(3378 3418 1458 1098)
4(3418 3417 1457 1458)
4(3377 3417 3418 3378)
4(3379 3419 1459 1099)
4(3419 3418 1458 1459)
4(3378 3418 3419 3379)
4(3380 3420 1460 1100)
4(3420 3419 1459 1460)
4(3379 3419 3420 3380)
4(3381 3421 1461 1101)
4(3421 3420 1460 1461)
4(3380 3420 3421 3381)
4(3382 3422 1462 1102)
4(3422 3421 1461 1462)
4(3381 3421 3422 3382)
4(3383 3423 1463 1103)
4(3423 3422 1462 1463)
4(3382 3422 3423 3383)
4(3384 3424 1464 1104)
4(3424 3423 1463 1464)
4(3383 3423 3424 3384)
4(3385 3425 1465 1105)
4(3425 3424 1464 1465)
4(3384 3424 3425 3385)
4(3386 3426 1466 1106)
4(3426 3425 1465 1466)
4(3385 3425 3426 3386)
4(3387 3427 1467 1107)
4(3427 3426 1466 1467)
4(3386 3426 3427 3387)
4(3388 3428 1468 1108)
4(3428 3427 1467 1468)
4(3387 3427 3428 3388)
4(3389 3429 1469 1109)
4(3429 3428 1468 1469)
4(3388 3428 3429 3389)
4(3390 3430 1470 1110)
4(3430 3429 1469 1470)
4(3389 3429 3430 3390)
4(3391 3431 1471 1111)
4(3431 3430 1470 1471)
4(3390 3430 3431 3391)
4(3392 3432 1472 1112)
4(3432 3431 1471 1472)
4(3391 3431 3432 3392)
4(3393 3433 1473 1113)
4(3433 3432 1472 1473)
4(3392 3432 3433 3393)
4(3394 3434 1474 1114)
4(3434 3433 1473 1474)
4(3393 3433 3434 3394)
4(3395 3435 1475 1115)
4(3435 3434 1474 1475)
4(3394 3434 3435 3395)
4(3396 3436 1476 1116)
4(3436 3435 1475 1476)
4(3395 3435 3436 3396)
4(3397 3437 1477 1117)
4(3437 3436 1476 1477)
4(3396 3436 3437 3397)
4(3398 3438 1478 1118)
4(3438 3437 1477 1478)
4(3397 3437 3438 3398)
4(3439 3438 1478 1479)
4(3398 3438 3439 3399)
4(3401 3441 1801 1441)
4(3441 3440 1800 1801)
4(3400 3440 3441 3401)
4(3402 3442 1802 1442)
4(3442 3441 1801 1802)
4(3401 3441 3442 3402)
4(3403 3443 1803 1443)
4(3443 3442 1802 1803)
4(3402 3442 3443 3403)
4(3404 3444 1804 1444)
4(3444 3443 1803 1804)
4(3403 3443 3444 3404)
4(3405 3445 1805 1445)
4(3445 3444 1804 1805)
4(3404 3444 3445 3405)
4(3406 3446 1806 1446)
4(3446 3445 1805 1806)
4(3405 3445 3446 3406)
4(3407 3447 1807 1447)
4(3447 3446 1806 1807)
4(3406 3446 3447 3407)
4(3408 3448 1808 1448)
4(3448 3447 1807 1808)
4(3407 3447 3448 3408)
4(3409 3449 1809 1449)
4(3449 3448 1808 1809)
4(3408 3448 3449 3409)
4(3410 3450 1810 1450)
4(3450 3449 1809 1810)
4(3409 3449 3450 3410)
4(3411 3451 1811 1451)
4(3451 3450 1810 1811)
4(3410 3450 3451 3411)
4(3412 3452 1812 1452)
4(3452 3451 1811 1812)
4(3411 3451 3452 3412)
4(3413 3453 1813 1453)
4(3453 3452 1812 1813)
4(3412 3452 3453 3413)
4(3414 3454 1814 1454)
4(3454 3453 1813 1814)
4(3413 3453 3454 3414)
4(3415 3455 1815 1455)
4(3455 3454 1814 1815)
4(3414 3454 3455 3415)
4(3416 3456 1816 1456)
4(3456 3455 1815 1816)
4(3415 3455 3456 3416)
4(3417 3457 1817 1457)
4(3457 3456 1816 1817)
4(3416 3456 3457 3417)
4(3418 3458 1818 1458)
4(3458 3457 1817 1818)
4(3417 3457 3458 3418)
4(3419 3459 1819 1459)
4(3459 3458 1818 1819)
4(3418 3458 3459 3419)
4(3420 3460 1820 1460)
4(3460 3459 1819 1820)
4(3419 3459 3460 3420)
4(3421 3461 1821 1461)
4(3461 3460 1820 1821)
4(3420 3460 3461 3421)
4(3422 3462 1822 1462)
4(3462 3461 1821 1822)
4(3421 3461 3462 3422)
4(3423 3463 1823 1463)
4(3463 3462 1822 1823)
4(3422 3462 3463 3423)
4(3424 3464 1824 1464)
4(3464 3463 1823 1824)
4(3423 3463 3464 3424)
4(3425 3465 1825 1465)
4(3465 3464 1824 1825)
4(3424 3464 3465 3425)
4(3426 3466 1826 1466)
4(3466 3465 1825 1826)
4(3425 3465 3466 3426)
4(3427 3467 1827 1467)
4(3467 3466 1826 1827)
4(3426 3466 3467 3427)
4(3428 3468 1828 1468)
4(3468 3467 1827 1828)
4(3427 3467 3468 3428)
4(3429 3469 1829 1469)
4(3469 3468 1828 1829)
4(3428 3468 3469 3429)
4(3430 3470 1830 1470)
4(3470 3469 1829 1830)
4(3429 3469 3470 3430)
4(3431 3471 1831 1471)
4(3471 3470 1830 1831)
4(3430 3470 3471 3431)
4(3432 3472 1832 1472)
4(3472 3471 1831 1832)
4(3431 3471 3472 3432)
4(3433 3473 1833 1473)
4(3473 3472 1832 1833)
4(3432 3472 3473 3433)
4(3434 3474 1834 1474)
4(3474 3473 1833 1834)
4(3433 3473 3474 3434)
4(3435 3475 1835 1475)
4(3475 3474 1834 1835)
4(3434 3474 3475 3435)
4(3436 3476 1836 1476)
4(3476 3475 1835 1836)
4(3435 3475 3476 3436)
4(3437 3477 1837 1477)
4(3477 3476 1836 1837)
4(3436 3476 3477 3437)
4(3438 3478 1838 1478)
4(3478 3477 1837 1838)
4(3437 3477 3478 3438)
4(3479 3478 1838 1839)
4(3438 3478 3479 3439)
4(3441 3481 2161 1801)
4(3481 3480 2160 2161)
4(3440 3480 3481 3441)
4(3442 3482 2162 1802)
4(3482 3481 2161 2162)
4(3441 3481 3482 3442)
4(3443 3483 2163 1803)
4(3483 3482 2162 2163)
4(3442 3482 3483 3443)
4(3444 3484 2164 1804)
4(3484 3483 2163 2164)
4(3443 3483 3484 3444)
4(3445 3485 2165 1805)
4(3485 3484 2164 2165)
4(3444 3484 3485 3445)
4(3446 3486 2166 1806)
4(3486 3485 2165 2166)
4(3445 3485 3486 3446)
4(3447 3487 2167 1807)
4(3487 3486 2166 2167)
4(3446 3486 3487 3447)
4(3448 3488 2168 1808)
4(3488 3487 2167 2168)
4(3447 3487 3488 3448)
4(3449 3489 2169 1809)
4(3489 3488 2168 2169)
4(3448 3488 3489 3449)
4(3450 3490 2170 1810)
4(3490 3489 2169 2170)
4(3449 3489 3490 3450)
4(3451 3491 2171 1811)
4(3491 3490 2170 2171)
4(3450 3490 3491 3451)
4(3452 3492 2172 1812)
4(3492 3491 2171 2172)
4(3451 3491 3492 3452)
4(3453 3493 2173 1813)
4(3493 3492 2172 2173)
4(3452 3492 3493 3453)
4(3454 3494 2174 1814)
4(3494 3493 2173 2174)
4(3453 3493 3494 3454)
4(3455 3495 2175 1815)
4(3495 3494 2174 2175)
4(3454 3494 3495 3455)
4(3456 3496 2176 1816)
4(3496 3495 2175 2176)
4(3455 3495 3496 3456)
4(3457 3497 2177 1817)
4(3497 3496 2176 2177)
4(3456 3496 3497 3457)
4(3458 3498 2178 1818)
4(3498 3497 2177 2178)
4(3457 3497 3498 3458)
4(3459 3499 2179 1819)
4(3499 3498 2178 2179)
4(3458 3498 3499 3459)
4(3460 3500 2180 1820)
4(3500 3499 2179 2180)
4(3459 3499 3500 3460)
4(3461 3501 2181 1821)
4(3501 3500 2180 2181)
4(3460 3500 3501 3461)
4(3462 3502 2182 1822)
4(3502 3501 2181 2182)
4(3461 3501 3502 3462)
4(3463 3503 2183 1823)
4(3503 3502 2182 2183)
4(3462 3502 3503 3463)
4(3464 3504 2184 1824)
4(3504 3503 2183 2184)
4(3463 3503 3504 3464)
4(3465 3505 2185 1825)
4(3505 3504 2184 2185)
4(3464 3504 3505 3465)
4(3466 3506 2186 1826)
4(3506 3505 2185 2186)
4(3465 3505 3506 3466)
4(3467 3507 2187 1827)
4(3507 3506 2186 2187)
4(3466 3506 3507 3467)
4(3468 3508 2188 1828)
4(3508 3507 2187 2188)
4(3467 3507 3508 3468)
4(3469 3509 2189 1829)
4(3509 3508 2188 2189)
4(3468 3508 3509 3469)
4(3470 3510 2190 1830)
4(3510 3509 2189 2190)
4(3469 3509 3510 3470)
4(3471 3511 2191 1831)
4(3511 3510 2190 2191)
4(3470 3510 3511 3471)
4(3472 3512 2192 1832)
4(3512 3511 2191 2192)
4(3471 3511 3512 3472)
4(3473 3513 2193 1833)
4(3513 3512 2192 2193)
4(3472 3512 3513 3473)
4(3474 3514 2194 1834)
4(3514 3513 2193 2194)
4(3473 3513 3514 3474)
4(3475 3515 2195 1835)
4(3515 3514 2194 2195)
4(3474 3514 3515 3475)
4(3476 3516 2196 1836)
4(3516 3515 2195 2196)
4(3475 3515 3516 3476)
4(3477 3517 2197 1837)
4(3517 3516 2196 2197)
4(3476 3516 3517 3477)
4(3478 3518 2198 1838)
4(3518 3517 2197 2198)
4(3477 3517 3518 3478)
4(3519 3518 2198 2199)
4(3478 3518 3519 3479)
4(3481 3521 2521 2161)
4(3521 3520 2520 2521)
4(3480 3520 3521 3481)
4(3482 3522 2522 2162)
4(3522 3521 2521 2522)
4(3481 3521 3522 3482)
4(3483 3523 2523 2163)
4(3523 3522 2522 2523)
4(3482 3522 3523 3483)
4(3484 3524 2524 2164)
4(3524 3523 2523 2524)
4(3483 3523 3524 3484)
4(3485 3525 2525 2165)
4(3525 3524 2524 2525)
4(3484 3524 3525 3485)
4(3486 3526 2526 2166)
4(3526 3525 2525 2526)
4(3485 3525 3526 3486)
4(3487 3527 2527 2167)
4(3527 3526 2526 2527)
4(3486 3526 3527 3487)
4(3488 3528 2528 2168)
4(3528 3527 2527 2528)
4(3487 3527 3528 3488)
4(3489 3529 2529 2169)
4(3529 3528 2528 2529)
4(3488 3528 3529 3489)
4(3490 3530 2530 2170)
4(3530 3529 2529 2530)
4(3489 3529 3530 3490)
4(3491 3531 2531 2171)
4(3531 3530 2530 2531)
4(3490 3530 3531 3491)
4(3492 3532 2532 2172)
4(3532 3531 2531 2532)
4(3491 3531 3532 3492)
4(3493 3533 2533 2173)
4(3533 3532 2532 2533)
4(3492 3532 3533 3493)
4(3494 3534 2534 2174)
4(3534 3533 2533 2534)
4(3493 3533 3534 3494)
4(3495 3535 2535 2175)
4(3535 3534 2534 2535)
4(3494 3534 3535 3495)
4(3496 3536 2536 2176)
4(3536 3535 2535 2536)
4(3495 3535 3536 3496)
4(3497 3537 2537 2177)
4(3537 3536 2536 2537)
4(3496 3536 3537 3497)
4(3498 3538 2538 2178)
4(3538 3537 2537 2538)
4(3497 3537 3538 3498)
4(3499 3539 2539 2179)
4(3539 3538 2538 2539)
4(3498 3538 3539 3499)
4(3500 3540 2540 2180)
4(3540 3539 2539 2540)
4(3499 3539 3540 3500)
4(3501 3541 2541 2181)
4(3541 3540 2540 2541)
4(3500 3540 3541 3501)
4(3502 3542 2542 2182)
4(3542 3541 2541 2542)
4(3501 3541 3542 3502)
4(3503 3543 2543 2183)
4(3543 3542 2542 2543)
4(3502 3542 3543 3503)
4(3504 3544 2544 2184)
4(3544 3543 2543 2544)
4(3503 3543 3544 3504)
4(3505 3545 2545 2185)
4(3545 3544 2544 2545)
4(3504 3544 3545 3505)
4(3506 3546 2546 2186)
4(3546 3545 2545 2546)
4(3505 3545 3546 3506)
4(3507 3547 2547 2187)
4(3547 3546 2546 2547)
4(3506 3546 3547 3507)
4(3508 3548 2548 2188)
4(3548 3547 2547 2548)
4(3507 3547 3548 3508)
4(3509 3549 2549 2189)
4(3549 3548 2548 2549)
4(3508 3548 3549 3509)
4(3510 3550 2550 2190)
4(3550 3549 2549 2550)
4(3509 3549 3550 3510)
4(3511 3551 2551 2191)
4(3551 3550 2550 2551)
4(3510 3550 3551 3511)
4(3512 3552 2552 2192)
4(3552 3551 2551 2552)
4(3511 3551 3552 3512)
4(3513 3553 2553 2193)
4(3553 3552 2552 2553)
4(3512 3552 3553 3513)
4(3514 3554 2554 2194)
4(3554 3553 2553 2554)
4(3513 3553 3554 3514)
4(3515 3555 2555 2195)
4(3555 3554 2554 2555)
4(3514 3554 3555 3515)
4(3516 3556 2556 2196)
4(3556 3555 2555 2556)
4(3515 3555 3556 3516)
4(3517 3557 2557 2197)
4(3557 3556 2556 2557)
4(3516 3556 3557 3517)
4(3518 3558 2558 2198)
4(3558 3557 2557 2558)
4(3517 3557 3558 3518)
4(3559 3558 2558 2559)
4(3518 3558 3559 3519)
4(3521 3561 2881 2521)
4(3520 3560 3561 3521)
4(3561 3560 2880 2881)
4(3522 3562 2882 2522)
4(3521 3561 3562 3522)
4(3562 3561 2881 2882)
4(3523 3563 2883 2523)
4(3522 3562 3563 3523)
4(3563 3562 2882 2883)
4(3524 3564 2884 2524)
4(3523 3563 3564 3524)
4(3564 3563 2883 2884)
4(3525 3565 2885 2525)
4(3524 3564 3565 3525)
4(3565 3564 2884 2885)
4(3526 3566 2886 2526)
4(3525 3565 3566 3526)
4(3566 3565 2885 2886)
4(3527 3567 2887 2527)
4(3526 3566 3567 3527)
4(3567 3566 2886 2887)
4(3528 3568 2888 2528)
4(3527 3567 3568 3528)
4(3568 3567 2887 2888)
4(3529 3569 2889 2529)
4(3528 3568 3569 3529)
4(3569 3568 2888 2889)
4(3530 3570 2890 2530)
4(3529 3569 3570 3530)
4(3570 3569 2889 2890)
4(3531 3571 2891 2531)
4(3530 3570 3571 3531)
4(3571 3570 2890 2891)
4(3532 3572 2892 2532)
4(3531 3571 3572 3532)
4(3572 3571 2891 2892)
4(3533 3573 2893 2533)
4(3532 3572 3573 3533)
4(3573 3572 2892 2893)
4(3534 3574 2894 2534)
4(3533 3573 3574 3534)
4(3574 3573 2893 2894)
4(3535 3575 2895 2535)
4(3534 3574 3575 3535)
4(3575 3574 2894 2895)
4(3536 3576 2896 2536)
4(3535 3575 3576 3536)
4(3576 3575 2895 2896)
4(3537 3577 2897 2537)
4(3536 3576 3577 3537)
4(3577 3576 2896 2897)
4(3538 3578 2898 2538)
4(3537 3577 3578 3538)
4(3578 3577 2897 2898)
4(3539 3579 2899 2539)
4(3538 3578 3579 3539)
4(3579 3578 2898 2899)
4(3540 3580 2900 2540)
4(3539 3579 3580 3540)
4(3580 3579 2899 2900)
4(3541 3581 2901 2541)
4(3540 3580 3581 3541)
4(3581 3580 2900 2901)
4(3542 3582 2902 2542)
4(3541 3581 3582 3542)
4(3582 3581 2901 2902)
4(3543 3583 2903 2543)
4(3542 3582 3583 3543)
4(3583 3582 2902 2903)
4(3544 3584 2904 2544)
4(3543 3583 3584 3544)
4(3584 3583 2903 2904)
4(3545 3585 2905 2545)
4(3544 3584 3585 3545)
4(3585 3584 2904 2905)
4(3546 3586 2906 2546)
4(3545 3585 3586 3546)
4(3586 3585 2905 2906)
4(3547 3587 2907 2547)
4(3546 3586 3587 3547)
4(3587 3586 2906 2907)
4(3548 3588 2908 2548)
4(3547 3587 3588 3548)
4(3588 3587 2907 2908)
4(3549 3589 2909 2549)
4(3548 3588 3589 3549)
4(3589 3588 2908 2909)
4(3550 3590 2910 2550)
4(3549 3589 3590 3550)
4(3590 3589 2909 2910)
4(3551 3591 2911 2551)
4(3550 3590 3591 3551)
4(3591 3590 2910 2911)
4(3552 3592 2912 2552)
4(3551 3591 3592 3552)
4(3592 3591 2911 2912)
4(3553 3593 2913 2553)
4(3552 3592 3593 3553)
4(3593 3592 2912 2913)
4(3554 3594 2914 2554)
4(3553 3593 3594 3554)
4(3594 3593 2913 2914)
4(3555 3595 2915 2555)
4(3554 3594 3595 3555)
4(3595 3594 2914 2915)
4(3556 3596 2916 2556)
4(3555 3595 3596 3556)
4(3596 3595 2915 2916)
4(3557 3597 2917 2557)
4(3556 3596 3597 3557)
4(3597 3596 2916 2917)
4(3558 3598 2918 2558)
4(3557 3597 3598 3558)
4(3598 3597 2917 2918)
4(3558 3598 3599 3559)
4(3599 3598 2918 2919)
4(3601 3641 3281 3241)
4(3641 3640 3280 3281)
4(3600 3640 3641 3601)
4(3240 3600 3601 3241)
4(3602 3642 3282 3242)
4(3642 3641 3281 3282)
4(3601 3641 3642 3602)
4(3241 3601 3602 3242)
4(3603 3643 3283 3243)
4(3643 3642 3282 3283)
4(3602 3642 3643 3603)
4(3242 3602 3603 3243)
4(3604 3644 3284 3244)
4(3644 3643 3283 3284)
4(3603 3643 3644 3604)
4(3243 3603 3604 3244)
4(3605 3645 3285 3245)
4(3645 3644 3284 3285)
4(3604 3644 3645 3605)
4(3244 3604 3605 3245)
4(3606 3646 3286 3246)
4(3646 3645 3285 3286)
4(3605 3645 3646 3606)
4(3245 3605 3606 3246)
4(3607 3647 3287 3247)
4(3647 3646 3286 3287)
4(3606 3646 3647 3607)
4(3246 3606 3607 3247)
4(3608 3648 3288 3248)
4(3648 3647 3287 3288)
4(3607 3647 3648 3608)
4(3247 3607 3608 3248)
4(3609 3649 3289 3249)
4(3649 3648 3288 3289)
4(3608 3648 3649 3609)
4(3248 3608 3609 3249)
4(3610 3650 3290 3250)
4(3650 3649 3289 3290)
4(3609 3649 3650 3610)
4(3249 3609 3610 3250)
4(3611 3651 3291 3251)
4(3651 3650 3290 3291)
4(3610 3650 3651 3611)
4(3250 3610 3611 3251)
4(3612 3652 3292 3252)
4(3652 3651 3291 3292)
4(3611 3651 3652 3612)
4(3251 3611 3612 3252)
4(3613 3653 3293 3253)
4(3653 3652 3292 3293)
4(3612 3652 3653 3613)
4(3252 3612 3613 3253)
4(3614 3654 3294 3254)
4(3654 3653 3293 3294)
4(3613 3653 3654 3614)
4(3253 3613 3614 3254)
4(3615 3655 3295 3255)
4(3655 3654 3294 3295)
4(3614 3654 3655 3615)
4(3254 3614 3615 3255)
4(3616 3656 3296 3256)
4(3656 3655 3295 3296)
4(3615 3655 3656 3616)
4(3255 3615 3616 3256)
4(3617 3657 3297 3257)
4(3657 3656 3296 3297)
4(3616 3656 3657 3617)
4(3256 3616 3617 3257)
4(3618 3658 3298 3258)
4(3658 3657 3297 3298)
4(3617 3657 3658 3618)
4(3257 3617 3618 3258)
4(3619 3659 3299 3259)
4(3659 3658 3298 3299)
4(3618 3658 3659 3619)
4(3258 3618 3619 3259)
4(3620 3660 3300 3260)
4(3660 3659 3299 3300)
4(3619 3659 3660 3620)
4(3259 3619 3620 3260)
4(3621 3661 3301 3261)
4(3661 3660 3300 3301)
4(3620 3660 3661 3621)
4(3260 3620 3621 3261)
4(3622 3662 3302 3262)
4(3662 3661 3301 3302)
4(3621 3661 3662 3622)
4(3261 3621 3622 3262)
4(3623 3663 3303 3263)
4(3663 3662 3302 3303)
4(3622 3662 3663 3623)
4(3262 3622 3623 3263)
4(3624 3664 3304 3264)
4(3664 3663 3303 3304)
4(3623 3663 3664 3624)
4(3263 3623 3624 3264)
4(3625 3665 3305 3265)
4(3665 3664 3304 3305)
4(3624 3664 3665 3625)
4(3264 3624 3625 3265)
4(3626 3666 3306 3266)
4(3666 3665 3305 3306)
4(3625 3665 3666 3626)
4(3265 3625 3626 3266)
4(3627 3667 3307 3267)
4(3667 3666 3306 3307)
4(3626 3666 3667 3627)
4(3266 3626 3627 3267)
4(3628 3668 3308 3268)
4(3668 3667 3307 3308)
4(3627 3667 3668 3628)
4(3267 3627 3628 3268)
4(3629 3669 3309 3269)
4(3669 3668 3308 3309)
4(3628 3668 3669 3629)
4(3268 3628 3629 3269)
4(3630 3670 3310 3270)
4(3670 3669 3309 3310)
4(3629 3669 3670 3630)
4(3269 3629 3630 3270)
4(3631 3671 3311 3271)
4(3671 3670 3310 3311)
4(3630 3670 3671 3631)
4(3270 3630 3631 3271)
4(3632 3672 3312 3272)
4(3672 3671 3311 3312)
4(3631 3671 3672 3632)
4(3271 3631 3632 3272)
4(3633 3673 3313 3273)
4(3673 3672 3312 3313)
4(3632 3672 3673 3633)
4(3272 3632 3633 3273)
4(3634 3674 3314 3274)
4(3674 3673 3313 3314)
4(3633 3673 3674 3634)
4(3273 3633 3634 3274)
4(3635 3675 3315 3275)
4(3675 3674 3314 3315)
4(3634 3674 3675 3635)
4(3274 3634 3635 3275)
4(3636 3676 3316 3276)
4(3676 3675 3315 3316)
4(3635 3675 3676 3636)
4(3275 3635 3636 3276)
4(3637 3677 3317 3277)
4(3677 3676 3316 3317)
4(3636 3676 3677 3637)
4(3276 3636 3637 3277)
4(3638 3678 3318 3278)
4(3678 3677 3317 3318)
4(3637 3677 3678 3638)
4(3277 3637 3638 3278)
4(3679 3678 3318 3319)
4(3638 3678 3679 3639)
4(3278 3638 3639 3279)
4(3641 3681 3321 3281)
4(3681 3680 3320 3321)
4(3640 3680 3681 3641)
4(3642 3682 3322 3282)
4(3682 3681 3321 3322)
4(3641 3681 3682 3642)
4(3643 3683 3323 3283)
4(3683 3682 3322 3323)
4(3642 3682 3683 3643)
4(3644 3684 3324 3284)
4(3684 3683 3323 3324)
4(3643 3683 3684 3644)
4(3645 3685 3325 3285)
4(3685 3684 3324 3325)
4(3644 3684 3685 3645)
4(3646 3686 3326 3286)
4(3686 3685 3325 3326)
4(3645 3685 3686 3646)
4(3647 3687 3327 3287)
4(3687 3686 3326 3327)
4(3646 3686 3687 3647)
4(3648 3688 3328 3288)
4(3688 3687 3327 3328)
4(3647 3687 3688 3648)
4(3649 3689 3329 3289)
4(3689 3688 3328 3329)
4(3648 3688 3689 3649)
4(3650 3690 3330 3290)
4(3690 3689 3329 3330)
4(3649 3689 3690 3650)
4(3651 3691 3331 3291)
4(3691 3690 3330 3331)
4(3650 3690 3691 3651)
4(3652 3692 3332 3292)
4(3692 3691 3331 3332)
4(3651 3691 3692 3652)
4(3653 3693 3333 3293)
4(3693 3692 3332 3333)
4(3652 3692 3693 3653)
4(3654 3694 3334 3294)
4(3694 3693 3333 3334)
4(3653 3693 3694 3654)
4(3655 3695 3335 3295)
4(3695 3694 3334 3335)
4(3654 3694 3695 3655)
4(3656 3696 3336 3296)
4(3696 3695 3335 3336)
4(3655 3695 3696 3656)
4(3657 3697 3337 3297)
4(3697 3696 3336 3337)
4(3656 3696 3697 3657)
4(3658 3698 3338 3298)
4(3698 3697 3337 3338)
4(3657 3697 3698 3658)
4(3659 3699 3339 3299)
4(3699 3698 3338 3339)
4(3658 3698 3699 3659)
4(3660 3700 3340 3300)
4(3700 3699 3339 3340)
4(3659 3699 3700 3660)
4(3661 3701 3341 3301)
4(3701 3700 3340 3341)
4(3660 3700 3701 3661)
4(3662 3702 3342 3302)
4(3702 3701 3341 3342)
4(3661 3701 3702 3662)
4(3663 3703 3343 3303)
4(3703 3702 3342 3343)
4(3662 3702 3703 3663)
4(3664 3704 3344 3304)
4(3704 3703 3343 3344)
4(3663 3703 3704 3664)
4(3665 3705 3345 3305)
4(3705 3704 3344 3345)
4(3664 3704 3705 3665)
4(3666 3706 3346 3306)
4(3706 3705 3345 3346)
4(3665 3705 3706 3666)
4(3667 3707 3347 3307)
4(3707 3706 3346 3347)
4(3666 3706 3707 3667)
4(3668 3708 3348 3308)
4(3708 3707 3347 3348)
4(3667 3707 3708 3668)
4(3669 3709 3349 3309)
4(3709 3708 3348 3349)
4(3668 3708 3709 3669)
4(3670 3710 3350 3310)
4(3710 3709 3349 3350)
4(3669 3709 3710 3670)
4(3671 3711 3351 3311)
4(3711 3710 3350 3351)
4(3670 3710 3711 3671)
4(3672 3712 3352 3312)
4(3712 3711 3351 3352)
4(3671 3711 3712 3672)
4(3673 3713 3353 3313)
4(3713 3712 3352 3353)
4(3672 3712 3713 3673)
4(3674 3714 3354 3314)
4(3714 3713 3353 3354)
4(3673 3713 3714 3674)
4(3675 3715 3355 3315)
4(3715 3714 3354 3355)
4(3674 3714 3715 3675)
4(3676 3716 3356 3316)
4(3716 3715 3355 3356)
4(3675 3715 3716 3676)
4(3677 3717 3357 3317)
4(3717 3716 3356 3357)
4(3676 3716 3717 3677)
4(3678 3718 3358 3318)
4(3718 3717 3357 3358)
4(3677 3717 3718 3678)
4(3719 3718 3358 3359)
4(3678 3718 3719 3679)
4(3681 3721 3361 3321)
4(3721 3720 3360 3361)
4(3680 3720 3721 3681)
4(3682 3722 3362 3322)
4(3722 3721 3361 3362)
4(3681 3721 3722 3682)
4(3683 3723 3363 3323)
4(3723 3722 3362 3363)
4(3682 3722 3723 3683)
4(3684 3724 3364 3324)
4(3724 3723 3363 3364)
4(3683 3723 3724 3684)
4(3685 3725 3365 3325)
4(3725 3724 3364 3365)
4(3684 3724 3725 3685)
4(3686 3726 3366 3326)
4(3726 3725 3365 3366)
4(3685 3725 3726 3686)
4(3687 3727 3367 3327)
4(3727 3726 3366 3367)
4(3686 3726 3727 3687)
4(3688 3728 3368 3328)
4(3728 3727 3367 3368)
4(3687 3727 3728 3688)
4(3689 3729 3369 3329)
4(3729 3728 3368 3369)
4(3688 3728 3729 3689)
4(3690 3730 3370 3330)
4(3730 3729 3369 3370)
4(3689 3729 3730 3690)
4(3691 3731 3371 3331)
4(3731 3730 3370 3371)
4(3690 3730 3731 3691)
4(3692 3732 3372 3332)
4(3732 3731 3371 3372)
4(3691 3731 3732 3692)
4(3693 3733 3373 3333)
4(3733 3732 3372 3373)
4(3692 3732 3733 3693)
4(3694 3734 3374 3334)
4(3734 3733 3373 3374)
4(3693 3733 3734 3694)
4(3695 3735 3375 3335)
4(3735 3734 3374 3375)
4(3694 3734 3735 3695)
4(3696 3736 3376 3336)
4(3736 3735 3375 3376)
4(3695 3735 3736 3696)
4(3697 3737 3377 3337)
4(3737 3736 3376 3377)
4(3696 3736 3737 3697)
4(3698 3738 3378 3338)
4(3738 3737 3377 3378)
4(3697 3737 3738 3698)
4(3699 3739 3379 3339)
4(3739 3738 3378 3379)
4(3698 3738 3739 3699)
4(3700 3740 3380 3340)
4(3740 3739 3379 3380)
4(3699 3739 3740 3700)
4(3701 3741 3381 3341)
4(3741 3740 3380 3381)
4(3700 3740 3741 3701)
4(3702 3742 3382 3342)
4(3742 3741 3381 3382)
4(3701 3741 3742 3702)
4(3703 3743 3383 3343)
4(3743 3742 3382 3383)
4(3702 3742 3743 3703)
4(3704 3744 3384 3344)
4(3744 3743 3383 3384)
4(3703 3743 3744 3704)
4(3705 3745 3385 3345)
4(3745 3744 3384 3385)
4(3704 3744 3745 3705)
4(3706 3746 3386 3346)
4(3746 3745 3385 3386)
4(3705 3745 3746 3706)
4(3707 3747 3387 3347)
4(3747 3746 3386 3387)
4(3706 3746 3747 3707)
4(3708 3748 3388 3348)
4(3748 3747 3387 3388)
4(3707 3747 3748 3708)
4(3709 3749 3389 3349)
4(3749 3748 3388 3389)
4(3708 3748 3749 3709)
4(3710 3750 3390 3350)
4(3750 3749 3389 3390)
4(3709 3749 3750 3710)
4(3711 3751 3391 3351)
4(3751 3750 3390 3391)
4(3710 3750 3751 3711)
4(3712 3752 3392 3352)
4(3752 3751 3391 3392)
4(3711 3751 3752 3712)
4(3713 3753 3393 3353)
4(3753 3752 3392 3393)
4(3712 3752 3753 3713)
4(3714 3754 3394 3354)
4(3754 3753 3393 3394)
4(3713 3753 3754 3714)
4(3715 3755 3395 3355)
4(3755 3754 3394 3395)
4(3714 3754 3755 3715)
4(3716 3756 3396 3356)
4(3756 3755 3395 3396)
4(3715 3755 3756 3716)
4(3717 3757 3397 3357)
4(3757 3756 3396 3397)
4(3716 3756 3757 3717)
4(3718 3758 3398 3358)
4(3758 3757 3397 3398)
4(3717 3757 3758 3718)
4(3759 3758 3398 3399)
4(3718 3758 3759 3719)
4(3721 3761 3401 3361)
4(3761 3760 3400 3401)
4(3720 3760 3761 3721)
4(3722 3762 3402 3362)
4(3762 3761 3401 3402)
4(3721 3761 3762 3722)
4(3723 3763 3403 3363)
4(3763 3762 3402 3403)
4(3722 3762 3763 3723)
4(3724 3764 3404 3364)
4(3764 3763 3403 3404)
4(3723 3763 3764 3724)
4(3725 3765 3405 3365)
4(3765 3764 3404 3405)
4(3724 3764 3765 3725)
4(3726 3766 3406 3366)
4(3766 3765 3405 3406)
4(3725 3765 3766 3726)
4(3727 3767 3407 3367)
4(3767 3766 3406 3407)
4(3726 3766 3767 3727)
4(3728 3768 3408 3368)
4(3768 3767 3407 3408)
4(3727 3767 3768 3728)
4(3729 3769 3409 3369)
4(3769 3768 3408 3409)
4(3728 3768 3769 3729)
4(3730 3770 3410 3370)
4(3770 3769 3409 3410)
4(3729 3769 3770 3730)
4(3731 3771 3411 3371)
4(3771 3770 3410 3411)
4(3730 3770 3771 3731)
4(3732 3772 3412 3372)
4(3772 3771 3411 3412)
4(3731 3771 3772 3732)
4(3733 3773 3413 3373)
4(3773 3772 3412 3413)
4(3732 3772 3773 3733)
4(3734 3774 3414 3374)
4(3774 3773 3413 3414)
4(3733 3773 3774 3734)
4(3735 3775 3415 3375)
4(3775 3774 3414 3415)
4(3734 3774 3775 3735)
4(3736 3776 3416 3376)
4(3776 3775 3415 3416)
4(3735 3775 3776 3736)
4(3737 3777 3417 3377)
4(3777 3776 3416 3417)
4(3736 3776 3777 3737)
4(3738 3778 3418 3378)
4(3778 3777 3417 3418)
4(3737 3777 3778 3738)
4(3739 3779 3419 3379)
4(3779 3778 3418 3419)
4(3738 3778 3779 3739)
4(3740 3780 3420 3380)
4(3780 3779 3419 3420)
4(3739 3779 3780 3740)
4(3741 3781 3421 3381)
4(3781 3780 3420 3421)
4(3740 3780 3781 3741)
4(3742 3782 3422 3382)
4(3782 3781 3421 3422)
4(3741 3781 3782 3742)
4(3743 3783 3423 3383)
4(3783 3782 3422 3423)
4(3742 3782 3783 3743)
4(3744 3784 3424 3384)
4(3784 3783 3423 3424)
4(3743 3783 3784 3744)
4(3745 3785 3425 3385)
4(3785 3784 3424 3425)
4(3744 3784 3785 3745)
4(3746 3786 3426 3386)
4(3786 3785 3425 3426)
4(3745 3785 3786 3746)
4(3747 3787 3427 3387)
4(3787 3786 3426 3427)
4(3746 3786 3787 3747)
4(3748 3788 3428 3388)
4(3788 3787 3427 3428)
4(3747 3787 3788 3748)
4(3749 3789 3429 3389)
4(3789 3788 3428 3429)
4(3748 3788 3789 3749)
4(3750 3790 3430 3390)
4(3790 3789 3429 3430)
4(3749 3789 3790 3750)
4(3751 3791 3431 3391)
4(3791 3790 3430 3431)
4(3750 3790 3791 3751)
4(3752 3792 3432 3392)
4(3792 3791 3431 3432)
4(3751 3791 3792 3752)
4(3753 3793 3433 3393)
4(3793 3792 3432 3433)
4(3752 3792 3793 3753)
4(3754 3794 3434 3394)
4(3794 3793 3433 3434)
4(3753 3793 3794 3754)
4(3755 3795 3435 3395)
4(3795 3794 3434 3435)
4(3754 3794 3795 3755)
4(3756 3796 3436 3396)
4(3796 3795 3435 3436)
4(3755 3795 3796 3756)
4(3757 3797 3437 3397)
4(3797 3796 3436 3437)
4(3756 3796 3797 3757)
4(3758 3798 3438 3398)
4(3798 3797 3437 3438)
4(3757 3797 3798 3758)
4(3799 3798 3438 3439)
4(3758 3798 3799 3759)
4(3761 3801 3441 3401)
4(3801 3800 3440 3441)
4(3760 3800 3801 3761)
4(3762 3802 3442 3402)
4(3802 3801 3441 3442)
4(3761 3801 3802 3762)
4(3763 3803 3443 3403)
4(3803 3802 3442 3443)
4(3762 3802 3803 3763)
4(3764 3804 3444 3404)
4(3804 3803 3443 3444)
4(3763 3803 3804 3764)
4(3765 3805 3445 3405)
4(3805 3804 3444 3445)
4(3764 3804 3805 3765)
4(3766 3806 3446 3406)
4(3806 3805 3445 3446)
4(3765 3805 3806 3766)
4(3767 3807 3447 3407)
4(3807 3806 3446 3447)
4(3766 3806 3807 3767)
4(3768 3808 3448 3408)
4(3808 3807 3447 3448)
4(3767 3807 3808 3768)
4(3769 3809 3449 3409)
4(3809 3808 3448 3449)
4(3768 3808 3809 3769)
4(3770 3810 3450 3410)
4(3810 3809 3449 3450)
4(3769 3809 3810 3770)
4(3771 3811 3451 3411)
4(3811 3810 3450 3451)
4(3770 3810 3811 3771)
4(3772 3812 3452 3412)
4(3812 3811 3451 3452)
4(3771 3811 3812 3772)
4(3773 3813 3453 3413)
4(3813 3812 3452 3453)
4(3772 3812 3813 3773)
4(3774 3814 3454 3414)
4(3814 3813 3453 3454)
4(3773 3813 3814 3774)
4(3775 3815 3455 3415)
4(3815 3814 3454 3455)
4(3774 3814 3815 3775)
4(3776 3816 3456 3416)
4(3816 3815 3455 3456)
4(3775 3815 3816 3776)
4(3777 3817 3457 3417)
4(3817 3816 3456 3457)
4(3776 3816 3817 3777)
4(3778 3818 3458 3418)
4(3818 3817 3457 3458)
4(3777 3817 3818 3778)
4(3779 3819 3459 3419)
4(3819 3818 3458 3459)
4(3778 3818 3819 3779)
4(3780 3820 3460 3420)
4(3820 3819 3459 3460)
4(3779 3819 3820 3780)
4(3781 3821 3461 3421)
4(3821 3820 3460 3461)
4(3780 3820 3821 3781)
4(3782 3822 3462 3422)
4(3822 3821 3461 3462)
4(3781 3821 3822 3782)
4(3783 3823 3463 3423)
4(3823 3822 3462 3463)
4(3782 3822 3823 3783)
4(3784 3824 3464 3424)
4(3824 3823 3463 3464)
4(3783 3823 3824 3784)
4(3785 3825 3465 3425)
4(3825 3824 3464 3465)
4(3784 3824 3825 3785)
4(3786 3826 3466 3426)
4(3826 3825 3465 3466)
4(3785 3825 3826 3786)
4(3787 3827 3467 3427)
4(3827 3826 3466 3467)
4(3786 3826 3827 3787)
4(3788 3828 3468 3428)
4(3828 3827 3467 3468)
4(3787 3827 3828 3788)
4(3789 3829 3469 3429)
4(3829 3828 3468 3469)
4(3788 3828 3829 3789)
4(3790 3830 3470 3430)
4(3830 3829 3469 3470)
4(3789 3829 3830 3790)
4(3791 3831 3471 3431)
4(3831 3830 3470 3471)
4(3790 3830 3831 3791)
4(3792 3832 3472 3432)
4(3832 3831 3471 3472)
4(3791 3831 3832 3792)
4(3793 3833 3473 3433)
4(3833 3832 3472 3473)
4(3792 3832 3833 3793)
4(3794 3834 3474 3434)
4(3834 3833 3473 3474)
4(3793 3833 3834 3794)
4(3795 3835 3475 3435)
4(3835 3834 3474 3475)
4(3794 3834 3835 3795)
4(3796 3836 3476 3436)
4(3836 3835 3475 3476)
4(3795 3835 3836 3796)
4(3797 3837 3477 3437)
4(3837 3836 3476 3477)
4(3796 3836 3837 3797)
4(3798 3838 3478 3438)
4(3838 3837 3477 3478)
4(3797 3837 3838 3798)
4(3839 3838 3478 3479)
4(3798 3838 3839 3799)
4(3801 3841 3481 3441)
4(3841 3840 3480 3481)
4(3800 3840 3841 3801)
4(3802 3842 3482 3442)
4(3842 3841 3481 3482)
4(3801 3841 3842 3802)
4(3803 3843 3483 3443)
4(3843 3842 3482 3483)
4(3802 3842 3843 3803)
4(3804 3844 3484 3444)
4(3844 3843 3483 3484)
4(3803 3843 3844 3804)
4(3805 3845 3485 3445)
4(3845 3844 3484 3485)
4(3804 3844 3845 3805)
4(3806 3846 3486 3446)
4(3846 3845 3485 3486)
4(3805 3845 3846 3806)
4(3807 3847 3487 3447)
4(3847 3846 3486 3487)
4(3806 3846 3847 3807)
4(3808 3848 3488 3448)
4(3848 3847 3487 3488)
4(3807 3847 3848 3808)
4(3809 3849 3489 3449)
4(3849 3848 3488 3489)
4(3808 3848 3849 3809)
4(3810 3850 3490 3450)
4(3850 3849 3489 3490)
4(3809 3849 3850 3810)
4(3811 3851 3491 3451)
4(3851 3850 3490 3491)
4(3810 3850 3851 3811)
4(3812 3852 3492 3452)
4(3852 3851 3491 3492)
4(3811 3851 3852 3812)
4(3813 3853 3493 3453)
4(3853 3852 3492 3493)
4(3812 3852 3853 3813)
4(3814 3854 3494 3454)
4(3854 3853 3493 3494)
4(3813 3853 3854 3814)
4(3815 3855 3495 3455)
4(3855 3854 3494 3495)
4(3814 3854 3855 3815)
4(3816 3856 3496 3456)
4(3856 3855 3495 3496)
4(3815 3855 3856 3816)
4(3817 3857 3497 3457)
4(3857 3856 3496 3497)
4(3816 3856 3857 3817)
4(3818 3858 3498 3458)
4(3858 3857 3497 3498)
4(3817 3857 3858 3818)
4(3819 3859 3499 3459)
4(3859 3858 3498 3499)
4(3818 3858 3859 3819)
4(3820 3860 3500 3460)
4(3860 3859 3499 3500)
4(3819 3859 3860 3820)
4(3821 3861 3501 3461)
4(3861 3860 3500 3501)
4(3820 3860 3861 3821)
4(3822 3862 3502 3462)
4(3862 3861 3501 3502)
4(3821 3861 3862 3822)
4(3823 3863 3503 3463)
4(3863 3862 3502 3503)
4(3822 3862 3863 3823)
4(3824 3864 3504 3464)
4(3864 3863 3503 3504)
4(3823 3863 3864 3824)
4(3825 3865 3505 3465)
4(3865 3864 3504 3505)
4(3824 3864 3865 3825)
4(3826 3866 3506 3466)
4(3866 3865 3505 3506)
4(3825 3865 3866 3826)
4(3827 3867 3507 3467)
4(3867 3866 3506 3507)
4(3826 3866 3867 3827)
4(3828 3868 3508 3468)
4(3868 3867 3507 3508)
4(3827 3867 3868 3828)
4(3829 3869 3509 3469)
4(3869 3868 3508 3509)
4(3828 3868 3869 3829)
4(3830 3870 3510 3470)
4(3870 3869 3509 3510)
4(3829 3869 3870 3830)
4(3831 3871 3511 3471)
4(3871 3870 3510 3511)
4(3830 3870 3871 3831)
4(3832 3872 3512 3472)
4(3872 3871 3511 3512)
4(3831 3871 3872 3832)
4(3833 3873 3513 3473)
4(3873 3872 3512 3513)
4(3832 3872 3873 3833)
4(3834 3874 3514 3474)
4(3874 3873 3513 3514)
4(3833 3873 3874 3834)
4(3835 3875 3515 3475)
4(3875 3874 3514 3515)
4(3834 3874 3875 3835)
4(3836 3876 3516 3476)
4(3876 3875 3515 3516)
4(3835 3875 3876 3836)
4(3837 3877 3517 3477)
4(3877 3876 3516 3517)
4(3836 3876 3877 3837)
4(3838 3878 3518 3478)
4(3878 3877 3517 3518)
4(3837 3877 3878 3838)
4(3879 3878 3518 3519)
4(3838 3878 3879 3839)
4(3841 3881 3521 3481)
4(3881 3880 3520 3521)
4(3840 3880 3881 3841)
4(3842 3882 3522 3482)
4(3882 3881 3521 3522)
4(3841 3881 3882 3842)
4(3843 3883 3523 3483)
4(3883 3882 3522 3523)
4(3842 3882 3883 3843)
4(3844 3884 3524 3484)
4(3884 3883 3523 3524)
4(3843 3883 3884 3844)
4(3845 3885 3525 3485)
4(3885 3884 3524 3525)
4(3844 3884 3885 3845)
4(3846 3886 3526 3486)
4(3886 3885 3525 3526)
4(3845 3885 3886 3846)
4(3847 3887 3527 3487)
4(3887 3886 3526 3527)
4(3846 3886 3887 3847)
4(3848 3888 3528 3488)
4(3888 3887 3527 3528)
4(3847 3887 3888 3848)
4(3849 3889 3529 3489)
4(3889 3888 3528 3529)
4(3848 3888 3889 3849)
4(3850 3890 3530 3490)
4(3890 3889 3529 3530)
4(3849 3889 3890 3850)
4(3851 3891 3531 3491)
4(3891 3890 3530 3531)
4(3850 3890 3891 3851)
4(3852 3892 3532 3492)
4(3892 3891 3531 3532)
4(3851 3891 3892 3852)
4(3853 3893 3533 3493)
4(3893 3892 3532 3533)
4(3852 3892 3893 3853)
4(3854 3894 3534 3494)
4(3894 3893 3533 3534)
4(3853 3893 3894 3854)
4(3855 3895 3535 3495)
4(3895 3894 3534 3535)
4(3854 3894 3895 3855)
4(3856 3896 3536 3496)
4(3896 3895 3535 3536)
4(3855 3895 3896 3856)
4(3857 3897 3537 3497)
4(3897 3896 3536 3537)
4(3856 3896 3897 3857)
4(3858 3898 3538 3498)
4(3898 3897 3537 3538)
4(3857 3897 3898 3858)
4(3859 3899 3539 3499)
4(3899 3898 3538 3539)
4(3858 3898 3899 3859)
4(3860 3900 3540 3500)
4(3900 3899 3539 3540)
4(3859 3899 3900 3860)
4(3861 3901 3541 3501)
4(3901 3900 3540 3541)
4(3860 3900 3901 3861)
4(3862 3902 3542 3502)
4(3902 3901 3541 3542)
4(3861 3901 3902 3862)
4(3863 3903 3543 3503)
4(3903 3902 3542 3543)
4(3862 3902 3903 3863)
4(3864 3904 3544 3504)
4(3904 3903 3543 3544)
4(3863 3903 3904 3864)
4(3865 3905 3545 3505)
4(3905 3904 3544 3545)
4(3864 3904 3905 3865)
4(3866 3906 3546 3506)
4(3906 3905 3545 3546)
4(3865 3905 3906 3866)
4(3867 3907 3547 3507)
4(3907 3906 3546 3547)
4(3866 3906 3907 3867)
4(3868 3908 3548 3508)
4(3908 3907 3547 3548)
4(3867 3907 3908 3868)
4(3869 3909 3549 3509)
4(3909 3908 3548 3549)
4(3868 3908 3909 3869)
4(3870 3910 3550 3510)
4(3910 3909 3549 3550)
4(3869 3909 3910 3870)
4(3871 3911 3551 3511)
4(3911 3910 3550 3551)
4(3870 3910 3911 3871)
4(3872 3912 3552 3512)
4(3912 3911 3551 3552)
4(3871 3911 3912 3872)
4(3873 3913 3553 3513)
4(3913 3912 3552 3553)
4(3872 3912 3913 3873)
4(3874 3914 3554 3514)
4(3914 3913 3553 3554)
4(3873 3913 3914 3874)
4(3875 3915 3555 3515)
4(3915 3914 3554 3555)
4(3874 3914 3915 3875)
4(3876 3916 3556 3516)
4(3916 3915 3555 3556)
4(3875 3915 3916 3876)
4(3877 3917 3557 3517)
4(3917 3916 3556 3557)
4(3876 3916 3917 3877)
4(3878 3918 3558 3518)
4(3918 3917 3557 3558)
4(3877 3917 3918 3878)
4(3919 3918 3558 3559)
4(3878 3918 3919 3879)
4(3881 3921 3561 3521)
4(3880 3920 3921 3881)
4(3921 3920 3560 3561)
4(3882 3922 3562 3522)
4(3881 3921 3922 3882)
4(3922 3921 3561 3562)
4(3883 3923 3563 3523)
4(3882 3922 3923 3883)
4(3923 3922 3562 3563)
4(3884 3924 3564 3524)
4(3883 3923 3924 3884)
4(3924 3923 3563 3564)
4(3885 3925 3565 3525)
4(3884 3924 3925 3885)
4(3925 3924 3564 3565)
4(3886 3926 3566 3526)
4(3885 3925 3926 3886)
4(3926 3925 3565 3566)
4(3887 3927 3567 3527)
4(3886 3926 3927 3887)
4(3927 3926 3566 3567)
4(3888 3928 3568 3528)
4(3887 3927 3928 3888)
4(3928 3927 3567 3568)
4(3889 3929 3569 3529)
4(3888 3928 3929 3889)
4(3929 3928 3568 3569)
4(3890 3930 3570 3530)
4(3889 3929 3930 3890)
4(3930 3929 3569 3570)
4(3891 3931 3571 3531)
4(3890 3930 3931 3891)
4(3931 3930 3570 3571)
4(3892 3932 3572 3532)
4(3891 3931 3932 3892)
4(3932 3931 3571 3572)
4(3893 3933 3573 3533)
4(3892 3932 3933 3893)
4(3933 3932 3572 3573)
4(3894 3934 3574 3534)
4(3893 3933 3934 3894)
4(3934 3933 3573 3574)
4(3895 3935 3575 3535)
4(3894 3934 3935 3895)
4(3935 3934 3574 3575)
4(3896 3936 3576 3536)
4(3895 3935 3936 3896)
4(3936 3935 3575 3576)
4(3897 3937 3577 3537)
4(3896 3936 3937 3897)
4(3937 3936 3576 3577)
4(3898 3938 3578 3538)
4(3897 3937 3938 3898)
4(3938 3937 3577 3578)
4(3899 3939 3579 3539)
4(3898 3938 3939 3899)
4(3939 3938 3578 3579)
4(3900 3940 3580 3540)
4(3899 3939 3940 3900)
4(3940 3939 3579 3580)
4(3901 3941 3581 3541)
4(3900 3940 3941 3901)
4(3941 3940 3580 3581)
4(3902 3942 3582 3542)
4(3901 3941 3942 3902)
4(3942 3941 3581 3582)
4(3903 3943 3583 3543)
4(3902 3942 3943 3903)
4(3943 3942 3582 3583)
4(3904 3944 3584 3544)
4(3903 3943 3944 3904)
4(3944 3943 3583 3584)
4(3905 3945 3585 3545)
4(3904 3944 3945 3905)
4(3945 3944 3584 3585)
4(3906 3946 3586 3546)
4(3905 3945 3946 3906)
4(3946 3945 3585 3586)
4(3907 3947 3587 3547)
4(3906 3946 3947 3907)
4(3947 3946 3586 3587)
4(3908 3948 3588 3548)
4(3907 3947 3948 3908)
4(3948 3947 3587 3588)
4(3909 3949 3589 3549)
4(3908 3948 3949 3909)
4(3949 3948 3588 3589)
4(3910 3950 3590 3550)
4(3909 3949 3950 3910)
4(3950 3949 3589 3590)
4(3911 3951 3591 3551)
4(3910 3950 3951 3911)
4(3951 3950 3590 3591)
4(3912 3952 3592 3552)
4(3911 3951 3952 3912)
4(3952 3951 3591 3592)
4(3913 3953 3593 3553)
4(3912 3952 3953 3913)
4(3953 3952 3592 3593)
4(3914 3954 3594 3554)
4(3913 3953 3954 3914)
4(3954 3953 3593 3594)
4(3915 3955 3595 3555)
4(3914 3954 3955 3915)
4(3955 3954 3594 3595)
4(3916 3956 3596 3556)
4(3915 3955 3956 3916)
4(3956 3955 3595 3596)
4(3917 3957 3597 3557)
4(3916 3956 3957 3917)
4(3957 3956 3596 3597)
4(3918 3958 3598 3558)
4(3917 3957 3958 3918)
4(3958 3957 3597 3598)
4(3918 3958 3959 3919)
4(3959 3958 3598 3599)
4(3961 4001 3641 3601)
4(4001 4000 3640 3641)
4(3960 4000 4001 3961)
4(3600 3960 3961 3601)
4(3962 4002 3642 3602)
4(4002 4001 3641 3642)
4(3961 4001 4002 3962)
4(3601 3961 3962 3602)
4(3963 4003 3643 3603)
4(4003 4002 3642 3643)
4(3962 4002 4003 3963)
4(3602 3962 3963 3603)
4(3964 4004 3644 3604)
4(4004 4003 3643 3644)
4(3963 4003 4004 3964)
4(3603 3963 3964 3604)
4(3965 4005 3645 3605)
4(4005 4004 3644 3645)
4(3964 4004 4005 3965)
4(3604 3964 3965 3605)
4(3966 4006 3646 3606)
4(4006 4005 3645 3646)
4(3965 4005 4006 3966)
4(3605 3965 3966 3606)
4(3967 4007 3647 3607)
4(4007 4006 3646 3647)
4(3966 4006 4007 3967)
4(3606 3966 3967 3607)
4(3968 4008 3648 3608)
4(4008 4007 3647 3648)
4(3967 4007 4008 3968)
4(3607 3967 3968 3608)
4(3969 4009 3649 3609)
4(4009 4008 3648 3649)
4(3968 4008 4009 3969)
4(3608 3968 3969 3609)
4(3970 4010 3650 3610)
4(4010 4009 3649 3650)
4(3969 4009 4010 3970)
4(3609 3969 3970 3610)
4(3971 4011 3651 3611)
4(4011 4010 3650 3651)
4(3970 4010 4011 3971)
4(3610 3970 3971 3611)
4(3972 4012 3652 3612)
4(4012 4011 3651 3652)
4(3971 4011 4012 3972)
4(3611 3971 3972 3612)
4(3973 4013 3653 3613)
4(4013 4012 3652 3653)
4(3972 4012 4013 3973)
4(3612 3972 3973 3613)
4(3974 4014 3654 3614)
4(4014 4013 3653 3654)
4(3973 4013 4014 3974)
4(3613 3973 3974 3614)
4(3975 4015 3655 3615)
4(4015 4014 3654 3655)
4(3974 4014 4015 3975)
4(3614 3974 3975 3615)
4(3976 4016 3656 3616)
4(4016 4015 3655 3656)
4(3975 4015 4016 3976)
4(3615 3975 3976 3616)
4(3977 4017 3657 3617)
4(4017 4016 3656 3657)
4(3976 4016 4017 3977)
4(3616 3976 3977 3617)
4(3978 4018 3658 3618)
4(4018 4017 3657 3658)
4(3977 4017 4018 3978)
4(3617 3977 3978 3618)
4(3979 4019 3659 3619)
4(4019 4018 3658 3659)
4(3978 4018 4019 3979)
4(3618 3978 3979 3619)
4(3980 4020 3660 3620)
4(4020 4019 3659 3660)
4(3979 4019 4020 3980)
4(3619 3979 3980 3620)
4(3981 4021 3661 3621)
4(4021 4020 3660 3661)
4(3980 4020 4021 3981)
4(3620 3980 3981 3621)
4(3982 4022 3662 3622)
4(4022 4021 3661 3662)
4(3981 4021 4022 3982)
4(3621 3981 3982 3622)
4(3983 4023 3663 3623)
4(4023 4022 3662 3663)
4(3982 4022 4023 3983)
4(3622 3982 3983 3623)
4(3984 4024 3664 3624)
4(4024 4023 3663 3664)
4(3983 4023 4024 3984)
4(3623 3983 3984 3624)
4(3985 4025 3665 3625)
4(4025 4024 3664 3665)
4(3984 4024 4025 3985)
4(3624 3984 3985 3625)
4(3986 4026 3666 3626)
4(4026 4025 3665 3666)
4(3985 4025 4026 3986)
4(3625 3985 3986 3626)
4(3987 4027 3667 3627)
4(4027 4026 3666 3667)
4(3986 4026 4027 3987)
4(3626 3986 3987 3627)
4(3988 4028 3668 3628)
4(4028 4027 3667 3668)
4(3987 4027 4028 3988)
4(3627 3987 3988 3628)
4(3989 4029 3669 3629)
4(4029 4028 3668 3669)
4(3988 4028 4029 3989)
4(3628 3988 3989 3629)
4(3990 4030 3670 3630)
4(4030 4029 3669 3670)
4(3989 4029 4030 3990)
4(3629 3989 3990 3630)
4(3991 4031 3671 3631)
4(4031 4030 3670 3671)
4(3990 4030 4031 3991)
4(3630 3990 3991 3631)
4(3992 4032 3672 3632)
4(4032 4031 3671 3672)
4(3991 4031 4032 3992)
4(3631 3991 3992 3632)
4(3993 4033 3673 3633)
4(4033 4032 3672 3673)
4(3992 4032 4033 3993)
4(3632 3992 3993 3633)
4(3994 4034 3674 3634)
4(4034 4033 3673 3674)
4(3993 4033 4034 3994)
4(3633 3993 3994 3634)
4(3995 4035 3675 3635)
4(4035 4034 3674 3675)
4(3994 4034 4035 3995)
4(3634 3994 3995 3635)
4(3996 4036 3676 3636)
4(4036 4035 3675 3676)
4(3995 4035 4036 3996)
4(3635 3995 3996 3636)
4(3997 4037 3677 3637)
4(4037 4036 3676 3677)
4(3996 4036 4037 3997)
4(3636 3996 3997 3637)
4(3998 4038 3678 3638)
4(4038 4037 3677 3678)
4(3997 4037 4038 3998)
4(3637 3997 3998 3638)
4(4039 4038 3678 3679)
4(3998 4038 4039 3999)
4(3638 3998 3999 3639)
4(4001 4041 3681 3641)
4(4041 4040 3680 3681)
4(4000 4040 4041 4001)
4(4002 4042 3682 3642)
4(4042 4041 3681 3682)
4(4001 4041 4042 4002)
4(4003 4043 3683 3643)
4(4043 4042 3682 3683)
4(4002 4042 4043 4003)
4(4004 4044 3684 3644)
4(4044 4043 3683 3684)
4(4003 4043 4044 4004)
4(4005 4045 3685 3645)
4(4045 4044 3684 3685)
4(4004 4044 4045 4005)
4(4006 4046 3686 3646)
4(4046 4045 3685 3686)
4(4005 4045 4046 4006)
4(4007 4047 3687 3647)
4(4047 4046 3686 3687)
4(4006 4046 4047 4007)
4(4008 4048 3688 3648)
4(4048 4047 3687 3688)
4(4007 4047 4048 4008)
4(4009 4049 3689 3649)
4(4049 4048 3688 3689)
4(4008 4048 4049 4009)
4(4010 4050 3690 3650)
4(4050 4049 3689 3690)
4(4009 4049 4050 4010)
4(4011 4051 3691 3651)
4(4051 4050 3690 3691)
4(4010 4050 4051 4011)
4(4012 4052 3692 3652)
4(4052 4051 3691 3692)
4(4011 4051 4052 4012)
4(4013 4053 3693 3653)
4(4053 4052 3692 3693)
4(4012 4052 4053 4013)
4(4014 4054 3694 3654)
4(4054 4053 3693 3694)
4(4013 4053 4054 4014)
4(4015 4055 3695 3655)
4(4055 4054 3694 3695)
4(4014 4054 4055 4015)
4(4016 4056 3696 3656)
4(4056 4055 3695 3696)
4(4015 4055 4056 4016)
4(4017 4057 3697 3657)
4(4057 4056 3696 3697)
4(4016 4056 4057 4017)
4(4018 4058 3698 3658)
4(4058 4057 3697 3698)
4(4017 4057 4058 4018)
4(4019 4059 3699 3659)
4(4059 4058 3698 3699)
4(4018 4058 4059 4019)
4(4020 4060 3700 3660)
4(4060 4059 3699 3700)
4(4019 4059 4060 4020)
4(4021 4061 3701 3661)
4(4061 4060 3700 3701)
4(4020 4060 4061 4021)
4(4022 4062 3702 3662)
4(4062 4061 3701 3702)
4(4021 4061 4062 4022)
4(4023 4063 3703 3663)
4(4063 4062 3702 3703)
4(4022 4062 4063 4023)
4(4024 4064 3704 3664)
4(4064 4063 3703 3704)
4(4023 4063 4064 4024)
4(4025 4065 3705 3665)
4(4065 4064 3704 3705)
4(4024 4064 4065 4025)
4(4026 4066 3706 3666)
4(4066 4065 3705 3706)
4(4025 4065 4066 4026)
4(4027 4067 3707 3667)
4(4067 4066 3706 3707)
4(4026 4066 4067 4027)
4(4028 4068 3708 3668)
4(4068 4067 3707 3708)
4(4027 4067 4068 4028)
4(4029 4069 3709 3669)
4(4069 4068 3708 3709)
4(4028 4068 4069 4029)
4(4030 4070 3710 3670)
4(4070 4069 3709 3710)
4(4029 4069 4070 4030)
4(4031 4071 3711 3671)
4(4071 4070 3710 3711)
4(4030 4070 4071 4031)
4(4032 4072 3712 3672)
4(4072 4071 3711 3712)
4(4031 4071 4072 4032)
4(4033 4073 3713 3673)
4(4073 4072 3712 3713)
4(4032 4072 4073 4033)
4(4034 4074 3714 3674)
4(4074 4073 3713 3714)
4(4033 4073 4074 4034)
4(4035 4075 3715 3675)
4(4075 4074 3714 3715)
4(4034 4074 4075 4035)
4(4036 4076 3716 3676)
4(4076 4075 3715 3716)
4(4035 4075 4076 4036)
4(4037 4077 3717 3677)
4(4077 4076 3716 3717)
4(4036 4076 4077 4037)
4(4038 4078 3718 3678)
4(4078 4077 3717 3718)
4(4037 4077 4078 4038)
4(4079 4078 3718 3719)
4(4038 4078 4079 4039)
4(4041 4081 3721 3681)
4(4081 4080 3720 3721)
4(4040 4080 4081 4041)
4(4042 4082 3722 3682)
4(4082 4081 3721 3722)
4(4041 4081 4082 4042)
4(4043 4083 3723 3683)
4(4083 4082 3722 3723)
4(4042 4082 4083 4043)
4(4044 4084 3724 3684)
4(4084 4083 3723 3724)
4(4043 4083 4084 4044)
4(4045 4085 3725 3685)
4(4085 4084 3724 3725)
4(4044 4084 4085 4045)
4(4046 4086 3726 3686)
4(4086 4085 3725 3726)
4(4045 4085 4086 4046)
4(4047 4087 3727 3687)
4(4087 4086 3726 3727)
4(4046 4086 4087 4047)
4(4048 4088 3728 3688)
4(4088 4087 3727 3728)
4(4047 4087 4088 4048)
4(4049 4089 3729 3689)
4(4089 4088 3728 3729)
4(4048 4088 4089 4049)
4(4050 4090 3730 3690)
4(4090 4089 3729 3730)
4(4049 4089 4090 4050)
4(4051 4091 3731 3691)
4(4091 4090 3730 3731)
4(4050 4090 4091 4051)
4(4052 4092 3732 3692)
4(4092 4091 3731 3732)
4(4051 4091 4092 4052)
4(4053 4093 3733 3693)
4(4093 4092 3732 3733)
4(4052 4092 4093 4053)
4(4054 4094 3734 3694)
4(4094 4093 3733 3734)
4(4053 4093 4094 4054)
4(4055 4095 3735 3695)
4(4095 4094 3734 3735)
4(4054 4094 4095 4055)
4(4056 4096 3736 3696)
4(4096 4095 3735 3736)
4(4055 4095 4096 4056)
4(4057 4097 3737 3697)
4(4097 4096 3736 3737)
4(4056 4096 4097 4057)
4(4058 4098 3738 3698)
4(4098 4097 3737 3738)
4(4057 4097 4098 4058)
4(4059 4099 3739 3699)
4(4099 4098 3738 3739)
4(4058 4098 4099 4059)
4(4060 4100 3740 3700)
4(4100 4099 3739 3740)
4(4059 4099 4100 4060)
4(4061 4101 3741 3701)
4(4101 4100 3740 3741)
4(4060 4100 4101 4061)
4(4062 4102 3742 3702)
4(4102 4101 3741 3742)
4(4061 4101 4102 4062)
4(4063 4103 3743 3703)
4(4103 4102 3742 3743)
4(4062 4102 4103 4063)
4(4064 4104 3744 3704)
4(4104 4103 3743 3744)
4(4063 4103 4104 4064)
4(4065 4105 3745 3705)
4(4105 4104 3744 3745)
4(4064 4104 4105 4065)
4(4066 4106 3746 3706)
4(4106 4105 3745 3746)
4(4065 4105 4106 4066)
4(4067 4107 3747 3707)
4(4107 4106 3746 3747)
4(4066 4106 4107 4067)
4(4068 4108 3748 3708)
4(4108 4107 3747 3748)
4(4067 4107 4108 4068)
4(4069 4109 3749 3709)
4(4109 4108 3748 3749)
4(4068 4108 4109 4069)
4(4070 4110 3750 3710)
4(4110 4109 3749 3750)
4(4069 4109 4110 4070)
4(4071 4111 3751 3711)
4(4111 4110 3750 3751)
4(4070 4110 4111 4071)
4(4072 4112 3752 3712)
4(4112 4111 3751 3752)
4(4071 4111 4112 4072)
4(4073 4113 3753 3713)
4(4113 4112 3752 3753)
4(4072 4112 4113 4073)
4(4074 4114 3754 3714)
4(4114 4113 3753 3754)
4(4073 4113 4114 4074)
4(4075 4115 3755 3715)
4(4115 4114 3754 3755)
4(4074 4114 4115 4075)
4(4076 4116 3756 3716)
4(4116 4115 3755 3756)
4(4075 4115 4116 4076)
4(4077 4117 3757 3717)
4(4117 4116 3756 3757)
4(4076 4116 4117 4077)
4(4078 4118 3758 3718)
4(4118 4117 3757 3758)
4(4077 4117 4118 4078)
4(4119 4118 3758 3759)
4(4078 4118 4119 4079)
4(4081 4121 3761 3721)
4(4121 4120 3760 3761)
4(4080 4120 4121 4081)
4(4082 4122 3762 3722)
4(4122 4121 3761 3762)
4(4081 4121 4122 4082)
4(4083 4123 3763 3723)
4(4123 4122 3762 3763)
4(4082 4122 4123 4083)
4(4084 4124 3764 3724)
4(4124 4123 3763 3764)
4(4083 4123 4124 4084)
4(4085 4125 3765 3725)
4(4125 4124 3764 3765)
4(4084 4124 4125 4085)
4(4086 4126 3766 3726)
4(4126 4125 3765 3766)
4(4085 4125 4126 4086)
4(4087 4127 3767 3727)
4(4127 4126 3766 3767)
4(4086 4126 4127 4087)
4(4088 4128 3768 3728)
4(4128 4127 3767 3768)
4(4087 4127 4128 4088)
4(4089 4129 3769 3729)
4(4129 4128 3768 3769)
4(4088 4128 4129 4089)
4(4090 4130 3770 3730)
4(4130 4129 3769 3770)
4(4089 4129 4130 4090)
4(4091 4131 3771 3731)
4(4131 4130 3770 3771)
4(4090 4130 4131 4091)
4(4092 4132 3772 3732)
4(4132 4131 3771 3772)
4(4091 4131 4132 4092)
4(4093 4133 3773 3733)
4(4133 4132 3772 3773)
4(4092 4132 4133 4093)
4(4094 4134 3774 3734)
4(4134 4133 3773 3774)
4(4093 4133 4134 4094)
4(4095 4135 3775 3735)
4(4135 4134 3774 3775)
4(4094 4134 4135 4095)
4(4096 4136 3776 3736)
4(4136 4135 3775 3776)
4(4095 4135 4136 4096)
4(4097 4137 3777 3737)
4(4137 4136 3776 3777)
4(4096 4136 4137 4097)
4(4098 4138 3778 3738)
4(4138 4137 3777 3778)
4(4097 4137 4138 4098)
4(4099 4139 3779 3739)
4(4139 4138 3778 3779)
4(4098 4138 4139 4099)
4(4100 4140 3780 3740)
4(4140 4139 3779 3780)
4(4099 4139 4140 4100)
4(4101 4141 3781 3741)
4(4141 4140 3780 3781)
4(4100 4140 4141 4101)
4(4102 4142 3782 3742)
4(4142 4141 3781 3782)
4(4101 4141 4142 4102)
4(4103 4143 3783 3743)
4(4143 4142 3782 3783)
4(4102 4142 4143 4103)
4(4104 4144 3784 3744)
4(4144 4143 3783 3784)
4(4103 4143 4144 4104)
4(4105 4145 3785 3745)
4(4145 4144 3784 3785)
4(4104 4144 4145 4105)
4(4106 4146 3786 3746)
4(4146 4145 3785 3786)
4(4105 4145 4146 4106)
4(4107 4147 3787 3747)
4(4147 4146 3786 3787)
4(4106 4146 4147 4107)
4(4108 4148 3788 3748)
4(4148 4147 3787 3788)
4(4107 4147 4148 4108)
4(4109 4149 3789 3749)
4(4149 4148 3788 3789)
4(4108 4148 4149 4109)
4(4110 4150 3790 3750)
4(4150 4149 3789 3790)
4(4109 4149 4150 4110)
4(4111 4151 3791 3751)
4(4151 4150 3790 3791)
4(4110 4150 4151 4111)
4(4112 4152 3792 3752)
4(4152 4151 3791 3792)
4(4111 4151 4152 4112)
4(4113 4153 3793 3753)
4(4153 4152 3792 3793)
4(4112 4152 4153 4113)
4(4114 4154 3794 3754)
4(4154 4153 3793 3794)
4(4113 4153 4154 4114)
4(4115 4155 3795 3755)
4(4155 4154 3794 3795)
4(4114 4154 4155 4115)
4(4116 4156 3796 3756)
4(4156 4155 3795 3796)
4(4115 4155 4156 4116)
4(4117 4157 3797 3757)
4(4157 4156 3796 3797)
4(4116 4156 4157 4117)
4(4118 4158 3798 3758)
4(4158 4157 3797 3798)
4(4117 4157 4158 4118)
4(4159 4158 3798 3799)
4(4118 4158 4159 4119)
4(4121 4161 3801 3761)
4(4161 4160 3800 3801)
4(4120 4160 4161 4121)
4(4122 4162 3802 3762)
4(4162 4161 3801 3802)
4(4121 4161 4162 4122)
4(4123 4163 3803 3763)
4(4163 4162 3802 3803)
4(4122 4162 4163 4123)
4(4124 4164 3804 3764)
4(4164 4163 3803 3804)
4(4123 4163 4164 4124)
4(4125 4165 3805 3765)
4(4165 4164 3804 3805)
4(4124 4164 4165 4125)
4(4126 4166 3806 3766)
4(4166 4165 3805 3806)
4(4125 4165 4166 4126)
4(4127 4167 3807 3767)
4(4167 4166 3806 3807)
4(4126 4166 4167 4127)
4(4128 4168 3808 3768)
4(4168 4167 3807 3808)
4(4127 4167 4168 4128)
4(4129 4169 3809 3769)
4(4169 4168 3808 3809)
4(4128 4168 4169 4129)
4(4130 4170 3810 3770)
4(4170 4169 3809 3810)
4(4129 4169 4170 4130)
4(4131 4171 3811 3771)
4(4171 4170 3810 3811)
4(4130 4170 4171 4131)
4(4132 4172 3812 3772)
4(4172 4171 3811 3812)
4(4131 4171 4172 4132)
4(4133 4173 3813 3773)
4(4173 4172 3812 3813)
4(4132 4172 4173 4133)
4(4134 4174 3814 3774)
4(4174 4173 3813 3814)
4(4133 4173 4174 4134)
4(4135 4175 3815 3775)
4(4175 4174 3814 3815)
4(4134 4174 4175 4135)
4(4136 4176 3816 3776)
4(4176 4175 3815 3816)
4(4135 4175 4176 4136)
4(4137 4177 3817 3777)
4(4177 4176 3816 3817)
4(4136 4176 4177 4137)
4(4138 4178 3818 3778)
4(4178 4177 3817 3818)
4(4137 4177 4178 4138)
4(4139 4179 3819 3779)
4(4179 4178 3818 3819)
4(4138 4178 4179 4139)
4(4140 4180 3820 3780)
4(4180 4179 3819 3820)
4(4139 4179 4180 4140)
4(4141 4181 3821 3781)
4(4181 4180 3820 3821)
4(4140 4180 4181 4141)
4(4142 4182 3822 3782)
4(4182 4181 3821 3822)
4(4141 4181 4182 4142)
4(4143 4183 3823 3783)
4(4183 4182 3822 3823)
4(4142 4182 4183 4143)
4(4144 4184 3824 3784)
4(4184 4183 3823 3824)
4(4143 4183 4184 4144)
4(4145 4185 3825 3785)
4(4185 4184 3824 3825)
4(4144 4184 4185 4145)
4(4146 4186 3826 3786)
4(4186 4185 3825 3826)
4(4145 4185 4186 4146)
4(4147 4187 3827 3787)
4(4187 4186 3826 3827)
4(4146 4186 4187 4147)
4(4148 4188 3828 3788)
4(4188 4187 3827 3828)
4(4147 4187 4188 4148)
4(4149 4189 3829 3789)
4(4189 4188 3828 3829)
4(4148 4188 4189 4149)
4(4150 4190 3830 3790)
4(4190 4189 3829 3830)
4(4149 4189 4190 4150)
4(4151 4191 3831 3791)
4(4191 4190 3830 3831)
4(4150 4190 4191 4151)
4(4152 4192 3832 3792)
4(4192 4191 3831 3832)
4(4151 4191 4192 4152)
4(4153 4193 3833 3793)
4(4193 4192 3832 3833)
4(4152 4192 4193 4153)
4(4154 4194 3834 3794)
4(4194 4193 3833 3834)
4(4153 4193 4194 4154)
4(4155 4195 3835 3795)
4(4195 4194 3834 3835)
4(4154 4194 4195 4155)
4(4156 4196 3836 3796)
4(4196 4195 3835 3836)
4(4155 4195 4196 4156)
4(4157 4197 3837 3797)
4(4197 4196 3836 3837)
4(4156 4196 4197 4157)
4(4158 4198 3838 3798)
4(4198 4197 3837 3838)
4(4157 4197 4198 4158)
4(4199 4198 3838 3839)
4(4158 4198 4199 4159)
4(4161 4201 3841 3801)
4(4201 4200 3840 3841)
4(4160 4200 4201 4161)
4(4162 4202 3842 3802)
4(4202 4201 3841 3842)
4(4161 4201 4202 4162)
4(4163 4203 3843 3803)
4(4203 4202 3842 3843)
4(4162 4202 4203 4163)
4(4164 4204 3844 3804)
4(4204 4203 3843 3844)
4(4163 4203 4204 4164)
4(4165 4205 3845 3805)
4(4205 4204 3844 3845)
4(4164 4204 4205 4165)
4(4166 4206 3846 3806)
4(4206 4205 3845 3846)
4(4165 4205 4206 4166)
4(4167 4207 3847 3807)
4(4207 4206 3846 3847)
4(4166 4206 4207 4167)
4(4168 4208 3848 3808)
4(4208 4207 3847 3848)
4(4167 4207 4208 4168)
4(4169 4209 3849 3809)
4(4209 4208 3848 3849)
4(4168 4208 4209 4169)
4(4170 4210 3850 3810)
4(4210 4209 3849 3850)
4(4169 4209 4210 4170)
4(4171 4211 3851 3811)
4(4211 4210 3850 3851)
4(4170 4210 4211 4171)
4(4172 4212 3852 3812)
4(4212 4211 3851 3852)
4(4171 4211 4212 4172)
4(4173 4213 3853 3813)
4(4213 4212 3852 3853)
4(4172 4212 4213 4173)
4(4174 4214 3854 3814)
4(4214 4213 3853 3854)
4(4173 4213 4214 4174)
4(4175 4215 3855 3815)
4(4215 4214 3854 3855)
4(4174 4214 4215 4175)
4(4176 4216 3856 3816)
4(4216 4215 3855 3856)
4(4175 4215 4216 4176)
4(4177 4217 3857 3817)
4(4217 4216 3856 3857)
4(4176 4216 4217 4177)
4(4178 4218 3858 3818)
4(4218 4217 3857 3858)
4(4177 4217 4218 4178)
4(4179 4219 3859 3819)
4(4219 4218 3858 3859)
4(4178 4218 4219 4179)
4(4180 4220 3860 3820)
4(4220 4219 3859 3860)
4(4179 4219 4220 4180)
4(4181 4221 3861 3821)
4(4221 4220 3860 3861)
4(4180 4220 4221 4181)
4(4182 4222 3862 3822)
4(4222 4221 3861 3862)
4(4181 4221 4222 4182)
4(4183 4223 3863 3823)
4(4223 4222 3862 3863)
4(4182 4222 4223 4183)
4(4184 4224 3864 3824)
4(4224 4223 3863 3864)
4(4183 4223 4224 4184)
4(4185 4225 3865 3825)
4(4225 4224 3864 3865)
4(4184 4224 4225 4185)
4(4186 4226 3866 3826)
4(4226 4225 3865 3866)
4(4185 4225 4226 4186)
4(4187 4227 3867 3827)
4(4227 4226 3866 3867)
4(4186 4226 4227 4187)
4(4188 4228 3868 3828)
4(4228 4227 3867 3868)
4(4187 4227 4228 4188)
4(4189 4229 3869 3829)
4(4229 4228 3868 3869)
4(4188 4228 4229 4189)
4(4190 4230 3870 3830)
4(4230 4229 3869 3870)
4(4189 4229 4230 4190)
4(4191 4231 3871 3831)
4(4231 4230 3870 3871)
4(4190 4230 4231 4191)
4(4192 4232 3872 3832)
4(4232 4231 3871 3872)
4(4191 4231 4232 4192)
4(4193 4233 3873 3833)
4(4233 4232 3872 3873)
4(4192 4232 4233 4193)
4(4194 4234 3874 3834)
4(4234 4233 3873 3874)
4(4193 4233 4234 4194)
4(4195 4235 3875 3835)
4(4235 4234 3874 3875)
4(4194 4234 4235 4195)
4(4196 4236 3876 3836)
4(4236 4235 3875 3876)
4(4195 4235 4236 4196)
4(4197 4237 3877 3837)
4(4237 4236 3876 3877)
4(4196 4236 4237 4197)
4(4198 4238 3878 3838)
4(4238 4237 3877 3878)
4(4197 4237 4238 4198)
4(4239 4238 3878 3879)
4(4198 4238 4239 4199)
4(4201 4241 3881 3841)
4(4241 4240 3880 3881)
4(4200 4240 4241 4201)
4(4202 4242 3882 3842)
4(4242 4241 3881 3882)
4(4201 4241 4242 4202)
4(4203 4243 3883 3843)
4(4243 4242 3882 3883)
4(4202 4242 4243 4203)
4(4204 4244 3884 3844)
4(4244 4243 3883 3884)
4(4203 4243 4244 4204)
4(4205 4245 3885 3845)
4(4245 4244 3884 3885)
4(4204 4244 4245 4205)
4(4206 4246 3886 3846)
4(4246 4245 3885 3886)
4(4205 4245 4246 4206)
4(4207 4247 3887 3847)
4(4247 4246 3886 3887)
4(4206 4246 4247 4207)
4(4208 4248 3888 3848)
4(4248 4247 3887 3888)
4(4207 4247 4248 4208)
4(4209 4249 3889 3849)
4(4249 4248 3888 3889)
4(4208 4248 4249 4209)
4(4210 4250 3890 3850)
4(4250 4249 3889 3890)
4(4209 4249 4250 4210)
4(4211 4251 3891 3851)
4(4251 4250 3890 3891)
4(4210 4250 4251 4211)
4(4212 4252 3892 3852)
4(4252 4251 3891 3892)
4(4211 4251 4252 4212)
4(4213 4253 3893 3853)
4(4253 4252 3892 3893)
4(4212 4252 4253 4213)
4(4214 4254 3894 3854)
4(4254 4253 3893 3894)
4(4213 4253 4254 4214)
4(4215 4255 3895 3855)
4(4255 4254 3894 3895)
4(4214 4254 4255 4215)
4(4216 4256 3896 3856)
4(4256 4255 3895 3896)
4(4215 4255 4256 4216)
4(4217 4257 3897 3857)
4(4257 4256 3896 3897)
4(4216 4256 4257 4217)
4(4218 4258 3898 3858)
4(4258 4257 3897 3898)
4(4217 4257 4258 4218)
4(4219 4259 3899 3859)
4(4259 4258 3898 3899)
4(4218 4258 4259 4219)
4(4220 4260 3900 3860)
4(4260 4259 3899 3900)
4(4219 4259 4260 4220)
4(4221 4261 3901 3861)
4(4261 4260 3900 3901)
4(4220 4260 4261 4221)
4(4222 4262 3902 3862)
4(4262 4261 3901 3902)
4(4221 4261 4262 4222)
4(4223 4263 3903 3863)
4(4263 4262 3902 3903)
4(4222 4262 4263 4223)
4(4224 4264 3904 3864)
4(4264 4263 3903 3904)
4(4223 4263 4264 4224)
4(4225 4265 3905 3865)
4(4265 4264 3904 3905)
4(4224 4264 4265 4225)
4(4226 4266 3906 3866)
4(4266 4265 3905 3906)
4(4225 4265 4266 4226)
4(4227 4267 3907 3867)
4(4267 4266 3906 3907)
4(4226 4266 4267 4227)
4(4228 4268 3908 3868)
4(4268 4267 3907 3908)
4(4227 4267 4268 4228)
4(4229 4269 3909 3869)
4(4269 4268 3908 3909)
4(4228 4268 4269 4229)
4(4230 4270 3910 3870)
4(4270 4269 3909 3910)
4(4229 4269 4270 4230)
4(4231 4271 3911 3871)
4(4271 4270 3910 3911)
4(4230 4270 4271 4231)
4(4232 4272 3912 3872)
4(4272 4271 3911 3912)
4(4231 4271 4272 4232)
4(4233 4273 3913 3873)
4(4273 4272 3912 3913)
4(4232 4272 4273 4233)
4(4234 4274 3914 3874)
4(4274 4273 3913 3914)
4(4233 4273 4274 4234)
4(4235 4275 3915 3875)
4(4275 4274 3914 3915)
4(4234 4274 4275 4235)
4(4236 4276 3916 3876)
4(4276 4275 3915 3916)
4(4235 4275 4276 4236)
4(4237 4277 3917 3877)
4(4277 4276 3916 3917)
4(4236 4276 4277 4237)
4(4238 4278 3918 3878)
4(4278 4277 3917 3918)
4(4237 4277 4278 4238)
4(4279 4278 3918 3919)
4(4238 4278 4279 4239)
4(4241 4281 3921 3881)
4(4240 4280 4281 4241)
4(4281 4280 3920 3921)
4(4242 4282 3922 3882)
4(4241 4281 4282 4242)
4(4282 4281 3921 3922)
4(4243 4283 3923 3883)
4(4242 4282 4283 4243)
4(4283 4282 3922 3923)
4(4244 4284 3924 3884)
4(4243 4283 4284 4244)
4(4284 4283 3923 3924)
4(4245 4285 3925 3885)
4(4244 4284 4285 4245)
4(4285 4284 3924 3925)
4(4246 4286 3926 3886)
4(4245 4285 4286 4246)
4(4286 4285 3925 3926)
4(4247 4287 3927 3887)
4(4246 4286 4287 4247)
4(4287 4286 3926 3927)
4(4248 4288 3928 3888)
4(4247 4287 4288 4248)
4(4288 4287 3927 3928)
4(4249 4289 3929 3889)
4(4248 4288 4289 4249)
4(4289 4288 3928 3929)
4(4250 4290 3930 3890)
4(4249 4289 4290 4250)
4(4290 4289 3929 3930)
4(4251 4291 3931 3891)
4(4250 4290 4291 4251)
4(4291 4290 3930 3931)
4(4252 4292 3932 3892)
4(4251 4291 4292 4252)
4(4292 4291 3931 3932)
4(4253 4293 3933 3893)
4(4252 4292 4293 4253)
4(4293 4292 3932 3933)
4(4254 4294 3934 3894)
4(4253 4293 4294 4254)
4(4294 4293 3933 3934)
4(4255 4295 3935 3895)
4(4254 4294 4295 4255)
4(4295 4294 3934 3935)
4(4256 4296 3936 3896)
4(4255 4295 4296 4256)
4(4296 4295 3935 3936)
4(4257 4297 3937 3897)
4(4256 4296 4297 4257)
4(4297 4296 3936 3937)
4(4258 4298 3938 3898)
4(4257 4297 4298 4258)
4(4298 4297 3937 3938)
4(4259 4299 3939 3899)
4(4258 4298 4299 4259)
4(4299 4298 3938 3939)
4(4260 4300 3940 3900)
4(4259 4299 4300 4260)
4(4300 4299 3939 3940)
4(4261 4301 3941 3901)
4(4260 4300 4301 4261)
4(4301 4300 3940 3941)
4(4262 4302 3942 3902)
4(4261 4301 4302 4262)
4(4302 4301 3941 3942)
4(4263 4303 3943 3903)
4(4262 4302 4303 4263)
4(4303 4302 3942 3943)
4(4264 4304 3944 3904)
4(4263 4303 4304 4264)
4(4304 4303 3943 3944)
4(4265 4305 3945 3905)
4(4264 4304 4305 4265)
4(4305 4304 3944 3945)
4(4266 4306 3946 3906)
4(4265 4305 4306 4266)
4(4306 4305 3945 3946)
4(4267 4307 3947 3907)
4(4266 4306 4307 4267)
4(4307 4306 3946 3947)
4(4268 4308 3948 3908)
4(4267 4307 4308 4268)
4(4308 4307 3947 3948)
4(4269 4309 3949 3909)
4(4268 4308 4309 4269)
4(4309 4308 3948 3949)
4(4270 4310 3950 3910)
4(4269 4309 4310 4270)
4(4310 4309 3949 3950)
4(4271 4311 3951 3911)
4(4270 4310 4311 4271)
4(4311 4310 3950 3951)
4(4272 4312 3952 3912)
4(4271 4311 4312 4272)
4(4312 4311 3951 3952)
4(4273 4313 3953 3913)
4(4272 4312 4313 4273)
4(4313 4312 3952 3953)
4(4274 4314 3954 3914)
4(4273 4313 4314 4274)
4(4314 4313 3953 3954)
4(4275 4315 3955 3915)
4(4274 4314 4315 4275)
4(4315 4314 3954 3955)
4(4276 4316 3956 3916)
4(4275 4315 4316 4276)
4(4316 4315 3955 3956)
4(4277 4317 3957 3917)
4(4276 4316 4317 4277)
4(4317 4316 3956 3957)
4(4278 4318 3958 3918)
4(4277 4317 4318 4278)
4(4318 4317 3957 3958)
4(4278 4318 4319 4279)
4(4319 4318 3958 3959)
4(4321 4361 4001 3961)
4(4361 4360 4000 4001)
4(4320 4360 4361 4321)
4(3960 4320 4321 3961)
4(4322 4362 4002 3962)
4(4362 4361 4001 4002)
4(4321 4361 4362 4322)
4(3961 4321 4322 3962)
4(4323 4363 4003 3963)
4(4363 4362 4002 4003)
4(4322 4362 4363 4323)
4(3962 4322 4323 3963)
4(4324 4364 4004 3964)
4(4364 4363 4003 4004)
4(4323 4363 4364 4324)
4(3963 4323 4324 3964)
4(4325 4365 4005 3965)
4(4365 4364 4004 4005)
4(4324 4364 4365 4325)
4(3964 4324 4325 3965)
4(4326 4366 4006 3966)
4(4366 4365 4005 4006)
4(4325 4365 4366 4326)
4(3965 4325 4326 3966)
4(4327 4367 4007 3967)
4(4367 4366 4006 4007)
4(4326 4366 4367 4327)
4(3966 4326 4327 3967)
4(4328 4368 4008 3968)
4(4368 4367 4007 4008)
4(4327 4367 4368 4328)
4(3967 4327 4328 3968)
4(4329 4369 4009 3969)
4(4369 4368 4008 4009)
4(4328 4368 4369 4329)
4(3968 4328 4329 3969)
4(4330 4370 4010 3970)
4(4370 4369 4009 4010)
4(4329 4369 4370 4330)
4(3969 4329 4330 3970)
4(4331 4371 4011 3971)
4(4371 4370 4010 4011)
4(4330 4370 4371 4331)
4(3970 4330 4331 3971)
4(4332 4372 4012 3972)
4(4372 4371 4011 4012)
4(4331 4371 4372 4332)
4(3971 4331 4332 3972)
4(4333 4373 4013 3973)
4(4373 4372 4012 4013)
4(4332 4372 4373 4333)
4(3972 4332 4333 3973)
4(4334 4374 4014 3974)
4(4374 4373 4013 4014)
4(4333 4373 4374 4334)
4(3973 4333 4334 3974)
4(4335 4375 4015 3975)
4(4375 4374 4014 4015)
4(4334 4374 4375 4335)
4(3974 4334 4335 3975)
4(4336 4376 4016 3976)
4(4376 4375 4015 4016)
4(4335 4375 4376 4336)
4(3975 4335 4336 3976)
4(4337 4377 4017 3977)
4(4377 4376 4016 4017)
4(4336 4376 4377 4337)
4(3976 4336 4337 3977)
4(4338 4378 4018 3978)
4(4378 4377 4017 4018)
4(4337 4377 4378 4338)
4(3977 4337 4338 3978)
4(4339 4379 4019 3979)
4(4379 4378 4018 4019)
4(4338 4378 4379 4339)
4(3978 4338 4339 3979)
4(4340 4380 4020 3980)
4(4380 4379 4019 4020)
4(4339 4379 4380 4340)
4(3979 4339 4340 3980)
4(4341 4381 4021 3981)
4(4381 4380 4020 4021)
4(4340 4380 4381 4341)
4(3980 4340 4341 3981)
4(4342 4382 4022 3982)
4(4382 4381 4021 4022)
4(4341 4381 4382 4342)
4(3981 4341 4342 3982)
4(4343 4383 4023 3983)
4(4383 4382 4022 4023)
4(4342 4382 4383 4343)
4(3982 4342 4343 3983)
4(4344 4384 4024 3984)
4(4384 4383 4023 4024)
4(4343 4383 4384 4344)
4(3983 4343 4344 3984)
4(4345 4385 4025 3985)
4(4385 4384 4024 4025)
4(4344 4384 4385 4345)
4(3984 4344 4345 3985)
4(4346 4386 4026 3986)
4(4386 4385 4025 4026)
4(4345 4385 4386 4346)
4(3985 4345 4346 3986)
4(4347 4387 4027 3987)
4(4387 4386 4026 4027)
4(4346 4386 4387 4347)
4(3986 4346 4347 3987)
4(4348 4388 4028 3988)
4(4388 4387 4027 4028)
4(4347 4387 4388 4348)
4(3987 4347 4348 3988)
4(4349 4389 4029 3989)
4(4389 4388 4028 4029)
4(4348 4388 4389 4349)
4(3988 4348 4349 3989)
4(4350 4390 4030 3990)
4(4390 4389 4029 4030)
4(4349 4389 4390 4350)
4(3989 4349 4350 3990)
4(4351 4391 4031 3991)
4(4391 4390 4030 4031)
4(4350 4390 4391 4351)
4(3990 4350 4351 3991)
4(4352 4392 4032 3992)
4(4392 4391 4031 4032)
4(4351 4391 4392 4352)
4(3991 4351 4352 3992)
4(4353 4393 4033 3993)
4(4393 4392 4032 4033)
4(4352 4392 4393 4353)
4(3992 4352 4353 3993)
4(4354 4394 4034 3994)
4(4394 4393 4033 4034)
4(4353 4393 4394 4354)
4(3993 4353 4354 3994)
4(4355 4395 4035 3995)
4(4395 4394 4034 4035)
4(4354 4394 4395 4355)
4(3994 4354 4355 3995)
4(4356 4396 4036 3996)
4(4396 4395 4035 4036)
4(4355 4395 4396 4356)
4(3995 4355 4356 3996)
4(4357 4397 4037 3997)
4(4397 4396 4036 4037)
4(4356 4396 4397 4357)
4(3996 4356 4357 3997)
4(4358 4398 4038 3998)
4(4398 4397 4037 4038)
4(4357 4397 4398 4358)
4(3997 4357 4358 3998)
4(4399 4398 4038 4039)
4(4358 4398 4399 4359)
4(3998 4358 4359 3999)
4(4361 4401 4041 4001)
4(4401 4400 4040 4041)
4(4360 4400 4401 4361)
4(4362 4402 4042 4002)
4(4402 4401 4041 4042)
4(4361 4401 4402 4362)
4(4363 4403 4043 4003)
4(4403 4402 4042 4043)
4(4362 4402 4403 4363)
4(4364 4404 4044 4004)
4(4404 4403 4043 4044)
4(4363 4403 4404 4364)
4(4365 4405 4045 4005)
4(4405 4404 4044 4045)
4(4364 4404 4405 4365)
4(4366 4406 4046 4006)
4(4406 4405 4045 4046)
4(4365 4405 4406 4366)
4(4367 4407 4047 4007)
4(4407 4406 4046 4047)
4(4366 4406 4407 4367)
4(4368 4408 4048 4008)
4(4408 4407 4047 4048)
4(4367 4407 4408 4368)
4(4369 4409 4049 4009)
4(4409 4408 4048 4049)
4(4368 4408 4409 4369)
4(4370 4410 4050 4010)
4(4410 4409 4049 4050)
4(4369 4409 4410 4370)
4(4371 4411 4051 4011)
4(4411 4410 4050 4051)
4(4370 4410 4411 4371)
4(4372 4412 4052 4012)
4(4412 4411 4051 4052)
4(4371 4411 4412 4372)
4(4373 4413 4053 4013)
4(4413 4412 4052 4053)
4(4372 4412 4413 4373)
4(4374 4414 4054 4014)
4(4414 4413 4053 4054)
4(4373 4413 4414 4374)
4(4375 4415 4055 4015)
4(4415 4414 4054 4055)
4(4374 4414 4415 4375)
4(4376 4416 4056 4016)
4(4416 4415 4055 4056)
4(4375 4415 4416 4376)
4(4377 4417 4057 4017)
4(4417 4416 4056 4057)
4(4376 4416 4417 4377)
4(4378 4418 4058 4018)
4(4418 4417 4057 4058)
4(4377 4417 4418 4378)
4(4379 4419 4059 4019)
4(4419 4418 4058 4059)
4(4378 4418 4419 4379)
4(4380 4420 4060 4020)
4(4420 4419 4059 4060)
4(4379 4419 4420 4380)
4(4381 4421 4061 4021)
4(4421 4420 4060 4061)
4(4380 4420 4421 4381)
4(4382 4422 4062 4022)
4(4422 4421 4061 4062)
4(4381 4421 4422 4382)
4(4383 4423 4063 4023)
4(4423 4422 4062 4063)
4(4382 4422 4423 4383)
4(4384 4424 4064 4024)
4(4424 4423 4063 4064)
4(4383 4423 4424 4384)
4(4385 4425 4065 4025)
4(4425 4424 4064 4065)
4(4384 4424 4425 4385)
4(4386 4426 4066 4026)
4(4426 4425 4065 4066)
4(4385 4425 4426 4386)
4(4387 4427 4067 4027)
4(4427 4426 4066 4067)
4(4386 4426 4427 4387)
4(4388 4428 4068 4028)
4(4428 4427 4067 4068)
4(4387 4427 4428 4388)
4(4389 4429 4069 4029)
4(4429 4428 4068 4069)
4(4388 4428 4429 4389)
4(4390 4430 4070 4030)
4(4430 4429 4069 4070)
4(4389 4429 4430 4390)
4(4391 4431 4071 4031)
4(4431 4430 4070 4071)
4(4390 4430 4431 4391)
4(4392 4432 4072 4032)
4(4432 4431 4071 4072)
4(4391 4431 4432 4392)
4(4393 4433 4073 4033)
4(4433 4432 4072 4073)
4(4392 4432 4433 4393)
4(4394 4434 4074 4034)
4(4434 4433 4073 4074)
4(4393 4433 4434 4394)
4(4395 4435 4075 4035)
4(4435 4434 4074 4075)
4(4394 4434 4435 4395)
4(4396 4436 4076 4036)
4(4436 4435 4075 4076)
4(4395 4435 4436 4396)
4(4397 4437 4077 4037)
4(4437 4436 4076 4077)
4(4396 4436 4437 4397)
4(4398 4438 4078 4038)
4(4438 4437 4077 4078)
4(4397 4437 4438 4398)
4(4439 4438 4078 4079)
4(4398 4438 4439 4399)
4(4401 4441 4081 4041)
4(4441 4440 4080 4081)
4(4400 4440 4441 4401)
4(4402 4442 4082 4042)
4(4442 4441 4081 4082)
4(4401 4441 4442 4402)
4(4403 4443 4083 4043)
4(4443 4442 4082 4083)
4(4402 4442 4443 4403)
4(4404 4444 4084 4044)
4(4444 4443 4083 4084)
4(4403 4443 4444 4404)
4(4405 4445 4085 4045)
4(4445 4444 4084 4085)
4(4404 4444 4445 4405)
4(4406 4446 4086 4046)
4(4446 4445 4085 4086)
4(4405 4445 4446 4406)
4(4407 4447 4087 4047)
4(4447 4446 4086 4087)
4(4406 4446 4447 4407)
4(4408 4448 4088 4048)
4(4448 4447 4087 4088)
4(4407 4447 4448 4408)
4(4409 4449 4089 4049)
4(4449 4448 4088 4089)
4(4408 4448 4449 4409)
4(4410 4450 4090 4050)
4(4450 4449 4089 4090)
4(4409 4449 4450 4410)
4(4411 4451 4091 4051)
4(4451 4450 4090 4091)
4(4410 4450 4451 4411)
4(4412 4452 4092 4052)
4(4452 4451 4091 4092)
4(4411 4451 4452 4412)
4(4413 4453 4093 4053)
4(4453 4452 4092 4093)
4(4412 4452 4453 4413)
4(4414 4454 4094 4054)
4(4454 4453 4093 4094)
4(4413 4453 4454 4414)
4(4415 4455 4095 4055)
4(4455 4454 4094 4095)
4(4414 4454 4455 4415)
4(4416 4456 4096 4056)
4(4456 4455 4095 4096)
4(4415 4455 4456 4416)
4(4417 4457 4097 4057)
4(4457 4456 4096 4097)
4(4416 4456 4457 4417)
4(4418 4458 4098 4058)
4(4458 4457 4097 4098)
4(4417 4457 4458 4418)
4(4419 4459 4099 4059)
4(4459 4458 4098 4099)
4(4418 4458 4459 4419)
4(4420 4460 4100 4060)
4(4460 4459 4099 4100)
4(4419 4459 4460 4420)
4(4421 4461 4101 4061)
4(4461 4460 4100 4101)
4(4420 4460 4461 4421)
4(4422 4462 4102 4062)
4(4462 4461 4101 4102)
4(4421 4461 4462 4422)
4(4423 4463 4103 4063)
4(4463 4462 4102 4103)
4(4422 4462 4463 4423)
4(4424 4464 4104 4064)
4(4464 4463 4103 4104)
4(4423 4463 4464 4424)
4(4425 4465 4105 4065)
4(4465 4464 4104 4105)
4(4424 4464 4465 4425)
4(4426 4466 4106 4066)
4(4466 4465 4105 4106)
4(4425 4465 4466 4426)
4(4427 4467 4107 4067)
4(4467 4466 4106 4107)
4(4426 4466 4467 4427)
4(4428 4468 4108 4068)
4(4468 4467 4107 4108)
4(4427 4467 4468 4428)
4(4429 4469 4109 4069)
4(4469 4468 4108 4109)
4(4428 4468 4469 4429)
4(4430 4470 4110 4070)
4(4470 4469 4109 4110)
4(4429 4469 4470 4430)
4(4431 4471 4111 4071)
4(4471 4470 4110 4111)
4(4430 4470 4471 4431)
4(4432 4472 4112 4072)
4(4472 4471 4111 4112)
4(4431 4471 4472 4432)
4(4433 4473 4113 4073)
4(4473 4472 4112 4113)
4(4432 4472 4473 4433)
4(4434 4474 4114 4074)
4(4474 4473 4113 4114)
4(4433 4473 4474 4434)
4(4435 4475 4115 4075)
4(4475 4474 4114 4115)
4(4434 4474 4475 4435)
4(4436 4476 4116 4076)
4(4476 4475 4115 4116)
4(4435 4475 4476 4436)
4(4437 4477 4117 4077)
4(4477 4476 4116 4117)
4(4436 4476 4477 4437)
4(4438 4478 4118 4078)
4(4478 4477 4117 4118)
4(4437 4477 4478 4438)
4(4479 4478 4118 4119)
4(4438 4478 4479 4439)
4(4441 4481 4121 4081)
4(4481 4480 4120 4121)
4(4440 4480 4481 4441)
4(4442 4482 4122 4082)
4(4482 4481 4121 4122)
4(4441 4481 4482 4442)
4(4443 4483 4123 4083)
4(4483 4482 4122 4123)
4(4442 4482 4483 4443)
4(4444 4484 4124 4084)
4(4484 4483 4123 4124)
4(4443 4483 4484 4444)
4(4445 4485 4125 4085)
4(4485 4484 4124 4125)
4(4444 4484 4485 4445)
4(4446 4486 4126 4086)
4(4486 4485 4125 4126)
4(4445 4485 4486 4446)
4(4447 4487 4127 4087)
4(4487 4486 4126 4127)
4(4446 4486 4487 4447)
4(4448 4488 4128 4088)
4(4488 4487 4127 4128)
4(4447 4487 4488 4448)
4(4449 4489 4129 4089)
4(4489 4488 4128 4129)
4(4448 4488 4489 4449)
4(4450 4490 4130 4090)
4(4490 4489 4129 4130)
4(4449 4489 4490 4450)
4(4451 4491 4131 4091)
4(4491 4490 4130 4131)
4(4450 4490 4491 4451)
4(4452 4492 4132 4092)
4(4492 4491 4131 4132)
4(4451 4491 4492 4452)
4(4453 4493 4133 4093)
4(4493 4492 4132 4133)
4(4452 4492 4493 4453)
4(4454 4494 4134 4094)
4(4494 4493 4133 4134)
4(4453 4493 4494 4454)
4(4455 4495 4135 4095)
4(4495 4494 4134 4135)
4(4454 4494 4495 4455)
4(4456 4496 4136 4096)
4(4496 4495 4135 4136)
4(4455 4495 4496 4456)
4(4457 4497 4137 4097)
4(4497 4496 4136 4137)
4(4456 4496 4497 4457)
4(4458 4498 4138 4098)
4(4498 4497 4137 4138)
4(4457 4497 4498 4458)
4(4459 4499 4139 4099)
4(4499 4498 4138 4139)
4(4458 4498 4499 4459)
4(4460 4500 4140 4100)
4(4500 4499 4139 4140)
4(4459 4499 4500 4460)
4(4461 4501 4141 4101)
4(4501 4500 4140 4141)
4(4460 4500 4501 4461)
4(4462 4502 4142 4102)
4(4502 4501 4141 4142)
4(4461 4501 4502 4462)
4(4463 4503 4143 4103)
4(4503 4502 4142 4143)
4(4462 4502 4503 4463)
4(4464 4504 4144 4104)
4(4504 4503 4143 4144)
4(4463 4503 4504 4464)
4(4465 4505 4145 4105)
4(4505 4504 4144 4145)
4(4464 4504 4505 4465)
4(4466 4506 4146 4106)
4(4506 4505 4145 4146)
4(4465 4505 4506 4466)
4(4467 4507 4147 4107)
4(4507 4506 4146 4147)
4(4466 4506 4507 4467)
4(4468 4508 4148 4108)
4(4508 4507 4147 4148)
4(4467 4507 4508 4468)
4(4469 4509 4149 4109)
4(4509 4508 4148 4149)
4(4468 4508 4509 4469)
4(4470 4510 4150 4110)
4(4510 4509 4149 4150)
4(4469 4509 4510 4470)
4(4471 4511 4151 4111)
4(4511 4510 4150 4151)
4(4470 4510 4511 4471)
4(4472 4512 4152 4112)
4(4512 4511 4151 4152)
4(4471 4511 4512 4472)
4(4473 4513 4153 4113)
4(4513 4512 4152 4153)
4(4472 4512 4513 4473)
4(4474 4514 4154 4114)
4(4514 4513 4153 4154)
4(4473 4513 4514 4474)
4(4475 4515 4155 4115)
4(4515 4514 4154 4155)
4(4474 4514 4515 4475)
4(4476 4516 4156 4116)
4(4516 4515 4155 4156)
4(4475 4515 4516 4476)
4(4477 4517 4157 4117)
4(4517 4516 4156 4157)
4(4476 4516 4517 4477)
4(4478 4518 4158 4118)
4(4518 4517 4157 4158)
4(4477 4517 4518 4478)
4(4519 4518 4158 4159)
4(4478 4518 4519 4479)
4(4481 4521 4161 4121)
4(4521 4520 4160 4161)
4(4480 4520 4521 4481)
4(4482 4522 4162 4122)
4(4522 4521 4161 4162)
4(4481 4521 4522 4482)
4(4483 4523 4163 4123)
4(4523 4522 4162 4163)
4(4482 4522 4523 4483)
4(4484 4524 4164 4124)
4(4524 4523 4163 4164)
4(4483 4523 4524 4484)
4(4485 4525 4165 4125)
4(4525 4524 4164 4165)
4(4484 4524 4525 4485)
4(4486 4526 4166 4126)
4(4526 4525 4165 4166)
4(4485 4525 4526 4486)
4(4487 4527 4167 4127)
4(4527 4526 4166 4167)
4(4486 4526 4527 4487)
4(4488 4528 4168 4128)
4(4528 4527 4167 4168)
4(4487 4527 4528 4488)
4(4489 4529 4169 4129)
4(4529 4528 4168 4169)
4(4488 4528 4529 4489)
4(4490 4530 4170 4130)
4(4530 4529 4169 4170)
4(4489 4529 4530 4490)
4(4491 4531 4171 4131)
4(4531 4530 4170 4171)
4(4490 4530 4531 4491)
4(4492 4532 4172 4132)
4(4532 4531 4171 4172)
4(4491 4531 4532 4492)
4(4493 4533 4173 4133)
4(4533 4532 4172 4173)
4(4492 4532 4533 4493)
4(4494 4534 4174 4134)
4(4534 4533 4173 4174)
4(4493 4533 4534 4494)
4(4495 4535 4175 4135)
4(4535 4534 4174 4175)
4(4494 4534 4535 4495)
4(4496 4536 4176 4136)
4(4536 4535 4175 4176)
4(4495 4535 4536 4496)
4(4497 4537 4177 4137)
4(4537 4536 4176 4177)
4(4496 4536 4537 4497)
4(4498 4538 4178 4138)
4(4538 4537 4177 4178)
4(4497 4537 4538 4498)
4(4499 4539 4179 4139)
4(4539 4538 4178 4179)
4(4498 4538 4539 4499)
4(4500 4540 4180 4140)
4(4540 4539 4179 4180)
4(4499 4539 4540 4500)
4(4501 4541 4181 4141)
4(4541 4540 4180 4181)
4(4500 4540 4541 4501)
4(4502 4542 4182 4142)
4(4542 4541 4181 4182)
4(4501 4541 4542 4502)
4(4503 4543 4183 4143)
4(4543 4542 4182 4183)
4(4502 4542 4543 4503)
4(4504 4544 4184 4144)
4(4544 4543 4183 4184)
4(4503 4543 4544 4504)
4(4505 4545 4185 4145)
4(4545 4544 4184 4185)
4(4504 4544 4545 4505)
4(4506 4546 4186 4146)
4(4546 4545 4185 4186)
4(4505 4545 4546 4506)
4(4507 4547 4187 4147)
4(4547 4546 4186 4187)
4(4506 4546 4547 4507)
4(4508 4548 4188 4148)
4(4548 4547 4187 4188)
4(4507 4547 4548 4508)
4(4509 4549 4189 4149)
4(4549 4548 4188 4189)
4(4508 4548 4549 4509)
4(4510 4550 4190 4150)
4(4550 4549 4189 4190)
4(4509 4549 4550 4510)
4(4511 4551 4191 4151)
4(4551 4550 4190 4191)
4(4510 4550 4551 4511)
4(4512 4552 4192 4152)
4(4552 4551 4191 4192)
4(4511 4551 4552 4512)
4(4513 4553 4193 4153)
4(4553 4552 4192 4193)
4(4512 4552 4553 4513)
4(4514 4554 4194 4154)
4(4554 4553 4193 4194)
4(4513 4553 4554 4514)
4(4515 4555 4195 4155)
4(4555 4554 4194 4195)
4(4514 4554 4555 4515)
4(4516 4556 4196 4156)
4(4556 4555 4195 4196)
4(4515 4555 4556 4516)
4(4517 4557 4197 4157)
4(4557 4556 4196 4197)
4(4516 4556 4557 4517)
4(4518 4558 4198 4158)
4(4558 4557 4197 4198)
4(4517 4557 4558 4518)
4(4559 4558 4198 4199)
4(4518 4558 4559 4519)
4(4521 4561 4201 4161)
4(4561 4560 4200 4201)
4(4520 4560 4561 4521)
4(4522 4562 4202 4162)
4(4562 4561 4201 4202)
4(4521 4561 4562 4522)
4(4523 4563 4203 4163)
4(4563 4562 4202 4203)
4(4522 4562 4563 4523)
4(4524 4564 4204 4164)
4(4564 4563 4203 4204)
4(4523 4563 4564 4524)
4(4525 4565 4205 4165)
4(4565 4564 4204 4205)
4(4524 4564 4565 4525)
4(4526 4566 4206 4166)
4(4566 4565 4205 4206)
4(4525 4565 4566 4526)
4(4527 4567 4207 4167)
4(4567 4566 4206 4207)
4(4526 4566 4567 4527)
4(4528 4568 4208 4168)
4(4568 4567 4207 4208)
4(4527 4567 4568 4528)
4(4529 4569 4209 4169)
4(4569 4568 4208 4209)
4(4528 4568 4569 4529)
4(4530 4570 4210 4170)
4(4570 4569 4209 4210)
4(4529 4569 4570 4530)
4(4531 4571 4211 4171)
4(4571 4570 4210 4211)
4(4530 4570 4571 4531)
4(4532 4572 4212 4172)
4(4572 4571 4211 4212)
4(4531 4571 4572 4532)
4(4533 4573 4213 4173)
4(4573 4572 4212 4213)
4(4532 4572 4573 4533)
4(4534 4574 4214 4174)
4(4574 4573 4213 4214)
4(4533 4573 4574 4534)
4(4535 4575 4215 4175)
4(4575 4574 4214 4215)
4(4534 4574 4575 4535)
4(4536 4576 4216 4176)
4(4576 4575 4215 4216)
4(4535 4575 4576 4536)
4(4537 4577 4217 4177)
4(4577 4576 4216 4217)
4(4536 4576 4577 4537)
4(4538 4578 4218 4178)
4(4578 4577 4217 4218)
4(4537 4577 4578 4538)
4(4539 4579 4219 4179)
4(4579 4578 4218 4219)
4(4538 4578 4579 4539)
4(4540 4580 4220 4180)
4(4580 4579 4219 4220)
4(4539 4579 4580 4540)
4(4541 4581 4221 4181)
4(4581 4580 4220 4221)
4(4540 4580 4581 4541)
4(4542 4582 4222 4182)
4(4582 4581 4221 4222)
4(4541 4581 4582 4542)
4(4543 4583 4223 4183)
4(4583 4582 4222 4223)
4(4542 4582 4583 4543)
4(4544 4584 4224 4184)
4(4584 4583 4223 4224)
4(4543 4583 4584 4544)
4(4545 4585 4225 4185)
4(4585 4584 4224 4225)
4(4544 4584 4585 4545)
4(4546 4586 4226 4186)
4(4586 4585 4225 4226)
4(4545 4585 4586 4546)
4(4547 4587 4227 4187)
4(4587 4586 4226 4227)
4(4546 4586 4587 4547)
4(4548 4588 4228 4188)
4(4588 4587 4227 4228)
4(4547 4587 4588 4548)
4(4549 4589 4229 4189)
4(4589 4588 4228 4229)
4(4548 4588 4589 4549)
4(4550 4590 4230 4190)
4(4590 4589 4229 4230)
4(4549 4589 4590 4550)
4(4551 4591 4231 4191)
4(4591 4590 4230 4231)
4(4550 4590 4591 4551)
4(4552 4592 4232 4192)
4(4592 4591 4231 4232)
4(4551 4591 4592 4552)
4(4553 4593 4233 4193)
4(4593 4592 4232 4233)
4(4552 4592 4593 4553)
4(4554 4594 4234 4194)
4(4594 4593 4233 4234)
4(4553 4593 4594 4554)
4(4555 4595 4235 4195)
4(4595 4594 4234 4235)
4(4554 4594 4595 4555)
4(4556 4596 4236 4196)
4(4596 4595 4235 4236)
4(4555 4595 4596 4556)
4(4557 4597 4237 4197)
4(4597 4596 4236 4237)
4(4556 4596 4597 4557)
4(4558 4598 4238 4198)
4(4598 4597 4237 4238)
4(4557 4597 4598 4558)
4(4599 4598 4238 4239)
4(4558 4598 4599 4559)
4(4561 4601 4241 4201)
4(4601 4600 4240 4241)
4(4560 4600 4601 4561)
4(4562 4602 4242 4202)
4(4602 4601 4241 4242)
4(4561 4601 4602 4562)
4(4563 4603 4243 4203)
4(4603 4602 4242 4243)
4(4562 4602 4603 4563)
4(4564 4604 4244 4204)
4(4604 4603 4243 4244)
4(4563 4603 4604 4564)
4(4565 4605 4245 4205)
4(4605 4604 4244 4245)
4(4564 4604 4605 4565)
4(4566 4606 4246 4206)
4(4606 4605 4245 4246)
4(4565 4605 4606 4566)
4(4567 4607 4247 4207)
4(4607 4606 4246 4247)
4(4566 4606 4607 4567)
4(4568 4608 4248 4208)
4(4608 4607 4247 4248)
4(4567 4607 4608 4568)
4(4569 4609 4249 4209)
4(4609 4608 4248 4249)
4(4568 4608 4609 4569)
4(4570 4610 4250 4210)
4(4610 4609 4249 4250)
4(4569 4609 4610 4570)
4(4571 4611 4251 4211)
4(4611 4610 4250 4251)
4(4570 4610 4611 4571)
4(4572 4612 4252 4212)
4(4612 4611 4251 4252)
4(4571 4611 4612 4572)
4(4573 4613 4253 4213)
4(4613 4612 4252 4253)
4(4572 4612 4613 4573)
4(4574 4614 4254 4214)
4(4614 4613 4253 4254)
4(4573 4613 4614 4574)
4(4575 4615 4255 4215)
4(4615 4614 4254 4255)
4(4574 4614 4615 4575)
4(4576 4616 4256 4216)
4(4616 4615 4255 4256)
4(4575 4615 4616 4576)
4(4577 4617 4257 4217)
4(4617 4616 4256 4257)
4(4576 4616 4617 4577)
4(4578 4618 4258 4218)
4(4618 4617 4257 4258)
4(4577 4617 4618 4578)
4(4579 4619 4259 4219)
4(4619 4618 4258 4259)
4(4578 4618 4619 4579)
4(4580 4620 4260 4220)
4(4620 4619 4259 4260)
4(4579 4619 4620 4580)
4(4581 4621 4261 4221)
4(4621 4620 4260 4261)
4(4580 4620 4621 4581)
4(4582 4622 4262 4222)
4(4622 4621 4261 4262)
4(4581 4621 4622 4582)
4(4583 4623 4263 4223)
4(4623 4622 4262 4263)
4(4582 4622 4623 4583)
4(4584 4624 4264 4224)
4(4624 4623 4263 4264)
4(4583 4623 4624 4584)
4(4585 4625 4265 4225)
4(4625 4624 4264 4265)
4(4584 4624 4625 4585)
4(4586 4626 4266 4226)
4(4626 4625 4265 4266)
4(4585 4625 4626 4586)
4(4587 4627 4267 4227)
4(4627 4626 4266 4267)
4(4586 4626 4627 4587)
4(4588 4628 4268 4228)
4(4628 4627 4267 4268)
4(4587 4627 4628 4588)
4(4589 4629 4269 4229)
4(4629 4628 4268 4269)
4(4588 4628 4629 4589)
4(4590 4630 4270 4230)
4(4630 4629 4269 4270)
4(4589 4629 4630 4590)
4(4591 4631 4271 4231)
4(4631 4630 4270 4271)
4(4590 4630 4631 4591)
4(4592 4632 4272 4232)
4(4632 4631 4271 4272)
4(4591 4631 4632 4592)
4(4593 4633 4273 4233)
4(4633 4632 4272 4273)
4(4592 4632 4633 4593)
4(4594 4634 4274 4234)
4(4634 4633 4273 4274)
4(4593 4633 4634 4594)
4(4595 4635 4275 4235)
4(4635 4634 4274 4275)
4(4594 4634 4635 4595)
4(4596 4636 4276 4236)
4(4636 4635 4275 4276)
4(4595 4635 4636 4596)
4(4597 4637 4277 4237)
4(4637 4636 4276 4277)
4(4596 4636 4637 4597)
4(4598 4638 4278 4238)
4(4638 4637 4277 4278)
4(4597 4637 4638 4598)
4(4639 4638 4278 4279)
4(4598 4638 4639 4599)
4(4601 4641 4281 4241)
4(4600 4640 4641 4601)
4(4641 4640 4280 4281)
4(4602 4642 4282 4242)
4(4601 4641 4642 4602)
4(4642 4641 4281 4282)
4(4603 4643 4283 4243)
4(4602 4642 4643 4603)
4(4643 4642 4282 4283)
4(4604 4644 4284 4244)
4(4603 4643 4644 4604)
4(4644 4643 4283 4284)
4(4605 4645 4285 4245)
4(4604 4644 4645 4605)
4(4645 4644 4284 4285)
4(4606 4646 4286 4246)
4(4605 4645 4646 4606)
4(4646 4645 4285 4286)
4(4607 4647 4287 4247)
4(4606 4646 4647 4607)
4(4647 4646 4286 4287)
4(4608 4648 4288 4248)
4(4607 4647 4648 4608)
4(4648 4647 4287 4288)
4(4609 4649 4289 4249)
4(4608 4648 4649 4609)
4(4649 4648 4288 4289)
4(4610 4650 4290 4250)
4(4609 4649 4650 4610)
4(4650 4649 4289 4290)
4(4611 4651 4291 4251)
4(4610 4650 4651 4611)
4(4651 4650 4290 4291)
4(4612 4652 4292 4252)
4(4611 4651 4652 4612)
4(4652 4651 4291 4292)
4(4613 4653 4293 4253)
4(4612 4652 4653 4613)
4(4653 4652 4292 4293)
4(4614 4654 4294 4254)
4(4613 4653 4654 4614)
4(4654 4653 4293 4294)
4(4615 4655 4295 4255)
4(4614 4654 4655 4615)
4(4655 4654 4294 4295)
4(4616 4656 4296 4256)
4(4615 4655 4656 4616)
4(4656 4655 4295 4296)
4(4617 4657 4297 4257)
4(4616 4656 4657 4617)
4(4657 4656 4296 4297)
4(4618 4658 4298 4258)
4(4617 4657 4658 4618)
4(4658 4657 4297 4298)
4(4619 4659 4299 4259)
4(4618 4658 4659 4619)
4(4659 4658 4298 4299)
4(4620 4660 4300 4260)
4(4619 4659 4660 4620)
4(4660 4659 4299 4300)
4(4621 4661 4301 4261)
4(4620 4660 4661 4621)
4(4661 4660 4300 4301)
4(4622 4662 4302 4262)
4(4621 4661 4662 4622)
4(4662 4661 4301 4302)
4(4623 4663 4303 4263)
4(4622 4662 4663 4623)
4(4663 4662 4302 4303)
4(4624 4664 4304 4264)
4(4623 4663 4664 4624)
4(4664 4663 4303 4304)
4(4625 4665 4305 4265)
4(4624 4664 4665 4625)
4(4665 4664 4304 4305)
4(4626 4666 4306 4266)
4(4625 4665 4666 4626)
4(4666 4665 4305 4306)
4(4627 4667 4307 4267)
4(4626 4666 4667 4627)
4(4667 4666 4306 4307)
4(4628 4668 4308 4268)
4(4627 4667 4668 4628)
4(4668 4667 4307 4308)
4(4629 4669 4309 4269)
4(4628 4668 4669 4629)
4(4669 4668 4308 4309)
4(4630 4670 4310 4270)
4(4629 4669 4670 4630)
4(4670 4669 4309 4310)
4(4631 4671 4311 4271)
4(4630 4670 4671 4631)
4(4671 4670 4310 4311)
4(4632 4672 4312 4272)
4(4631 4671 4672 4632)
4(4672 4671 4311 4312)
4(4633 4673 4313 4273)
4(4632 4672 4673 4633)
4(4673 4672 4312 4313)
4(4634 4674 4314 4274)
4(4633 4673 4674 4634)
4(4674 4673 4313 4314)
4(4635 4675 4315 4275)
4(4634 4674 4675 4635)
4(4675 4674 4314 4315)
4(4636 4676 4316 4276)
4(4635 4675 4676 4636)
4(4676 4675 4315 4316)
4(4637 4677 4317 4277)
4(4636 4676 4677 4637)
4(4677 4676 4316 4317)
4(4638 4678 4318 4278)
4(4637 4677 4678 4638)
4(4678 4677 4317 4318)
4(4638 4678 4679 4639)
4(4679 4678 4318 4319)
4(4681 4721 4361 4321)
4(4721 4720 4360 4361)
4(4320 4680 4681 4321)
4(4682 4722 4362 4322)
4(4722 4721 4361 4362)
4(4321 4681 4682 4322)
4(4683 4723 4363 4323)
4(4723 4722 4362 4363)
4(4322 4682 4683 4323)
4(4684 4724 4364 4324)
4(4724 4723 4363 4364)
4(4323 4683 4684 4324)
4(4685 4725 4365 4325)
4(4725 4724 4364 4365)
4(4324 4684 4685 4325)
4(4686 4726 4366 4326)
4(4726 4725 4365 4366)
4(4325 4685 4686 4326)
4(4687 4727 4367 4327)
4(4727 4726 4366 4367)
4(4326 4686 4687 4327)
4(4688 4728 4368 4328)
4(4728 4727 4367 4368)
4(4327 4687 4688 4328)
4(4689 4729 4369 4329)
4(4729 4728 4368 4369)
4(4328 4688 4689 4329)
4(4690 4730 4370 4330)
4(4730 4729 4369 4370)
4(4329 4689 4690 4330)
4(4691 4731 4371 4331)
4(4731 4730 4370 4371)
4(4330 4690 4691 4331)
4(4692 4732 4372 4332)
4(4732 4731 4371 4372)
4(4331 4691 4692 4332)
4(4693 4733 4373 4333)
4(4733 4732 4372 4373)
4(4332 4692 4693 4333)
4(4694 4734 4374 4334)
4(4734 4733 4373 4374)
4(4333 4693 4694 4334)
4(4695 4735 4375 4335)
4(4735 4734 4374 4375)
4(4334 4694 4695 4335)
4(4696 4736 4376 4336)
4(4736 4735 4375 4376)
4(4335 4695 4696 4336)
4(4697 4737 4377 4337)
4(4737 4736 4376 4377)
4(4336 4696 4697 4337)
4(4698 4738 4378 4338)
4(4738 4737 4377 4378)
4(4337 4697 4698 4338)
4(4699 4739 4379 4339)
4(4739 4738 4378 4379)
4(4338 4698 4699 4339)
4(4700 4740 4380 4340)
4(4740 4739 4379 4380)
4(4339 4699 4700 4340)
4(4701 4741 4381 4341)
4(4741 4740 4380 4381)
4(4340 4700 4701 4341)
4(4702 4742 4382 4342)
4(4742 4741 4381 4382)
4(4341 4701 4702 4342)
4(4703 4743 4383 4343)
4(4743 4742 4382 4383)
4(4342 4702 4703 4343)
4(4704 4744 4384 4344)
4(4744 4743 4383 4384)
4(4343 4703 4704 4344)
4(4705 4745 4385 4345)
4(4745 4744 4384 4385)
4(4344 4704 4705 4345)
4(4706 4746 4386 4346)
4(4746 4745 4385 4386)
4(4345 4705 4706 4346)
4(4707 4747 4387 4347)
4(4747 4746 4386 4387)
4(4346 4706 4707 4347)
4(4708 4748 4388 4348)
4(4748 4747 4387 4388)
4(4347 4707 4708 4348)
4(4709 4749 4389 4349)
4(4749 4748 4388 4389)
4(4348 4708 4709 4349)
4(4710 4750 4390 4350)
4(4750 4749 4389 4390)
4(4349 4709 4710 4350)
4(4711 4751 4391 4351)
4(4751 4750 4390 4391)
4(4350 4710 4711 4351)
4(4712 4752 4392 4352)
4(4752 4751 4391 4392)
4(4351 4711 4712 4352)
4(4713 4753 4393 4353)
4(4753 4752 4392 4393)
4(4352 4712 4713 4353)
4(4714 4754 4394 4354)
4(4754 4753 4393 4394)
4(4353 4713 4714 4354)
4(4715 4755 4395 4355)
4(4755 4754 4394 4395)
4(4354 4714 4715 4355)
4(4716 4756 4396 4356)
4(4756 4755 4395 4396)
4(4355 4715 4716 4356)
4(4717 4757 4397 4357)
4(4757 4756 4396 4397)
4(4356 4716 4717 4357)
4(4718 4758 4398 4358)
4(4758 4757 4397 4398)
4(4357 4717 4718 4358)
4(4759 4758 4398 4399)
4(4358 4718 4719 4359)
4(4721 4761 4401 4361)
4(4761 4760 4400 4401)
4(4722 4762 4402 4362)
4(4762 4761 4401 4402)
4(4723 4763 4403 4363)
4(4763 4762 4402 4403)
4(4724 4764 4404 4364)
4(4764 4763 4403 4404)
4(4725 4765 4405 4365)
4(4765 4764 4404 4405)
4(4726 4766 4406 4366)
4(4766 4765 4405 4406)
4(4727 4767 4407 4367)
4(4767 4766 4406 4407)
4(4728 4768 4408 4368)
4(4768 4767 4407 4408)
4(4729 4769 4409 4369)
4(4769 4768 4408 4409)
4(4730 4770 4410 4370)
4(4770 4769 4409 4410)
4(4731 4771 4411 4371)
4(4771 4770 4410 4411)
4(4732 4772 4412 4372)
4(4772 4771 4411 4412)
4(4733 4773 4413 4373)
4(4773 4772 4412 4413)
4(4734 4774 4414 4374)
4(4774 4773 4413 4414)
4(4735 4775 4415 4375)
4(4775 4774 4414 4415)
4(4736 4776 4416 4376)
4(4776 4775 4415 4416)
4(4737 4777 4417 4377)
4(4777 4776 4416 4417)
4(4738 4778 4418 4378)
4(4778 4777 4417 4418)
4(4739 4779 4419 4379)
4(4779 4778 4418 4419)
4(4740 4780 4420 4380)
4(4780 4779 4419 4420)
4(4741 4781 4421 4381)
4(4781 4780 4420 4421)
4(4742 4782 4422 4382)
4(4782 4781 4421 4422)
4(4743 4783 4423 4383)
4(4783 4782 4422 4423)
4(4744 4784 4424 4384)
4(4784 4783 4423 4424)
4(4745 4785 4425 4385)
4(4785 4784 4424 4425)
4(4746 4786 4426 4386)
4(4786 4785 4425 4426)
4(4747 4787 4427 4387)
4(4787 4786 4426 4427)
4(4748 4788 4428 4388)
4(4788 4787 4427 4428)
4(4749 4789 4429 4389)
4(4789 4788 4428 4429)
4(4750 4790 4430 4390)
4(4790 4789 4429 4430)
4(4751 4791 4431 4391)
4(4791 4790 4430 4431)
4(4752 4792 4432 4392)
4(4792 4791 4431 4432)
4(4753 4793 4433 4393)
4(4793 4792 4432 4433)
4(4754 4794 4434 4394)
4(4794 4793 4433 4434)
4(4755 4795 4435 4395)
4(4795 4794 4434 4435)
4(4756 4796 4436 4396)
4(4796 4795 4435 4436)
4(4757 4797 4437 4397)
4(4797 4796 4436 4437)
4(4758 4798 4438 4398)
4(4798 4797 4437 4438)
4(4799 4798 4438 4439)
4(4761 4801 4441 4401)
4(4801 4800 4440 4441)
4(4762 4802 4442 4402)
4(4802 4801 4441 4442)
4(4763 4803 4443 4403)
4(4803 4802 4442 4443)
4(4764 4804 4444 4404)
4(4804 4803 4443 4444)
4(4765 4805 4445 4405)
4(4805 4804 4444 4445)
4(4766 4806 4446 4406)
4(4806 4805 4445 4446)
4(4767 4807 4447 4407)
4(4807 4806 4446 4447)
4(4768 4808 4448 4408)
4(4808 4807 4447 4448)
4(4769 4809 4449 4409)
4(4809 4808 4448 4449)
4(4770 4810 4450 4410)
4(4810 4809 4449 4450)
4(4771 4811 4451 4411)
4(4811 4810 4450 4451)
4(4772 4812 4452 4412)
4(4812 4811 4451 4452)
4(4773 4813 4453 4413)
4(4813 4812 4452 4453)
4(4774 4814 4454 4414)
4(4814 4813 4453 4454)
4(4775 4815 4455 4415)
4(4815 4814 4454 4455)
4(4776 4816 4456 4416)
4(4816 4815 4455 4456)
4(4777 4817 4457 4417)
4(4817 4816 4456 4457)
4(4778 4818 4458 4418)
4(4818 4817 4457 4458)
4(4779 4819 4459 4419)
4(4819 4818 4458 4459)
4(4780 4820 4460 4420)
4(4820 4819 4459 4460)
4(4781 4821 4461 4421)
4(4821 4820 4460 4461)
4(4782 4822 4462 4422)
4(4822 4821 4461 4462)
4(4783 4823 4463 4423)
4(4823 4822 4462 4463)
4(4784 4824 4464 4424)
4(4824 4823 4463 4464)
4(4785 4825 4465 4425)
4(4825 4824 4464 4465)
4(4786 4826 4466 4426)
4(4826 4825 4465 4466)
4(4787 4827 4467 4427)
4(4827 4826 4466 4467)
4(4788 4828 4468 4428)
4(4828 4827 4467 4468)
4(4789 4829 4469 4429)
4(4829 4828 4468 4469)
4(4790 4830 4470 4430)
4(4830 4829 4469 4470)
4(4791 4831 4471 4431)
4(4831 4830 4470 4471)
4(4792 4832 4472 4432)
4(4832 4831 4471 4472)
4(4793 4833 4473 4433)
4(4833 4832 4472 4473)
4(4794 4834 4474 4434)
4(4834 4833 4473 4474)
4(4795 4835 4475 4435)
4(4835 4834 4474 4475)
4(4796 4836 4476 4436)
4(4836 4835 4475 4476)
4(4797 4837 4477 4437)
4(4837 4836 4476 4477)
4(4798 4838 4478 4438)
4(4838 4837 4477 4478)
4(4839 4838 4478 4479)
4(4801 4841 4481 4441)
4(4841 4840 4480 4481)
4(4802 4842 4482 4442)
4(4842 4841 4481 4482)
4(4803 4843 4483 4443)
4(4843 4842 4482 4483)
4(4804 4844 4484 4444)
4(4844 4843 4483 4484)
4(4805 4845 4485 4445)
4(4845 4844 4484 4485)
4(4806 4846 4486 4446)
4(4846 4845 4485 4486)
4(4807 4847 4487 4447)
4(4847 4846 4486 4487)
4(4808 4848 4488 4448)
4(4848 4847 4487 4488)
4(4809 4849 4489 4449)
4(4849 4848 4488 4489)
4(4810 4850 4490 4450)
4(4850 4849 4489 4490)
4(4811 4851 4491 4451)
4(4851 4850 4490 4491)
4(4812 4852 4492 4452)
4(4852 4851 4491 4492)
4(4813 4853 4493 4453)
4(4853 4852 4492 4493)
4(4814 4854 4494 4454)
4(4854 4853 4493 4494)
4(4815 4855 4495 4455)
4(4855 4854 4494 4495)
4(4816 4856 4496 4456)
4(4856 4855 4495 4496)
4(4817 4857 4497 4457)
4(4857 4856 4496 4497)
4(4818 4858 4498 4458)
4(4858 4857 4497 4498)
4(4819 4859 4499 4459)
4(4859 4858 4498 4499)
4(4820 4860 4500 4460)
4(4860 4859 4499 4500)
4(4821 4861 4501 4461)
4(4861 4860 4500 4501)
4(4822 4862 4502 4462)
4(4862 4861 4501 4502)
4(4823 4863 4503 4463)
4(4863 4862 4502 4503)
4(4824 4864 4504 4464)
4(4864 4863 4503 4504)
4(4825 4865 4505 4465)
4(4865 4864 4504 4505)
4(4826 4866 4506 4466)
4(4866 4865 4505 4506)
4(4827 4867 4507 4467)
4(4867 4866 4506 4507)
4(4828 4868 4508 4468)
4(4868 4867 4507 4508)
4(4829 4869 4509 4469)
4(4869 4868 4508 4509)
4(4830 4870 4510 4470)
4(4870 4869 4509 4510)
4(4831 4871 4511 4471)
4(4871 4870 4510 4511)
4(4832 4872 4512 4472)
4(4872 4871 4511 4512)
4(4833 4873 4513 4473)
4(4873 4872 4512 4513)
4(4834 4874 4514 4474)
4(4874 4873 4513 4514)
4(4835 4875 4515 4475)
4(4875 4874 4514 4515)
4(4836 4876 4516 4476)
4(4876 4875 4515 4516)
4(4837 4877 4517 4477)
4(4877 4876 4516 4517)
4(4838 4878 4518 4478)
4(4878 4877 4517 4518)
4(4879 4878 4518 4519)
4(4841 4881 4521 4481)
4(4881 4880 4520 4521)
4(4842 4882 4522 4482)
4(4882 4881 4521 4522)
4(4843 4883 4523 4483)
4(4883 4882 4522 4523)
4(4844 4884 4524 4484)
4(4884 4883 4523 4524)
4(4845 4885 4525 4485)
4(4885 4884 4524 4525)
4(4846 4886 4526 4486)
4(4886 4885 4525 4526)
4(4847 4887 4527 4487)
4(4887 4886 4526 4527)
4(4848 4888 4528 4488)
4(4888 4887 4527 4528)
4(4849 4889 4529 4489)
4(4889 4888 4528 4529)
4(4850 4890 4530 4490)
4(4890 4889 4529 4530)
4(4851 4891 4531 4491)
4(4891 4890 4530 4531)
4(4852 4892 4532 4492)
4(4892 4891 4531 4532)
4(4853 4893 4533 4493)
4(4893 4892 4532 4533)
4(4854 4894 4534 4494)
4(4894 4893 4533 4534)
4(4855 4895 4535 4495)
4(4895 4894 4534 4535)
4(4856 4896 4536 4496)
4(4896 4895 4535 4536)
4(4857 4897 4537 4497)
4(4897 4896 4536 4537)
4(4858 4898 4538 4498)
4(4898 4897 4537 4538)
4(4859 4899 4539 4499)
4(4899 4898 4538 4539)
4(4860 4900 4540 4500)
4(4900 4899 4539 4540)
4(4861 4901 4541 4501)
4(4901 4900 4540 4541)
4(4862 4902 4542 4502)
4(4902 4901 4541 4542)
4(4863 4903 4543 4503)
4(4903 4902 4542 4543)
4(4864 4904 4544 4504)
4(4904 4903 4543 4544)
4(4865 4905 4545 4505)
4(4905 4904 4544 4545)
4(4866 4906 4546 4506)
4(4906 4905 4545 4546)
4(4867 4907 4547 4507)
4(4907 4906 4546 4547)
4(4868 4908 4548 4508)
4(4908 4907 4547 4548)
4(4869 4909 4549 4509)
4(4909 4908 4548 4549)
4(4870 4910 4550 4510)
4(4910 4909 4549 4550)
4(4871 4911 4551 4511)
4(4911 4910 4550 4551)
4(4872 4912 4552 4512)
4(4912 4911 4551 4552)
4(4873 4913 4553 4513)
4(4913 4912 4552 4553)
4(4874 4914 4554 4514)
4(4914 4913 4553 4554)
4(4875 4915 4555 4515)
4(4915 4914 4554 4555)
4(4876 4916 4556 4516)
4(4916 4915 4555 4556)
4(4877 4917 4557 4517)
4(4917 4916 4556 4557)
4(4878 4918 4558 4518)
4(4918 4917 4557 4558)
4(4919 4918 4558 4559)
4(4881 4921 4561 4521)
4(4921 4920 4560 4561)
4(4882 4922 4562 4522)
4(4922 4921 4561 4562)
4(4883 4923 4563 4523)
4(4923 4922 4562 4563)
4(4884 4924 4564 4524)
4(4924 4923 4563 4564)
4(4885 4925 4565 4525)
4(4925 4924 4564 4565)
4(4886 4926 4566 4526)
4(4926 4925 4565 4566)
4(4887 4927 4567 4527)
4(4927 4926 4566 4567)
4(4888 4928 4568 4528)
4(4928 4927 4567 4568)
4(4889 4929 4569 4529)
4(4929 4928 4568 4569)
4(4890 4930 4570 4530)
4(4930 4929 4569 4570)
4(4891 4931 4571 4531)
4(4931 4930 4570 4571)
4(4892 4932 4572 4532)
4(4932 4931 4571 4572)
4(4893 4933 4573 4533)
4(4933 4932 4572 4573)
4(4894 4934 4574 4534)
4(4934 4933 4573 4574)
4(4895 4935 4575 4535)
4(4935 4934 4574 4575)
4(4896 4936 4576 4536)
4(4936 4935 4575 4576)
4(4897 4937 4577 4537)
4(4937 4936 4576 4577)
4(4898 4938 4578 4538)
4(4938 4937 4577 4578)
4(4899 4939 4579 4539)
4(4939 4938 4578 4579)
4(4900 4940 4580 4540)
4(4940 4939 4579 4580)
4(4901 4941 4581 4541)
4(4941 4940 4580 4581)
4(4902 4942 4582 4542)
4(4942 4941 4581 4582)
4(4903 4943 4583 4543)
4(4943 4942 4582 4583)
4(4904 4944 4584 4544)
4(4944 4943 4583 4584)
4(4905 4945 4585 4545)
4(4945 4944 4584 4585)
4(4906 4946 4586 4546)
4(4946 4945 4585 4586)
4(4907 4947 4587 4547)
4(4947 4946 4586 4587)
4(4908 4948 4588 4548)
4(4948 4947 4587 4588)
4(4909 4949 4589 4549)
4(4949 4948 4588 4589)
4(4910 4950 4590 4550)
4(4950 4949 4589 4590)
4(4911 4951 4591 4551)
4(4951 4950 4590 4591)
4(4912 4952 4592 4552)
4(4952 4951 4591 4592)
4(4913 4953 4593 4553)
4(4953 4952 4592 4593)
4(4914 4954 4594 4554)
4(4954 4953 4593 4594)
4(4915 4955 4595 4555)
4(4955 4954 4594 4595)
4(4916 4956 4596 4556)
4(4956 4955 4595 4596)
4(4917 4957 4597 4557)
4(4957 4956 4596 4597)
4(4918 4958 4598 4558)
4(4958 4957 4597 4598)
4(4959 4958 4598 4599)
4(4921 4961 4601 4561)
4(4961 4960 4600 4601)
4(4922 4962 4602 4562)
4(4962 4961 4601 4602)
4(4923 4963 4603 4563)
4(4963 4962 4602 4603)
4(4924 4964 4604 4564)
4(4964 4963 4603 4604)
4(4925 4965 4605 4565)
4(4965 4964 4604 4605)
4(4926 4966 4606 4566)
4(4966 4965 4605 4606)
4(4927 4967 4607 4567)
4(4967 4966 4606 4607)
4(4928 4968 4608 4568)
4(4968 4967 4607 4608)
4(4929 4969 4609 4569)
4(4969 4968 4608 4609)
4(4930 4970 4610 4570)
4(4970 4969 4609 4610)
4(4931 4971 4611 4571)
4(4971 4970 4610 4611)
4(4932 4972 4612 4572)
4(4972 4971 4611 4612)
4(4933 4973 4613 4573)
4(4973 4972 4612 4613)
4(4934 4974 4614 4574)
4(4974 4973 4613 4614)
4(4935 4975 4615 4575)
4(4975 4974 4614 4615)
4(4936 4976 4616 4576)
4(4976 4975 4615 4616)
4(4937 4977 4617 4577)
4(4977 4976 4616 4617)
4(4938 4978 4618 4578)
4(4978 4977 4617 4618)
4(4939 4979 4619 4579)
4(4979 4978 4618 4619)
4(4940 4980 4620 4580)
4(4980 4979 4619 4620)
4(4941 4981 4621 4581)
4(4981 4980 4620 4621)
4(4942 4982 4622 4582)
4(4982 4981 4621 4622)
4(4943 4983 4623 4583)
4(4983 4982 4622 4623)
4(4944 4984 4624 4584)
4(4984 4983 4623 4624)
4(4945 4985 4625 4585)
4(4985 4984 4624 4625)
4(4946 4986 4626 4586)
4(4986 4985 4625 4626)
4(4947 4987 4627 4587)
4(4987 4986 4626 4627)
4(4948 4988 4628 4588)
4(4988 4987 4627 4628)
4(4949 4989 4629 4589)
4(4989 4988 4628 4629)
4(4950 4990 4630 4590)
4(4990 4989 4629 4630)
4(4951 4991 4631 4591)
4(4991 4990 4630 4631)
4(4952 4992 4632 4592)
4(4992 4991 4631 4632)
4(4953 4993 4633 4593)
4(4993 4992 4632 4633)
4(4954 4994 4634 4594)
4(4994 4993 4633 4634)
4(4955 4995 4635 4595)
4(4995 4994 4634 4635)
4(4956 4996 4636 4596)
4(4996 4995 4635 4636)
4(4957 4997 4637 4597)
4(4997 4996 4636 4637)
4(4958 4998 4638 4598)
4(4998 4997 4637 4638)
4(4999 4998 4638 4639)
4(4961 5001 4641 4601)
4(5001 5000 4640 4641)
4(4962 5002 4642 4602)
4(5002 5001 4641 4642)
4(4963 5003 4643 4603)
4(5003 5002 4642 4643)
4(4964 5004 4644 4604)
4(5004 5003 4643 4644)
4(4965 5005 4645 4605)
4(5005 5004 4644 4645)
4(4966 5006 4646 4606)
4(5006 5005 4645 4646)
4(4967 5007 4647 4607)
4(5007 5006 4646 4647)
4(4968 5008 4648 4608)
4(5008 5007 4647 4648)
4(4969 5009 4649 4609)
4(5009 5008 4648 4649)
4(4970 5010 4650 4610)
4(5010 5009 4649 4650)
4(4971 5011 4651 4611)
4(5011 5010 4650 4651)
4(4972 5012 4652 4612)
4(5012 5011 4651 4652)
4(4973 5013 4653 4613)
4(5013 5012 4652 4653)
4(4974 5014 4654 4614)
4(5014 5013 4653 4654)
4(4975 5015 4655 4615)
4(5015 5014 4654 4655)
4(4976 5016 4656 4616)
4(5016 5015 4655 4656)
4(4977 5017 4657 4617)
4(5017 5016 4656 4657)
4(4978 5018 4658 4618)
4(5018 5017 4657 4658)
4(4979 5019 4659 4619)
4(5019 5018 4658 4659)
4(4980 5020 4660 4620)
4(5020 5019 4659 4660)
4(4981 5021 4661 4621)
4(5021 5020 4660 4661)
4(4982 5022 4662 4622)
4(5022 5021 4661 4662)
4(4983 5023 4663 4623)
4(5023 5022 4662 4663)
4(4984 5024 4664 4624)
4(5024 5023 4663 4664)
4(4985 5025 4665 4625)
4(5025 5024 4664 4665)
4(4986 5026 4666 4626)
4(5026 5025 4665 4666)
4(4987 5027 4667 4627)
4(5027 5026 4666 4667)
4(4988 5028 4668 4628)
4(5028 5027 4667 4668)
4(4989 5029 4669 4629)
4(5029 5028 4668 4669)
4(4990 5030 4670 4630)
4(5030 5029 4669 4670)
4(4991 5031 4671 4631)
4(5031 5030 4670 4671)
4(4992 5032 4672 4632)
4(5032 5031 4671 4672)
4(4993 5033 4673 4633)
4(5033 5032 4672 4673)
4(4994 5034 4674 4634)
4(5034 5033 4673 4674)
4(4995 5035 4675 4635)
4(5035 5034 4674 4675)
4(4996 5036 4676 4636)
4(5036 5035 4675 4676)
4(4997 5037 4677 4637)
4(5037 5036 4676 4677)
4(4998 5038 4678 4638)
4(5038 5037 4677 4678)
4(5039 5038 4678 4679)
4(3561 5041 2921 2881)
4(5041 5040 2920 2921)
4(3560 5040 5041 3561)
4(3562 5042 2922 2882)
4(5042 5041 2921 2922)
4(3561 5041 5042 3562)
4(3563 5043 2923 2883)
4(5043 5042 2922 2923)
4(3562 5042 5043 3563)
4(3564 5044 2924 2884)
4(5044 5043 2923 2924)
4(3563 5043 5044 3564)
4(3565 5045 2925 2885)
4(5045 5044 2924 2925)
4(3564 5044 5045 3565)
4(3566 5046 2926 2886)
4(5046 5045 2925 2926)
4(3565 5045 5046 3566)
4(3567 5047 2927 2887)
4(5047 5046 2926 2927)
4(3566 5046 5047 3567)
4(3568 5048 2928 2888)
4(5048 5047 2927 2928)
4(3567 5047 5048 3568)
4(3569 5049 2929 2889)
4(5049 5048 2928 2929)
4(3568 5048 5049 3569)
4(3570 5050 2930 2890)
4(5050 5049 2929 2930)
4(3569 5049 5050 3570)
4(3571 5051 2931 2891)
4(5051 5050 2930 2931)
4(3570 5050 5051 3571)
4(3572 5052 2932 2892)
4(5052 5051 2931 2932)
4(3571 5051 5052 3572)
4(3573 5053 2933 2893)
4(5053 5052 2932 2933)
4(3572 5052 5053 3573)
4(3574 5054 2934 2894)
4(5054 5053 2933 2934)
4(3573 5053 5054 3574)
4(3575 5055 2935 2895)
4(5055 5054 2934 2935)
4(3574 5054 5055 3575)
4(3576 5056 2936 2896)
4(5056 5055 2935 2936)
4(3575 5055 5056 3576)
4(3577 5057 2937 2897)
4(5057 5056 2936 2937)
4(3576 5056 5057 3577)
4(3578 5058 2938 2898)
4(5058 5057 2937 2938)
4(3577 5057 5058 3578)
4(3579 5059 2939 2899)
4(5059 5058 2938 2939)
4(3578 5058 5059 3579)
4(3580 5060 2940 2900)
4(5060 5059 2939 2940)
4(3579 5059 5060 3580)
4(3581 5061 2941 2901)
4(5061 5060 2940 2941)
4(3580 5060 5061 3581)
4(3582 5062 2942 2902)
4(5062 5061 2941 2942)
4(3581 5061 5062 3582)
4(3583 5063 2943 2903)
4(5063 5062 2942 2943)
4(3582 5062 5063 3583)
4(3584 5064 2944 2904)
4(5064 5063 2943 2944)
4(3583 5063 5064 3584)
4(3585 5065 2945 2905)
4(5065 5064 2944 2945)
4(3584 5064 5065 3585)
4(3586 5066 2946 2906)
4(5066 5065 2945 2946)
4(3585 5065 5066 3586)
4(3587 5067 2947 2907)
4(5067 5066 2946 2947)
4(3586 5066 5067 3587)
4(3588 5068 2948 2908)
4(5068 5067 2947 2948)
4(3587 5067 5068 3588)
4(3589 5069 2949 2909)
4(5069 5068 2948 2949)
4(3588 5068 5069 3589)
4(3590 5070 2950 2910)
4(5070 5069 2949 2950)
4(3589 5069 5070 3590)
4(3591 5071 2951 2911)
4(5071 5070 2950 2951)
4(3590 5070 5071 3591)
4(3592 5072 2952 2912)
4(5072 5071 2951 2952)
4(3591 5071 5072 3592)
4(3593 5073 2953 2913)
4(5073 5072 2952 2953)
4(3592 5072 5073 3593)
4(3594 5074 2954 2914)
4(5074 5073 2953 2954)
4(3593 5073 5074 3594)
4(3595 5075 2955 2915)
4(5075 5074 2954 2955)
4(3594 5074 5075 3595)
4(3596 5076 2956 2916)
4(5076 5075 2955 2956)
4(3595 5075 5076 3596)
4(3597 5077 2957 2917)
4(5077 5076 2956 2957)
4(3596 5076 5077 3597)
4(3598 5078 2958 2918)
4(5078 5077 2957 2958)
4(3597 5077 5078 3598)
4(5079 5078 2958 2959)
4(3598 5078 5079 3599)
4(5041 5081 2961 2921)
4(5081 5080 2960 2961)
4(5040 5080 5081 5041)
4(5042 5082 2962 2922)
4(5082 5081 2961 2962)
4(5041 5081 5082 5042)
4(5043 5083 2963 2923)
4(5083 5082 2962 2963)
4(5042 5082 5083 5043)
4(5044 5084 2964 2924)
4(5084 5083 2963 2964)
4(5043 5083 5084 5044)
4(5045 5085 2965 2925)
4(5085 5084 2964 2965)
4(5044 5084 5085 5045)
4(5046 5086 2966 2926)
4(5086 5085 2965 2966)
4(5045 5085 5086 5046)
4(5047 5087 2967 2927)
4(5087 5086 2966 2967)
4(5046 5086 5087 5047)
4(5048 5088 2968 2928)
4(5088 5087 2967 2968)
4(5047 5087 5088 5048)
4(5049 5089 2969 2929)
4(5089 5088 2968 2969)
4(5048 5088 5089 5049)
4(5050 5090 2970 2930)
4(5090 5089 2969 2970)
4(5049 5089 5090 5050)
4(5051 5091 2971 2931)
4(5091 5090 2970 2971)
4(5050 5090 5091 5051)
4(5052 5092 2972 2932)
4(5092 5091 2971 2972)
4(5051 5091 5092 5052)
4(5053 5093 2973 2933)
4(5093 5092 2972 2973)
4(5052 5092 5093 5053)
4(5054 5094 2974 2934)
4(5094 5093 2973 2974)
4(5053 5093 5094 5054)
4(5055 5095 2975 2935)
4(5095 5094 2974 2975)
4(5054 5094 5095 5055)
4(5056 5096 2976 2936)
4(5096 5095 2975 2976)
4(5055 5095 5096 5056)
4(5057 5097 2977 2937)
4(5097 5096 2976 2977)
4(5056 5096 5097 5057)
4(5058 5098 2978 2938)
4(5098 5097 2977 2978)
4(5057 5097 5098 5058)
4(5059 5099 2979 2939)
4(5099 5098 2978 2979)
4(5058 5098 5099 5059)
4(5060 5100 2980 2940)
4(5100 5099 2979 2980)
4(5059 5099 5100 5060)
4(5061 5101 2981 2941)
4(5101 5100 2980 2981)
4(5060 5100 5101 5061)
4(5062 5102 2982 2942)
4(5102 5101 2981 2982)
4(5061 5101 5102 5062)
4(5063 5103 2983 2943)
4(5103 5102 2982 2983)
4(5062 5102 5103 5063)
4(5064 5104 2984 2944)
4(5104 5103 2983 2984)
4(5063 5103 5104 5064)
4(5065 5105 2985 2945)
4(5105 5104 2984 2985)
4(5064 5104 5105 5065)
4(5066 5106 2986 2946)
4(5106 5105 2985 2986)
4(5065 5105 5106 5066)
4(5067 5107 2987 2947)
4(5107 5106 2986 2987)
4(5066 5106 5107 5067)
4(5068 5108 2988 2948)
4(5108 5107 2987 2988)
4(5067 5107 5108 5068)
4(5069 5109 2989 2949)
4(5109 5108 2988 2989)
4(5068 5108 5109 5069)
4(5070 5110 2990 2950)
4(5110 5109 2989 2990)
4(5069 5109 5110 5070)
4(5071 5111 2991 2951)
4(5111 5110 2990 2991)
4(5070 5110 5111 5071)
4(5072 5112 2992 2952)
4(5112 5111 2991 2992)
4(5071 5111 5112 5072)
4(5073 5113 2993 2953)
4(5113 5112 2992 2993)
4(5072 5112 5113 5073)
4(5074 5114 2994 2954)
4(5114 5113 2993 2994)
4(5073 5113 5114 5074)
4(5075 5115 2995 2955)
4(5115 5114 2994 2995)
4(5074 5114 5115 5075)
4(5076 5116 2996 2956)
4(5116 5115 2995 2996)
4(5075 5115 5116 5076)
4(5077 5117 2997 2957)
4(5117 5116 2996 2997)
4(5076 5116 5117 5077)
4(5078 5118 2998 2958)
4(5118 5117 2997 2998)
4(5077 5117 5118 5078)
4(5119 5118 2998 2999)
4(5078 5118 5119 5079)
4(5081 5121 3001 2961)
4(5121 5120 3000 3001)
4(5080 5120 5121 5081)
4(5082 5122 3002 2962)
4(5122 5121 3001 3002)
4(5081 5121 5122 5082)
4(5083 5123 3003 2963)
4(5123 5122 3002 3003)
4(5082 5122 5123 5083)
4(5084 5124 3004 2964)
4(5124 5123 3003 3004)
4(5083 5123 5124 5084)
4(5085 5125 3005 2965)
4(5125 5124 3004 3005)
4(5084 5124 5125 5085)
4(5086 5126 3006 2966)
4(5126 5125 3005 3006)
4(5085 5125 5126 5086)
4(5087 5127 3007 2967)
4(5127 5126 3006 3007)
4(5086 5126 5127 5087)
4(5088 5128 3008 2968)
4(5128 5127 3007 3008)
4(5087 5127 5128 5088)
4(5089 5129 3009 2969)
4(5129 5128 3008 3009)
4(5088 5128 5129 5089)
4(5090 5130 3010 2970)
4(5130 5129 3009 3010)
4(5089 5129 5130 5090)
4(5091 5131 3011 2971)
4(5131 5130 3010 3011)
4(5090 5130 5131 5091)
4(5092 5132 3012 2972)
4(5132 5131 3011 3012)
4(5091 5131 5132 5092)
4(5093 5133 3013 2973)
4(5133 5132 3012 3013)
4(5092 5132 5133 5093)
4(5094 5134 3014 2974)
4(5134 5133 3013 3014)
4(5093 5133 5134 5094)
4(5095 5135 3015 2975)
4(5135 5134 3014 3015)
4(5094 5134 5135 5095)
4(5096 5136 3016 2976)
4(5136 5135 3015 3016)
4(5095 5135 5136 5096)
4(5097 5137 3017 2977)
4(5137 5136 3016 3017)
4(5096 5136 5137 5097)
4(5098 5138 3018 2978)
4(5138 5137 3017 3018)
4(5097 5137 5138 5098)
4(5099 5139 3019 2979)
4(5139 5138 3018 3019)
4(5098 5138 5139 5099)
4(5100 5140 3020 2980)
4(5140 5139 3019 3020)
4(5099 5139 5140 5100)
4(5101 5141 3021 2981)
4(5141 5140 3020 3021)
4(5100 5140 5141 5101)
4(5102 5142 3022 2982)
4(5142 5141 3021 3022)
4(5101 5141 5142 5102)
4(5103 5143 3023 2983)
4(5143 5142 3022 3023)
4(5102 5142 5143 5103)
4(5104 5144 3024 2984)
4(5144 5143 3023 3024)
4(5103 5143 5144 5104)
4(5105 5145 3025 2985)
4(5145 5144 3024 3025)
4(5104 5144 5145 5105)
4(5106 5146 3026 2986)
4(5146 5145 3025 3026)
4(5105 5145 5146 5106)
4(5107 5147 3027 2987)
4(5147 5146 3026 3027)
4(5106 5146 5147 5107)
4(5108 5148 3028 2988)
4(5148 5147 3027 3028)
4(5107 5147 5148 5108)
4(5109 5149 3029 2989)
4(5149 5148 3028 3029)
4(5108 5148 5149 5109)
4(5110 5150 3030 2990)
4(5150 5149 3029 3030)
4(5109 5149 5150 5110)
4(5111 5151 3031 2991)
4(5151 5150 3030 3031)
4(5110 5150 5151 5111)
4(5112 5152 3032 2992)
4(5152 5151 3031 3032)
4(5111 5151 5152 5112)
4(5113 5153 3033 2993)
4(5153 5152 3032 3033)
4(5112 5152 5153 5113)
4(5114 5154 3034 2994)
4(5154 5153 3033 3034)
4(5113 5153 5154 5114)
4(5115 5155 3035 2995)
4(5155 5154 3034 3035)
4(5114 5154 5155 5115)
4(5116 5156 3036 2996)
4(5156 5155 3035 3036)
4(5115 5155 5156 5116)
4(5117 5157 3037 2997)
4(5157 5156 3036 3037)
4(5116 5156 5157 5117)
4(5118 5158 3038 2998)
4(5158 5157 3037 3038)
4(5117 5157 5158 5118)
4(5159 5158 3038 3039)
4(5118 5158 5159 5119)
4(5121 5161 3041 3001)
4(5161 5160 3040 3041)
4(5120 5160 5161 5121)
4(5122 5162 3042 3002)
4(5162 5161 3041 3042)
4(5121 5161 5162 5122)
4(5123 5163 3043 3003)
4(5163 5162 3042 3043)
4(5122 5162 5163 5123)
4(5124 5164 3044 3004)
4(5164 5163 3043 3044)
4(5123 5163 5164 5124)
4(5125 5165 3045 3005)
4(5165 5164 3044 3045)
4(5124 5164 5165 5125)
4(5126 5166 3046 3006)
4(5166 5165 3045 3046)
4(5125 5165 5166 5126)
4(5127 5167 3047 3007)
4(5167 5166 3046 3047)
4(5126 5166 5167 5127)
4(5128 5168 3048 3008)
4(5168 5167 3047 3048)
4(5127 5167 5168 5128)
4(5129 5169 3049 3009)
4(5169 5168 3048 3049)
4(5128 5168 5169 5129)
4(5130 5170 3050 3010)
4(5170 5169 3049 3050)
4(5129 5169 5170 5130)
4(5131 5171 3051 3011)
4(5171 5170 3050 3051)
4(5130 5170 5171 5131)
4(5132 5172 3052 3012)
4(5172 5171 3051 3052)
4(5131 5171 5172 5132)
4(5133 5173 3053 3013)
4(5173 5172 3052 3053)
4(5132 5172 5173 5133)
4(5134 5174 3054 3014)
4(5174 5173 3053 3054)
4(5133 5173 5174 5134)
4(5135 5175 3055 3015)
4(5175 5174 3054 3055)
4(5134 5174 5175 5135)
4(5136 5176 3056 3016)
4(5176 5175 3055 3056)
4(5135 5175 5176 5136)
4(5137 5177 3057 3017)
4(5177 5176 3056 3057)
4(5136 5176 5177 5137)
4(5138 5178 3058 3018)
4(5178 5177 3057 3058)
4(5137 5177 5178 5138)
4(5139 5179 3059 3019)
4(5179 5178 3058 3059)
4(5138 5178 5179 5139)
4(5140 5180 3060 3020)
4(5180 5179 3059 3060)
4(5139 5179 5180 5140)
4(5141 5181 3061 3021)
4(5181 5180 3060 3061)
4(5140 5180 5181 5141)
4(5142 5182 3062 3022)
4(5182 5181 3061 3062)
4(5141 5181 5182 5142)
4(5143 5183 3063 3023)
4(5183 5182 3062 3063)
4(5142 5182 5183 5143)
4(5144 5184 3064 3024)
4(5184 5183 3063 3064)
4(5143 5183 5184 5144)
4(5145 5185 3065 3025)
4(5185 5184 3064 3065)
4(5144 5184 5185 5145)
4(5146 5186 3066 3026)
4(5186 5185 3065 3066)
4(5145 5185 5186 5146)
4(5147 5187 3067 3027)
4(5187 5186 3066 3067)
4(5146 5186 5187 5147)
4(5148 5188 3068 3028)
4(5188 5187 3067 3068)
4(5147 5187 5188 5148)
4(5149 5189 3069 3029)
4(5189 5188 3068 3069)
4(5148 5188 5189 5149)
4(5150 5190 3070 3030)
4(5190 5189 3069 3070)
4(5149 5189 5190 5150)
4(5151 5191 3071 3031)
4(5191 5190 3070 3071)
4(5150 5190 5191 5151)
4(5152 5192 3072 3032)
4(5192 5191 3071 3072)
4(5151 5191 5192 5152)
4(5153 5193 3073 3033)
4(5193 5192 3072 3073)
4(5152 5192 5193 5153)
4(5154 5194 3074 3034)
4(5194 5193 3073 3074)
4(5153 5193 5194 5154)
4(5155 5195 3075 3035)
4(5195 5194 3074 3075)
4(5154 5194 5195 5155)
4(5156 5196 3076 3036)
4(5196 5195 3075 3076)
4(5155 5195 5196 5156)
4(5157 5197 3077 3037)
4(5197 5196 3076 3077)
4(5156 5196 5197 5157)
4(5158 5198 3078 3038)
4(5198 5197 3077 3078)
4(5157 5197 5198 5158)
4(5199 5198 3078 3079)
4(5158 5198 5199 5159)
4(5161 5201 3081 3041)
4(5201 5200 3080 3081)
4(5160 5200 5201 5161)
4(5162 5202 3082 3042)
4(5202 5201 3081 3082)
4(5161 5201 5202 5162)
4(5163 5203 3083 3043)
4(5203 5202 3082 3083)
4(5162 5202 5203 5163)
4(5164 5204 3084 3044)
4(5204 5203 3083 3084)
4(5163 5203 5204 5164)
4(5165 5205 3085 3045)
4(5205 5204 3084 3085)
4(5164 5204 5205 5165)
4(5166 5206 3086 3046)
4(5206 5205 3085 3086)
4(5165 5205 5206 5166)
4(5167 5207 3087 3047)
4(5207 5206 3086 3087)
4(5166 5206 5207 5167)
4(5168 5208 3088 3048)
4(5208 5207 3087 3088)
4(5167 5207 5208 5168)
4(5169 5209 3089 3049)
4(5209 5208 3088 3089)
4(5168 5208 5209 5169)
4(5170 5210 3090 3050)
4(5210 5209 3089 3090)
4(5169 5209 5210 5170)
4(5171 5211 3091 3051)
4(5211 5210 3090 3091)
4(5170 5210 5211 5171)
4(5172 5212 3092 3052)
4(5212 5211 3091 3092)
4(5171 5211 5212 5172)
4(5173 5213 3093 3053)
4(5213 5212 3092 3093)
4(5172 5212 5213 5173)
4(5174 5214 3094 3054)
4(5214 5213 3093 3094)
4(5173 5213 5214 5174)
4(5175 5215 3095 3055)
4(5215 5214 3094 3095)
4(5174 5214 5215 5175)
4(5176 5216 3096 3056)
4(5216 5215 3095 3096)
4(5175 5215 5216 5176)
4(5177 5217 3097 3057)
4(5217 5216 3096 3097)
4(5176 5216 5217 5177)
4(5178 5218 3098 3058)
4(5218 5217 3097 3098)
4(5177 5217 5218 5178)
4(5179 5219 3099 3059)
4(5219 5218 3098 3099)
4(5178 5218 5219 5179)
4(5180 5220 3100 3060)
4(5220 5219 3099 3100)
4(5179 5219 5220 5180)
4(5181 5221 3101 3061)
4(5221 5220 3100 3101)
4(5180 5220 5221 5181)
4(5182 5222 3102 3062)
4(5222 5221 3101 3102)
4(5181 5221 5222 5182)
4(5183 5223 3103 3063)
4(5223 5222 3102 3103)
4(5182 5222 5223 5183)
4(5184 5224 3104 3064)
4(5224 5223 3103 3104)
4(5183 5223 5224 5184)
4(5185 5225 3105 3065)
4(5225 5224 3104 3105)
4(5184 5224 5225 5185)
4(5186 5226 3106 3066)
4(5226 5225 3105 3106)
4(5185 5225 5226 5186)
4(5187 5227 3107 3067)
4(5227 5226 3106 3107)
4(5186 5226 5227 5187)
4(5188 5228 3108 3068)
4(5228 5227 3107 3108)
4(5187 5227 5228 5188)
4(5189 5229 3109 3069)
4(5229 5228 3108 3109)
4(5188 5228 5229 5189)
4(5190 5230 3110 3070)
4(5230 5229 3109 3110)
4(5189 5229 5230 5190)
4(5191 5231 3111 3071)
4(5231 5230 3110 3111)
4(5190 5230 5231 5191)
4(5192 5232 3112 3072)
4(5232 5231 3111 3112)
4(5191 5231 5232 5192)
4(5193 5233 3113 3073)
4(5233 5232 3112 3113)
4(5192 5232 5233 5193)
4(5194 5234 3114 3074)
4(5234 5233 3113 3114)
4(5193 5233 5234 5194)
4(5195 5235 3115 3075)
4(5235 5234 3114 3115)
4(5194 5234 5235 5195)
4(5196 5236 3116 3076)
4(5236 5235 3115 3116)
4(5195 5235 5236 5196)
4(5197 5237 3117 3077)
4(5237 5236 3116 3117)
4(5196 5236 5237 5197)
4(5198 5238 3118 3078)
4(5238 5237 3117 3118)
4(5197 5237 5238 5198)
4(5239 5238 3118 3119)
4(5198 5238 5239 5199)
4(5201 5241 3121 3081)
4(5241 5240 3120 3121)
4(5200 5240 5241 5201)
4(5202 5242 3122 3082)
4(5242 5241 3121 3122)
4(5201 5241 5242 5202)
4(5203 5243 3123 3083)
4(5243 5242 3122 3123)
4(5202 5242 5243 5203)
4(5204 5244 3124 3084)
4(5244 5243 3123 3124)
4(5203 5243 5244 5204)
4(5205 5245 3125 3085)
4(5245 5244 3124 3125)
4(5204 5244 5245 5205)
4(5206 5246 3126 3086)
4(5246 5245 3125 3126)
4(5205 5245 5246 5206)
4(5207 5247 3127 3087)
4(5247 5246 3126 3127)
4(5206 5246 5247 5207)
4(5208 5248 3128 3088)
4(5248 5247 3127 3128)
4(5207 5247 5248 5208)
4(5209 5249 3129 3089)
4(5249 5248 3128 3129)
4(5208 5248 5249 5209)
4(5210 5250 3130 3090)
4(5250 5249 3129 3130)
4(5209 5249 5250 5210)
4(5211 5251 3131 3091)
4(5251 5250 3130 3131)
4(5210 5250 5251 5211)
4(5212 5252 3132 3092)
4(5252 5251 3131 3132)
4(5211 5251 5252 5212)
4(5213 5253 3133 3093)
4(5253 5252 3132 3133)
4(5212 5252 5253 5213)
4(5214 5254 3134 3094)
4(5254 5253 3133 3134)
4(5213 5253 5254 5214)
4(5215 5255 3135 3095)
4(5255 5254 3134 3135)
4(5214 5254 5255 5215)
4(5216 5256 3136 3096)
4(5256 5255 3135 3136)
4(5215 5255 5256 5216)
4(5217 5257 3137 3097)
4(5257 5256 3136 3137)
4(5216 5256 5257 5217)
4(5218 5258 3138 3098)
4(5258 5257 3137 3138)
4(5217 5257 5258 5218)
4(5219 5259 3139 3099)
4(5259 5258 3138 3139)
4(5218 5258 5259 5219)
4(5220 5260 3140 3100)
4(5260 5259 3139 3140)
4(5219 5259 5260 5220)
4(5221 5261 3141 3101)
4(5261 5260 3140 3141)
4(5220 5260 5261 5221)
4(5222 5262 3142 3102)
4(5262 5261 3141 3142)
4(5221 5261 5262 5222)
4(5223 5263 3143 3103)
4(5263 5262 3142 3143)
4(5222 5262 5263 5223)
4(5224 5264 3144 3104)
4(5264 5263 3143 3144)
4(5223 5263 5264 5224)
4(5225 5265 3145 3105)
4(5265 5264 3144 3145)
4(5224 5264 5265 5225)
4(5226 5266 3146 3106)
4(5266 5265 3145 3146)
4(5225 5265 5266 5226)
4(5227 5267 3147 3107)
4(5267 5266 3146 3147)
4(5226 5266 5267 5227)
4(5228 5268 3148 3108)
4(5268 5267 3147 3148)
4(5227 5267 5268 5228)
4(5229 5269 3149 3109)
4(5269 5268 3148 3149)
4(5228 5268 5269 5229)
4(5230 5270 3150 3110)
4(5270 5269 3149 3150)
4(5229 5269 5270 5230)
4(5231 5271 3151 3111)
4(5271 5270 3150 3151)
4(5230 5270 5271 5231)
4(5232 5272 3152 3112)
4(5272 5271 3151 3152)
4(5231 5271 5272 5232)
4(5233 5273 3153 3113)
4(5273 5272 3152 3153)
4(5232 5272 5273 5233)
4(5234 5274 3154 3114)
4(5274 5273 3153 3154)
4(5233 5273 5274 5234)
4(5235 5275 3155 3115)
4(5275 5274 3154 3155)
4(5234 5274 5275 5235)
4(5236 5276 3156 3116)
4(5276 5275 3155 3156)
4(5235 5275 5276 5236)
4(5237 5277 3157 3117)
4(5277 5276 3156 3157)
4(5236 5276 5277 5237)
4(5238 5278 3158 3118)
4(5278 5277 3157 3158)
4(5237 5277 5278 5238)
4(5279 5278 3158 3159)
4(5238 5278 5279 5239)
4(5241 5281 3161 3121)
4(5281 5280 3160 3161)
4(5240 5280 5281 5241)
4(5242 5282 3162 3122)
4(5282 5281 3161 3162)
4(5241 5281 5282 5242)
4(5243 5283 3163 3123)
4(5283 5282 3162 3163)
4(5242 5282 5283 5243)
4(5244 5284 3164 3124)
4(5284 5283 3163 3164)
4(5243 5283 5284 5244)
4(5245 5285 3165 3125)
4(5285 5284 3164 3165)
4(5244 5284 5285 5245)
4(5246 5286 3166 3126)
4(5286 5285 3165 3166)
4(5245 5285 5286 5246)
4(5247 5287 3167 3127)
4(5287 5286 3166 3167)
4(5246 5286 5287 5247)
4(5248 5288 3168 3128)
4(5288 5287 3167 3168)
4(5247 5287 5288 5248)
4(5249 5289 3169 3129)
4(5289 5288 3168 3169)
4(5248 5288 5289 5249)
4(5250 5290 3170 3130)
4(5290 5289 3169 3170)
4(5249 5289 5290 5250)
4(5251 5291 3171 3131)
4(5291 5290 3170 3171)
4(5250 5290 5291 5251)
4(5252 5292 3172 3132)
4(5292 5291 3171 3172)
4(5251 5291 5292 5252)
4(5253 5293 3173 3133)
4(5293 5292 3172 3173)
4(5252 5292 5293 5253)
4(5254 5294 3174 3134)
4(5294 5293 3173 3174)
4(5253 5293 5294 5254)
4(5255 5295 3175 3135)
4(5295 5294 3174 3175)
4(5254 5294 5295 5255)
4(5256 5296 3176 3136)
4(5296 5295 3175 3176)
4(5255 5295 5296 5256)
4(5257 5297 3177 3137)
4(5297 5296 3176 3177)
4(5256 5296 5297 5257)
4(5258 5298 3178 3138)
4(5298 5297 3177 3178)
4(5257 5297 5298 5258)
4(5259 5299 3179 3139)
4(5299 5298 3178 3179)
4(5258 5298 5299 5259)
4(5260 5300 3180 3140)
4(5300 5299 3179 3180)
4(5259 5299 5300 5260)
4(5261 5301 3181 3141)
4(5301 5300 3180 3181)
4(5260 5300 5301 5261)
4(5262 5302 3182 3142)
4(5302 5301 3181 3182)
4(5261 5301 5302 5262)
4(5263 5303 3183 3143)
4(5303 5302 3182 3183)
4(5262 5302 5303 5263)
4(5264 5304 3184 3144)
4(5304 5303 3183 3184)
4(5263 5303 5304 5264)
4(5265 5305 3185 3145)
4(5305 5304 3184 3185)
4(5264 5304 5305 5265)
4(5266 5306 3186 3146)
4(5306 5305 3185 3186)
4(5265 5305 5306 5266)
4(5267 5307 3187 3147)
4(5307 5306 3186 3187)
4(5266 5306 5307 5267)
4(5268 5308 3188 3148)
4(5308 5307 3187 3188)
4(5267 5307 5308 5268)
4(5269 5309 3189 3149)
4(5309 5308 3188 3189)
4(5268 5308 5309 5269)
4(5270 5310 3190 3150)
4(5310 5309 3189 3190)
4(5269 5309 5310 5270)
4(5271 5311 3191 3151)
4(5311 5310 3190 3191)
4(5270 5310 5311 5271)
4(5272 5312 3192 3152)
4(5312 5311 3191 3192)
4(5271 5311 5312 5272)
4(5273 5313 3193 3153)
4(5313 5312 3192 3193)
4(5272 5312 5313 5273)
4(5274 5314 3194 3154)
4(5314 5313 3193 3194)
4(5273 5313 5314 5274)
4(5275 5315 3195 3155)
4(5315 5314 3194 3195)
4(5274 5314 5315 5275)
4(5276 5316 3196 3156)
4(5316 5315 3195 3196)
4(5275 5315 5316 5276)
4(5277 5317 3197 3157)
4(5317 5316 3196 3197)
4(5276 5316 5317 5277)
4(5278 5318 3198 3158)
4(5318 5317 3197 3198)
4(5277 5317 5318 5278)
4(5319 5318 3198 3199)
4(5278 5318 5319 5279)
4(5281 5321 3201 3161)
4(5280 5320 5321 5281)
4(5321 5320 3200 3201)
4(5282 5322 3202 3162)
4(5281 5321 5322 5282)
4(5322 5321 3201 3202)
4(5283 5323 3203 3163)
4(5282 5322 5323 5283)
4(5323 5322 3202 3203)
4(5284 5324 3204 3164)
4(5283 5323 5324 5284)
4(5324 5323 3203 3204)
4(5285 5325 3205 3165)
4(5284 5324 5325 5285)
4(5325 5324 3204 3205)
4(5286 5326 3206 3166)
4(5285 5325 5326 5286)
4(5326 5325 3205 3206)
4(5287 5327 3207 3167)
4(5286 5326 5327 5287)
4(5327 5326 3206 3207)
4(5288 5328 3208 3168)
4(5287 5327 5328 5288)
4(5328 5327 3207 3208)
4(5289 5329 3209 3169)
4(5288 5328 5329 5289)
4(5329 5328 3208 3209)
4(5290 5330 3210 3170)
4(5289 5329 5330 5290)
4(5330 5329 3209 3210)
4(5291 5331 3211 3171)
4(5290 5330 5331 5291)
4(5331 5330 3210 3211)
4(5292 5332 3212 3172)
4(5291 5331 5332 5292)
4(5332 5331 3211 3212)
4(5293 5333 3213 3173)
4(5292 5332 5333 5293)
4(5333 5332 3212 3213)
4(5294 5334 3214 3174)
4(5293 5333 5334 5294)
4(5334 5333 3213 3214)
4(5295 5335 3215 3175)
4(5294 5334 5335 5295)
4(5335 5334 3214 3215)
4(5296 5336 3216 3176)
4(5295 5335 5336 5296)
4(5336 5335 3215 3216)
4(5297 5337 3217 3177)
4(5296 5336 5337 5297)
4(5337 5336 3216 3217)
4(5298 5338 3218 3178)
4(5297 5337 5338 5298)
4(5338 5337 3217 3218)
4(5299 5339 3219 3179)
4(5298 5338 5339 5299)
4(5339 5338 3218 3219)
4(5300 5340 3220 3180)
4(5299 5339 5340 5300)
4(5340 5339 3219 3220)
4(5301 5341 3221 3181)
4(5300 5340 5341 5301)
4(5341 5340 3220 3221)
4(5302 5342 3222 3182)
4(5301 5341 5342 5302)
4(5342 5341 3221 3222)
4(5303 5343 3223 3183)
4(5302 5342 5343 5303)
4(5343 5342 3222 3223)
4(5304 5344 3224 3184)
4(5303 5343 5344 5304)
4(5344 5343 3223 3224)
4(5305 5345 3225 3185)
4(5304 5344 5345 5305)
4(5345 5344 3224 3225)
4(5306 5346 3226 3186)
4(5305 5345 5346 5306)
4(5346 5345 3225 3226)
4(5307 5347 3227 3187)
4(5306 5346 5347 5307)
4(5347 5346 3226 3227)
4(5308 5348 3228 3188)
4(5307 5347 5348 5308)
4(5348 5347 3227 3228)
4(5309 5349 3229 3189)
4(5308 5348 5349 5309)
4(5349 5348 3228 3229)
4(5310 5350 3230 3190)
4(5309 5349 5350 5310)
4(5350 5349 3229 3230)
4(5311 5351 3231 3191)
4(5310 5350 5351 5311)
4(5351 5350 3230 3231)
4(5312 5352 3232 3192)
4(5311 5351 5352 5312)
4(5352 5351 3231 3232)
4(5313 5353 3233 3193)
4(5312 5352 5353 5313)
4(5353 5352 3232 3233)
4(5314 5354 3234 3194)
4(5313 5353 5354 5314)
4(5354 5353 3233 3234)
4(5315 5355 3235 3195)
4(5314 5354 5355 5315)
4(5355 5354 3234 3235)
4(5316 5356 3236 3196)
4(5315 5355 5356 5316)
4(5356 5355 3235 3236)
4(5317 5357 3237 3197)
4(5316 5356 5357 5317)
4(5357 5356 3236 3237)
4(5318 5358 3238 3198)
4(5317 5357 5358 5318)
4(5358 5357 3237 3238)
4(5318 5358 5359 5319)
4(5359 5358 3238 3239)
4(3921 5361 5041 3561)
4(5361 5360 5040 5041)
4(3920 5360 5361 3921)
4(3922 5362 5042 3562)
4(5362 5361 5041 5042)
4(3921 5361 5362 3922)
4(3923 5363 5043 3563)
4(5363 5362 5042 5043)
4(3922 5362 5363 3923)
4(3924 5364 5044 3564)
4(5364 5363 5043 5044)
4(3923 5363 5364 3924)
4(3925 5365 5045 3565)
4(5365 5364 5044 5045)
4(3924 5364 5365 3925)
4(3926 5366 5046 3566)
4(5366 5365 5045 5046)
4(3925 5365 5366 3926)
4(3927 5367 5047 3567)
4(5367 5366 5046 5047)
4(3926 5366 5367 3927)
4(3928 5368 5048 3568)
4(5368 5367 5047 5048)
4(3927 5367 5368 3928)
4(3929 5369 5049 3569)
4(5369 5368 5048 5049)
4(3928 5368 5369 3929)
4(3930 5370 5050 3570)
4(5370 5369 5049 5050)
4(3929 5369 5370 3930)
4(3931 5371 5051 3571)
4(5371 5370 5050 5051)
4(3930 5370 5371 3931)
4(3932 5372 5052 3572)
4(5372 5371 5051 5052)
4(3931 5371 5372 3932)
4(3933 5373 5053 3573)
4(5373 5372 5052 5053)
4(3932 5372 5373 3933)
4(3934 5374 5054 3574)
4(5374 5373 5053 5054)
4(3933 5373 5374 3934)
4(3935 5375 5055 3575)
4(5375 5374 5054 5055)
4(3934 5374 5375 3935)
4(3936 5376 5056 3576)
4(5376 5375 5055 5056)
4(3935 5375 5376 3936)
4(3937 5377 5057 3577)
4(5377 5376 5056 5057)
4(3936 5376 5377 3937)
4(3938 5378 5058 3578)
4(5378 5377 5057 5058)
4(3937 5377 5378 3938)
4(3939 5379 5059 3579)
4(5379 5378 5058 5059)
4(3938 5378 5379 3939)
4(3940 5380 5060 3580)
4(5380 5379 5059 5060)
4(3939 5379 5380 3940)
4(3941 5381 5061 3581)
4(5381 5380 5060 5061)
4(3940 5380 5381 3941)
4(3942 5382 5062 3582)
4(5382 5381 5061 5062)
4(3941 5381 5382 3942)
4(3943 5383 5063 3583)
4(5383 5382 5062 5063)
4(3942 5382 5383 3943)
4(3944 5384 5064 3584)
4(5384 5383 5063 5064)
4(3943 5383 5384 3944)
4(3945 5385 5065 3585)
4(5385 5384 5064 5065)
4(3944 5384 5385 3945)
4(3946 5386 5066 3586)
4(5386 5385 5065 5066)
4(3945 5385 5386 3946)
4(3947 5387 5067 3587)
4(5387 5386 5066 5067)
4(3946 5386 5387 3947)
4(3948 5388 5068 3588)
4(5388 5387 5067 5068)
4(3947 5387 5388 3948)
4(3949 5389 5069 3589)
4(5389 5388 5068 5069)
4(3948 5388 5389 3949)
4(3950 5390 5070 3590)
4(5390 5389 5069 5070)
4(3949 5389 5390 3950)
4(3951 5391 5071 3591)
4(5391 5390 5070 5071)
4(3950 5390 5391 3951)
4(3952 5392 5072 3592)
4(5392 5391 5071 5072)
4(3951 5391 5392 3952)
4(3953 5393 5073 3593)
4(5393 5392 5072 5073)
4(3952 5392 5393 3953)
4(3954 5394 5074 3594)
4(5394 5393 5073 5074)
4(3953 5393 5394 3954)
4(3955 5395 5075 3595)
4(5395 5394 5074 5075)
4(3954 5394 5395 3955)
4(3956 5396 5076 3596)
4(5396 5395 5075 5076)
4(3955 5395 5396 3956)
4(3957 5397 5077 3597)
4(5397 5396 5076 5077)
4(3956 5396 5397 3957)
4(3958 5398 5078 3598)
4(5398 5397 5077 5078)
4(3957 5397 5398 3958)
4(5399 5398 5078 5079)
4(3958 5398 5399 3959)
4(5361 5401 5081 5041)
4(5401 5400 5080 5081)
4(5360 5400 5401 5361)
4(5362 5402 5082 5042)
4(5402 5401 5081 5082)
4(5361 5401 5402 5362)
4(5363 5403 5083 5043)
4(5403 5402 5082 5083)
4(5362 5402 5403 5363)
4(5364 5404 5084 5044)
4(5404 5403 5083 5084)
4(5363 5403 5404 5364)
4(5365 5405 5085 5045)
4(5405 5404 5084 5085)
4(5364 5404 5405 5365)
4(5366 5406 5086 5046)
4(5406 5405 5085 5086)
4(5365 5405 5406 5366)
4(5367 5407 5087 5047)
4(5407 5406 5086 5087)
4(5366 5406 5407 5367)
4(5368 5408 5088 5048)
4(5408 5407 5087 5088)
4(5367 5407 5408 5368)
4(5369 5409 5089 5049)
4(5409 5408 5088 5089)
4(5368 5408 5409 5369)
4(5370 5410 5090 5050)
4(5410 5409 5089 5090)
4(5369 5409 5410 5370)
4(5371 5411 5091 5051)
4(5411 5410 5090 5091)
4(5370 5410 5411 5371)
4(5372 5412 5092 5052)
4(5412 5411 5091 5092)
4(5371 5411 5412 5372)
4(5373 5413 5093 5053)
4(5413 5412 5092 5093)
4(5372 5412 5413 5373)
4(5374 5414 5094 5054)
4(5414 5413 5093 5094)
4(5373 5413 5414 5374)
4(5375 5415 5095 5055)
4(5415 5414 5094 5095)
4(5374 5414 5415 5375)
4(5376 5416 5096 5056)
4(5416 5415 5095 5096)
4(5375 5415 5416 5376)
4(5377 5417 5097 5057)
4(5417 5416 5096 5097)
4(5376 5416 5417 5377)
4(5378 5418 5098 5058)
4(5418 5417 5097 5098)
4(5377 5417 5418 5378)
4(5379 5419 5099 5059)
4(5419 5418 5098 5099)
4(5378 5418 5419 5379)
4(5380 5420 5100 5060)
4(5420 5419 5099 5100)
4(5379 5419 5420 5380)
4(5381 5421 5101 5061)
4(5421 5420 5100 5101)
4(5380 5420 5421 5381)
4(5382 5422 5102 5062)
4(5422 5421 5101 5102)
4(5381 5421 5422 5382)
4(5383 5423 5103 5063)
4(5423 5422 5102 5103)
4(5382 5422 5423 5383)
4(5384 5424 5104 5064)
4(5424 5423 5103 5104)
4(5383 5423 5424 5384)
4(5385 5425 5105 5065)
4(5425 5424 5104 5105)
4(5384 5424 5425 5385)
4(5386 5426 5106 5066)
4(5426 5425 5105 5106)
4(5385 5425 5426 5386)
4(5387 5427 5107 5067)
4(5427 5426 5106 5107)
4(5386 5426 5427 5387)
4(5388 5428 5108 5068)
4(5428 5427 5107 5108)
4(5387 5427 5428 5388)
4(5389 5429 5109 5069)
4(5429 5428 5108 5109)
4(5388 5428 5429 5389)
4(5390 5430 5110 5070)
4(5430 5429 5109 5110)
4(5389 5429 5430 5390)
4(5391 5431 5111 5071)
4(5431 5430 5110 5111)
4(5390 5430 5431 5391)
4(5392 5432 5112 5072)
4(5432 5431 5111 5112)
4(5391 5431 5432 5392)
4(5393 5433 5113 5073)
4(5433 5432 5112 5113)
4(5392 5432 5433 5393)
4(5394 5434 5114 5074)
4(5434 5433 5113 5114)
4(5393 5433 5434 5394)
4(5395 5435 5115 5075)
4(5435 5434 5114 5115)
4(5394 5434 5435 5395)
4(5396 5436 5116 5076)
4(5436 5435 5115 5116)
4(5395 5435 5436 5396)
4(5397 5437 5117 5077)
4(5437 5436 5116 5117)
4(5396 5436 5437 5397)
4(5398 5438 5118 5078)
4(5438 5437 5117 5118)
4(5397 5437 5438 5398)
4(5439 5438 5118 5119)
4(5398 5438 5439 5399)
4(5401 5441 5121 5081)
4(5441 5440 5120 5121)
4(5400 5440 5441 5401)
4(5402 5442 5122 5082)
4(5442 5441 5121 5122)
4(5401 5441 5442 5402)
4(5403 5443 5123 5083)
4(5443 5442 5122 5123)
4(5402 5442 5443 5403)
4(5404 5444 5124 5084)
4(5444 5443 5123 5124)
4(5403 5443 5444 5404)
4(5405 5445 5125 5085)
4(5445 5444 5124 5125)
4(5404 5444 5445 5405)
4(5406 5446 5126 5086)
4(5446 5445 5125 5126)
4(5405 5445 5446 5406)
4(5407 5447 5127 5087)
4(5447 5446 5126 5127)
4(5406 5446 5447 5407)
4(5408 5448 5128 5088)
4(5448 5447 5127 5128)
4(5407 5447 5448 5408)
4(5409 5449 5129 5089)
4(5449 5448 5128 5129)
4(5408 5448 5449 5409)
4(5410 5450 5130 5090)
4(5450 5449 5129 5130)
4(5409 5449 5450 5410)
4(5411 5451 5131 5091)
4(5451 5450 5130 5131)
4(5410 5450 5451 5411)
4(5412 5452 5132 5092)
4(5452 5451 5131 5132)
4(5411 5451 5452 5412)
4(5413 5453 5133 5093)
4(5453 5452 5132 5133)
4(5412 5452 5453 5413)
4(5414 5454 5134 5094)
4(5454 5453 5133 5134)
4(5413 5453 5454 5414)
4(5415 5455 5135 5095)
4(5455 5454 5134 5135)
4(5414 5454 5455 5415)
4(5416 5456 5136 5096)
4(5456 5455 5135 5136)
4(5415 5455 5456 5416)
4(5417 5457 5137 5097)
4(5457 5456 5136 5137)
4(5416 5456 5457 5417)
4(5418 5458 5138 5098)
4(5458 5457 5137 5138)
4(5417 5457 5458 5418)
4(5419 5459 5139 5099)
4(5459 5458 5138 5139)
4(5418 5458 5459 5419)
4(5420 5460 5140 5100)
4(5460 5459 5139 5140)
4(5419 5459 5460 5420)
4(5421 5461 5141 5101)
4(5461 5460 5140 5141)
4(5420 5460 5461 5421)
4(5422 5462 5142 5102)
4(5462 5461 5141 5142)
4(5421 5461 5462 5422)
4(5423 5463 5143 5103)
4(5463 5462 5142 5143)
4(5422 5462 5463 5423)
4(5424 5464 5144 5104)
4(5464 5463 5143 5144)
4(5423 5463 5464 5424)
4(5425 5465 5145 5105)
4(5465 5464 5144 5145)
4(5424 5464 5465 5425)
4(5426 5466 5146 5106)
4(5466 5465 5145 5146)
4(5425 5465 5466 5426)
4(5427 5467 5147 5107)
4(5467 5466 5146 5147)
4(5426 5466 5467 5427)
4(5428 5468 5148 5108)
4(5468 5467 5147 5148)
4(5427 5467 5468 5428)
4(5429 5469 5149 5109)
4(5469 5468 5148 5149)
4(5428 5468 5469 5429)
4(5430 5470 5150 5110)
4(5470 5469 5149 5150)
4(5429 5469 5470 5430)
4(5431 5471 5151 5111)
4(5471 5470 5150 5151)
4(5430 5470 5471 5431)
4(5432 5472 5152 5112)
4(5472 5471 5151 5152)
4(5431 5471 5472 5432)
4(5433 5473 5153 5113)
4(5473 5472 5152 5153)
4(5432 5472 5473 5433)
4(5434 5474 5154 5114)
4(5474 5473 5153 5154)
4(5433 5473 5474 5434)
4(5435 5475 5155 5115)
4(5475 5474 5154 5155)
4(5434 5474 5475 5435)
4(5436 5476 5156 5116)
4(5476 5475 5155 5156)
4(5435 5475 5476 5436)
4(5437 5477 5157 5117)
4(5477 5476 5156 5157)
4(5436 5476 5477 5437)
4(5438 5478 5158 5118)
4(5478 5477 5157 5158)
4(5437 5477 5478 5438)
4(5479 5478 5158 5159)
4(5438 5478 5479 5439)
4(5441 5481 5161 5121)
4(5481 5480 5160 5161)
4(5440 5480 5481 5441)
4(5442 5482 5162 5122)
4(5482 5481 5161 5162)
4(5441 5481 5482 5442)
4(5443 5483 5163 5123)
4(5483 5482 5162 5163)
4(5442 5482 5483 5443)
4(5444 5484 5164 5124)
4(5484 5483 5163 5164)
4(5443 5483 5484 5444)
4(5445 5485 5165 5125)
4(5485 5484 5164 5165)
4(5444 5484 5485 5445)
4(5446 5486 5166 5126)
4(5486 5485 5165 5166)
4(5445 5485 5486 5446)
4(5447 5487 5167 5127)
4(5487 5486 5166 5167)
4(5446 5486 5487 5447)
4(5448 5488 5168 5128)
4(5488 5487 5167 5168)
4(5447 5487 5488 5448)
4(5449 5489 5169 5129)
4(5489 5488 5168 5169)
4(5448 5488 5489 5449)
4(5450 5490 5170 5130)
4(5490 5489 5169 5170)
4(5449 5489 5490 5450)
4(5451 5491 5171 5131)
4(5491 5490 5170 5171)
4(5450 5490 5491 5451)
4(5452 5492 5172 5132)
4(5492 5491 5171 5172)
4(5451 5491 5492 5452)
4(5453 5493 5173 5133)
4(5493 5492 5172 5173)
4(5452 5492 5493 5453)
4(5454 5494 5174 5134)
4(5494 5493 5173 5174)
4(5453 5493 5494 5454)
4(5455 5495 5175 5135)
4(5495 5494 5174 5175)
4(5454 5494 5495 5455)
4(5456 5496 5176 5136)
4(5496 5495 5175 5176)
4(5455 5495 5496 5456)
4(5457 5497 5177 5137)
4(5497 5496 5176 5177)
4(5456 5496 5497 5457)
4(5458 5498 5178 5138)
4(5498 5497 5177 5178)
4(5457 5497 5498 5458)
4(5459 5499 5179 5139)
4(5499 5498 5178 5179)
4(5458 5498 5499 5459)
4(5460 5500 5180 5140)
4(5500 5499 5179 5180)
4(5459 5499 5500 5460)
4(5461 5501 5181 5141)
4(5501 5500 5180 5181)
4(5460 5500 5501 5461)
4(5462 5502 5182 5142)
4(5502 5501 5181 5182)
4(5461 5501 5502 5462)
4(5463 5503 5183 5143)
4(5503 5502 5182 5183)
4(5462 5502 5503 5463)
4(5464 5504 5184 5144)
4(5504 5503 5183 5184)
4(5463 5503 5504 5464)
4(5465 5505 5185 5145)
4(5505 5504 5184 5185)
4(5464 5504 5505 5465)
4(5466 5506 5186 5146)
4(5506 5505 5185 5186)
4(5465 5505 5506 5466)
4(5467 5507 5187 5147)
4(5507 5506 5186 5187)
4(5466 5506 5507 5467)
4(5468 5508 5188 5148)
4(5508 5507 5187 5188)
4(5467 5507 5508 5468)
4(5469 5509 5189 5149)
4(5509 5508 5188 5189)
4(5468 5508 5509 5469)
4(5470 5510 5190 5150)
4(5510 5509 5189 5190)
4(5469 5509 5510 5470)
4(5471 5511 5191 5151)
4(5511 5510 5190 5191)
4(5470 5510 5511 5471)
4(5472 5512 5192 5152)
4(5512 5511 5191 5192)
4(5471 5511 5512 5472)
4(5473 5513 5193 5153)
4(5513 5512 5192 5193)
4(5472 5512 5513 5473)
4(5474 5514 5194 5154)
4(5514 5513 5193 5194)
4(5473 5513 5514 5474)
4(5475 5515 5195 5155)
4(5515 5514 5194 5195)
4(5474 5514 5515 5475)
4(5476 5516 5196 5156)
4(5516 5515 5195 5196)
4(5475 5515 5516 5476)
4(5477 5517 5197 5157)
4(5517 5516 5196 5197)
4(5476 5516 5517 5477)
4(5478 5518 5198 5158)
4(5518 5517 5197 5198)
4(5477 5517 5518 5478)
4(5519 5518 5198 5199)
4(5478 5518 5519 5479)
4(5481 5521 5201 5161)
4(5521 5520 5200 5201)
4(5480 5520 5521 5481)
4(5482 5522 5202 5162)
4(5522 5521 5201 5202)
4(5481 5521 5522 5482)
4(5483 5523 5203 5163)
4(5523 5522 5202 5203)
4(5482 5522 5523 5483)
4(5484 5524 5204 5164)
4(5524 5523 5203 5204)
4(5483 5523 5524 5484)
4(5485 5525 5205 5165)
4(5525 5524 5204 5205)
4(5484 5524 5525 5485)
4(5486 5526 5206 5166)
4(5526 5525 5205 5206)
4(5485 5525 5526 5486)
4(5487 5527 5207 5167)
4(5527 5526 5206 5207)
4(5486 5526 5527 5487)
4(5488 5528 5208 5168)
4(5528 5527 5207 5208)
4(5487 5527 5528 5488)
4(5489 5529 5209 5169)
4(5529 5528 5208 5209)
4(5488 5528 5529 5489)
4(5490 5530 5210 5170)
4(5530 5529 5209 5210)
4(5489 5529 5530 5490)
4(5491 5531 5211 5171)
4(5531 5530 5210 5211)
4(5490 5530 5531 5491)
4(5492 5532 5212 5172)
4(5532 5531 5211 5212)
4(5491 5531 5532 5492)
4(5493 5533 5213 5173)
4(5533 5532 5212 5213)
4(5492 5532 5533 5493)
4(5494 5534 5214 5174)
4(5534 5533 5213 5214)
4(5493 5533 5534 5494)
4(5495 5535 5215 5175)
4(5535 5534 5214 5215)
4(5494 5534 5535 5495)
4(5496 5536 5216 5176)
4(5536 5535 5215 5216)
4(5495 5535 5536 5496)
4(5497 5537 5217 5177)
4(5537 5536 5216 5217)
4(5496 5536 5537 5497)
4(5498 5538 5218 5178)
4(5538 5537 5217 5218)
4(5497 5537 5538 5498)
4(5499 5539 5219 5179)
4(5539 5538 5218 5219)
4(5498 5538 5539 5499)
4(5500 5540 5220 5180)
4(5540 5539 5219 5220)
4(5499 5539 5540 5500)
4(5501 5541 5221 5181)
4(5541 5540 5220 5221)
4(5500 5540 5541 5501)
4(5502 5542 5222 5182)
4(5542 5541 5221 5222)
4(5501 5541 5542 5502)
4(5503 5543 5223 5183)
4(5543 5542 5222 5223)
4(5502 5542 5543 5503)
4(5504 5544 5224 5184)
4(5544 5543 5223 5224)
4(5503 5543 5544 5504)
4(5505 5545 5225 5185)
4(5545 5544 5224 5225)
4(5504 5544 5545 5505)
4(5506 5546 5226 5186)
4(5546 5545 5225 5226)
4(5505 5545 5546 5506)
4(5507 5547 5227 5187)
4(5547 5546 5226 5227)
4(5506 5546 5547 5507)
4(5508 5548 5228 5188)
4(5548 5547 5227 5228)
4(5507 5547 5548 5508)
4(5509 5549 5229 5189)
4(5549 5548 5228 5229)
4(5508 5548 5549 5509)
4(5510 5550 5230 5190)
4(5550 5549 5229 5230)
4(5509 5549 5550 5510)
4(5511 5551 5231 5191)
4(5551 5550 5230 5231)
4(5510 5550 5551 5511)
4(5512 5552 5232 5192)
4(5552 5551 5231 5232)
4(5511 5551 5552 5512)
4(5513 5553 5233 5193)
4(5553 5552 5232 5233)
4(5512 5552 5553 5513)
4(5514 5554 5234 5194)
4(5554 5553 5233 5234)
4(5513 5553 5554 5514)
4(5515 5555 5235 5195)
4(5555 5554 5234 5235)
4(5514 5554 5555 5515)
4(5516 5556 5236 5196)
4(5556 5555 5235 5236)
4(5515 5555 5556 5516)
4(5517 5557 5237 5197)
4(5557 5556 5236 5237)
4(5516 5556 5557 5517)
4(5518 5558 5238 5198)
4(5558 5557 5237 5238)
4(5517 5557 5558 5518)
4(5559 5558 5238 5239)
4(5518 5558 5559 5519)
4(5521 5561 5241 5201)
4(5561 5560 5240 5241)
4(5520 5560 5561 5521)
4(5522 5562 5242 5202)
4(5562 5561 5241 5242)
4(5521 5561 5562 5522)
4(5523 5563 5243 5203)
4(5563 5562 5242 5243)
4(5522 5562 5563 5523)
4(5524 5564 5244 5204)
4(5564 5563 5243 5244)
4(5523 5563 5564 5524)
4(5525 5565 5245 5205)
4(5565 5564 5244 5245)
4(5524 5564 5565 5525)
4(5526 5566 5246 5206)
4(5566 5565 5245 5246)
4(5525 5565 5566 5526)
4(5527 5567 5247 5207)
4(5567 5566 5246 5247)
4(5526 5566 5567 5527)
4(5528 5568 5248 5208)
4(5568 5567 5247 5248)
4(5527 5567 5568 5528)
4(5529 5569 5249 5209)
4(5569 5568 5248 5249)
4(5528 5568 5569 5529)
4(5530 5570 5250 5210)
4(5570 5569 5249 5250)
4(5529 5569 5570 5530)
4(5531 5571 5251 5211)
4(5571 5570 5250 5251)
4(5530 5570 5571 5531)
4(5532 5572 5252 5212)
4(5572 5571 5251 5252)
4(5531 5571 5572 5532)
4(5533 5573 5253 5213)
4(5573 5572 5252 5253)
4(5532 5572 5573 5533)
4(5534 5574 5254 5214)
4(5574 5573 5253 5254)
4(5533 5573 5574 5534)
4(5535 5575 5255 5215)
4(5575 5574 5254 5255)
4(5534 5574 5575 5535)
4(5536 5576 5256 5216)
4(5576 5575 5255 5256)
4(5535 5575 5576 5536)
4(5537 5577 5257 5217)
4(5577 5576 5256 5257)
4(5536 5576 5577 5537)
4(5538 5578 5258 5218)
4(5578 5577 5257 5258)
4(5537 5577 5578 5538)
4(5539 5579 5259 5219)
4(5579 5578 5258 5259)
4(5538 5578 5579 5539)
4(5540 5580 5260 5220)
4(5580 5579 5259 5260)
4(5539 5579 5580 5540)
4(5541 5581 5261 5221)
4(5581 5580 5260 5261)
4(5540 5580 5581 5541)
4(5542 5582 5262 5222)
4(5582 5581 5261 5262)
4(5541 5581 5582 5542)
4(5543 5583 5263 5223)
4(5583 5582 5262 5263)
4(5542 5582 5583 5543)
4(5544 5584 5264 5224)
4(5584 5583 5263 5264)
4(5543 5583 5584 5544)
4(5545 5585 5265 5225)
4(5585 5584 5264 5265)
4(5544 5584 5585 5545)
4(5546 5586 5266 5226)
4(5586 5585 5265 5266)
4(5545 5585 5586 5546)
4(5547 5587 5267 5227)
4(5587 5586 5266 5267)
4(5546 5586 5587 5547)
4(5548 5588 5268 5228)
4(5588 5587 5267 5268)
4(5547 5587 5588 5548)
4(5549 5589 5269 5229)
4(5589 5588 5268 5269)
4(5548 5588 5589 5549)
4(5550 5590 5270 5230)
4(5590 5589 5269 5270)
4(5549 5589 5590 5550)
4(5551 5591 5271 5231)
4(5591 5590 5270 5271)
4(5550 5590 5591 5551)
4(5552 5592 5272 5232)
4(5592 5591 5271 5272)
4(5551 5591 5592 5552)
4(5553 5593 5273 5233)
4(5593 5592 5272 5273)
4(5552 5592 5593 5553)
4(5554 5594 5274 5234)
4(5594 5593 5273 5274)
4(5553 5593 5594 5554)
4(5555 5595 5275 5235)
4(5595 5594 5274 5275)
4(5554 5594 5595 5555)
4(5556 5596 5276 5236)
4(5596 5595 5275 5276)
4(5555 5595 5596 5556)
4(5557 5597 5277 5237)
4(5597 5596 5276 5277)
4(5556 5596 5597 5557)
4(5558 5598 5278 5238)
4(5598 5597 5277 5278)
4(5557 5597 5598 5558)
4(5599 5598 5278 5279)
4(5558 5598 5599 5559)
4(5561 5601 5281 5241)
4(5601 5600 5280 5281)
4(5560 5600 5601 5561)
4(5562 5602 5282 5242)
4(5602 5601 5281 5282)
4(5561 5601 5602 5562)
4(5563 5603 5283 5243)
4(5603 5602 5282 5283)
4(5562 5602 5603 5563)
4(5564 5604 5284 5244)
4(5604 5603 5283 5284)
4(5563 5603 5604 5564)
4(5565 5605 5285 5245)
4(5605 5604 5284 5285)
4(5564 5604 5605 5565)
4(5566 5606 5286 5246)
4(5606 5605 5285 5286)
4(5565 5605 5606 5566)
4(5567 5607 5287 5247)
4(5607 5606 5286 5287)
4(5566 5606 5607 5567)
4(5568 5608 5288 5248)
4(5608 5607 5287 5288)
4(5567 5607 5608 5568)
4(5569 5609 5289 5249)
4(5609 5608 5288 5289)
4(5568 5608 5609 5569)
4(5570 5610 5290 5250)
4(5610 5609 5289 5290)
4(5569 5609 5610 5570)
4(5571 5611 5291 5251)
4(5611 5610 5290 5291)
4(5570 5610 5611 5571)
4(5572 5612 5292 5252)
4(5612 5611 5291 5292)
4(5571 5611 5612 5572)
4(5573 5613 5293 5253)
4(5613 5612 5292 5293)
4(5572 5612 5613 5573)
4(5574 5614 5294 5254)
4(5614 5613 5293 5294)
4(5573 5613 5614 5574)
4(5575 5615 5295 5255)
4(5615 5614 5294 5295)
4(5574 5614 5615 5575)
4(5576 5616 5296 5256)
4(5616 5615 5295 5296)
4(5575 5615 5616 5576)
4(5577 5617 5297 5257)
4(5617 5616 5296 5297)
4(5576 5616 5617 5577)
4(5578 5618 5298 5258)
4(5618 5617 5297 5298)
4(5577 5617 5618 5578)
4(5579 5619 5299 5259)
4(5619 5618 5298 5299)
4(5578 5618 5619 5579)
4(5580 5620 5300 5260)
4(5620 5619 5299 5300)
4(5579 5619 5620 5580)
4(5581 5621 5301 5261)
4(5621 5620 5300 5301)
4(5580 5620 5621 5581)
4(5582 5622 5302 5262)
4(5622 5621 5301 5302)
4(5581 5621 5622 5582)
4(5583 5623 5303 5263)
4(5623 5622 5302 5303)
4(5582 5622 5623 5583)
4(5584 5624 5304 5264)
4(5624 5623 5303 5304)
4(5583 5623 5624 5584)
4(5585 5625 5305 5265)
4(5625 5624 5304 5305)
4(5584 5624 5625 5585)
4(5586 5626 5306 5266)
4(5626 5625 5305 5306)
4(5585 5625 5626 5586)
4(5587 5627 5307 5267)
4(5627 5626 5306 5307)
4(5586 5626 5627 5587)
4(5588 5628 5308 5268)
4(5628 5627 5307 5308)
4(5587 5627 5628 5588)
4(5589 5629 5309 5269)
4(5629 5628 5308 5309)
4(5588 5628 5629 5589)
4(5590 5630 5310 5270)
4(5630 5629 5309 5310)
4(5589 5629 5630 5590)
4(5591 5631 5311 5271)
4(5631 5630 5310 5311)
4(5590 5630 5631 5591)
4(5592 5632 5312 5272)
4(5632 5631 5311 5312)
4(5591 5631 5632 5592)
4(5593 5633 5313 5273)
4(5633 5632 5312 5313)
4(5592 5632 5633 5593)
4(5594 5634 5314 5274)
4(5634 5633 5313 5314)
4(5593 5633 5634 5594)
4(5595 5635 5315 5275)
4(5635 5634 5314 5315)
4(5594 5634 5635 5595)
4(5596 5636 5316 5276)
4(5636 5635 5315 5316)
4(5595 5635 5636 5596)
4(5597 5637 5317 5277)
4(5637 5636 5316 5317)
4(5596 5636 5637 5597)
4(5598 5638 5318 5278)
4(5638 5637 5317 5318)
4(5597 5637 5638 5598)
4(5639 5638 5318 5319)
4(5598 5638 5639 5599)
4(5601 5641 5321 5281)
4(5600 5640 5641 5601)
4(5641 5640 5320 5321)
4(5602 5642 5322 5282)
4(5601 5641 5642 5602)
4(5642 5641 5321 5322)
4(5603 5643 5323 5283)
4(5602 5642 5643 5603)
4(5643 5642 5322 5323)
4(5604 5644 5324 5284)
4(5603 5643 5644 5604)
4(5644 5643 5323 5324)
4(5605 5645 5325 5285)
4(5604 5644 5645 5605)
4(5645 5644 5324 5325)
4(5606 5646 5326 5286)
4(5605 5645 5646 5606)
4(5646 5645 5325 5326)
4(5607 5647 5327 5287)
4(5606 5646 5647 5607)
4(5647 5646 5326 5327)
4(5608 5648 5328 5288)
4(5607 5647 5648 5608)
4(5648 5647 5327 5328)
4(5609 5649 5329 5289)
4(5608 5648 5649 5609)
4(5649 5648 5328 5329)
4(5610 5650 5330 5290)
4(5609 5649 5650 5610)
4(5650 5649 5329 5330)
4(5611 5651 5331 5291)
4(5610 5650 5651 5611)
4(5651 5650 5330 5331)
4(5612 5652 5332 5292)
4(5611 5651 5652 5612)
4(5652 5651 5331 5332)
4(5613 5653 5333 5293)
4(5612 5652 5653 5613)
4(5653 5652 5332 5333)
4(5614 5654 5334 5294)
4(5613 5653 5654 5614)
4(5654 5653 5333 5334)
4(5615 5655 5335 5295)
4(5614 5654 5655 5615)
4(5655 5654 5334 5335)
4(5616 5656 5336 5296)
4(5615 5655 5656 5616)
4(5656 5655 5335 5336)
4(5617 5657 5337 5297)
4(5616 5656 5657 5617)
4(5657 5656 5336 5337)
4(5618 5658 5338 5298)
4(5617 5657 5658 5618)
4(5658 5657 5337 5338)
4(5619 5659 5339 5299)
4(5618 5658 5659 5619)
4(5659 5658 5338 5339)
4(5620 5660 5340 5300)
4(5619 5659 5660 5620)
4(5660 5659 5339 5340)
4(5621 5661 5341 5301)
4(5620 5660 5661 5621)
4(5661 5660 5340 5341)
4(5622 5662 5342 5302)
4(5621 5661 5662 5622)
4(5662 5661 5341 5342)
4(5623 5663 5343 5303)
4(5622 5662 5663 5623)
4(5663 5662 5342 5343)
4(5624 5664 5344 5304)
4(5623 5663 5664 5624)
4(5664 5663 5343 5344)
4(5625 5665 5345 5305)
4(5624 5664 5665 5625)
4(5665 5664 5344 5345)
4(5626 5666 5346 5306)
4(5625 5665 5666 5626)
4(5666 5665 5345 5346)
4(5627 5667 5347 5307)
4(5626 5666 5667 5627)
4(5667 5666 5346 5347)
4(5628 5668 5348 5308)
4(5627 5667 5668 5628)
4(5668 5667 5347 5348)
4(5629 5669 5349 5309)
4(5628 5668 5669 5629)
4(5669 5668 5348 5349)
4(5630 5670 5350 5310)
4(5629 5669 5670 5630)
4(5670 5669 5349 5350)
4(5631 5671 5351 5311)
4(5630 5670 5671 5631)
4(5671 5670 5350 5351)
4(5632 5672 5352 5312)
4(5631 5671 5672 5632)
4(5672 5671 5351 5352)
4(5633 5673 5353 5313)
4(5632 5672 5673 5633)
4(5673 5672 5352 5353)
4(5634 5674 5354 5314)
4(5633 5673 5674 5634)
4(5674 5673 5353 5354)
4(5635 5675 5355 5315)
4(5634 5674 5675 5635)
4(5675 5674 5354 5355)
4(5636 5676 5356 5316)
4(5635 5675 5676 5636)
4(5676 5675 5355 5356)
4(5637 5677 5357 5317)
4(5636 5676 5677 5637)
4(5677 5676 5356 5357)
4(5638 5678 5358 5318)
4(5637 5677 5678 5638)
4(5678 5677 5357 5358)
4(5638 5678 5679 5639)
4(5679 5678 5358 5359)
4(4281 5681 5361 3921)
4(5681 5680 5360 5361)
4(4280 5680 5681 4281)
4(4282 5682 5362 3922)
4(5682 5681 5361 5362)
4(4281 5681 5682 4282)
4(4283 5683 5363 3923)
4(5683 5682 5362 5363)
4(4282 5682 5683 4283)
4(4284 5684 5364 3924)
4(5684 5683 5363 5364)
4(4283 5683 5684 4284)
4(4285 5685 5365 3925)
4(5685 5684 5364 5365)
4(4284 5684 5685 4285)
4(4286 5686 5366 3926)
4(5686 5685 5365 5366)
4(4285 5685 5686 4286)
4(4287 5687 5367 3927)
4(5687 5686 5366 5367)
4(4286 5686 5687 4287)
4(4288 5688 5368 3928)
4(5688 5687 5367 5368)
4(4287 5687 5688 4288)
4(4289 5689 5369 3929)
4(5689 5688 5368 5369)
4(4288 5688 5689 4289)
4(4290 5690 5370 3930)
4(5690 5689 5369 5370)
4(4289 5689 5690 4290)
4(4291 5691 5371 3931)
4(5691 5690 5370 5371)
4(4290 5690 5691 4291)
4(4292 5692 5372 3932)
4(5692 5691 5371 5372)
4(4291 5691 5692 4292)
4(4293 5693 5373 3933)
4(5693 5692 5372 5373)
4(4292 5692 5693 4293)
4(4294 5694 5374 3934)
4(5694 5693 5373 5374)
4(4293 5693 5694 4294)
4(4295 5695 5375 3935)
4(5695 5694 5374 5375)
4(4294 5694 5695 4295)
4(4296 5696 5376 3936)
4(5696 5695 5375 5376)
4(4295 5695 5696 4296)
4(4297 5697 5377 3937)
4(5697 5696 5376 5377)
4(4296 5696 5697 4297)
4(4298 5698 5378 3938)
4(5698 5697 5377 5378)
4(4297 5697 5698 4298)
4(4299 5699 5379 3939)
4(5699 5698 5378 5379)
4(4298 5698 5699 4299)
4(4300 5700 5380 3940)
4(5700 5699 5379 5380)
4(4299 5699 5700 4300)
4(4301 5701 5381 3941)
4(5701 5700 5380 5381)
4(4300 5700 5701 4301)
4(4302 5702 5382 3942)
4(5702 5701 5381 5382)
4(4301 5701 5702 4302)
4(4303 5703 5383 3943)
4(5703 5702 5382 5383)
4(4302 5702 5703 4303)
4(4304 5704 5384 3944)
4(5704 5703 5383 5384)
4(4303 5703 5704 4304)
4(4305 5705 5385 3945)
4(5705 5704 5384 5385)
4(4304 5704 5705 4305)
4(4306 5706 5386 3946)
4(5706 5705 5385 5386)
4(4305 5705 5706 4306)
4(4307 5707 5387 3947)
4(5707 5706 5386 5387)
4(4306 5706 5707 4307)
4(4308 5708 5388 3948)
4(5708 5707 5387 5388)
4(4307 5707 5708 4308)
4(4309 5709 5389 3949)
4(5709 5708 5388 5389)
4(4308 5708 5709 4309)
4(4310 5710 5390 3950)
4(5710 5709 5389 5390)
4(4309 5709 5710 4310)
4(4311 5711 5391 3951)
4(5711 5710 5390 5391)
4(4310 5710 5711 4311)
4(4312 5712 5392 3952)
4(5712 5711 5391 5392)
4(4311 5711 5712 4312)
4(4313 5713 5393 3953)
4(5713 5712 5392 5393)
4(4312 5712 5713 4313)
4(4314 5714 5394 3954)
4(5714 5713 5393 5394)
4(4313 5713 5714 4314)
4(4315 5715 5395 3955)
4(5715 5714 5394 5395)
4(4314 5714 5715 4315)
4(4316 5716 5396 3956)
4(5716 5715 5395 5396)
4(4315 5715 5716 4316)
4(4317 5717 5397 3957)
4(5717 5716 5396 5397)
4(4316 5716 5717 4317)
4(4318 5718 5398 3958)
4(5718 5717 5397 5398)
4(4317 5717 5718 4318)
4(5719 5718 5398 5399)
4(4318 5718 5719 4319)
4(5681 5721 5401 5361)
4(5721 5720 5400 5401)
4(5680 5720 5721 5681)
4(5682 5722 5402 5362)
4(5722 5721 5401 5402)
4(5681 5721 5722 5682)
4(5683 5723 5403 5363)
4(5723 5722 5402 5403)
4(5682 5722 5723 5683)
4(5684 5724 5404 5364)
4(5724 5723 5403 5404)
4(5683 5723 5724 5684)
4(5685 5725 5405 5365)
4(5725 5724 5404 5405)
4(5684 5724 5725 5685)
4(5686 5726 5406 5366)
4(5726 5725 5405 5406)
4(5685 5725 5726 5686)
4(5687 5727 5407 5367)
4(5727 5726 5406 5407)
4(5686 5726 5727 5687)
4(5688 5728 5408 5368)
4(5728 5727 5407 5408)
4(5687 5727 5728 5688)
4(5689 5729 5409 5369)
4(5729 5728 5408 5409)
4(5688 5728 5729 5689)
4(5690 5730 5410 5370)
4(5730 5729 5409 5410)
4(5689 5729 5730 5690)
4(5691 5731 5411 5371)
4(5731 5730 5410 5411)
4(5690 5730 5731 5691)
4(5692 5732 5412 5372)
4(5732 5731 5411 5412)
4(5691 5731 5732 5692)
4(5693 5733 5413 5373)
4(5733 5732 5412 5413)
4(5692 5732 5733 5693)
4(5694 5734 5414 5374)
4(5734 5733 5413 5414)
4(5693 5733 5734 5694)
4(5695 5735 5415 5375)
4(5735 5734 5414 5415)
4(5694 5734 5735 5695)
4(5696 5736 5416 5376)
4(5736 5735 5415 5416)
4(5695 5735 5736 5696)
4(5697 5737 5417 5377)
4(5737 5736 5416 5417)
4(5696 5736 5737 5697)
4(5698 5738 5418 5378)
4(5738 5737 5417 5418)
4(5697 5737 5738 5698)
4(5699 5739 5419 5379)
4(5739 5738 5418 5419)
4(5698 5738 5739 5699)
4(5700 5740 5420 5380)
4(5740 5739 5419 5420)
4(5699 5739 5740 5700)
4(5701 5741 5421 5381)
4(5741 5740 5420 5421)
4(5700 5740 5741 5701)
4(5702 5742 5422 5382)
4(5742 5741 5421 5422)
4(5701 5741 5742 5702)
4(5703 5743 5423 5383)
4(5743 5742 5422 5423)
4(5702 5742 5743 5703)
4(5704 5744 5424 5384)
4(5744 5743 5423 5424)
4(5703 5743 5744 5704)
4(5705 5745 5425 5385)
4(5745 5744 5424 5425)
4(5704 5744 5745 5705)
4(5706 5746 5426 5386)
4(5746 5745 5425 5426)
4(5705 5745 5746 5706)
4(5707 5747 5427 5387)
4(5747 5746 5426 5427)
4(5706 5746 5747 5707)
4(5708 5748 5428 5388)
4(5748 5747 5427 5428)
4(5707 5747 5748 5708)
4(5709 5749 5429 5389)
4(5749 5748 5428 5429)
4(5708 5748 5749 5709)
4(5710 5750 5430 5390)
4(5750 5749 5429 5430)
4(5709 5749 5750 5710)
4(5711 5751 5431 5391)
4(5751 5750 5430 5431)
4(5710 5750 5751 5711)
4(5712 5752 5432 5392)
4(5752 5751 5431 5432)
4(5711 5751 5752 5712)
4(5713 5753 5433 5393)
4(5753 5752 5432 5433)
4(5712 5752 5753 5713)
4(5714 5754 5434 5394)
4(5754 5753 5433 5434)
4(5713 5753 5754 5714)
4(5715 5755 5435 5395)
4(5755 5754 5434 5435)
4(5714 5754 5755 5715)
4(5716 5756 5436 5396)
4(5756 5755 5435 5436)
4(5715 5755 5756 5716)
4(5717 5757 5437 5397)
4(5757 5756 5436 5437)
4(5716 5756 5757 5717)
4(5718 5758 5438 5398)
4(5758 5757 5437 5438)
4(5717 5757 5758 5718)
4(5759 5758 5438 5439)
4(5718 5758 5759 5719)
4(5721 5761 5441 5401)
4(5761 5760 5440 5441)
4(5720 5760 5761 5721)
4(5722 5762 5442 5402)
4(5762 5761 5441 5442)
4(5721 5761 5762 5722)
4(5723 5763 5443 5403)
4(5763 5762 5442 5443)
4(5722 5762 5763 5723)
4(5724 5764 5444 5404)
4(5764 5763 5443 5444)
4(5723 5763 5764 5724)
4(5725 5765 5445 5405)
4(5765 5764 5444 5445)
4(5724 5764 5765 5725)
4(5726 5766 5446 5406)
4(5766 5765 5445 5446)
4(5725 5765 5766 5726)
4(5727 5767 5447 5407)
4(5767 5766 5446 5447)
4(5726 5766 5767 5727)
4(5728 5768 5448 5408)
4(5768 5767 5447 5448)
4(5727 5767 5768 5728)
4(5729 5769 5449 5409)
4(5769 5768 5448 5449)
4(5728 5768 5769 5729)
4(5730 5770 5450 5410)
4(5770 5769 5449 5450)
4(5729 5769 5770 5730)
4(5731 5771 5451 5411)
4(5771 5770 5450 5451)
4(5730 5770 5771 5731)
4(5732 5772 5452 5412)
4(5772 5771 5451 5452)
4(5731 5771 5772 5732)
4(5733 5773 5453 5413)
4(5773 5772 5452 5453)
4(5732 5772 5773 5733)
4(5734 5774 5454 5414)
4(5774 5773 5453 5454)
4(5733 5773 5774 5734)
4(5735 5775 5455 5415)
4(5775 5774 5454 5455)
4(5734 5774 5775 5735)
4(5736 5776 5456 5416)
4(5776 5775 5455 5456)
4(5735 5775 5776 5736)
4(5737 5777 5457 5417)
4(5777 5776 5456 5457)
4(5736 5776 5777 5737)
4(5738 5778 5458 5418)
4(5778 5777 5457 5458)
4(5737 5777 5778 5738)
4(5739 5779 5459 5419)
4(5779 5778 5458 5459)
4(5738 5778 5779 5739)
4(5740 5780 5460 5420)
4(5780 5779 5459 5460)
4(5739 5779 5780 5740)
4(5741 5781 5461 5421)
4(5781 5780 5460 5461)
4(5740 5780 5781 5741)
4(5742 5782 5462 5422)
4(5782 5781 5461 5462)
4(5741 5781 5782 5742)
4(5743 5783 5463 5423)
4(5783 5782 5462 5463)
4(5742 5782 5783 5743)
4(5744 5784 5464 5424)
4(5784 5783 5463 5464)
4(5743 5783 5784 5744)
4(5745 5785 5465 5425)
4(5785 5784 5464 5465)
4(5744 5784 5785 5745)
4(5746 5786 5466 5426)
4(5786 5785 5465 5466)
4(5745 5785 5786 5746)
4(5747 5787 5467 5427)
4(5787 5786 5466 5467)
4(5746 5786 5787 5747)
4(5748 5788 5468 5428)
4(5788 5787 5467 5468)
4(5747 5787 5788 5748)
4(5749 5789 5469 5429)
4(5789 5788 5468 5469)
4(5748 5788 5789 5749)
4(5750 5790 5470 5430)
4(5790 5789 5469 5470)
4(5749 5789 5790 5750)
4(5751 5791 5471 5431)
4(5791 5790 5470 5471)
4(5750 5790 5791 5751)
4(5752 5792 5472 5432)
4(5792 5791 5471 5472)
4(5751 5791 5792 5752)
4(5753 5793 5473 5433)
4(5793 5792 5472 5473)
4(5752 5792 5793 5753)
4(5754 5794 5474 5434)
4(5794 5793 5473 5474)
4(5753 5793 5794 5754)
4(5755 5795 5475 5435)
4(5795 5794 5474 5475)
4(5754 5794 5795 5755)
4(5756 5796 5476 5436)
4(5796 5795 5475 5476)
4(5755 5795 5796 5756)
4(5757 5797 5477 5437)
4(5797 5796 5476 5477)
4(5756 5796 5797 5757)
4(5758 5798 5478 5438)
4(5798 5797 5477 5478)
4(5757 5797 5798 5758)
4(5799 5798 5478 5479)
4(5758 5798 5799 5759)
4(5761 5801 5481 5441)
4(5801 5800 5480 5481)
4(5760 5800 5801 5761)
4(5762 5802 5482 5442)
4(5802 5801 5481 5482)
4(5761 5801 5802 5762)
4(5763 5803 5483 5443)
4(5803 5802 5482 5483)
4(5762 5802 5803 5763)
4(5764 5804 5484 5444)
4(5804 5803 5483 5484)
4(5763 5803 5804 5764)
4(5765 5805 5485 5445)
4(5805 5804 5484 5485)
4(5764 5804 5805 5765)
4(5766 5806 5486 5446)
4(5806 5805 5485 5486)
4(5765 5805 5806 5766)
4(5767 5807 5487 5447)
4(5807 5806 5486 5487)
4(5766 5806 5807 5767)
4(5768 5808 5488 5448)
4(5808 5807 5487 5488)
4(5767 5807 5808 5768)
4(5769 5809 5489 5449)
4(5809 5808 5488 5489)
4(5768 5808 5809 5769)
4(5770 5810 5490 5450)
4(5810 5809 5489 5490)
4(5769 5809 5810 5770)
4(5771 5811 5491 5451)
4(5811 5810 5490 5491)
4(5770 5810 5811 5771)
4(5772 5812 5492 5452)
4(5812 5811 5491 5492)
4(5771 5811 5812 5772)
4(5773 5813 5493 5453)
4(5813 5812 5492 5493)
4(5772 5812 5813 5773)
4(5774 5814 5494 5454)
4(5814 5813 5493 5494)
4(5773 5813 5814 5774)
4(5775 5815 5495 5455)
4(5815 5814 5494 5495)
4(5774 5814 5815 5775)
4(5776 5816 5496 5456)
4(5816 5815 5495 5496)
4(5775 5815 5816 5776)
4(5777 5817 5497 5457)
4(5817 5816 5496 5497)
4(5776 5816 5817 5777)
4(5778 5818 5498 5458)
4(5818 5817 5497 5498)
4(5777 5817 5818 5778)
4(5779 5819 5499 5459)
4(5819 5818 5498 5499)
4(5778 5818 5819 5779)
4(5780 5820 5500 5460)
4(5820 5819 5499 5500)
4(5779 5819 5820 5780)
4(5781 5821 5501 5461)
4(5821 5820 5500 5501)
4(5780 5820 5821 5781)
4(5782 5822 5502 5462)
4(5822 5821 5501 5502)
4(5781 5821 5822 5782)
4(5783 5823 5503 5463)
4(5823 5822 5502 5503)
4(5782 5822 5823 5783)
4(5784 5824 5504 5464)
4(5824 5823 5503 5504)
4(5783 5823 5824 5784)
4(5785 5825 5505 5465)
4(5825 5824 5504 5505)
4(5784 5824 5825 5785)
4(5786 5826 5506 5466)
4(5826 5825 5505 5506)
4(5785 5825 5826 5786)
4(5787 5827 5507 5467)
4(5827 5826 5506 5507)
4(5786 5826 5827 5787)
4(5788 5828 5508 5468)
4(5828 5827 5507 5508)
4(5787 5827 5828 5788)
4(5789 5829 5509 5469)
4(5829 5828 5508 5509)
4(5788 5828 5829 5789)
4(5790 5830 5510 5470)
4(5830 5829 5509 5510)
4(5789 5829 5830 5790)
4(5791 5831 5511 5471)
4(5831 5830 5510 5511)
4(5790 5830 5831 5791)
4(5792 5832 5512 5472)
4(5832 5831 5511 5512)
4(5791 5831 5832 5792)
4(5793 5833 5513 5473)
4(5833 5832 5512 5513)
4(5792 5832 5833 5793)
4(5794 5834 5514 5474)
4(5834 5833 5513 5514)
4(5793 5833 5834 5794)
4(5795 5835 5515 5475)
4(5835 5834 5514 5515)
4(5794 5834 5835 5795)
4(5796 5836 5516 5476)
4(5836 5835 5515 5516)
4(5795 5835 5836 5796)
4(5797 5837 5517 5477)
4(5837 5836 5516 5517)
4(5796 5836 5837 5797)
4(5798 5838 5518 5478)
4(5838 5837 5517 5518)
4(5797 5837 5838 5798)
4(5839 5838 5518 5519)
4(5798 5838 5839 5799)
4(5801 5841 5521 5481)
4(5841 5840 5520 5521)
4(5800 5840 5841 5801)
4(5802 5842 5522 5482)
4(5842 5841 5521 5522)
4(5801 5841 5842 5802)
4(5803 5843 5523 5483)
4(5843 5842 5522 5523)
4(5802 5842 5843 5803)
4(5804 5844 5524 5484)
4(5844 5843 5523 5524)
4(5803 5843 5844 5804)
4(5805 5845 5525 5485)
4(5845 5844 5524 5525)
4(5804 5844 5845 5805)
4(5806 5846 5526 5486)
4(5846 5845 5525 5526)
4(5805 5845 5846 5806)
4(5807 5847 5527 5487)
4(5847 5846 5526 5527)
4(5806 5846 5847 5807)
4(5808 5848 5528 5488)
4(5848 5847 5527 5528)
4(5807 5847 5848 5808)
4(5809 5849 5529 5489)
4(5849 5848 5528 5529)
4(5808 5848 5849 5809)
4(5810 5850 5530 5490)
4(5850 5849 5529 5530)
4(5809 5849 5850 5810)
4(5811 5851 5531 5491)
4(5851 5850 5530 5531)
4(5810 5850 5851 5811)
4(5812 5852 5532 5492)
4(5852 5851 5531 5532)
4(5811 5851 5852 5812)
4(5813 5853 5533 5493)
4(5853 5852 5532 5533)
4(5812 5852 5853 5813)
4(5814 5854 5534 5494)
4(5854 5853 5533 5534)
4(5813 5853 5854 5814)
4(5815 5855 5535 5495)
4(5855 5854 5534 5535)
4(5814 5854 5855 5815)
4(5816 5856 5536 5496)
4(5856 5855 5535 5536)
4(5815 5855 5856 5816)
4(5817 5857 5537 5497)
4(5857 5856 5536 5537)
4(5816 5856 5857 5817)
4(5818 5858 5538 5498)
4(5858 5857 5537 5538)
4(5817 5857 5858 5818)
4(5819 5859 5539 5499)
4(5859 5858 5538 5539)
4(5818 5858 5859 5819)
4(5820 5860 5540 5500)
4(5860 5859 5539 5540)
4(5819 5859 5860 5820)
4(5821 5861 5541 5501)
4(5861 5860 5540 5541)
4(5820 5860 5861 5821)
4(5822 5862 5542 5502)
4(5862 5861 5541 5542)
4(5821 5861 5862 5822)
4(5823 5863 5543 5503)
4(5863 5862 5542 5543)
4(5822 5862 5863 5823)
4(5824 5864 5544 5504)
4(5864 5863 5543 5544)
4(5823 5863 5864 5824)
4(5825 5865 5545 5505)
4(5865 5864 5544 5545)
4(5824 5864 5865 5825)
4(5826 5866 5546 5506)
4(5866 5865 5545 5546)
4(5825 5865 5866 5826)
4(5827 5867 5547 5507)
4(5867 5866 5546 5547)
4(5826 5866 5867 5827)
4(5828 5868 5548 5508)
4(5868 5867 5547 5548)
4(5827 5867 5868 5828)
4(5829 5869 5549 5509)
4(5869 5868 5548 5549)
4(5828 5868 5869 5829)
4(5830 5870 5550 5510)
4(5870 5869 5549 5550)
4(5829 5869 5870 5830)
4(5831 5871 5551 5511)
4(5871 5870 5550 5551)
4(5830 5870 5871 5831)
4(5832 5872 5552 5512)
4(5872 5871 5551 5552)
4(5831 5871 5872 5832)
4(5833 5873 5553 5513)
4(5873 5872 5552 5553)
4(5832 5872 5873 5833)
4(5834 5874 5554 5514)
4(5874 5873 5553 5554)
4(5833 5873 5874 5834)
4(5835 5875 5555 5515)
4(5875 5874 5554 5555)
4(5834 5874 5875 5835)
4(5836 5876 5556 5516)
4(5876 5875 5555 5556)
4(5835 5875 5876 5836)
4(5837 5877 5557 5517)
4(5877 5876 5556 5557)
4(5836 5876 5877 5837)
4(5838 5878 5558 5518)
4(5878 5877 5557 5558)
4(5837 5877 5878 5838)
4(5879 5878 5558 5559)
4(5838 5878 5879 5839)
4(5841 5881 5561 5521)
4(5881 5880 5560 5561)
4(5840 5880 5881 5841)
4(5842 5882 5562 5522)
4(5882 5881 5561 5562)
4(5841 5881 5882 5842)
4(5843 5883 5563 5523)
4(5883 5882 5562 5563)
4(5842 5882 5883 5843)
4(5844 5884 5564 5524)
4(5884 5883 5563 5564)
4(5843 5883 5884 5844)
4(5845 5885 5565 5525)
4(5885 5884 5564 5565)
4(5844 5884 5885 5845)
4(5846 5886 5566 5526)
4(5886 5885 5565 5566)
4(5845 5885 5886 5846)
4(5847 5887 5567 5527)
4(5887 5886 5566 5567)
4(5846 5886 5887 5847)
4(5848 5888 5568 5528)
4(5888 5887 5567 5568)
4(5847 5887 5888 5848)
4(5849 5889 5569 5529)
4(5889 5888 5568 5569)
4(5848 5888 5889 5849)
4(5850 5890 5570 5530)
4(5890 5889 5569 5570)
4(5849 5889 5890 5850)
4(5851 5891 5571 5531)
4(5891 5890 5570 5571)
4(5850 5890 5891 5851)
4(5852 5892 5572 5532)
4(5892 5891 5571 5572)
4(5851 5891 5892 5852)
4(5853 5893 5573 5533)
4(5893 5892 5572 5573)
4(5852 5892 5893 5853)
4(5854 5894 5574 5534)
4(5894 5893 5573 5574)
4(5853 5893 5894 5854)
4(5855 5895 5575 5535)
4(5895 5894 5574 5575)
4(5854 5894 5895 5855)
4(5856 5896 5576 5536)
4(5896 5895 5575 5576)
4(5855 5895 5896 5856)
4(5857 5897 5577 5537)
4(5897 5896 5576 5577)
4(5856 5896 5897 5857)
4(5858 5898 5578 5538)
4(5898 5897 5577 5578)
4(5857 5897 5898 5858)
4(5859 5899 5579 5539)
4(5899 5898 5578 5579)
4(5858 5898 5899 5859)
4(5860 5900 5580 5540)
4(5900 5899 5579 5580)
4(5859 5899 5900 5860)
4(5861 5901 5581 5541)
4(5901 5900 5580 5581)
4(5860 5900 5901 5861)
4(5862 5902 5582 5542)
4(5902 5901 5581 5582)
4(5861 5901 5902 5862)
4(5863 5903 5583 5543)
4(5903 5902 5582 5583)
4(5862 5902 5903 5863)
4(5864 5904 5584 5544)
4(5904 5903 5583 5584)
4(5863 5903 5904 5864)
4(5865 5905 5585 5545)
4(5905 5904 5584 5585)
4(5864 5904 5905 5865)
4(5866 5906 5586 5546)
4(5906 5905 5585 5586)
4(5865 5905 5906 5866)
4(5867 5907 5587 5547)
4(5907 5906 5586 5587)
4(5866 5906 5907 5867)
4(5868 5908 5588 5548)
4(5908 5907 5587 5588)
4(5867 5907 5908 5868)
4(5869 5909 5589 5549)
4(5909 5908 5588 5589)
4(5868 5908 5909 5869)
4(5870 5910 5590 5550)
4(5910 5909 5589 5590)
4(5869 5909 5910 5870)
4(5871 5911 5591 5551)
4(5911 5910 5590 5591)
4(5870 5910 5911 5871)
4(5872 5912 5592 5552)
4(5912 5911 5591 5592)
4(5871 5911 5912 5872)
4(5873 5913 5593 5553)
4(5913 5912 5592 5593)
4(5872 5912 5913 5873)
4(5874 5914 5594 5554)
4(5914 5913 5593 5594)
4(5873 5913 5914 5874)
4(5875 5915 5595 5555)
4(5915 5914 5594 5595)
4(5874 5914 5915 5875)
4(5876 5916 5596 5556)
4(5916 5915 5595 5596)
4(5875 5915 5916 5876)
4(5877 5917 5597 5557)
4(5917 5916 5596 5597)
4(5876 5916 5917 5877)
4(5878 5918 5598 5558)
4(5918 5917 5597 5598)
4(5877 5917 5918 5878)
4(5919 5918 5598 5599)
4(5878 5918 5919 5879)
4(5881 5921 5601 5561)
4(5921 5920 5600 5601)
4(5880 5920 5921 5881)
4(5882 5922 5602 5562)
4(5922 5921 5601 5602)
4(5881 5921 5922 5882)
4(5883 5923 5603 5563)
4(5923 5922 5602 5603)
4(5882 5922 5923 5883)
4(5884 5924 5604 5564)
4(5924 5923 5603 5604)
4(5883 5923 5924 5884)
4(5885 5925 5605 5565)
4(5925 5924 5604 5605)
4(5884 5924 5925 5885)
4(5886 5926 5606 5566)
4(5926 5925 5605 5606)
4(5885 5925 5926 5886)
4(5887 5927 5607 5567)
4(5927 5926 5606 5607)
4(5886 5926 5927 5887)
4(5888 5928 5608 5568)
4(5928 5927 5607 5608)
4(5887 5927 5928 5888)
4(5889 5929 5609 5569)
4(5929 5928 5608 5609)
4(5888 5928 5929 5889)
4(5890 5930 5610 5570)
4(5930 5929 5609 5610)
4(5889 5929 5930 5890)
4(5891 5931 5611 5571)
4(5931 5930 5610 5611)
4(5890 5930 5931 5891)
4(5892 5932 5612 5572)
4(5932 5931 5611 5612)
4(5891 5931 5932 5892)
4(5893 5933 5613 5573)
4(5933 5932 5612 5613)
4(5892 5932 5933 5893)
4(5894 5934 5614 5574)
4(5934 5933 5613 5614)
4(5893 5933 5934 5894)
4(5895 5935 5615 5575)
4(5935 5934 5614 5615)
4(5894 5934 5935 5895)
4(5896 5936 5616 5576)
4(5936 5935 5615 5616)
4(5895 5935 5936 5896)
4(5897 5937 5617 5577)
4(5937 5936 5616 5617)
4(5896 5936 5937 5897)
4(5898 5938 5618 5578)
4(5938 5937 5617 5618)
4(5897 5937 5938 5898)
4(5899 5939 5619 5579)
4(5939 5938 5618 5619)
4(5898 5938 5939 5899)
4(5900 5940 5620 5580)
4(5940 5939 5619 5620)
4(5899 5939 5940 5900)
4(5901 5941 5621 5581)
4(5941 5940 5620 5621)
4(5900 5940 5941 5901)
4(5902 5942 5622 5582)
4(5942 5941 5621 5622)
4(5901 5941 5942 5902)
4(5903 5943 5623 5583)
4(5943 5942 5622 5623)
4(5902 5942 5943 5903)
4(5904 5944 5624 5584)
4(5944 5943 5623 5624)
4(5903 5943 5944 5904)
4(5905 5945 5625 5585)
4(5945 5944 5624 5625)
4(5904 5944 5945 5905)
4(5906 5946 5626 5586)
4(5946 5945 5625 5626)
4(5905 5945 5946 5906)
4(5907 5947 5627 5587)
4(5947 5946 5626 5627)
4(5906 5946 5947 5907)
4(5908 5948 5628 5588)
4(5948 5947 5627 5628)
4(5907 5947 5948 5908)
4(5909 5949 5629 5589)
4(5949 5948 5628 5629)
4(5908 5948 5949 5909)
4(5910 5950 5630 5590)
4(5950 5949 5629 5630)
4(5909 5949 5950 5910)
4(5911 5951 5631 5591)
4(5951 5950 5630 5631)
4(5910 5950 5951 5911)
4(5912 5952 5632 5592)
4(5952 5951 5631 5632)
4(5911 5951 5952 5912)
4(5913 5953 5633 5593)
4(5953 5952 5632 5633)
4(5912 5952 5953 5913)
4(5914 5954 5634 5594)
4(5954 5953 5633 5634)
4(5913 5953 5954 5914)
4(5915 5955 5635 5595)
4(5955 5954 5634 5635)
4(5914 5954 5955 5915)
4(5916 5956 5636 5596)
4(5956 5955 5635 5636)
4(5915 5955 5956 5916)
4(5917 5957 5637 5597)
4(5957 5956 5636 5637)
4(5916 5956 5957 5917)
4(5918 5958 5638 5598)
4(5958 5957 5637 5638)
4(5917 5957 5958 5918)
4(5959 5958 5638 5639)
4(5918 5958 5959 5919)
4(5921 5961 5641 5601)
4(5920 5960 5961 5921)
4(5961 5960 5640 5641)
4(5922 5962 5642 5602)
4(5921 5961 5962 5922)
4(5962 5961 5641 5642)
4(5923 5963 5643 5603)
4(5922 5962 5963 5923)
4(5963 5962 5642 5643)
4(5924 5964 5644 5604)
4(5923 5963 5964 5924)
4(5964 5963 5643 5644)
4(5925 5965 5645 5605)
4(5924 5964 5965 5925)
4(5965 5964 5644 5645)
4(5926 5966 5646 5606)
4(5925 5965 5966 5926)
4(5966 5965 5645 5646)
4(5927 5967 5647 5607)
4(5926 5966 5967 5927)
4(5967 5966 5646 5647)
4(5928 5968 5648 5608)
4(5927 5967 5968 5928)
4(5968 5967 5647 5648)
4(5929 5969 5649 5609)
4(5928 5968 5969 5929)
4(5969 5968 5648 5649)
4(5930 5970 5650 5610)
4(5929 5969 5970 5930)
4(5970 5969 5649 5650)
4(5931 5971 5651 5611)
4(5930 5970 5971 5931)
4(5971 5970 5650 5651)
4(5932 5972 5652 5612)
4(5931 5971 5972 5932)
4(5972 5971 5651 5652)
4(5933 5973 5653 5613)
4(5932 5972 5973 5933)
4(5973 5972 5652 5653)
4(5934 5974 5654 5614)
4(5933 5973 5974 5934)
4(5974 5973 5653 5654)
4(5935 5975 5655 5615)
4(5934 5974 5975 5935)
4(5975 5974 5654 5655)
4(5936 5976 5656 5616)
4(5935 5975 5976 5936)
4(5976 5975 5655 5656)
4(5937 5977 5657 5617)
4(5936 5976 5977 5937)
4(5977 5976 5656 5657)
4(5938 5978 5658 5618)
4(5937 5977 5978 5938)
4(5978 5977 5657 5658)
4(5939 5979 5659 5619)
4(5938 5978 5979 5939)
4(5979 5978 5658 5659)
4(5940 5980 5660 5620)
4(5939 5979 5980 5940)
4(5980 5979 5659 5660)
4(5941 5981 5661 5621)
4(5940 5980 5981 5941)
4(5981 5980 5660 5661)
4(5942 5982 5662 5622)
4(5941 5981 5982 5942)
4(5982 5981 5661 5662)
4(5943 5983 5663 5623)
4(5942 5982 5983 5943)
4(5983 5982 5662 5663)
4(5944 5984 5664 5624)
4(5943 5983 5984 5944)
4(5984 5983 5663 5664)
4(5945 5985 5665 5625)
4(5944 5984 5985 5945)
4(5985 5984 5664 5665)
4(5946 5986 5666 5626)
4(5945 5985 5986 5946)
4(5986 5985 5665 5666)
4(5947 5987 5667 5627)
4(5946 5986 5987 5947)
4(5987 5986 5666 5667)
4(5948 5988 5668 5628)
4(5947 5987 5988 5948)
4(5988 5987 5667 5668)
4(5949 5989 5669 5629)
4(5948 5988 5989 5949)
4(5989 5988 5668 5669)
4(5950 5990 5670 5630)
4(5949 5989 5990 5950)
4(5990 5989 5669 5670)
4(5951 5991 5671 5631)
4(5950 5990 5991 5951)
4(5991 5990 5670 5671)
4(5952 5992 5672 5632)
4(5951 5991 5992 5952)
4(5992 5991 5671 5672)
4(5953 5993 5673 5633)
4(5952 5992 5993 5953)
4(5993 5992 5672 5673)
4(5954 5994 5674 5634)
4(5953 5993 5994 5954)
4(5994 5993 5673 5674)
4(5955 5995 5675 5635)
4(5954 5994 5995 5955)
4(5995 5994 5674 5675)
4(5956 5996 5676 5636)
4(5955 5995 5996 5956)
4(5996 5995 5675 5676)
4(5957 5997 5677 5637)
4(5956 5996 5997 5957)
4(5997 5996 5676 5677)
4(5958 5998 5678 5638)
4(5957 5997 5998 5958)
4(5998 5997 5677 5678)
4(5958 5998 5999 5959)
4(5999 5998 5678 5679)
4(4641 6001 5681 4281)
4(6001 6000 5680 5681)
4(4640 6000 6001 4641)
4(4642 6002 5682 4282)
4(6002 6001 5681 5682)
4(4641 6001 6002 4642)
4(4643 6003 5683 4283)
4(6003 6002 5682 5683)
4(4642 6002 6003 4643)
4(4644 6004 5684 4284)
4(6004 6003 5683 5684)
4(4643 6003 6004 4644)
4(4645 6005 5685 4285)
4(6005 6004 5684 5685)
4(4644 6004 6005 4645)
4(4646 6006 5686 4286)
4(6006 6005 5685 5686)
4(4645 6005 6006 4646)
4(4647 6007 5687 4287)
4(6007 6006 5686 5687)
4(4646 6006 6007 4647)
4(4648 6008 5688 4288)
4(6008 6007 5687 5688)
4(4647 6007 6008 4648)
4(4649 6009 5689 4289)
4(6009 6008 5688 5689)
4(4648 6008 6009 4649)
4(4650 6010 5690 4290)
4(6010 6009 5689 5690)
4(4649 6009 6010 4650)
4(4651 6011 5691 4291)
4(6011 6010 5690 5691)
4(4650 6010 6011 4651)
4(4652 6012 5692 4292)
4(6012 6011 5691 5692)
4(4651 6011 6012 4652)
4(4653 6013 5693 4293)
4(6013 6012 5692 5693)
4(4652 6012 6013 4653)
4(4654 6014 5694 4294)
4(6014 6013 5693 5694)
4(4653 6013 6014 4654)
4(4655 6015 5695 4295)
4(6015 6014 5694 5695)
4(4654 6014 6015 4655)
4(4656 6016 5696 4296)
4(6016 6015 5695 5696)
4(4655 6015 6016 4656)
4(4657 6017 5697 4297)
4(6017 6016 5696 5697)
4(4656 6016 6017 4657)
4(4658 6018 5698 4298)
4(6018 6017 5697 5698)
4(4657 6017 6018 4658)
4(4659 6019 5699 4299)
4(6019 6018 5698 5699)
4(4658 6018 6019 4659)
4(4660 6020 5700 4300)
4(6020 6019 5699 5700)
4(4659 6019 6020 4660)
4(4661 6021 5701 4301)
4(6021 6020 5700 5701)
4(4660 6020 6021 4661)
4(4662 6022 5702 4302)
4(6022 6021 5701 5702)
4(4661 6021 6022 4662)
4(4663 6023 5703 4303)
4(6023 6022 5702 5703)
4(4662 6022 6023 4663)
4(4664 6024 5704 4304)
4(6024 6023 5703 5704)
4(4663 6023 6024 4664)
4(4665 6025 5705 4305)
4(6025 6024 5704 5705)
4(4664 6024 6025 4665)
4(4666 6026 5706 4306)
4(6026 6025 5705 5706)
4(4665 6025 6026 4666)
4(4667 6027 5707 4307)
4(6027 6026 5706 5707)
4(4666 6026 6027 4667)
4(4668 6028 5708 4308)
4(6028 6027 5707 5708)
4(4667 6027 6028 4668)
4(4669 6029 5709 4309)
4(6029 6028 5708 5709)
4(4668 6028 6029 4669)
4(4670 6030 5710 4310)
4(6030 6029 5709 5710)
4(4669 6029 6030 4670)
4(4671 6031 5711 4311)
4(6031 6030 5710 5711)
4(4670 6030 6031 4671)
4(4672 6032 5712 4312)
4(6032 6031 5711 5712)
4(4671 6031 6032 4672)
4(4673 6033 5713 4313)
4(6033 6032 5712 5713)
4(4672 6032 6033 4673)
4(4674 6034 5714 4314)
4(6034 6033 5713 5714)
4(4673 6033 6034 4674)
4(4675 6035 5715 4315)
4(6035 6034 5714 5715)
4(4674 6034 6035 4675)
4(4676 6036 5716 4316)
4(6036 6035 5715 5716)
4(4675 6035 6036 4676)
4(4677 6037 5717 4317)
4(6037 6036 5716 5717)
4(4676 6036 6037 4677)
4(4678 6038 5718 4318)
4(6038 6037 5717 5718)
4(4677 6037 6038 4678)
4(6039 6038 5718 5719)
4(4678 6038 6039 4679)
4(6001 6041 5721 5681)
4(6041 6040 5720 5721)
4(6000 6040 6041 6001)
4(6002 6042 5722 5682)
4(6042 6041 5721 5722)
4(6001 6041 6042 6002)
4(6003 6043 5723 5683)
4(6043 6042 5722 5723)
4(6002 6042 6043 6003)
4(6004 6044 5724 5684)
4(6044 6043 5723 5724)
4(6003 6043 6044 6004)
4(6005 6045 5725 5685)
4(6045 6044 5724 5725)
4(6004 6044 6045 6005)
4(6006 6046 5726 5686)
4(6046 6045 5725 5726)
4(6005 6045 6046 6006)
4(6007 6047 5727 5687)
4(6047 6046 5726 5727)
4(6006 6046 6047 6007)
4(6008 6048 5728 5688)
4(6048 6047 5727 5728)
4(6007 6047 6048 6008)
4(6009 6049 5729 5689)
4(6049 6048 5728 5729)
4(6008 6048 6049 6009)
4(6010 6050 5730 5690)
4(6050 6049 5729 5730)
4(6009 6049 6050 6010)
4(6011 6051 5731 5691)
4(6051 6050 5730 5731)
4(6010 6050 6051 6011)
4(6012 6052 5732 5692)
4(6052 6051 5731 5732)
4(6011 6051 6052 6012)
4(6013 6053 5733 5693)
4(6053 6052 5732 5733)
4(6012 6052 6053 6013)
4(6014 6054 5734 5694)
4(6054 6053 5733 5734)
4(6013 6053 6054 6014)
4(6015 6055 5735 5695)
4(6055 6054 5734 5735)
4(6014 6054 6055 6015)
4(6016 6056 5736 5696)
4(6056 6055 5735 5736)
4(6015 6055 6056 6016)
4(6017 6057 5737 5697)
4(6057 6056 5736 5737)
4(6016 6056 6057 6017)
4(6018 6058 5738 5698)
4(6058 6057 5737 5738)
4(6017 6057 6058 6018)
4(6019 6059 5739 5699)
4(6059 6058 5738 5739)
4(6018 6058 6059 6019)
4(6020 6060 5740 5700)
4(6060 6059 5739 5740)
4(6019 6059 6060 6020)
4(6021 6061 5741 5701)
4(6061 6060 5740 5741)
4(6020 6060 6061 6021)
4(6022 6062 5742 5702)
4(6062 6061 5741 5742)
4(6021 6061 6062 6022)
4(6023 6063 5743 5703)
4(6063 6062 5742 5743)
4(6022 6062 6063 6023)
4(6024 6064 5744 5704)
4(6064 6063 5743 5744)
4(6023 6063 6064 6024)
4(6025 6065 5745 5705)
4(6065 6064 5744 5745)
4(6024 6064 6065 6025)
4(6026 6066 5746 5706)
4(6066 6065 5745 5746)
4(6025 6065 6066 6026)
4(6027 6067 5747 5707)
4(6067 6066 5746 5747)
4(6026 6066 6067 6027)
4(6028 6068 5748 5708)
4(6068 6067 5747 5748)
4(6027 6067 6068 6028)
4(6029 6069 5749 5709)
4(6069 6068 5748 5749)
4(6028 6068 6069 6029)
4(6030 6070 5750 5710)
4(6070 6069 5749 5750)
4(6029 6069 6070 6030)
4(6031 6071 5751 5711)
4(6071 6070 5750 5751)
4(6030 6070 6071 6031)
4(6032 6072 5752 5712)
4(6072 6071 5751 5752)
4(6031 6071 6072 6032)
4(6033 6073 5753 5713)
4(6073 6072 5752 5753)
4(6032 6072 6073 6033)
4(6034 6074 5754 5714)
4(6074 6073 5753 5754)
4(6033 6073 6074 6034)
4(6035 6075 5755 5715)
4(6075 6074 5754 5755)
4(6034 6074 6075 6035)
4(6036 6076 5756 5716)
4(6076 6075 5755 5756)
4(6035 6075 6076 6036)
4(6037 6077 5757 5717)
4(6077 6076 5756 5757)
4(6036 6076 6077 6037)
4(6038 6078 5758 5718)
4(6078 6077 5757 5758)
4(6037 6077 6078 6038)
4(6079 6078 5758 5759)
4(6038 6078 6079 6039)
4(6041 6081 5761 5721)
4(6081 6080 5760 5761)
4(6040 6080 6081 6041)
4(6042 6082 5762 5722)
4(6082 6081 5761 5762)
4(6041 6081 6082 6042)
4(6043 6083 5763 5723)
4(6083 6082 5762 5763)
4(6042 6082 6083 6043)
4(6044 6084 5764 5724)
4(6084 6083 5763 5764)
4(6043 6083 6084 6044)
4(6045 6085 5765 5725)
4(6085 6084 5764 5765)
4(6044 6084 6085 6045)
4(6046 6086 5766 5726)
4(6086 6085 5765 5766)
4(6045 6085 6086 6046)
4(6047 6087 5767 5727)
4(6087 6086 5766 5767)
4(6046 6086 6087 6047)
4(6048 6088 5768 5728)
4(6088 6087 5767 5768)
4(6047 6087 6088 6048)
4(6049 6089 5769 5729)
4(6089 6088 5768 5769)
4(6048 6088 6089 6049)
4(6050 6090 5770 5730)
4(6090 6089 5769 5770)
4(6049 6089 6090 6050)
4(6051 6091 5771 5731)
4(6091 6090 5770 5771)
4(6050 6090 6091 6051)
4(6052 6092 5772 5732)
4(6092 6091 5771 5772)
4(6051 6091 6092 6052)
4(6053 6093 5773 5733)
4(6093 6092 5772 5773)
4(6052 6092 6093 6053)
4(6054 6094 5774 5734)
4(6094 6093 5773 5774)
4(6053 6093 6094 6054)
4(6055 6095 5775 5735)
4(6095 6094 5774 5775)
4(6054 6094 6095 6055)
4(6056 6096 5776 5736)
4(6096 6095 5775 5776)
4(6055 6095 6096 6056)
4(6057 6097 5777 5737)
4(6097 6096 5776 5777)
4(6056 6096 6097 6057)
4(6058 6098 5778 5738)
4(6098 6097 5777 5778)
4(6057 6097 6098 6058)
4(6059 6099 5779 5739)
4(6099 6098 5778 5779)
4(6058 6098 6099 6059)
4(6060 6100 5780 5740)
4(6100 6099 5779 5780)
4(6059 6099 6100 6060)
4(6061 6101 5781 5741)
4(6101 6100 5780 5781)
4(6060 6100 6101 6061)
4(6062 6102 5782 5742)
4(6102 6101 5781 5782)
4(6061 6101 6102 6062)
4(6063 6103 5783 5743)
4(6103 6102 5782 5783)
4(6062 6102 6103 6063)
4(6064 6104 5784 5744)
4(6104 6103 5783 5784)
4(6063 6103 6104 6064)
4(6065 6105 5785 5745)
4(6105 6104 5784 5785)
4(6064 6104 6105 6065)
4(6066 6106 5786 5746)
4(6106 6105 5785 5786)
4(6065 6105 6106 6066)
4(6067 6107 5787 5747)
4(6107 6106 5786 5787)
4(6066 6106 6107 6067)
4(6068 6108 5788 5748)
4(6108 6107 5787 5788)
4(6067 6107 6108 6068)
4(6069 6109 5789 5749)
4(6109 6108 5788 5789)
4(6068 6108 6109 6069)
4(6070 6110 5790 5750)
4(6110 6109 5789 5790)
4(6069 6109 6110 6070)
4(6071 6111 5791 5751)
4(6111 6110 5790 5791)
4(6070 6110 6111 6071)
4(6072 6112 5792 5752)
4(6112 6111 5791 5792)
4(6071 6111 6112 6072)
4(6073 6113 5793 5753)
4(6113 6112 5792 5793)
4(6072 6112 6113 6073)
4(6074 6114 5794 5754)
4(6114 6113 5793 5794)
4(6073 6113 6114 6074)
4(6075 6115 5795 5755)
4(6115 6114 5794 5795)
4(6074 6114 6115 6075)
4(6076 6116 5796 5756)
4(6116 6115 5795 5796)
4(6075 6115 6116 6076)
4(6077 6117 5797 5757)
4(6117 6116 5796 5797)
4(6076 6116 6117 6077)
4(6078 6118 5798 5758)
4(6118 6117 5797 5798)
4(6077 6117 6118 6078)
4(6119 6118 5798 5799)
4(6078 6118 6119 6079)
4(6081 6121 5801 5761)
4(6121 6120 5800 5801)
4(6080 6120 6121 6081)
4(6082 6122 5802 5762)
4(6122 6121 5801 5802)
4(6081 6121 6122 6082)
4(6083 6123 5803 5763)
4(6123 6122 5802 5803)
4(6082 6122 6123 6083)
4(6084 6124 5804 5764)
4(6124 6123 5803 5804)
4(6083 6123 6124 6084)
4(6085 6125 5805 5765)
4(6125 6124 5804 5805)
4(6084 6124 6125 6085)
4(6086 6126 5806 5766)
4(6126 6125 5805 5806)
4(6085 6125 6126 6086)
4(6087 6127 5807 5767)
4(6127 6126 5806 5807)
4(6086 6126 6127 6087)
4(6088 6128 5808 5768)
4(6128 6127 5807 5808)
4(6087 6127 6128 6088)
4(6089 6129 5809 5769)
4(6129 6128 5808 5809)
4(6088 6128 6129 6089)
4(6090 6130 5810 5770)
4(6130 6129 5809 5810)
4(6089 6129 6130 6090)
4(6091 6131 5811 5771)
4(6131 6130 5810 5811)
4(6090 6130 6131 6091)
4(6092 6132 5812 5772)
4(6132 6131 5811 5812)
4(6091 6131 6132 6092)
4(6093 6133 5813 5773)
4(6133 6132 5812 5813)
4(6092 6132 6133 6093)
4(6094 6134 5814 5774)
4(6134 6133 5813 5814)
4(6093 6133 6134 6094)
4(6095 6135 5815 5775)
4(6135 6134 5814 5815)
4(6094 6134 6135 6095)
4(6096 6136 5816 5776)
4(6136 6135 5815 5816)
4(6095 6135 6136 6096)
4(6097 6137 5817 5777)
4(6137 6136 5816 5817)
4(6096 6136 6137 6097)
4(6098 6138 5818 5778)
4(6138 6137 5817 5818)
4(6097 6137 6138 6098)
4(6099 6139 5819 5779)
4(6139 6138 5818 5819)
4(6098 6138 6139 6099)
4(6100 6140 5820 5780)
4(6140 6139 5819 5820)
4(6099 6139 6140 6100)
4(6101 6141 5821 5781)
4(6141 6140 5820 5821)
4(6100 6140 6141 6101)
4(6102 6142 5822 5782)
4(6142 6141 5821 5822)
4(6101 6141 6142 6102)
4(6103 6143 5823 5783)
4(6143 6142 5822 5823)
4(6102 6142 6143 6103)
4(6104 6144 5824 5784)
4(6144 6143 5823 5824)
4(6103 6143 6144 6104)
4(6105 6145 5825 5785)
4(6145 6144 5824 5825)
4(6104 6144 6145 6105)
4(6106 6146 5826 5786)
4(6146 6145 5825 5826)
4(6105 6145 6146 6106)
4(6107 6147 5827 5787)
4(6147 6146 5826 5827)
4(6106 6146 6147 6107)
4(6108 6148 5828 5788)
4(6148 6147 5827 5828)
4(6107 6147 6148 6108)
4(6109 6149 5829 5789)
4(6149 6148 5828 5829)
4(6108 6148 6149 6109)
4(6110 6150 5830 5790)
4(6150 6149 5829 5830)
4(6109 6149 6150 6110)
4(6111 6151 5831 5791)
4(6151 6150 5830 5831)
4(6110 6150 6151 6111)
4(6112 6152 5832 5792)
4(6152 6151 5831 5832)
4(6111 6151 6152 6112)
4(6113 6153 5833 5793)
4(6153 6152 5832 5833)
4(6112 6152 6153 6113)
4(6114 6154 5834 5794)
4(6154 6153 5833 5834)
4(6113 6153 6154 6114)
4(6115 6155 5835 5795)
4(6155 6154 5834 5835)
4(6114 6154 6155 6115)
4(6116 6156 5836 5796)
4(6156 6155 5835 5836)
4(6115 6155 6156 6116)
4(6117 6157 5837 5797)
4(6157 6156 5836 5837)
4(6116 6156 6157 6117)
4(6118 6158 5838 5798)
4(6158 6157 5837 5838)
4(6117 6157 6158 6118)
4(6159 6158 5838 5839)
4(6118 6158 6159 6119)
4(6121 6161 5841 5801)
4(6161 6160 5840 5841)
4(6120 6160 6161 6121)
4(6122 6162 5842 5802)
4(6162 6161 5841 5842)
4(6121 6161 6162 6122)
4(6123 6163 5843 5803)
4(6163 6162 5842 5843)
4(6122 6162 6163 6123)
4(6124 6164 5844 5804)
4(6164 6163 5843 5844)
4(6123 6163 6164 6124)
4(6125 6165 5845 5805)
4(6165 6164 5844 5845)
4(6124 6164 6165 6125)
4(6126 6166 5846 5806)
4(6166 6165 5845 5846)
4(6125 6165 6166 6126)
4(6127 6167 5847 5807)
4(6167 6166 5846 5847)
4(6126 6166 6167 6127)
4(6128 6168 5848 5808)
4(6168 6167 5847 5848)
4(6127 6167 6168 6128)
4(6129 6169 5849 5809)
4(6169 6168 5848 5849)
4(6128 6168 6169 6129)
4(6130 6170 5850 5810)
4(6170 6169 5849 5850)
4(6129 6169 6170 6130)
4(6131 6171 5851 5811)
4(6171 6170 5850 5851)
4(6130 6170 6171 6131)
4(6132 6172 5852 5812)
4(6172 6171 5851 5852)
4(6131 6171 6172 6132)
4(6133 6173 5853 5813)
4(6173 6172 5852 5853)
4(6132 6172 6173 6133)
4(6134 6174 5854 5814)
4(6174 6173 5853 5854)
4(6133 6173 6174 6134)
4(6135 6175 5855 5815)
4(6175 6174 5854 5855)
4(6134 6174 6175 6135)
4(6136 6176 5856 5816)
4(6176 6175 5855 5856)
4(6135 6175 6176 6136)
4(6137 6177 5857 5817)
4(6177 6176 5856 5857)
4(6136 6176 6177 6137)
4(6138 6178 5858 5818)
4(6178 6177 5857 5858)
4(6137 6177 6178 6138)
4(6139 6179 5859 5819)
4(6179 6178 5858 5859)
4(6138 6178 6179 6139)
4(6140 6180 5860 5820)
4(6180 6179 5859 5860)
4(6139 6179 6180 6140)
4(6141 6181 5861 5821)
4(6181 6180 5860 5861)
4(6140 6180 6181 6141)
4(6142 6182 5862 5822)
4(6182 6181 5861 5862)
4(6141 6181 6182 6142)
4(6143 6183 5863 5823)
4(6183 6182 5862 5863)
4(6142 6182 6183 6143)
4(6144 6184 5864 5824)
4(6184 6183 5863 5864)
4(6143 6183 6184 6144)
4(6145 6185 5865 5825)
4(6185 6184 5864 5865)
4(6144 6184 6185 6145)
4(6146 6186 5866 5826)
4(6186 6185 5865 5866)
4(6145 6185 6186 6146)
4(6147 6187 5867 5827)
4(6187 6186 5866 5867)
4(6146 6186 6187 6147)
4(6148 6188 5868 5828)
4(6188 6187 5867 5868)
4(6147 6187 6188 6148)
4(6149 6189 5869 5829)
4(6189 6188 5868 5869)
4(6148 6188 6189 6149)
4(6150 6190 5870 5830)
4(6190 6189 5869 5870)
4(6149 6189 6190 6150)
4(6151 6191 5871 5831)
4(6191 6190 5870 5871)
4(6150 6190 6191 6151)
4(6152 6192 5872 5832)
4(6192 6191 5871 5872)
4(6151 6191 6192 6152)
4(6153 6193 5873 5833)
4(6193 6192 5872 5873)
4(6152 6192 6193 6153)
4(6154 6194 5874 5834)
4(6194 6193 5873 5874)
4(6153 6193 6194 6154)
4(6155 6195 5875 5835)
4(6195 6194 5874 5875)
4(6154 6194 6195 6155)
4(6156 6196 5876 5836)
4(6196 6195 5875 5876)
4(6155 6195 6196 6156)
4(6157 6197 5877 5837)
4(6197 6196 5876 5877)
4(6156 6196 6197 6157)
4(6158 6198 5878 5838)
4(6198 6197 5877 5878)
4(6157 6197 6198 6158)
4(6199 6198 5878 5879)
4(6158 6198 6199 6159)
4(6161 6201 5881 5841)
4(6201 6200 5880 5881)
4(6160 6200 6201 6161)
4(6162 6202 5882 5842)
4(6202 6201 5881 5882)
4(6161 6201 6202 6162)
4(6163 6203 5883 5843)
4(6203 6202 5882 5883)
4(6162 6202 6203 6163)
4(6164 6204 5884 5844)
4(6204 6203 5883 5884)
4(6163 6203 6204 6164)
4(6165 6205 5885 5845)
4(6205 6204 5884 5885)
4(6164 6204 6205 6165)
4(6166 6206 5886 5846)
4(6206 6205 5885 5886)
4(6165 6205 6206 6166)
4(6167 6207 5887 5847)
4(6207 6206 5886 5887)
4(6166 6206 6207 6167)
4(6168 6208 5888 5848)
4(6208 6207 5887 5888)
4(6167 6207 6208 6168)
4(6169 6209 5889 5849)
4(6209 6208 5888 5889)
4(6168 6208 6209 6169)
4(6170 6210 5890 5850)
4(6210 6209 5889 5890)
4(6169 6209 6210 6170)
4(6171 6211 5891 5851)
4(6211 6210 5890 5891)
4(6170 6210 6211 6171)
4(6172 6212 5892 5852)
4(6212 6211 5891 5892)
4(6171 6211 6212 6172)
4(6173 6213 5893 5853)
4(6213 6212 5892 5893)
4(6172 6212 6213 6173)
4(6174 6214 5894 5854)
4(6214 6213 5893 5894)
4(6173 6213 6214 6174)
4(6175 6215 5895 5855)
4(6215 6214 5894 5895)
4(6174 6214 6215 6175)
4(6176 6216 5896 5856)
4(6216 6215 5895 5896)
4(6175 6215 6216 6176)
4(6177 6217 5897 5857)
4(6217 6216 5896 5897)
4(6176 6216 6217 6177)
4(6178 6218 5898 5858)
4(6218 6217 5897 5898)
4(6177 6217 6218 6178)
4(6179 6219 5899 5859)
4(6219 6218 5898 5899)
4(6178 6218 6219 6179)
4(6180 6220 5900 5860)
4(6220 6219 5899 5900)
4(6179 6219 6220 6180)
4(6181 6221 5901 5861)
4(6221 6220 5900 5901)
4(6180 6220 6221 6181)
4(6182 6222 5902 5862)
4(6222 6221 5901 5902)
4(6181 6221 6222 6182)
4(6183 6223 5903 5863)
4(6223 6222 5902 5903)
4(6182 6222 6223 6183)
4(6184 6224 5904 5864)
4(6224 6223 5903 5904)
4(6183 6223 6224 6184)
4(6185 6225 5905 5865)
4(6225 6224 5904 5905)
4(6184 6224 6225 6185)
4(6186 6226 5906 5866)
4(6226 6225 5905 5906)
4(6185 6225 6226 6186)
4(6187 6227 5907 5867)
4(6227 6226 5906 5907)
4(6186 6226 6227 6187)
4(6188 6228 5908 5868)
4(6228 6227 5907 5908)
4(6187 6227 6228 6188)
4(6189 6229 5909 5869)
4(6229 6228 5908 5909)
4(6188 6228 6229 6189)
4(6190 6230 5910 5870)
4(6230 6229 5909 5910)
4(6189 6229 6230 6190)
4(6191 6231 5911 5871)
4(6231 6230 5910 5911)
4(6190 6230 6231 6191)
4(6192 6232 5912 5872)
4(6232 6231 5911 5912)
4(6191 6231 6232 6192)
4(6193 6233 5913 5873)
4(6233 6232 5912 5913)
4(6192 6232 6233 6193)
4(6194 6234 5914 5874)
4(6234 6233 5913 5914)
4(6193 6233 6234 6194)
4(6195 6235 5915 5875)
4(6235 6234 5914 5915)
4(6194 6234 6235 6195)
4(6196 6236 5916 5876)
4(6236 6235 5915 5916)
4(6195 6235 6236 6196)
4(6197 6237 5917 5877)
4(6237 6236 5916 5917)
4(6196 6236 6237 6197)
4(6198 6238 5918 5878)
4(6238 6237 5917 5918)
4(6197 6237 6238 6198)
4(6239 6238 5918 5919)
4(6198 6238 6239 6199)
4(6201 6241 5921 5881)
4(6241 6240 5920 5921)
4(6200 6240 6241 6201)
4(6202 6242 5922 5882)
4(6242 6241 5921 5922)
4(6201 6241 6242 6202)
4(6203 6243 5923 5883)
4(6243 6242 5922 5923)
4(6202 6242 6243 6203)
4(6204 6244 5924 5884)
4(6244 6243 5923 5924)
4(6203 6243 6244 6204)
4(6205 6245 5925 5885)
4(6245 6244 5924 5925)
4(6204 6244 6245 6205)
4(6206 6246 5926 5886)
4(6246 6245 5925 5926)
4(6205 6245 6246 6206)
4(6207 6247 5927 5887)
4(6247 6246 5926 5927)
4(6206 6246 6247 6207)
4(6208 6248 5928 5888)
4(6248 6247 5927 5928)
4(6207 6247 6248 6208)
4(6209 6249 5929 5889)
4(6249 6248 5928 5929)
4(6208 6248 6249 6209)
4(6210 6250 5930 5890)
4(6250 6249 5929 5930)
4(6209 6249 6250 6210)
4(6211 6251 5931 5891)
4(6251 6250 5930 5931)
4(6210 6250 6251 6211)
4(6212 6252 5932 5892)
4(6252 6251 5931 5932)
4(6211 6251 6252 6212)
4(6213 6253 5933 5893)
4(6253 6252 5932 5933)
4(6212 6252 6253 6213)
4(6214 6254 5934 5894)
4(6254 6253 5933 5934)
4(6213 6253 6254 6214)
4(6215 6255 5935 5895)
4(6255 6254 5934 5935)
4(6214 6254 6255 6215)
4(6216 6256 5936 5896)
4(6256 6255 5935 5936)
4(6215 6255 6256 6216)
4(6217 6257 5937 5897)
4(6257 6256 5936 5937)
4(6216 6256 6257 6217)
4(6218 6258 5938 5898)
4(6258 6257 5937 5938)
4(6217 6257 6258 6218)
4(6219 6259 5939 5899)
4(6259 6258 5938 5939)
4(6218 6258 6259 6219)
4(6220 6260 5940 5900)
4(6260 6259 5939 5940)
4(6219 6259 6260 6220)
4(6221 6261 5941 5901)
4(6261 6260 5940 5941)
4(6220 6260 6261 6221)
4(6222 6262 5942 5902)
4(6262 6261 5941 5942)
4(6221 6261 6262 6222)
4(6223 6263 5943 5903)
4(6263 6262 5942 5943)
4(6222 6262 6263 6223)
4(6224 6264 5944 5904)
4(6264 6263 5943 5944)
4(6223 6263 6264 6224)
4(6225 6265 5945 5905)
4(6265 6264 5944 5945)
4(6224 6264 6265 6225)
4(6226 6266 5946 5906)
4(6266 6265 5945 5946)
4(6225 6265 6266 6226)
4(6227 6267 5947 5907)
4(6267 6266 5946 5947)
4(6226 6266 6267 6227)
4(6228 6268 5948 5908)
4(6268 6267 5947 5948)
4(6227 6267 6268 6228)
4(6229 6269 5949 5909)
4(6269 6268 5948 5949)
4(6228 6268 6269 6229)
4(6230 6270 5950 5910)
4(6270 6269 5949 5950)
4(6229 6269 6270 6230)
4(6231 6271 5951 5911)
4(6271 6270 5950 5951)
4(6230 6270 6271 6231)
4(6232 6272 5952 5912)
4(6272 6271 5951 5952)
4(6231 6271 6272 6232)
4(6233 6273 5953 5913)
4(6273 6272 5952 5953)
4(6232 6272 6273 6233)
4(6234 6274 5954 5914)
4(6274 6273 5953 5954)
4(6233 6273 6274 6234)
4(6235 6275 5955 5915)
4(6275 6274 5954 5955)
4(6234 6274 6275 6235)
4(6236 6276 5956 5916)
4(6276 6275 5955 5956)
4(6235 6275 6276 6236)
4(6237 6277 5957 5917)
4(6277 6276 5956 5957)
4(6236 6276 6277 6237)
4(6238 6278 5958 5918)
4(6278 6277 5957 5958)
4(6237 6277 6278 6238)
4(6279 6278 5958 5959)
4(6238 6278 6279 6239)
4(6241 6281 5961 5921)
4(6240 6280 6281 6241)
4(6281 6280 5960 5961)
4(6242 6282 5962 5922)
4(6241 6281 6282 6242)
4(6282 6281 5961 5962)
4(6243 6283 5963 5923)
4(6242 6282 6283 6243)
4(6283 6282 5962 5963)
4(6244 6284 5964 5924)
4(6243 6283 6284 6244)
4(6284 6283 5963 5964)
4(6245 6285 5965 5925)
4(6244 6284 6285 6245)
4(6285 6284 5964 5965)
4(6246 6286 5966 5926)
4(6245 6285 6286 6246)
4(6286 6285 5965 5966)
4(6247 6287 5967 5927)
4(6246 6286 6287 6247)
4(6287 6286 5966 5967)
4(6248 6288 5968 5928)
4(6247 6287 6288 6248)
4(6288 6287 5967 5968)
4(6249 6289 5969 5929)
4(6248 6288 6289 6249)
4(6289 6288 5968 5969)
4(6250 6290 5970 5930)
4(6249 6289 6290 6250)
4(6290 6289 5969 5970)
4(6251 6291 5971 5931)
4(6250 6290 6291 6251)
4(6291 6290 5970 5971)
4(6252 6292 5972 5932)
4(6251 6291 6292 6252)
4(6292 6291 5971 5972)
4(6253 6293 5973 5933)
4(6252 6292 6293 6253)
4(6293 6292 5972 5973)
4(6254 6294 5974 5934)
4(6253 6293 6294 6254)
4(6294 6293 5973 5974)
4(6255 6295 5975 5935)
4(6254 6294 6295 6255)
4(6295 6294 5974 5975)
4(6256 6296 5976 5936)
4(6255 6295 6296 6256)
4(6296 6295 5975 5976)
4(6257 6297 5977 5937)
4(6256 6296 6297 6257)
4(6297 6296 5976 5977)
4(6258 6298 5978 5938)
4(6257 6297 6298 6258)
4(6298 6297 5977 5978)
4(6259 6299 5979 5939)
4(6258 6298 6299 6259)
4(6299 6298 5978 5979)
4(6260 6300 5980 5940)
4(6259 6299 6300 6260)
4(6300 6299 5979 5980)
4(6261 6301 5981 5941)
4(6260 6300 6301 6261)
4(6301 6300 5980 5981)
4(6262 6302 5982 5942)
4(6261 6301 6302 6262)
4(6302 6301 5981 5982)
4(6263 6303 5983 5943)
4(6262 6302 6303 6263)
4(6303 6302 5982 5983)
4(6264 6304 5984 5944)
4(6263 6303 6304 6264)
4(6304 6303 5983 5984)
4(6265 6305 5985 5945)
4(6264 6304 6305 6265)
4(6305 6304 5984 5985)
4(6266 6306 5986 5946)
4(6265 6305 6306 6266)
4(6306 6305 5985 5986)
4(6267 6307 5987 5947)
4(6266 6306 6307 6267)
4(6307 6306 5986 5987)
4(6268 6308 5988 5948)
4(6267 6307 6308 6268)
4(6308 6307 5987 5988)
4(6269 6309 5989 5949)
4(6268 6308 6309 6269)
4(6309 6308 5988 5989)
4(6270 6310 5990 5950)
4(6269 6309 6310 6270)
4(6310 6309 5989 5990)
4(6271 6311 5991 5951)
4(6270 6310 6311 6271)
4(6311 6310 5990 5991)
4(6272 6312 5992 5952)
4(6271 6311 6312 6272)
4(6312 6311 5991 5992)
4(6273 6313 5993 5953)
4(6272 6312 6313 6273)
4(6313 6312 5992 5993)
4(6274 6314 5994 5954)
4(6273 6313 6314 6274)
4(6314 6313 5993 5994)
4(6275 6315 5995 5955)
4(6274 6314 6315 6275)
4(6315 6314 5994 5995)
4(6276 6316 5996 5956)
4(6275 6315 6316 6276)
4(6316 6315 5995 5996)
4(6277 6317 5997 5957)
4(6276 6316 6317 6277)
4(6317 6316 5996 5997)
4(6278 6318 5998 5958)
4(6277 6317 6318 6278)
4(6318 6317 5997 5998)
4(6278 6318 6319 6279)
4(6319 6318 5998 5999)
4(5001 6321 6001 4641)
4(6321 6320 6000 6001)
4(5002 6322 6002 4642)
4(6322 6321 6001 6002)
4(5003 6323 6003 4643)
4(6323 6322 6002 6003)
4(5004 6324 6004 4644)
4(6324 6323 6003 6004)
4(5005 6325 6005 4645)
4(6325 6324 6004 6005)
4(5006 6326 6006 4646)
4(6326 6325 6005 6006)
4(5007 6327 6007 4647)
4(6327 6326 6006 6007)
4(5008 6328 6008 4648)
4(6328 6327 6007 6008)
4(5009 6329 6009 4649)
4(6329 6328 6008 6009)
4(5010 6330 6010 4650)
4(6330 6329 6009 6010)
4(5011 6331 6011 4651)
4(6331 6330 6010 6011)
4(5012 6332 6012 4652)
4(6332 6331 6011 6012)
4(5013 6333 6013 4653)
4(6333 6332 6012 6013)
4(5014 6334 6014 4654)
4(6334 6333 6013 6014)
4(5015 6335 6015 4655)
4(6335 6334 6014 6015)
4(5016 6336 6016 4656)
4(6336 6335 6015 6016)
4(5017 6337 6017 4657)
4(6337 6336 6016 6017)
4(5018 6338 6018 4658)
4(6338 6337 6017 6018)
4(5019 6339 6019 4659)
4(6339 6338 6018 6019)
4(5020 6340 6020 4660)
4(6340 6339 6019 6020)
4(5021 6341 6021 4661)
4(6341 6340 6020 6021)
4(5022 6342 6022 4662)
4(6342 6341 6021 6022)
4(5023 6343 6023 4663)
4(6343 6342 6022 6023)
4(5024 6344 6024 4664)
4(6344 6343 6023 6024)
4(5025 6345 6025 4665)
4(6345 6344 6024 6025)
4(5026 6346 6026 4666)
4(6346 6345 6025 6026)
4(5027 6347 6027 4667)
4(6347 6346 6026 6027)
4(5028 6348 6028 4668)
4(6348 6347 6027 6028)
4(5029 6349 6029 4669)
4(6349 6348 6028 6029)
4(5030 6350 6030 4670)
4(6350 6349 6029 6030)
4(5031 6351 6031 4671)
4(6351 6350 6030 6031)
4(5032 6352 6032 4672)
4(6352 6351 6031 6032)
4(5033 6353 6033 4673)
4(6353 6352 6032 6033)
4(5034 6354 6034 4674)
4(6354 6353 6033 6034)
4(5035 6355 6035 4675)
4(6355 6354 6034 6035)
4(5036 6356 6036 4676)
4(6356 6355 6035 6036)
4(5037 6357 6037 4677)
4(6357 6356 6036 6037)
4(5038 6358 6038 4678)
4(6358 6357 6037 6038)
4(6359 6358 6038 6039)
4(6321 6361 6041 6001)
4(6361 6360 6040 6041)
4(6322 6362 6042 6002)
4(6362 6361 6041 6042)
4(6323 6363 6043 6003)
4(6363 6362 6042 6043)
4(6324 6364 6044 6004)
4(6364 6363 6043 6044)
4(6325 6365 6045 6005)
4(6365 6364 6044 6045)
4(6326 6366 6046 6006)
4(6366 6365 6045 6046)
4(6327 6367 6047 6007)
4(6367 6366 6046 6047)
4(6328 6368 6048 6008)
4(6368 6367 6047 6048)
4(6329 6369 6049 6009)
4(6369 6368 6048 6049)
4(6330 6370 6050 6010)
4(6370 6369 6049 6050)
4(6331 6371 6051 6011)
4(6371 6370 6050 6051)
4(6332 6372 6052 6012)
4(6372 6371 6051 6052)
4(6333 6373 6053 6013)
4(6373 6372 6052 6053)
4(6334 6374 6054 6014)
4(6374 6373 6053 6054)
4(6335 6375 6055 6015)
4(6375 6374 6054 6055)
4(6336 6376 6056 6016)
4(6376 6375 6055 6056)
4(6337 6377 6057 6017)
4(6377 6376 6056 6057)
4(6338 6378 6058 6018)
4(6378 6377 6057 6058)
4(6339 6379 6059 6019)
4(6379 6378 6058 6059)
4(6340 6380 6060 6020)
4(6380 6379 6059 6060)
4(6341 6381 6061 6021)
4(6381 6380 6060 6061)
4(6342 6382 6062 6022)
4(6382 6381 6061 6062)
4(6343 6383 6063 6023)
4(6383 6382 6062 6063)
4(6344 6384 6064 6024)
4(6384 6383 6063 6064)
4(6345 6385 6065 6025)
4(6385 6384 6064 6065)
4(6346 6386 6066 6026)
4(6386 6385 6065 6066)
4(6347 6387 6067 6027)
4(6387 6386 6066 6067)
4(6348 6388 6068 6028)
4(6388 6387 6067 6068)
4(6349 6389 6069 6029)
4(6389 6388 6068 6069)
4(6350 6390 6070 6030)
4(6390 6389 6069 6070)
4(6351 6391 6071 6031)
4(6391 6390 6070 6071)
4(6352 6392 6072 6032)
4(6392 6391 6071 6072)
4(6353 6393 6073 6033)
4(6393 6392 6072 6073)
4(6354 6394 6074 6034)
4(6394 6393 6073 6074)
4(6355 6395 6075 6035)
4(6395 6394 6074 6075)
4(6356 6396 6076 6036)
4(6396 6395 6075 6076)
4(6357 6397 6077 6037)
4(6397 6396 6076 6077)
4(6358 6398 6078 6038)
4(6398 6397 6077 6078)
4(6399 6398 6078 6079)
4(6361 6401 6081 6041)
4(6401 6400 6080 6081)
4(6362 6402 6082 6042)
4(6402 6401 6081 6082)
4(6363 6403 6083 6043)
4(6403 6402 6082 6083)
4(6364 6404 6084 6044)
4(6404 6403 6083 6084)
4(6365 6405 6085 6045)
4(6405 6404 6084 6085)
4(6366 6406 6086 6046)
4(6406 6405 6085 6086)
4(6367 6407 6087 6047)
4(6407 6406 6086 6087)
4(6368 6408 6088 6048)
4(6408 6407 6087 6088)
4(6369 6409 6089 6049)
4(6409 6408 6088 6089)
4(6370 6410 6090 6050)
4(6410 6409 6089 6090)
4(6371 6411 6091 6051)
4(6411 6410 6090 6091)
4(6372 6412 6092 6052)
4(6412 6411 6091 6092)
4(6373 6413 6093 6053)
4(6413 6412 6092 6093)
4(6374 6414 6094 6054)
4(6414 6413 6093 6094)
4(6375 6415 6095 6055)
4(6415 6414 6094 6095)
4(6376 6416 6096 6056)
4(6416 6415 6095 6096)
4(6377 6417 6097 6057)
4(6417 6416 6096 6097)
4(6378 6418 6098 6058)
4(6418 6417 6097 6098)
4(6379 6419 6099 6059)
4(6419 6418 6098 6099)
4(6380 6420 6100 6060)
4(6420 6419 6099 6100)
4(6381 6421 6101 6061)
4(6421 6420 6100 6101)
4(6382 6422 6102 6062)
4(6422 6421 6101 6102)
4(6383 6423 6103 6063)
4(6423 6422 6102 6103)
4(6384 6424 6104 6064)
4(6424 6423 6103 6104)
4(6385 6425 6105 6065)
4(6425 6424 6104 6105)
4(6386 6426 6106 6066)
4(6426 6425 6105 6106)
4(6387 6427 6107 6067)
4(6427 6426 6106 6107)
4(6388 6428 6108 6068)
4(6428 6427 6107 6108)
4(6389 6429 6109 6069)
4(6429 6428 6108 6109)
4(6390 6430 6110 6070)
4(6430 6429 6109 6110)
4(6391 6431 6111 6071)
4(6431 6430 6110 6111)
4(6392 6432 6112 6072)
4(6432 6431 6111 6112)
4(6393 6433 6113 6073)
4(6433 6432 6112 6113)
4(6394 6434 6114 6074)
4(6434 6433 6113 6114)
4(6395 6435 6115 6075)
4(6435 6434 6114 6115)
4(6396 6436 6116 6076)
4(6436 6435 6115 6116)
4(6397 6437 6117 6077)
4(6437 6436 6116 6117)
4(6398 6438 6118 6078)
4(6438 6437 6117 6118)
4(6439 6438 6118 6119)
4(6401 6441 6121 6081)
4(6441 6440 6120 6121)
4(6402 6442 6122 6082)
4(6442 6441 6121 6122)
4(6403 6443 6123 6083)
4(6443 6442 6122 6123)
4(6404 6444 6124 6084)
4(6444 6443 6123 6124)
4(6405 6445 6125 6085)
4(6445 6444 6124 6125)
4(6406 6446 6126 6086)
4(6446 6445 6125 6126)
4(6407 6447 6127 6087)
4(6447 6446 6126 6127)
4(6408 6448 6128 6088)
4(6448 6447 6127 6128)
4(6409 6449 6129 6089)
4(6449 6448 6128 6129)
4(6410 6450 6130 6090)
4(6450 6449 6129 6130)
4(6411 6451 6131 6091)
4(6451 6450 6130 6131)
4(6412 6452 6132 6092)
4(6452 6451 6131 6132)
4(6413 6453 6133 6093)
4(6453 6452 6132 6133)
4(6414 6454 6134 6094)
4(6454 6453 6133 6134)
4(6415 6455 6135 6095)
4(6455 6454 6134 6135)
4(6416 6456 6136 6096)
4(6456 6455 6135 6136)
4(6417 6457 6137 6097)
4(6457 6456 6136 6137)
4(6418 6458 6138 6098)
4(6458 6457 6137 6138)
4(6419 6459 6139 6099)
4(6459 6458 6138 6139)
4(6420 6460 6140 6100)
4(6460 6459 6139 6140)
4(6421 6461 6141 6101)
4(6461 6460 6140 6141)
4(6422 6462 6142 6102)
4(6462 6461 6141 6142)
4(6423 6463 6143 6103)
4(6463 6462 6142 6143)
4(6424 6464 6144 6104)
4(6464 6463 6143 6144)
4(6425 6465 6145 6105)
4(6465 6464 6144 6145)
4(6426 6466 6146 6106)
4(6466 6465 6145 6146)
4(6427 6467 6147 6107)
4(6467 6466 6146 6147)
4(6428 6468 6148 6108)
4(6468 6467 6147 6148)
4(6429 6469 6149 6109)
4(6469 6468 6148 6149)
4(6430 6470 6150 6110)
4(6470 6469 6149 6150)
4(6431 6471 6151 6111)
4(6471 6470 6150 6151)
4(6432 6472 6152 6112)
4(6472 6471 6151 6152)
4(6433 6473 6153 6113)
4(6473 6472 6152 6153)
4(6434 6474 6154 6114)
4(6474 6473 6153 6154)
4(6435 6475 6155 6115)
4(6475 6474 6154 6155)
4(6436 6476 6156 6116)
4(6476 6475 6155 6156)
4(6437 6477 6157 6117)
4(6477 6476 6156 6157)
4(6438 6478 6158 6118)
4(6478 6477 6157 6158)
4(6479 6478 6158 6159)
4(6441 6481 6161 6121)
4(6481 6480 6160 6161)
4(6442 6482 6162 6122)
4(6482 6481 6161 6162)
4(6443 6483 6163 6123)
4(6483 6482 6162 6163)
4(6444 6484 6164 6124)
4(6484 6483 6163 6164)
4(6445 6485 6165 6125)
4(6485 6484 6164 6165)
4(6446 6486 6166 6126)
4(6486 6485 6165 6166)
4(6447 6487 6167 6127)
4(6487 6486 6166 6167)
4(6448 6488 6168 6128)
4(6488 6487 6167 6168)
4(6449 6489 6169 6129)
4(6489 6488 6168 6169)
4(6450 6490 6170 6130)
4(6490 6489 6169 6170)
4(6451 6491 6171 6131)
4(6491 6490 6170 6171)
4(6452 6492 6172 6132)
4(6492 6491 6171 6172)
4(6453 6493 6173 6133)
4(6493 6492 6172 6173)
4(6454 6494 6174 6134)
4(6494 6493 6173 6174)
4(6455 6495 6175 6135)
4(6495 6494 6174 6175)
4(6456 6496 6176 6136)
4(6496 6495 6175 6176)
4(6457 6497 6177 6137)
4(6497 6496 6176 6177)
4(6458 6498 6178 6138)
4(6498 6497 6177 6178)
4(6459 6499 6179 6139)
4(6499 6498 6178 6179)
4(6460 6500 6180 6140)
4(6500 6499 6179 6180)
4(6461 6501 6181 6141)
4(6501 6500 6180 6181)
4(6462 6502 6182 6142)
4(6502 6501 6181 6182)
4(6463 6503 6183 6143)
4(6503 6502 6182 6183)
4(6464 6504 6184 6144)
4(6504 6503 6183 6184)
4(6465 6505 6185 6145)
4(6505 6504 6184 6185)
4(6466 6506 6186 6146)
4(6506 6505 6185 6186)
4(6467 6507 6187 6147)
4(6507 6506 6186 6187)
4(6468 6508 6188 6148)
4(6508 6507 6187 6188)
4(6469 6509 6189 6149)
4(6509 6508 6188 6189)
4(6470 6510 6190 6150)
4(6510 6509 6189 6190)
4(6471 6511 6191 6151)
4(6511 6510 6190 6191)
4(6472 6512 6192 6152)
4(6512 6511 6191 6192)
4(6473 6513 6193 6153)
4(6513 6512 6192 6193)
4(6474 6514 6194 6154)
4(6514 6513 6193 6194)
4(6475 6515 6195 6155)
4(6515 6514 6194 6195)
4(6476 6516 6196 6156)
4(6516 6515 6195 6196)
4(6477 6517 6197 6157)
4(6517 6516 6196 6197)
4(6478 6518 6198 6158)
4(6518 6517 6197 6198)
4(6519 6518 6198 6199)
4(6481 6521 6201 6161)
4(6521 6520 6200 6201)
4(6482 6522 6202 6162)
4(6522 6521 6201 6202)
4(6483 6523 6203 6163)
4(6523 6522 6202 6203)
4(6484 6524 6204 6164)
4(6524 6523 6203 6204)
4(6485 6525 6205 6165)
4(6525 6524 6204 6205)
4(6486 6526 6206 6166)
4(6526 6525 6205 6206)
4(6487 6527 6207 6167)
4(6527 6526 6206 6207)
4(6488 6528 6208 6168)
4(6528 6527 6207 6208)
4(6489 6529 6209 6169)
4(6529 6528 6208 6209)
4(6490 6530 6210 6170)
4(6530 6529 6209 6210)
4(6491 6531 6211 6171)
4(6531 6530 6210 6211)
4(6492 6532 6212 6172)
4(6532 6531 6211 6212)
4(6493 6533 6213 6173)
4(6533 6532 6212 6213)
4(6494 6534 6214 6174)
4(6534 6533 6213 6214)
4(6495 6535 6215 6175)
4(6535 6534 6214 6215)
4(6496 6536 6216 6176)
4(6536 6535 6215 6216)
4(6497 6537 6217 6177)
4(6537 6536 6216 6217)
4(6498 6538 6218 6178)
4(6538 6537 6217 6218)
4(6499 6539 6219 6179)
4(6539 6538 6218 6219)
4(6500 6540 6220 6180)
4(6540 6539 6219 6220)
4(6501 6541 6221 6181)
4(6541 6540 6220 6221)
4(6502 6542 6222 6182)
4(6542 6541 6221 6222)
4(6503 6543 6223 6183)
4(6543 6542 6222 6223)
4(6504 6544 6224 6184)
4(6544 6543 6223 6224)
4(6505 6545 6225 6185)
4(6545 6544 6224 6225)
4(6506 6546 6226 6186)
4(6546 6545 6225 6226)
4(6507 6547 6227 6187)
4(6547 6546 6226 6227)
4(6508 6548 6228 6188)
4(6548 6547 6227 6228)
4(6509 6549 6229 6189)
4(6549 6548 6228 6229)
4(6510 6550 6230 6190)
4(6550 6549 6229 6230)
4(6511 6551 6231 6191)
4(6551 6550 6230 6231)
4(6512 6552 6232 6192)
4(6552 6551 6231 6232)
4(6513 6553 6233 6193)
4(6553 6552 6232 6233)
4(6514 6554 6234 6194)
4(6554 6553 6233 6234)
4(6515 6555 6235 6195)
4(6555 6554 6234 6235)
4(6516 6556 6236 6196)
4(6556 6555 6235 6236)
4(6517 6557 6237 6197)
4(6557 6556 6236 6237)
4(6518 6558 6238 6198)
4(6558 6557 6237 6238)
4(6559 6558 6238 6239)
4(6521 6561 6241 6201)
4(6561 6560 6240 6241)
4(6522 6562 6242 6202)
4(6562 6561 6241 6242)
4(6523 6563 6243 6203)
4(6563 6562 6242 6243)
4(6524 6564 6244 6204)
4(6564 6563 6243 6244)
4(6525 6565 6245 6205)
4(6565 6564 6244 6245)
4(6526 6566 6246 6206)
4(6566 6565 6245 6246)
4(6527 6567 6247 6207)
4(6567 6566 6246 6247)
4(6528 6568 6248 6208)
4(6568 6567 6247 6248)
4(6529 6569 6249 6209)
4(6569 6568 6248 6249)
4(6530 6570 6250 6210)
4(6570 6569 6249 6250)
4(6531 6571 6251 6211)
4(6571 6570 6250 6251)
4(6532 6572 6252 6212)
4(6572 6571 6251 6252)
4(6533 6573 6253 6213)
4(6573 6572 6252 6253)
4(6534 6574 6254 6214)
4(6574 6573 6253 6254)
4(6535 6575 6255 6215)
4(6575 6574 6254 6255)
4(6536 6576 6256 6216)
4(6576 6575 6255 6256)
4(6537 6577 6257 6217)
4(6577 6576 6256 6257)
4(6538 6578 6258 6218)
4(6578 6577 6257 6258)
4(6539 6579 6259 6219)
4(6579 6578 6258 6259)
4(6540 6580 6260 6220)
4(6580 6579 6259 6260)
4(6541 6581 6261 6221)
4(6581 6580 6260 6261)
4(6542 6582 6262 6222)
4(6582 6581 6261 6262)
4(6543 6583 6263 6223)
4(6583 6582 6262 6263)
4(6544 6584 6264 6224)
4(6584 6583 6263 6264)
4(6545 6585 6265 6225)
4(6585 6584 6264 6265)
4(6546 6586 6266 6226)
4(6586 6585 6265 6266)
4(6547 6587 6267 6227)
4(6587 6586 6266 6267)
4(6548 6588 6268 6228)
4(6588 6587 6267 6268)
4(6549 6589 6269 6229)
4(6589 6588 6268 6269)
4(6550 6590 6270 6230)
4(6590 6589 6269 6270)
4(6551 6591 6271 6231)
4(6591 6590 6270 6271)
4(6552 6592 6272 6232)
4(6592 6591 6271 6272)
4(6553 6593 6273 6233)
4(6593 6592 6272 6273)
4(6554 6594 6274 6234)
4(6594 6593 6273 6274)
4(6555 6595 6275 6235)
4(6595 6594 6274 6275)
4(6556 6596 6276 6236)
4(6596 6595 6275 6276)
4(6557 6597 6277 6237)
4(6597 6596 6276 6277)
4(6558 6598 6278 6238)
4(6598 6597 6277 6278)
4(6599 6598 6278 6279)
4(6561 6601 6281 6241)
4(6601 6600 6280 6281)
4(6562 6602 6282 6242)
4(6602 6601 6281 6282)
4(6563 6603 6283 6243)
4(6603 6602 6282 6283)
4(6564 6604 6284 6244)
4(6604 6603 6283 6284)
4(6565 6605 6285 6245)
4(6605 6604 6284 6285)
4(6566 6606 6286 6246)
4(6606 6605 6285 6286)
4(6567 6607 6287 6247)
4(6607 6606 6286 6287)
4(6568 6608 6288 6248)
4(6608 6607 6287 6288)
4(6569 6609 6289 6249)
4(6609 6608 6288 6289)
4(6570 6610 6290 6250)
4(6610 6609 6289 6290)
4(6571 6611 6291 6251)
4(6611 6610 6290 6291)
4(6572 6612 6292 6252)
4(6612 6611 6291 6292)
4(6573 6613 6293 6253)
4(6613 6612 6292 6293)
4(6574 6614 6294 6254)
4(6614 6613 6293 6294)
4(6575 6615 6295 6255)
4(6615 6614 6294 6295)
4(6576 6616 6296 6256)
4(6616 6615 6295 6296)
4(6577 6617 6297 6257)
4(6617 6616 6296 6297)
4(6578 6618 6298 6258)
4(6618 6617 6297 6298)
4(6579 6619 6299 6259)
4(6619 6618 6298 6299)
4(6580 6620 6300 6260)
4(6620 6619 6299 6300)
4(6581 6621 6301 6261)
4(6621 6620 6300 6301)
4(6582 6622 6302 6262)
4(6622 6621 6301 6302)
4(6583 6623 6303 6263)
4(6623 6622 6302 6303)
4(6584 6624 6304 6264)
4(6624 6623 6303 6304)
4(6585 6625 6305 6265)
4(6625 6624 6304 6305)
4(6586 6626 6306 6266)
4(6626 6625 6305 6306)
4(6587 6627 6307 6267)
4(6627 6626 6306 6307)
4(6588 6628 6308 6268)
4(6628 6627 6307 6308)
4(6589 6629 6309 6269)
4(6629 6628 6308 6309)
4(6590 6630 6310 6270)
4(6630 6629 6309 6310)
4(6591 6631 6311 6271)
4(6631 6630 6310 6311)
4(6592 6632 6312 6272)
4(6632 6631 6311 6312)
4(6593 6633 6313 6273)
4(6633 6632 6312 6313)
4(6594 6634 6314 6274)
4(6634 6633 6313 6314)
4(6595 6635 6315 6275)
4(6635 6634 6314 6315)
4(6596 6636 6316 6276)
4(6636 6635 6315 6316)
4(6597 6637 6317 6277)
4(6637 6636 6316 6317)
4(6598 6638 6318 6278)
4(6638 6637 6317 6318)
4(6639 6638 6318 6319)
4(5321 6641 2841 3201)
4(6641 6640 2840 2841)
4(5320 6640 6641 5321)
4(5322 6642 2842 3202)
4(6642 6641 2841 2842)
4(5321 6641 6642 5322)
4(5323 6643 2843 3203)
4(6643 6642 2842 2843)
4(5322 6642 6643 5323)
4(5324 6644 2844 3204)
4(6644 6643 2843 2844)
4(5323 6643 6644 5324)
4(5325 6645 2845 3205)
4(6645 6644 2844 2845)
4(5324 6644 6645 5325)
4(5326 6646 2846 3206)
4(6646 6645 2845 2846)
4(5325 6645 6646 5326)
4(5327 6647 2847 3207)
4(6647 6646 2846 2847)
4(5326 6646 6647 5327)
4(5328 6648 2848 3208)
4(6648 6647 2847 2848)
4(5327 6647 6648 5328)
4(5329 6649 2849 3209)
4(6649 6648 2848 2849)
4(5328 6648 6649 5329)
4(5330 6650 2850 3210)
4(6650 6649 2849 2850)
4(5329 6649 6650 5330)
4(5331 6651 2851 3211)
4(6651 6650 2850 2851)
4(5330 6650 6651 5331)
4(5332 6652 2852 3212)
4(6652 6651 2851 2852)
4(5331 6651 6652 5332)
4(5333 6653 2853 3213)
4(6653 6652 2852 2853)
4(5332 6652 6653 5333)
4(5334 6654 2854 3214)
4(6654 6653 2853 2854)
4(5333 6653 6654 5334)
4(5335 6655 2855 3215)
4(6655 6654 2854 2855)
4(5334 6654 6655 5335)
4(5336 6656 2856 3216)
4(6656 6655 2855 2856)
4(5335 6655 6656 5336)
4(5337 6657 2857 3217)
4(6657 6656 2856 2857)
4(5336 6656 6657 5337)
4(5338 6658 2858 3218)
4(6658 6657 2857 2858)
4(5337 6657 6658 5338)
4(5339 6659 2859 3219)
4(6659 6658 2858 2859)
4(5338 6658 6659 5339)
4(5340 6660 2860 3220)
4(6660 6659 2859 2860)
4(5339 6659 6660 5340)
4(5341 6661 2861 3221)
4(6661 6660 2860 2861)
4(5340 6660 6661 5341)
4(5342 6662 2862 3222)
4(6662 6661 2861 2862)
4(5341 6661 6662 5342)
4(5343 6663 2863 3223)
4(6663 6662 2862 2863)
4(5342 6662 6663 5343)
4(5344 6664 2864 3224)
4(6664 6663 2863 2864)
4(5343 6663 6664 5344)
4(5345 6665 2865 3225)
4(6665 6664 2864 2865)
4(5344 6664 6665 5345)
4(5346 6666 2866 3226)
4(6666 6665 2865 2866)
4(5345 6665 6666 5346)
4(5347 6667 2867 3227)
4(6667 6666 2866 2867)
4(5346 6666 6667 5347)
4(5348 6668 2868 3228)
4(6668 6667 2867 2868)
4(5347 6667 6668 5348)
4(5349 6669 2869 3229)
4(6669 6668 2868 2869)
4(5348 6668 6669 5349)
4(5350 6670 2870 3230)
4(6670 6669 2869 2870)
4(5349 6669 6670 5350)
4(5351 6671 2871 3231)
4(6671 6670 2870 2871)
4(5350 6670 6671 5351)
4(5352 6672 2872 3232)
4(6672 6671 2871 2872)
4(5351 6671 6672 5352)
4(5353 6673 2873 3233)
4(6673 6672 2872 2873)
4(5352 6672 6673 5353)
4(5354 6674 2874 3234)
4(6674 6673 2873 2874)
4(5353 6673 6674 5354)
4(5355 6675 2875 3235)
4(6675 6674 2874 2875)
4(5354 6674 6675 5355)
4(5356 6676 2876 3236)
4(6676 6675 2875 2876)
4(5355 6675 6676 5356)
4(5357 6677 2877 3237)
4(6677 6676 2876 2877)
4(5356 6676 6677 5357)
4(5358 6678 2878 3238)
4(6678 6677 2877 2878)
4(5357 6677 6678 5358)
4(6679 6678 2878 2879)
4(5358 6678 6679 5359)
4(6641 6681 2481 2841)
4(6681 6680 2480 2481)
4(6640 6680 6681 6641)
4(6642 6682 2482 2842)
4(6682 6681 2481 2482)
4(6641 6681 6682 6642)
4(6643 6683 2483 2843)
4(6683 6682 2482 2483)
4(6642 6682 6683 6643)
4(6644 6684 2484 2844)
4(6684 6683 2483 2484)
4(6643 6683 6684 6644)
4(6645 6685 2485 2845)
4(6685 6684 2484 2485)
4(6644 6684 6685 6645)
4(6646 6686 2486 2846)
4(6686 6685 2485 2486)
4(6645 6685 6686 6646)
4(6647 6687 2487 2847)
4(6687 6686 2486 2487)
4(6646 6686 6687 6647)
4(6648 6688 2488 2848)
4(6688 6687 2487 2488)
4(6647 6687 6688 6648)
4(6649 6689 2489 2849)
4(6689 6688 2488 2489)
4(6648 6688 6689 6649)
4(6650 6690 2490 2850)
4(6690 6689 2489 2490)
4(6649 6689 6690 6650)
4(6651 6691 2491 2851)
4(6691 6690 2490 2491)
4(6650 6690 6691 6651)
4(6652 6692 2492 2852)
4(6692 6691 2491 2492)
4(6651 6691 6692 6652)
4(6653 6693 2493 2853)
4(6693 6692 2492 2493)
4(6652 6692 6693 6653)
4(6654 6694 2494 2854)
4(6694 6693 2493 2494)
4(6653 6693 6694 6654)
4(6655 6695 2495 2855)
4(6695 6694 2494 2495)
4(6654 6694 6695 6655)
4(6656 6696 2496 2856)
4(6696 6695 2495 2496)
4(6655 6695 6696 6656)
4(6657 6697 2497 2857)
4(6697 6696 2496 2497)
4(6656 6696 6697 6657)
4(6658 6698 2498 2858)
4(6698 6697 2497 2498)
4(6657 6697 6698 6658)
4(6659 6699 2499 2859)
4(6699 6698 2498 2499)
4(6658 6698 6699 6659)
4(6660 6700 2500 2860)
4(6700 6699 2499 2500)
4(6659 6699 6700 6660)
4(6661 6701 2501 2861)
4(6701 6700 2500 2501)
4(6660 6700 6701 6661)
4(6662 6702 2502 2862)
4(6702 6701 2501 2502)
4(6661 6701 6702 6662)
4(6663 6703 2503 2863)
4(6703 6702 2502 2503)
4(6662 6702 6703 6663)
4(6664 6704 2504 2864)
4(6704 6703 2503 2504)
4(6663 6703 6704 6664)
4(6665 6705 2505 2865)
4(6705 6704 2504 2505)
4(6664 6704 6705 6665)
4(6666 6706 2506 2866)
4(6706 6705 2505 2506)
4(6665 6705 6706 6666)
4(6667 6707 2507 2867)
4(6707 6706 2506 2507)
4(6666 6706 6707 6667)
4(6668 6708 2508 2868)
4(6708 6707 2507 2508)
4(6667 6707 6708 6668)
4(6669 6709 2509 2869)
4(6709 6708 2508 2509)
4(6668 6708 6709 6669)
4(6670 6710 2510 2870)
4(6710 6709 2509 2510)
4(6669 6709 6710 6670)
4(6671 6711 2511 2871)
4(6711 6710 2510 2511)
4(6670 6710 6711 6671)
4(6672 6712 2512 2872)
4(6712 6711 2511 2512)
4(6671 6711 6712 6672)
4(6673 6713 2513 2873)
4(6713 6712 2512 2513)
4(6672 6712 6713 6673)
4(6674 6714 2514 2874)
4(6714 6713 2513 2514)
4(6673 6713 6714 6674)
4(6675 6715 2515 2875)
4(6715 6714 2514 2515)
4(6674 6714 6715 6675)
4(6676 6716 2516 2876)
4(6716 6715 2515 2516)
4(6675 6715 6716 6676)
4(6677 6717 2517 2877)
4(6717 6716 2516 2517)
4(6676 6716 6717 6677)
4(6678 6718 2518 2878)
4(6718 6717 2517 2518)
4(6677 6717 6718 6678)
4(6719 6718 2518 2519)
4(6678 6718 6719 6679)
4(6681 6721 2121 2481)
4(6721 6720 2120 2121)
4(6680 6720 6721 6681)
4(6682 6722 2122 2482)
4(6722 6721 2121 2122)
4(6681 6721 6722 6682)
4(6683 6723 2123 2483)
4(6723 6722 2122 2123)
4(6682 6722 6723 6683)
4(6684 6724 2124 2484)
4(6724 6723 2123 2124)
4(6683 6723 6724 6684)
4(6685 6725 2125 2485)
4(6725 6724 2124 2125)
4(6684 6724 6725 6685)
4(6686 6726 2126 2486)
4(6726 6725 2125 2126)
4(6685 6725 6726 6686)
4(6687 6727 2127 2487)
4(6727 6726 2126 2127)
4(6686 6726 6727 6687)
4(6688 6728 2128 2488)
4(6728 6727 2127 2128)
4(6687 6727 6728 6688)
4(6689 6729 2129 2489)
4(6729 6728 2128 2129)
4(6688 6728 6729 6689)
4(6690 6730 2130 2490)
4(6730 6729 2129 2130)
4(6689 6729 6730 6690)
4(6691 6731 2131 2491)
4(6731 6730 2130 2131)
4(6690 6730 6731 6691)
4(6692 6732 2132 2492)
4(6732 6731 2131 2132)
4(6691 6731 6732 6692)
4(6693 6733 2133 2493)
4(6733 6732 2132 2133)
4(6692 6732 6733 6693)
4(6694 6734 2134 2494)
4(6734 6733 2133 2134)
4(6693 6733 6734 6694)
4(6695 6735 2135 2495)
4(6735 6734 2134 2135)
4(6694 6734 6735 6695)
4(6696 6736 2136 2496)
4(6736 6735 2135 2136)
4(6695 6735 6736 6696)
4(6697 6737 2137 2497)
4(6737 6736 2136 2137)
4(6696 6736 6737 6697)
4(6698 6738 2138 2498)
4(6738 6737 2137 2138)
4(6697 6737 6738 6698)
4(6699 6739 2139 2499)
4(6739 6738 2138 2139)
4(6698 6738 6739 6699)
4(6700 6740 2140 2500)
4(6740 6739 2139 2140)
4(6699 6739 6740 6700)
4(6701 6741 2141 2501)
4(6741 6740 2140 2141)
4(6700 6740 6741 6701)
4(6702 6742 2142 2502)
4(6742 6741 2141 2142)
4(6701 6741 6742 6702)
4(6703 6743 2143 2503)
4(6743 6742 2142 2143)
4(6702 6742 6743 6703)
4(6704 6744 2144 2504)
4(6744 6743 2143 2144)
4(6703 6743 6744 6704)
4(6705 6745 2145 2505)
4(6745 6744 2144 2145)
4(6704 6744 6745 6705)
4(6706 6746 2146 2506)
4(6746 6745 2145 2146)
4(6705 6745 6746 6706)
4(6707 6747 2147 2507)
4(6747 6746 2146 2147)
4(6706 6746 6747 6707)
4(6708 6748 2148 2508)
4(6748 6747 2147 2148)
4(6707 6747 6748 6708)
4(6709 6749 2149 2509)
4(6749 6748 2148 2149)
4(6708 6748 6749 6709)
4(6710 6750 2150 2510)
4(6750 6749 2149 2150)
4(6709 6749 6750 6710)
4(6711 6751 2151 2511)
4(6751 6750 2150 2151)
4(6710 6750 6751 6711)
4(6712 6752 2152 2512)
4(6752 6751 2151 2152)
4(6711 6751 6752 6712)
4(6713 6753 2153 2513)
4(6753 6752 2152 2153)
4(6712 6752 6753 6713)
4(6714 6754 2154 2514)
4(6754 6753 2153 2154)
4(6713 6753 6754 6714)
4(6715 6755 2155 2515)
4(6755 6754 2154 2155)
4(6714 6754 6755 6715)
4(6716 6756 2156 2516)
4(6756 6755 2155 2156)
4(6715 6755 6756 6716)
4(6717 6757 2157 2517)
4(6757 6756 2156 2157)
4(6716 6756 6757 6717)
4(6718 6758 2158 2518)
4(6758 6757 2157 2158)
4(6717 6757 6758 6718)
4(6759 6758 2158 2159)
4(6718 6758 6759 6719)
4(6721 6761 1761 2121)
4(6761 6760 1760 1761)
4(6720 6760 6761 6721)
4(6722 6762 1762 2122)
4(6762 6761 1761 1762)
4(6721 6761 6762 6722)
4(6723 6763 1763 2123)
4(6763 6762 1762 1763)
4(6722 6762 6763 6723)
4(6724 6764 1764 2124)
4(6764 6763 1763 1764)
4(6723 6763 6764 6724)
4(6725 6765 1765 2125)
4(6765 6764 1764 1765)
4(6724 6764 6765 6725)
4(6726 6766 1766 2126)
4(6766 6765 1765 1766)
4(6725 6765 6766 6726)
4(6727 6767 1767 2127)
4(6767 6766 1766 1767)
4(6726 6766 6767 6727)
4(6728 6768 1768 2128)
4(6768 6767 1767 1768)
4(6727 6767 6768 6728)
4(6729 6769 1769 2129)
4(6769 6768 1768 1769)
4(6728 6768 6769 6729)
4(6730 6770 1770 2130)
4(6770 6769 1769 1770)
4(6729 6769 6770 6730)
4(6731 6771 1771 2131)
4(6771 6770 1770 1771)
4(6730 6770 6771 6731)
4(6732 6772 1772 2132)
4(6772 6771 1771 1772)
4(6731 6771 6772 6732)
4(6733 6773 1773 2133)
4(6773 6772 1772 1773)
4(6732 6772 6773 6733)
4(6734 6774 1774 2134)
4(6774 6773 1773 1774)
4(6733 6773 6774 6734)
4(6735 6775 1775 2135)
4(6775 6774 1774 1775)
4(6734 6774 6775 6735)
4(6736 6776 1776 2136)
4(6776 6775 1775 1776)
4(6735 6775 6776 6736)
4(6737 6777 1777 2137)
4(6777 6776 1776 1777)
4(6736 6776 6777 6737)
4(6738 6778 1778 2138)
4(6778 6777 1777 1778)
4(6737 6777 6778 6738)
4(6739 6779 1779 2139)
4(6779 6778 1778 1779)
4(6738 6778 6779 6739)
4(6740 6780 1780 2140)
4(6780 6779 1779 1780)
4(6739 6779 6780 6740)
4(6741 6781 1781 2141)
4(6781 6780 1780 1781)
4(6740 6780 6781 6741)
4(6742 6782 1782 2142)
4(6782 6781 1781 1782)
4(6741 6781 6782 6742)
4(6743 6783 1783 2143)
4(6783 6782 1782 1783)
4(6742 6782 6783 6743)
4(6744 6784 1784 2144)
4(6784 6783 1783 1784)
4(6743 6783 6784 6744)
4(6745 6785 1785 2145)
4(6785 6784 1784 1785)
4(6744 6784 6785 6745)
4(6746 6786 1786 2146)
4(6786 6785 1785 1786)
4(6745 6785 6786 6746)
4(6747 6787 1787 2147)
4(6787 6786 1786 1787)
4(6746 6786 6787 6747)
4(6748 6788 1788 2148)
4(6788 6787 1787 1788)
4(6747 6787 6788 6748)
4(6749 6789 1789 2149)
4(6789 6788 1788 1789)
4(6748 6788 6789 6749)
4(6750 6790 1790 2150)
4(6790 6789 1789 1790)
4(6749 6789 6790 6750)
4(6751 6791 1791 2151)
4(6791 6790 1790 1791)
4(6750 6790 6791 6751)
4(6752 6792 1792 2152)
4(6792 6791 1791 1792)
4(6751 6791 6792 6752)
4(6753 6793 1793 2153)
4(6793 6792 1792 1793)
4(6752 6792 6793 6753)
4(6754 6794 1794 2154)
4(6794 6793 1793 1794)
4(6753 6793 6794 6754)
4(6755 6795 1795 2155)
4(6795 6794 1794 1795)
4(6754 6794 6795 6755)
4(6756 6796 1796 2156)
4(6796 6795 1795 1796)
4(6755 6795 6796 6756)
4(6757 6797 1797 2157)
4(6797 6796 1796 1797)
4(6756 6796 6797 6757)
4(6758 6798 1798 2158)
4(6798 6797 1797 1798)
4(6757 6797 6798 6758)
4(6799 6798 1798 1799)
4(6758 6798 6799 6759)
4(6761 6801 1401 1761)
4(6801 6800 1400 1401)
4(6760 6800 6801 6761)
4(6762 6802 1402 1762)
4(6802 6801 1401 1402)
4(6761 6801 6802 6762)
4(6763 6803 1403 1763)
4(6803 6802 1402 1403)
4(6762 6802 6803 6763)
4(6764 6804 1404 1764)
4(6804 6803 1403 1404)
4(6763 6803 6804 6764)
4(6765 6805 1405 1765)
4(6805 6804 1404 1405)
4(6764 6804 6805 6765)
4(6766 6806 1406 1766)
4(6806 6805 1405 1406)
4(6765 6805 6806 6766)
4(6767 6807 1407 1767)
4(6807 6806 1406 1407)
4(6766 6806 6807 6767)
4(6768 6808 1408 1768)
4(6808 6807 1407 1408)
4(6767 6807 6808 6768)
4(6769 6809 1409 1769)
4(6809 6808 1408 1409)
4(6768 6808 6809 6769)
4(6770 6810 1410 1770)
4(6810 6809 1409 1410)
4(6769 6809 6810 6770)
4(6771 6811 1411 1771)
4(6811 6810 1410 1411)
4(6770 6810 6811 6771)
4(6772 6812 1412 1772)
4(6812 6811 1411 1412)
4(6771 6811 6812 6772)
4(6773 6813 1413 1773)
4(6813 6812 1412 1413)
4(6772 6812 6813 6773)
4(6774 6814 1414 1774)
4(6814 6813 1413 1414)
4(6773 6813 6814 6774)
4(6775 6815 1415 1775)
4(6815 6814 1414 1415)
4(6774 6814 6815 6775)
4(6776 6816 1416 1776)
4(6816 6815 1415 1416)
4(6775 6815 6816 6776)
4(6777 6817 1417 1777)
4(6817 6816 1416 1417)
4(6776 6816 6817 6777)
4(6778 6818 1418 1778)
4(6818 6817 1417 1418)
4(6777 6817 6818 6778)
4(6779 6819 1419 1779)
4(6819 6818 1418 1419)
4(6778 6818 6819 6779)
4(6780 6820 1420 1780)
4(6820 6819 1419 1420)
4(6779 6819 6820 6780)
4(6781 6821 1421 1781)
4(6821 6820 1420 1421)
4(6780 6820 6821 6781)
4(6782 6822 1422 1782)
4(6822 6821 1421 1422)
4(6781 6821 6822 6782)
4(6783 6823 1423 1783)
4(6823 6822 1422 1423)
4(6782 6822 6823 6783)
4(6784 6824 1424 1784)
4(6824 6823 1423 1424)
4(6783 6823 6824 6784)
4(6785 6825 1425 1785)
4(6825 6824 1424 1425)
4(6784 6824 6825 6785)
4(6786 6826 1426 1786)
4(6826 6825 1425 1426)
4(6785 6825 6826 6786)
4(6787 6827 1427 1787)
4(6827 6826 1426 1427)
4(6786 6826 6827 6787)
4(6788 6828 1428 1788)
4(6828 6827 1427 1428)
4(6787 6827 6828 6788)
4(6789 6829 1429 1789)
4(6829 6828 1428 1429)
4(6788 6828 6829 6789)
4(6790 6830 1430 1790)
4(6830 6829 1429 1430)
4(6789 6829 6830 6790)
4(6791 6831 1431 1791)
4(6831 6830 1430 1431)
4(6790 6830 6831 6791)
4(6792 6832 1432 1792)
4(6832 6831 1431 1432)
4(6791 6831 6832 6792)
4(6793 6833 1433 1793)
4(6833 6832 1432 1433)
4(6792 6832 6833 6793)
4(6794 6834 1434 1794)
4(6834 6833 1433 1434)
4(6793 6833 6834 6794)
4(6795 6835 1435 1795)
4(6835 6834 1434 1435)
4(6794 6834 6835 6795)
4(6796 6836 1436 1796)
4(6836 6835 1435 1436)
4(6795 6835 6836 6796)
4(6797 6837 1437 1797)
4(6837 6836 1436 1437)
4(6796 6836 6837 6797)
4(6798 6838 1438 1798)
4(6838 6837 1437 1438)
4(6797 6837 6838 6798)
4(6839 6838 1438 1439)
4(6798 6838 6839 6799)
4(6801 6841 1041 1401)
4(6841 6840 1040 1041)
4(6800 6840 6841 6801)
4(6802 6842 1042 1402)
4(6842 6841 1041 1042)
4(6801 6841 6842 6802)
4(6803 6843 1043 1403)
4(6843 6842 1042 1043)
4(6802 6842 6843 6803)
4(6804 6844 1044 1404)
4(6844 6843 1043 1044)
4(6803 6843 6844 6804)
4(6805 6845 1045 1405)
4(6845 6844 1044 1045)
4(6804 6844 6845 6805)
4(6806 6846 1046 1406)
4(6846 6845 1045 1046)
4(6805 6845 6846 6806)
4(6807 6847 1047 1407)
4(6847 6846 1046 1047)
4(6806 6846 6847 6807)
4(6808 6848 1048 1408)
4(6848 6847 1047 1048)
4(6807 6847 6848 6808)
4(6809 6849 1049 1409)
4(6849 6848 1048 1049)
4(6808 6848 6849 6809)
4(6810 6850 1050 1410)
4(6850 6849 1049 1050)
4(6809 6849 6850 6810)
4(6811 6851 1051 1411)
4(6851 6850 1050 1051)
4(6810 6850 6851 6811)
4(6812 6852 1052 1412)
4(6852 6851 1051 1052)
4(6811 6851 6852 6812)
4(6813 6853 1053 1413)
4(6853 6852 1052 1053)
4(6812 6852 6853 6813)
4(6814 6854 1054 1414)
4(6854 6853 1053 1054)
4(6813 6853 6854 6814)
4(6815 6855 1055 1415)
4(6855 6854 1054 1055)
4(6814 6854 6855 6815)
4(6816 6856 1056 1416)
4(6856 6855 1055 1056)
4(6815 6855 6856 6816)
4(6817 6857 1057 1417)
4(6857 6856 1056 1057)
4(6816 6856 6857 6817)
4(6818 6858 1058 1418)
4(6858 6857 1057 1058)
4(6817 6857 6858 6818)
4(6819 6859 1059 1419)
4(6859 6858 1058 1059)
4(6818 6858 6859 6819)
4(6820 6860 1060 1420)
4(6860 6859 1059 1060)
4(6819 6859 6860 6820)
4(6821 6861 1061 1421)
4(6861 6860 1060 1061)
4(6820 6860 6861 6821)
4(6822 6862 1062 1422)
4(6862 6861 1061 1062)
4(6821 6861 6862 6822)
4(6823 6863 1063 1423)
4(6863 6862 1062 1063)
4(6822 6862 6863 6823)
4(6824 6864 1064 1424)
4(6864 6863 1063 1064)
4(6823 6863 6864 6824)
4(6825 6865 1065 1425)
4(6865 6864 1064 1065)
4(6824 6864 6865 6825)
4(6826 6866 1066 1426)
4(6866 6865 1065 1066)
4(6825 6865 6866 6826)
4(6827 6867 1067 1427)
4(6867 6866 1066 1067)
4(6826 6866 6867 6827)
4(6828 6868 1068 1428)
4(6868 6867 1067 1068)
4(6827 6867 6868 6828)
4(6829 6869 1069 1429)
4(6869 6868 1068 1069)
4(6828 6868 6869 6829)
4(6830 6870 1070 1430)
4(6870 6869 1069 1070)
4(6829 6869 6870 6830)
4(6831 6871 1071 1431)
4(6871 6870 1070 1071)
4(6830 6870 6871 6831)
4(6832 6872 1072 1432)
4(6872 6871 1071 1072)
4(6831 6871 6872 6832)
4(6833 6873 1073 1433)
4(6873 6872 1072 1073)
4(6832 6872 6873 6833)
4(6834 6874 1074 1434)
4(6874 6873 1073 1074)
4(6833 6873 6874 6834)
4(6835 6875 1075 1435)
4(6875 6874 1074 1075)
4(6834 6874 6875 6835)
4(6836 6876 1076 1436)
4(6876 6875 1075 1076)
4(6835 6875 6876 6836)
4(6837 6877 1077 1437)
4(6877 6876 1076 1077)
4(6836 6876 6877 6837)
4(6838 6878 1078 1438)
4(6878 6877 1077 1078)
4(6837 6877 6878 6838)
4(6879 6878 1078 1079)
4(6838 6878 6879 6839)
4(6841 6881 681 1041)
4(6881 6880 680 681)
4(6840 6880 6881 6841)
4(6842 6882 682 1042)
4(6882 6881 681 682)
4(6841 6881 6882 6842)
4(6843 6883 683 1043)
4(6883 6882 682 683)
4(6842 6882 6883 6843)
4(6844 6884 684 1044)
4(6884 6883 683 684)
4(6843 6883 6884 6844)
4(6845 6885 685 1045)
4(6885 6884 684 685)
4(6844 6884 6885 6845)
4(6846 6886 686 1046)
4(6886 6885 685 686)
4(6845 6885 6886 6846)
4(6847 6887 687 1047)
4(6887 6886 686 687)
4(6846 6886 6887 6847)
4(6848 6888 688 1048)
4(6888 6887 687 688)
4(6847 6887 6888 6848)
4(6849 6889 689 1049)
4(6889 6888 688 689)
4(6848 6888 6889 6849)
4(6850 6890 690 1050)
4(6890 6889 689 690)
4(6849 6889 6890 6850)
4(6851 6891 691 1051)
4(6891 6890 690 691)
4(6850 6890 6891 6851)
4(6852 6892 692 1052)
4(6892 6891 691 692)
4(6851 6891 6892 6852)
4(6853 6893 693 1053)
4(6893 6892 692 693)
4(6852 6892 6893 6853)
4(6854 6894 694 1054)
4(6894 6893 693 694)
4(6853 6893 6894 6854)
4(6855 6895 695 1055)
4(6895 6894 694 695)
4(6854 6894 6895 6855)
4(6856 6896 696 1056)
4(6896 6895 695 696)
4(6855 6895 6896 6856)
4(6857 6897 697 1057)
4(6897 6896 696 697)
4(6856 6896 6897 6857)
4(6858 6898 698 1058)
4(6898 6897 697 698)
4(6857 6897 6898 6858)
4(6859 6899 699 1059)
4(6899 6898 698 699)
4(6858 6898 6899 6859)
4(6860 6900 700 1060)
4(6900 6899 699 700)
4(6859 6899 6900 6860)
4(6861 6901 701 1061)
4(6901 6900 700 701)
4(6860 6900 6901 6861)
4(6862 6902 702 1062)
4(6902 6901 701 702)
4(6861 6901 6902 6862)
4(6863 6903 703 1063)
4(6903 6902 702 703)
4(6862 6902 6903 6863)
4(6864 6904 704 1064)
4(6904 6903 703 704)
4(6863 6903 6904 6864)
4(6865 6905 705 1065)
4(6905 6904 704 705)
4(6864 6904 6905 6865)
4(6866 6906 706 1066)
4(6906 6905 705 706)
4(6865 6905 6906 6866)
4(6867 6907 707 1067)
4(6907 6906 706 707)
4(6866 6906 6907 6867)
4(6868 6908 708 1068)
4(6908 6907 707 708)
4(6867 6907 6908 6868)
4(6869 6909 709 1069)
4(6909 6908 708 709)
4(6868 6908 6909 6869)
4(6870 6910 710 1070)
4(6910 6909 709 710)
4(6869 6909 6910 6870)
4(6871 6911 711 1071)
4(6911 6910 710 711)
4(6870 6910 6911 6871)
4(6872 6912 712 1072)
4(6912 6911 711 712)
4(6871 6911 6912 6872)
4(6873 6913 713 1073)
4(6913 6912 712 713)
4(6872 6912 6913 6873)
4(6874 6914 714 1074)
4(6914 6913 713 714)
4(6873 6913 6914 6874)
4(6875 6915 715 1075)
4(6915 6914 714 715)
4(6874 6914 6915 6875)
4(6876 6916 716 1076)
4(6916 6915 715 716)
4(6875 6915 6916 6876)
4(6877 6917 717 1077)
4(6917 6916 716 717)
4(6876 6916 6917 6877)
4(6878 6918 718 1078)
4(6918 6917 717 718)
4(6877 6917 6918 6878)
4(6919 6918 718 719)
4(6878 6918 6919 6879)
4(6881 6921 321 681)
4(6880 6920 6921 6881)
4(6921 6920 320 321)
4(6882 6922 322 682)
4(6881 6921 6922 6882)
4(6922 6921 321 322)
4(6883 6923 323 683)
4(6882 6922 6923 6883)
4(6923 6922 322 323)
4(6884 6924 324 684)
4(6883 6923 6924 6884)
4(6924 6923 323 324)
4(6885 6925 325 685)
4(6884 6924 6925 6885)
4(6925 6924 324 325)
4(6886 6926 326 686)
4(6885 6925 6926 6886)
4(6926 6925 325 326)
4(6887 6927 327 687)
4(6886 6926 6927 6887)
4(6927 6926 326 327)
4(6888 6928 328 688)
4(6887 6927 6928 6888)
4(6928 6927 327 328)
4(6889 6929 329 689)
4(6888 6928 6929 6889)
4(6929 6928 328 329)
4(6890 6930 330 690)
4(6889 6929 6930 6890)
4(6930 6929 329 330)
4(6891 6931 331 691)
4(6890 6930 6931 6891)
4(6931 6930 330 331)
4(6892 6932 332 692)
4(6891 6931 6932 6892)
4(6932 6931 331 332)
4(6893 6933 333 693)
4(6892 6932 6933 6893)
4(6933 6932 332 333)
4(6894 6934 334 694)
4(6893 6933 6934 6894)
4(6934 6933 333 334)
4(6895 6935 335 695)
4(6894 6934 6935 6895)
4(6935 6934 334 335)
4(6896 6936 336 696)
4(6895 6935 6936 6896)
4(6936 6935 335 336)
4(6897 6937 337 697)
4(6896 6936 6937 6897)
4(6937 6936 336 337)
4(6898 6938 338 698)
4(6897 6937 6938 6898)
4(6938 6937 337 338)
4(6899 6939 339 699)
4(6898 6938 6939 6899)
4(6939 6938 338 339)
4(6900 6940 340 700)
4(6899 6939 6940 6900)
4(6940 6939 339 340)
4(6901 6941 341 701)
4(6900 6940 6941 6901)
4(6941 6940 340 341)
4(6902 6942 342 702)
4(6901 6941 6942 6902)
4(6942 6941 341 342)
4(6903 6943 343 703)
4(6902 6942 6943 6903)
4(6943 6942 342 343)
4(6904 6944 344 704)
4(6903 6943 6944 6904)
4(6944 6943 343 344)
4(6905 6945 345 705)
4(6904 6944 6945 6905)
4(6945 6944 344 345)
4(6906 6946 346 706)
4(6905 6945 6946 6906)
4(6946 6945 345 346)
4(6907 6947 347 707)
4(6906 6946 6947 6907)
4(6947 6946 346 347)
4(6908 6948 348 708)
4(6907 6947 6948 6908)
4(6948 6947 347 348)
4(6909 6949 349 709)
4(6908 6948 6949 6909)
4(6949 6948 348 349)
4(6910 6950 350 710)
4(6909 6949 6950 6910)
4(6950 6949 349 350)
4(6911 6951 351 711)
4(6910 6950 6951 6911)
4(6951 6950 350 351)
4(6912 6952 352 712)
4(6911 6951 6952 6912)
4(6952 6951 351 352)
4(6913 6953 353 713)
4(6912 6952 6953 6913)
4(6953 6952 352 353)
4(6914 6954 354 714)
4(6913 6953 6954 6914)
4(6954 6953 353 354)
4(6915 6955 355 715)
4(6914 6954 6955 6915)
4(6955 6954 354 355)
4(6916 6956 356 716)
4(6915 6955 6956 6916)
4(6956 6955 355 356)
4(6917 6957 357 717)
4(6916 6956 6957 6917)
4(6957 6956 356 357)
4(6918 6958 358 718)
4(6917 6957 6958 6918)
4(6958 6957 357 358)
4(6918 6958 6959 6919)
4(6959 6958 358 359)
4(5641 6961 6641 5321)
4(6961 6960 6640 6641)
4(5640 6960 6961 5641)
4(5642 6962 6642 5322)
4(6962 6961 6641 6642)
4(5641 6961 6962 5642)
4(5643 6963 6643 5323)
4(6963 6962 6642 6643)
4(5642 6962 6963 5643)
4(5644 6964 6644 5324)
4(6964 6963 6643 6644)
4(5643 6963 6964 5644)
4(5645 6965 6645 5325)
4(6965 6964 6644 6645)
4(5644 6964 6965 5645)
4(5646 6966 6646 5326)
4(6966 6965 6645 6646)
4(5645 6965 6966 5646)
4(5647 6967 6647 5327)
4(6967 6966 6646 6647)
4(5646 6966 6967 5647)
4(5648 6968 6648 5328)
4(6968 6967 6647 6648)
4(5647 6967 6968 5648)
4(5649 6969 6649 5329)
4(6969 6968 6648 6649)
4(5648 6968 6969 5649)
4(5650 6970 6650 5330)
4(6970 6969 6649 6650)
4(5649 6969 6970 5650)
4(5651 6971 6651 5331)
4(6971 6970 6650 6651)
4(5650 6970 6971 5651)
4(5652 6972 6652 5332)
4(6972 6971 6651 6652)
4(5651 6971 6972 5652)
4(5653 6973 6653 5333)
4(6973 6972 6652 6653)
4(5652 6972 6973 5653)
4(5654 6974 6654 5334)
4(6974 6973 6653 6654)
4(5653 6973 6974 5654)
4(5655 6975 6655 5335)
4(6975 6974 6654 6655)
4(5654 6974 6975 5655)
4(5656 6976 6656 5336)
4(6976 6975 6655 6656)
4(5655 6975 6976 5656)
4(5657 6977 6657 5337)
4(6977 6976 6656 6657)
4(5656 6976 6977 5657)
4(5658 6978 6658 5338)
4(6978 6977 6657 6658)
4(5657 6977 6978 5658)
4(5659 6979 6659 5339)
4(6979 6978 6658 6659)
4(5658 6978 6979 5659)
4(5660 6980 6660 5340)
4(6980 6979 6659 6660)
4(5659 6979 6980 5660)
4(5661 6981 6661 5341)
4(6981 6980 6660 6661)
4(5660 6980 6981 5661)
4(5662 6982 6662 5342)
4(6982 6981 6661 6662)
4(5661 6981 6982 5662)
4(5663 6983 6663 5343)
4(6983 6982 6662 6663)
4(5662 6982 6983 5663)
4(5664 6984 6664 5344)
4(6984 6983 6663 6664)
4(5663 6983 6984 5664)
4(5665 6985 6665 5345)
4(6985 6984 6664 6665)
4(5664 6984 6985 5665)
4(5666 6986 6666 5346)
4(6986 6985 6665 6666)
4(5665 6985 6986 5666)
4(5667 6987 6667 5347)
4(6987 6986 6666 6667)
4(5666 6986 6987 5667)
4(5668 6988 6668 5348)
4(6988 6987 6667 6668)
4(5667 6987 6988 5668)
4(5669 6989 6669 5349)
4(6989 6988 6668 6669)
4(5668 6988 6989 5669)
4(5670 6990 6670 5350)
4(6990 6989 6669 6670)
4(5669 6989 6990 5670)
4(5671 6991 6671 5351)
4(6991 6990 6670 6671)
4(5670 6990 6991 5671)
4(5672 6992 6672 5352)
4(6992 6991 6671 6672)
4(5671 6991 6992 5672)
4(5673 6993 6673 5353)
4(6993 6992 6672 6673)
4(5672 6992 6993 5673)
4(5674 6994 6674 5354)
4(6994 6993 6673 6674)
4(5673 6993 6994 5674)
4(5675 6995 6675 5355)
4(6995 6994 6674 6675)
4(5674 6994 6995 5675)
4(5676 6996 6676 5356)
4(6996 6995 6675 6676)
4(5675 6995 6996 5676)
4(5677 6997 6677 5357)
4(6997 6996 6676 6677)
4(5676 6996 6997 5677)
4(5678 6998 6678 5358)
4(6998 6997 6677 6678)
4(5677 6997 6998 5678)
4(6999 6998 6678 6679)
4(5678 6998 6999 5679)
4(6961 7001 6681 6641)
4(7001 7000 6680 6681)
4(6960 7000 7001 6961)
4(6962 7002 6682 6642)
4(7002 7001 6681 6682)
4(6961 7001 7002 6962)
4(6963 7003 6683 6643)
4(7003 7002 6682 6683)
4(6962 7002 7003 6963)
4(6964 7004 6684 6644)
4(7004 7003 6683 6684)
4(6963 7003 7004 6964)
4(6965 7005 6685 6645)
4(7005 7004 6684 6685)
4(6964 7004 7005 6965)
4(6966 7006 6686 6646)
4(7006 7005 6685 6686)
4(6965 7005 7006 6966)
4(6967 7007 6687 6647)
4(7007 7006 6686 6687)
4(6966 7006 7007 6967)
4(6968 7008 6688 6648)
4(7008 7007 6687 6688)
4(6967 7007 7008 6968)
4(6969 7009 6689 6649)
4(7009 7008 6688 6689)
4(6968 7008 7009 6969)
4(6970 7010 6690 6650)
4(7010 7009 6689 6690)
4(6969 7009 7010 6970)
4(6971 7011 6691 6651)
4(7011 7010 6690 6691)
4(6970 7010 7011 6971)
4(6972 7012 6692 6652)
4(7012 7011 6691 6692)
4(6971 7011 7012 6972)
4(6973 7013 6693 6653)
4(7013 7012 6692 6693)
4(6972 7012 7013 6973)
4(6974 7014 6694 6654)
4(7014 7013 6693 6694)
4(6973 7013 7014 6974)
4(6975 7015 6695 6655)
4(7015 7014 6694 6695)
4(6974 7014 7015 6975)
4(6976 7016 6696 6656)
4(7016 7015 6695 6696)
4(6975 7015 7016 6976)
4(6977 7017 6697 6657)
4(7017 7016 6696 6697)
4(6976 7016 7017 6977)
4(6978 7018 6698 6658)
4(7018 7017 6697 6698)
4(6977 7017 7018 6978)
4(6979 7019 6699 6659)
4(7019 7018 6698 6699)
4(6978 7018 7019 6979)
4(6980 7020 6700 6660)
4(7020 7019 6699 6700)
4(6979 7019 7020 6980)
4(6981 7021 6701 6661)
4(7021 7020 6700 6701)
4(6980 7020 7021 6981)
4(6982 7022 6702 6662)
4(7022 7021 6701 6702)
4(6981 7021 7022 6982)
4(6983 7023 6703 6663)
4(7023 7022 6702 6703)
4(6982 7022 7023 6983)
4(6984 7024 6704 6664)
4(7024 7023 6703 6704)
4(6983 7023 7024 6984)
4(6985 7025 6705 6665)
4(7025 7024 6704 6705)
4(6984 7024 7025 6985)
4(6986 7026 6706 6666)
4(7026 7025 6705 6706)
4(6985 7025 7026 6986)
4(6987 7027 6707 6667)
4(7027 7026 6706 6707)
4(6986 7026 7027 6987)
4(6988 7028 6708 6668)
4(7028 7027 6707 6708)
4(6987 7027 7028 6988)
4(6989 7029 6709 6669)
4(7029 7028 6708 6709)
4(6988 7028 7029 6989)
4(6990 7030 6710 6670)
4(7030 7029 6709 6710)
4(6989 7029 7030 6990)
4(6991 7031 6711 6671)
4(7031 7030 6710 6711)
4(6990 7030 7031 6991)
4(6992 7032 6712 6672)
4(7032 7031 6711 6712)
4(6991 7031 7032 6992)
4(6993 7033 6713 6673)
4(7033 7032 6712 6713)
4(6992 7032 7033 6993)
4(6994 7034 6714 6674)
4(7034 7033 6713 6714)
4(6993 7033 7034 6994)
4(6995 7035 6715 6675)
4(7035 7034 6714 6715)
4(6994 7034 7035 6995)
4(6996 7036 6716 6676)
4(7036 7035 6715 6716)
4(6995 7035 7036 6996)
4(6997 7037 6717 6677)
4(7037 7036 6716 6717)
4(6996 7036 7037 6997)
4(6998 7038 6718 6678)
4(7038 7037 6717 6718)
4(6997 7037 7038 6998)
4(7039 7038 6718 6719)
4(6998 7038 7039 6999)
4(7001 7041 6721 6681)
4(7041 7040 6720 6721)
4(7000 7040 7041 7001)
4(7002 7042 6722 6682)
4(7042 7041 6721 6722)
4(7001 7041 7042 7002)
4(7003 7043 6723 6683)
4(7043 7042 6722 6723)
4(7002 7042 7043 7003)
4(7004 7044 6724 6684)
4(7044 7043 6723 6724)
4(7003 7043 7044 7004)
4(7005 7045 6725 6685)
4(7045 7044 6724 6725)
4(7004 7044 7045 7005)
4(7006 7046 6726 6686)
4(7046 7045 6725 6726)
4(7005 7045 7046 7006)
4(7007 7047 6727 6687)
4(7047 7046 6726 6727)
4(7006 7046 7047 7007)
4(7008 7048 6728 6688)
4(7048 7047 6727 6728)
4(7007 7047 7048 7008)
4(7009 7049 6729 6689)
4(7049 7048 6728 6729)
4(7008 7048 7049 7009)
4(7010 7050 6730 6690)
4(7050 7049 6729 6730)
4(7009 7049 7050 7010)
4(7011 7051 6731 6691)
4(7051 7050 6730 6731)
4(7010 7050 7051 7011)
4(7012 7052 6732 6692)
4(7052 7051 6731 6732)
4(7011 7051 7052 7012)
4(7013 7053 6733 6693)
4(7053 7052 6732 6733)
4(7012 7052 7053 7013)
4(7014 7054 6734 6694)
4(7054 7053 6733 6734)
4(7013 7053 7054 7014)
4(7015 7055 6735 6695)
4(7055 7054 6734 6735)
4(7014 7054 7055 7015)
4(7016 7056 6736 6696)
4(7056 7055 6735 6736)
4(7015 7055 7056 7016)
4(7017 7057 6737 6697)
4(7057 7056 6736 6737)
4(7016 7056 7057 7017)
4(7018 7058 6738 6698)
4(7058 7057 6737 6738)
4(7017 7057 7058 7018)
4(7019 7059 6739 6699)
4(7059 7058 6738 6739)
4(7018 7058 7059 7019)
4(7020 7060 6740 6700)
4(7060 7059 6739 6740)
4(7019 7059 7060 7020)
4(7021 7061 6741 6701)
4(7061 7060 6740 6741)
4(7020 7060 7061 7021)
4(7022 7062 6742 6702)
4(7062 7061 6741 6742)
4(7021 7061 7062 7022)
4(7023 7063 6743 6703)
4(7063 7062 6742 6743)
4(7022 7062 7063 7023)
4(7024 7064 6744 6704)
4(7064 7063 6743 6744)
4(7023 7063 7064 7024)
4(7025 7065 6745 6705)
4(7065 7064 6744 6745)
4(7024 7064 7065 7025)
4(7026 7066 6746 6706)
4(7066 7065 6745 6746)
4(7025 7065 7066 7026)
4(7027 7067 6747 6707)
4(7067 7066 6746 6747)
4(7026 7066 7067 7027)
4(7028 7068 6748 6708)
4(7068 7067 6747 6748)
4(7027 7067 7068 7028)
4(7029 7069 6749 6709)
4(7069 7068 6748 6749)
4(7028 7068 7069 7029)
4(7030 7070 6750 6710)
4(7070 7069 6749 6750)
4(7029 7069 7070 7030)
4(7031 7071 6751 6711)
4(7071 7070 6750 6751)
4(7030 7070 7071 7031)
4(7032 7072 6752 6712)
4(7072 7071 6751 6752)
4(7031 7071 7072 7032)
4(7033 7073 6753 6713)
4(7073 7072 6752 6753)
4(7032 7072 7073 7033)
4(7034 7074 6754 6714)
4(7074 7073 6753 6754)
4(7033 7073 7074 7034)
4(7035 7075 6755 6715)
4(7075 7074 6754 6755)
4(7034 7074 7075 7035)
4(7036 7076 6756 6716)
4(7076 7075 6755 6756)
4(7035 7075 7076 7036)
4(7037 7077 6757 6717)
4(7077 7076 6756 6757)
4(7036 7076 7077 7037)
4(7038 7078 6758 6718)
4(7078 7077 6757 6758)
4(7037 7077 7078 7038)
4(7079 7078 6758 6759)
4(7038 7078 7079 7039)
4(7041 7081 6761 6721)
4(7081 7080 6760 6761)
4(7040 7080 7081 7041)
4(7042 7082 6762 6722)
4(7082 7081 6761 6762)
4(7041 7081 7082 7042)
4(7043 7083 6763 6723)
4(7083 7082 6762 6763)
4(7042 7082 7083 7043)
4(7044 7084 6764 6724)
4(7084 7083 6763 6764)
4(7043 7083 7084 7044)
4(7045 7085 6765 6725)
4(7085 7084 6764 6765)
4(7044 7084 7085 7045)
4(7046 7086 6766 6726)
4(7086 7085 6765 6766)
4(7045 7085 7086 7046)
4(7047 7087 6767 6727)
4(7087 7086 6766 6767)
4(7046 7086 7087 7047)
4(7048 7088 6768 6728)
4(7088 7087 6767 6768)
4(7047 7087 7088 7048)
4(7049 7089 6769 6729)
4(7089 7088 6768 6769)
4(7048 7088 7089 7049)
4(7050 7090 6770 6730)
4(7090 7089 6769 6770)
4(7049 7089 7090 7050)
4(7051 7091 6771 6731)
4(7091 7090 6770 6771)
4(7050 7090 7091 7051)
4(7052 7092 6772 6732)
4(7092 7091 6771 6772)
4(7051 7091 7092 7052)
4(7053 7093 6773 6733)
4(7093 7092 6772 6773)
4(7052 7092 7093 7053)
4(7054 7094 6774 6734)
4(7094 7093 6773 6774)
4(7053 7093 7094 7054)
4(7055 7095 6775 6735)
4(7095 7094 6774 6775)
4(7054 7094 7095 7055)
4(7056 7096 6776 6736)
4(7096 7095 6775 6776)
4(7055 7095 7096 7056)
4(7057 7097 6777 6737)
4(7097 7096 6776 6777)
4(7056 7096 7097 7057)
4(7058 7098 6778 6738)
4(7098 7097 6777 6778)
4(7057 7097 7098 7058)
4(7059 7099 6779 6739)
4(7099 7098 6778 6779)
4(7058 7098 7099 7059)
4(7060 7100 6780 6740)
4(7100 7099 6779 6780)
4(7059 7099 7100 7060)
4(7061 7101 6781 6741)
4(7101 7100 6780 6781)
4(7060 7100 7101 7061)
4(7062 7102 6782 6742)
4(7102 7101 6781 6782)
4(7061 7101 7102 7062)
4(7063 7103 6783 6743)
4(7103 7102 6782 6783)
4(7062 7102 7103 7063)
4(7064 7104 6784 6744)
4(7104 7103 6783 6784)
4(7063 7103 7104 7064)
4(7065 7105 6785 6745)
4(7105 7104 6784 6785)
4(7064 7104 7105 7065)
4(7066 7106 6786 6746)
4(7106 7105 6785 6786)
4(7065 7105 7106 7066)
4(7067 7107 6787 6747)
4(7107 7106 6786 6787)
4(7066 7106 7107 7067)
4(7068 7108 6788 6748)
4(7108 7107 6787 6788)
4(7067 7107 7108 7068)
4(7069 7109 6789 6749)
4(7109 7108 6788 6789)
4(7068 7108 7109 7069)
4(7070 7110 6790 6750)
4(7110 7109 6789 6790)
4(7069 7109 7110 7070)
4(7071 7111 6791 6751)
4(7111 7110 6790 6791)
4(7070 7110 7111 7071)
4(7072 7112 6792 6752)
4(7112 7111 6791 6792)
4(7071 7111 7112 7072)
4(7073 7113 6793 6753)
4(7113 7112 6792 6793)
4(7072 7112 7113 7073)
4(7074 7114 6794 6754)
4(7114 7113 6793 6794)
4(7073 7113 7114 7074)
4(7075 7115 6795 6755)
4(7115 7114 6794 6795)
4(7074 7114 7115 7075)
4(7076 7116 6796 6756)
4(7116 7115 6795 6796)
4(7075 7115 7116 7076)
4(7077 7117 6797 6757)
4(7117 7116 6796 6797)
4(7076 7116 7117 7077)
4(7078 7118 6798 6758)
4(7118 7117 6797 6798)
4(7077 7117 7118 7078)
4(7119 7118 6798 6799)
4(7078 7118 7119 7079)
4(7081 7121 6801 6761)
4(7121 7120 6800 6801)
4(7080 7120 7121 7081)
4(7082 7122 6802 6762)
4(7122 7121 6801 6802)
4(7081 7121 7122 7082)
4(7083 7123 6803 6763)
4(7123 7122 6802 6803)
4(7082 7122 7123 7083)
4(7084 7124 6804 6764)
4(7124 7123 6803 6804)
4(7083 7123 7124 7084)
4(7085 7125 6805 6765)
4(7125 7124 6804 6805)
4(7084 7124 7125 7085)
4(7086 7126 6806 6766)
4(7126 7125 6805 6806)
4(7085 7125 7126 7086)
4(7087 7127 6807 6767)
4(7127 7126 6806 6807)
4(7086 7126 7127 7087)
4(7088 7128 6808 6768)
4(7128 7127 6807 6808)
4(7087 7127 7128 7088)
4(7089 7129 6809 6769)
4(7129 7128 6808 6809)
4(7088 7128 7129 7089)
4(7090 7130 6810 6770)
4(7130 7129 6809 6810)
4(7089 7129 7130 7090)
4(7091 7131 6811 6771)
4(7131 7130 6810 6811)
4(7090 7130 7131 7091)
4(7092 7132 6812 6772)
4(7132 7131 6811 6812)
4(7091 7131 7132 7092)
4(7093 7133 6813 6773)
4(7133 7132 6812 6813)
4(7092 7132 7133 7093)
4(7094 7134 6814 6774)
4(7134 7133 6813 6814)
4(7093 7133 7134 7094)
4(7095 7135 6815 6775)
4(7135 7134 6814 6815)
4(7094 7134 7135 7095)
4(7096 7136 6816 6776)
4(7136 7135 6815 6816)
4(7095 7135 7136 7096)
4(7097 7137 6817 6777)
4(7137 7136 6816 6817)
4(7096 7136 7137 7097)
4(7098 7138 6818 6778)
4(7138 7137 6817 6818)
4(7097 7137 7138 7098)
4(7099 7139 6819 6779)
4(7139 7138 6818 6819)
4(7098 7138 7139 7099)
4(7100 7140 6820 6780)
4(7140 7139 6819 6820)
4(7099 7139 7140 7100)
4(7101 7141 6821 6781)
4(7141 7140 6820 6821)
4(7100 7140 7141 7101)
4(7102 7142 6822 6782)
4(7142 7141 6821 6822)
4(7101 7141 7142 7102)
4(7103 7143 6823 6783)
4(7143 7142 6822 6823)
4(7102 7142 7143 7103)
4(7104 7144 6824 6784)
4(7144 7143 6823 6824)
4(7103 7143 7144 7104)
4(7105 7145 6825 6785)
4(7145 7144 6824 6825)
4(7104 7144 7145 7105)
4(7106 7146 6826 6786)
4(7146 7145 6825 6826)
4(7105 7145 7146 7106)
4(7107 7147 6827 6787)
4(7147 7146 6826 6827)
4(7106 7146 7147 7107)
4(7108 7148 6828 6788)
4(7148 7147 6827 6828)
4(7107 7147 7148 7108)
4(7109 7149 6829 6789)
4(7149 7148 6828 6829)
4(7108 7148 7149 7109)
4(7110 7150 6830 6790)
4(7150 7149 6829 6830)
4(7109 7149 7150 7110)
4(7111 7151 6831 6791)
4(7151 7150 6830 6831)
4(7110 7150 7151 7111)
4(7112 7152 6832 6792)
4(7152 7151 6831 6832)
4(7111 7151 7152 7112)
4(7113 7153 6833 6793)
4(7153 7152 6832 6833)
4(7112 7152 7153 7113)
4(7114 7154 6834 6794)
4(7154 7153 6833 6834)
4(7113 7153 7154 7114)
4(7115 7155 6835 6795)
4(7155 7154 6834 6835)
4(7114 7154 7155 7115)
4(7116 7156 6836 6796)
4(7156 7155 6835 6836)
4(7115 7155 7156 7116)
4(7117 7157 6837 6797)
4(7157 7156 6836 6837)
4(7116 7156 7157 7117)
4(7118 7158 6838 6798)
4(7158 7157 6837 6838)
4(7117 7157 7158 7118)
4(7159 7158 6838 6839)
4(7118 7158 7159 7119)
4(7121 7161 6841 6801)
4(7161 7160 6840 6841)
4(7120 7160 7161 7121)
4(7122 7162 6842 6802)
4(7162 7161 6841 6842)
4(7121 7161 7162 7122)
4(7123 7163 6843 6803)
4(7163 7162 6842 6843)
4(7122 7162 7163 7123)
4(7124 7164 6844 6804)
4(7164 7163 6843 6844)
4(7123 7163 7164 7124)
4(7125 7165 6845 6805)
4(7165 7164 6844 6845)
4(7124 7164 7165 7125)
4(7126 7166 6846 6806)
4(7166 7165 6845 6846)
4(7125 7165 7166 7126)
4(7127 7167 6847 6807)
4(7167 7166 6846 6847)
4(7126 7166 7167 7127)
4(7128 7168 6848 6808)
4(7168 7167 6847 6848)
4(7127 7167 7168 7128)
4(7129 7169 6849 6809)
4(7169 7168 6848 6849)
4(7128 7168 7169 7129)
4(7130 7170 6850 6810)
4(7170 7169 6849 6850)
4(7129 7169 7170 7130)
4(7131 7171 6851 6811)
4(7171 7170 6850 6851)
4(7130 7170 7171 7131)
4(7132 7172 6852 6812)
4(7172 7171 6851 6852)
4(7131 7171 7172 7132)
4(7133 7173 6853 6813)
4(7173 7172 6852 6853)
4(7132 7172 7173 7133)
4(7134 7174 6854 6814)
4(7174 7173 6853 6854)
4(7133 7173 7174 7134)
4(7135 7175 6855 6815)
4(7175 7174 6854 6855)
4(7134 7174 7175 7135)
4(7136 7176 6856 6816)
4(7176 7175 6855 6856)
4(7135 7175 7176 7136)
4(7137 7177 6857 6817)
4(7177 7176 6856 6857)
4(7136 7176 7177 7137)
4(7138 7178 6858 6818)
4(7178 7177 6857 6858)
4(7137 7177 7178 7138)
4(7139 7179 6859 6819)
4(7179 7178 6858 6859)
4(7138 7178 7179 7139)
4(7140 7180 6860 6820)
4(7180 7179 6859 6860)
4(7139 7179 7180 7140)
4(7141 7181 6861 6821)
4(7181 7180 6860 6861)
4(7140 7180 7181 7141)
4(7142 7182 6862 6822)
4(7182 7181 6861 6862)
4(7141 7181 7182 7142)
4(7143 7183 6863 6823)
4(7183 7182 6862 6863)
4(7142 7182 7183 7143)
4(7144 7184 6864 6824)
4(7184 7183 6863 6864)
4(7143 7183 7184 7144)
4(7145 7185 6865 6825)
4(7185 7184 6864 6865)
4(7144 7184 7185 7145)
4(7146 7186 6866 6826)
4(7186 7185 6865 6866)
4(7145 7185 7186 7146)
4(7147 7187 6867 6827)
4(7187 7186 6866 6867)
4(7146 7186 7187 7147)
4(7148 7188 6868 6828)
4(7188 7187 6867 6868)
4(7147 7187 7188 7148)
4(7149 7189 6869 6829)
4(7189 7188 6868 6869)
4(7148 7188 7189 7149)
4(7150 7190 6870 6830)
4(7190 7189 6869 6870)
4(7149 7189 7190 7150)
4(7151 7191 6871 6831)
4(7191 7190 6870 6871)
4(7150 7190 7191 7151)
4(7152 7192 6872 6832)
4(7192 7191 6871 6872)
4(7151 7191 7192 7152)
4(7153 7193 6873 6833)
4(7193 7192 6872 6873)
4(7152 7192 7193 7153)
4(7154 7194 6874 6834)
4(7194 7193 6873 6874)
4(7153 7193 7194 7154)
4(7155 7195 6875 6835)
4(7195 7194 6874 6875)
4(7154 7194 7195 7155)
4(7156 7196 6876 6836)
4(7196 7195 6875 6876)
4(7155 7195 7196 7156)
4(7157 7197 6877 6837)
4(7197 7196 6876 6877)
4(7156 7196 7197 7157)
4(7158 7198 6878 6838)
4(7198 7197 6877 6878)
4(7157 7197 7198 7158)
4(7199 7198 6878 6879)
4(7158 7198 7199 7159)
4(7161 7201 6881 6841)
4(7201 7200 6880 6881)
4(7160 7200 7201 7161)
4(7162 7202 6882 6842)
4(7202 7201 6881 6882)
4(7161 7201 7202 7162)
4(7163 7203 6883 6843)
4(7203 7202 6882 6883)
4(7162 7202 7203 7163)
4(7164 7204 6884 6844)
4(7204 7203 6883 6884)
4(7163 7203 7204 7164)
4(7165 7205 6885 6845)
4(7205 7204 6884 6885)
4(7164 7204 7205 7165)
4(7166 7206 6886 6846)
4(7206 7205 6885 6886)
4(7165 7205 7206 7166)
4(7167 7207 6887 6847)
4(7207 7206 6886 6887)
4(7166 7206 7207 7167)
4(7168 7208 6888 6848)
4(7208 7207 6887 6888)
4(7167 7207 7208 7168)
4(7169 7209 6889 6849)
4(7209 7208 6888 6889)
4(7168 7208 7209 7169)
4(7170 7210 6890 6850)
4(7210 7209 6889 6890)
4(7169 7209 7210 7170)
4(7171 7211 6891 6851)
4(7211 7210 6890 6891)
4(7170 7210 7211 7171)
4(7172 7212 6892 6852)
4(7212 7211 6891 6892)
4(7171 7211 7212 7172)
4(7173 7213 6893 6853)
4(7213 7212 6892 6893)
4(7172 7212 7213 7173)
4(7174 7214 6894 6854)
4(7214 7213 6893 6894)
4(7173 7213 7214 7174)
4(7175 7215 6895 6855)
4(7215 7214 6894 6895)
4(7174 7214 7215 7175)
4(7176 7216 6896 6856)
4(7216 7215 6895 6896)
4(7175 7215 7216 7176)
4(7177 7217 6897 6857)
4(7217 7216 6896 6897)
4(7176 7216 7217 7177)
4(7178 7218 6898 6858)
4(7218 7217 6897 6898)
4(7177 7217 7218 7178)
4(7179 7219 6899 6859)
4(7219 7218 6898 6899)
4(7178 7218 7219 7179)
4(7180 7220 6900 6860)
4(7220 7219 6899 6900)
4(7179 7219 7220 7180)
4(7181 7221 6901 6861)
4(7221 7220 6900 6901)
4(7180 7220 7221 7181)
4(7182 7222 6902 6862)
4(7222 7221 6901 6902)
4(7181 7221 7222 7182)
4(7183 7223 6903 6863)
4(7223 7222 6902 6903)
4(7182 7222 7223 7183)
4(7184 7224 6904 6864)
4(7224 7223 6903 6904)
4(7183 7223 7224 7184)
4(7185 7225 6905 6865)
4(7225 7224 6904 6905)
4(7184 7224 7225 7185)
4(7186 7226 6906 6866)
4(7226 7225 6905 6906)
4(7185 7225 7226 7186)
4(7187 7227 6907 6867)
4(7227 7226 6906 6907)
4(7186 7226 7227 7187)
4(7188 7228 6908 6868)
4(7228 7227 6907 6908)
4(7187 7227 7228 7188)
4(7189 7229 6909 6869)
4(7229 7228 6908 6909)
4(7188 7228 7229 7189)
4(7190 7230 6910 6870)
4(7230 7229 6909 6910)
4(7189 7229 7230 7190)
4(7191 7231 6911 6871)
4(7231 7230 6910 6911)
4(7190 7230 7231 7191)
4(7192 7232 6912 6872)
4(7232 7231 6911 6912)
4(7191 7231 7232 7192)
4(7193 7233 6913 6873)
4(7233 7232 6912 6913)
4(7192 7232 7233 7193)
4(7194 7234 6914 6874)
4(7234 7233 6913 6914)
4(7193 7233 7234 7194)
4(7195 7235 6915 6875)
4(7235 7234 6914 6915)
4(7194 7234 7235 7195)
4(7196 7236 6916 6876)
4(7236 7235 6915 6916)
4(7195 7235 7236 7196)
4(7197 7237 6917 6877)
4(7237 7236 6916 6917)
4(7196 7236 7237 7197)
4(7198 7238 6918 6878)
4(7238 7237 6917 6918)
4(7197 7237 7238 7198)
4(7239 7238 6918 6919)
4(7198 7238 7239 7199)
4(7201 7241 6921 6881)
4(7200 7240 7241 7201)
4(7241 7240 6920 6921)
4(7202 7242 6922 6882)
4(7201 7241 7242 7202)
4(7242 7241 6921 6922)
4(7203 7243 6923 6883)
4(7202 7242 7243 7203)
4(7243 7242 6922 6923)
4(7204 7244 6924 6884)
4(7203 7243 7244 7204)
4(7244 7243 6923 6924)
4(7205 7245 6925 6885)
4(7204 7244 7245 7205)
4(7245 7244 6924 6925)
4(7206 7246 6926 6886)
4(7205 7245 7246 7206)
4(7246 7245 6925 6926)
4(7207 7247 6927 6887)
4(7206 7246 7247 7207)
4(7247 7246 6926 6927)
4(7208 7248 6928 6888)
4(7207 7247 7248 7208)
4(7248 7247 6927 6928)
4(7209 7249 6929 6889)
4(7208 7248 7249 7209)
4(7249 7248 6928 6929)
4(7210 7250 6930 6890)
4(7209 7249 7250 7210)
4(7250 7249 6929 6930)
4(7211 7251 6931 6891)
4(7210 7250 7251 7211)
4(7251 7250 6930 6931)
4(7212 7252 6932 6892)
4(7211 7251 7252 7212)
4(7252 7251 6931 6932)
4(7213 7253 6933 6893)
4(7212 7252 7253 7213)
4(7253 7252 6932 6933)
4(7214 7254 6934 6894)
4(7213 7253 7254 7214)
4(7254 7253 6933 6934)
4(7215 7255 6935 6895)
4(7214 7254 7255 7215)
4(7255 7254 6934 6935)
4(7216 7256 6936 6896)
4(7215 7255 7256 7216)
4(7256 7255 6935 6936)
4(7217 7257 6937 6897)
4(7216 7256 7257 7217)
4(7257 7256 6936 6937)
4(7218 7258 6938 6898)
4(7217 7257 7258 7218)
4(7258 7257 6937 6938)
4(7219 7259 6939 6899)
4(7218 7258 7259 7219)
4(7259 7258 6938 6939)
4(7220 7260 6940 6900)
4(7219 7259 7260 7220)
4(7260 7259 6939 6940)
4(7221 7261 6941 6901)
4(7220 7260 7261 7221)
4(7261 7260 6940 6941)
4(7222 7262 6942 6902)
4(7221 7261 7262 7222)
4(7262 7261 6941 6942)
4(7223 7263 6943 6903)
4(7222 7262 7263 7223)
4(7263 7262 6942 6943)
4(7224 7264 6944 6904)
4(7223 7263 7264 7224)
4(7264 7263 6943 6944)
4(7225 7265 6945 6905)
4(7224 7264 7265 7225)
4(7265 7264 6944 6945)
4(7226 7266 6946 6906)
4(7225 7265 7266 7226)
4(7266 7265 6945 6946)
4(7227 7267 6947 6907)
4(7226 7266 7267 7227)
4(7267 7266 6946 6947)
4(7228 7268 6948 6908)
4(7227 7267 7268 7228)
4(7268 7267 6947 6948)
4(7229 7269 6949 6909)
4(7228 7268 7269 7229)
4(7269 7268 6948 6949)
4(7230 7270 6950 6910)
4(7229 7269 7270 7230)
4(7270 7269 6949 6950)
4(7231 7271 6951 6911)
4(7230 7270 7271 7231)
4(7271 7270 6950 6951)
4(7232 7272 6952 6912)
4(7231 7271 7272 7232)
4(7272 7271 6951 6952)
4(7233 7273 6953 6913)
4(7232 7272 7273 7233)
4(7273 7272 6952 6953)
4(7234 7274 6954 6914)
4(7233 7273 7274 7234)
4(7274 7273 6953 6954)
4(7235 7275 6955 6915)
4(7234 7274 7275 7235)
4(7275 7274 6954 6955)
4(7236 7276 6956 6916)
4(7235 7275 7276 7236)
4(7276 7275 6955 6956)
4(7237 7277 6957 6917)
4(7236 7276 7277 7237)
4(7277 7276 6956 6957)
4(7238 7278 6958 6918)
4(7237 7277 7278 7238)
4(7278 7277 6957 6958)
4(7238 7278 7279 7239)
4(7279 7278 6958 6959)
4(5961 7281 6961 5641)
4(7281 7280 6960 6961)
4(5960 7280 7281 5961)
4(5962 7282 6962 5642)
4(7282 7281 6961 6962)
4(5961 7281 7282 5962)
4(5963 7283 6963 5643)
4(7283 7282 6962 6963)
4(5962 7282 7283 5963)
4(5964 7284 6964 5644)
4(7284 7283 6963 6964)
4(5963 7283 7284 5964)
4(5965 7285 6965 5645)
4(7285 7284 6964 6965)
4(5964 7284 7285 5965)
4(5966 7286 6966 5646)
4(7286 7285 6965 6966)
4(5965 7285 7286 5966)
4(5967 7287 6967 5647)
4(7287 7286 6966 6967)
4(5966 7286 7287 5967)
4(5968 7288 6968 5648)
4(7288 7287 6967 6968)
4(5967 7287 7288 5968)
4(5969 7289 6969 5649)
4(7289 7288 6968 6969)
4(5968 7288 7289 5969)
4(5970 7290 6970 5650)
4(7290 7289 6969 6970)
4(5969 7289 7290 5970)
4(5971 7291 6971 5651)
4(7291 7290 6970 6971)
4(5970 7290 7291 5971)
4(5972 7292 6972 5652)
4(7292 7291 6971 6972)
4(5971 7291 7292 5972)
4(5973 7293 6973 5653)
4(7293 7292 6972 6973)
4(5972 7292 7293 5973)
4(5974 7294 6974 5654)
4(7294 7293 6973 6974)
4(5973 7293 7294 5974)
4(5975 7295 6975 5655)
4(7295 7294 6974 6975)
4(5974 7294 7295 5975)
4(5976 7296 6976 5656)
4(7296 7295 6975 6976)
4(5975 7295 7296 5976)
4(5977 7297 6977 5657)
4(7297 7296 6976 6977)
4(5976 7296 7297 5977)
4(5978 7298 6978 5658)
4(7298 7297 6977 6978)
4(5977 7297 7298 5978)
4(5979 7299 6979 5659)
4(7299 7298 6978 6979)
4(5978 7298 7299 5979)
4(5980 7300 6980 5660)
4(7300 7299 6979 6980)
4(5979 7299 7300 5980)
4(5981 7301 6981 5661)
4(7301 7300 6980 6981)
4(5980 7300 7301 5981)
4(5982 7302 6982 5662)
4(7302 7301 6981 6982)
4(5981 7301 7302 5982)
4(5983 7303 6983 5663)
4(7303 7302 6982 6983)
4(5982 7302 7303 5983)
4(5984 7304 6984 5664)
4(7304 7303 6983 6984)
4(5983 7303 7304 5984)
4(5985 7305 6985 5665)
4(7305 7304 6984 6985)
4(5984 7304 7305 5985)
4(5986 7306 6986 5666)
4(7306 7305 6985 6986)
4(5985 7305 7306 5986)
4(5987 7307 6987 5667)
4(7307 7306 6986 6987)
4(5986 7306 7307 5987)
4(5988 7308 6988 5668)
4(7308 7307 6987 6988)
4(5987 7307 7308 5988)
4(5989 7309 6989 5669)
4(7309 7308 6988 6989)
4(5988 7308 7309 5989)
4(5990 7310 6990 5670)
4(7310 7309 6989 6990)
4(5989 7309 7310 5990)
4(5991 7311 6991 5671)
4(7311 7310 6990 6991)
4(5990 7310 7311 5991)
4(5992 7312 6992 5672)
4(7312 7311 6991 6992)
4(5991 7311 7312 5992)
4(5993 7313 6993 5673)
4(7313 7312 6992 6993)
4(5992 7312 7313 5993)
4(5994 7314 6994 5674)
4(7314 7313 6993 6994)
4(5993 7313 7314 5994)
4(5995 7315 6995 5675)
4(7315 7314 6994 6995)
4(5994 7314 7315 5995)
4(5996 7316 6996 5676)
4(7316 7315 6995 6996)
4(5995 7315 7316 5996)
4(5997 7317 6997 5677)
4(7317 7316 6996 6997)
4(5996 7316 7317 5997)
4(5998 7318 6998 5678)
4(7318 7317 6997 6998)
4(5997 7317 7318 5998)
4(7319 7318 6998 6999)
4(5998 7318 7319 5999)
4(7281 7321 7001 6961)
4(7321 7320 7000 7001)
4(7280 7320 7321 7281)
4(7282 7322 7002 6962)
4(7322 7321 7001 7002)
4(7281 7321 7322 7282)
4(7283 7323 7003 6963)
4(7323 7322 7002 7003)
4(7282 7322 7323 7283)
4(7284 7324 7004 6964)
4(7324 7323 7003 7004)
4(7283 7323 7324 7284)
4(7285 7325 7005 6965)
4(7325 7324 7004 7005)
4(7284 7324 7325 7285)
4(7286 7326 7006 6966)
4(7326 7325 7005 7006)
4(7285 7325 7326 7286)
4(7287 7327 7007 6967)
4(7327 7326 7006 7007)
4(7286 7326 7327 7287)
4(7288 7328 7008 6968)
4(7328 7327 7007 7008)
4(7287 7327 7328 7288)
4(7289 7329 7009 6969)
4(7329 7328 7008 7009)
4(7288 7328 7329 7289)
4(7290 7330 7010 6970)
4(7330 7329 7009 7010)
4(7289 7329 7330 7290)
4(7291 7331 7011 6971)
4(7331 7330 7010 7011)
4(7290 7330 7331 7291)
4(7292 7332 7012 6972)
4(7332 7331 7011 7012)
4(7291 7331 7332 7292)
4(7293 7333 7013 6973)
4(7333 7332 7012 7013)
4(7292 7332 7333 7293)
4(7294 7334 7014 6974)
4(7334 7333 7013 7014)
4(7293 7333 7334 7294)
4(7295 7335 7015 6975)
4(7335 7334 7014 7015)
4(7294 7334 7335 7295)
4(7296 7336 7016 6976)
4(7336 7335 7015 7016)
4(7295 7335 7336 7296)
4(7297 7337 7017 6977)
4(7337 7336 7016 7017)
4(7296 7336 7337 7297)
4(7298 7338 7018 6978)
4(7338 7337 7017 7018)
4(7297 7337 7338 7298)
4(7299 7339 7019 6979)
4(7339 7338 7018 7019)
4(7298 7338 7339 7299)
4(7300 7340 7020 6980)
4(7340 7339 7019 7020)
4(7299 7339 7340 7300)
4(7301 7341 7021 6981)
4(7341 7340 7020 7021)
4(7300 7340 7341 7301)
4(7302 7342 7022 6982)
4(7342 7341 7021 7022)
4(7301 7341 7342 7302)
4(7303 7343 7023 6983)
4(7343 7342 7022 7023)
4(7302 7342 7343 7303)
4(7304 7344 7024 6984)
4(7344 7343 7023 7024)
4(7303 7343 7344 7304)
4(7305 7345 7025 6985)
4(7345 7344 7024 7025)
4(7304 7344 7345 7305)
4(7306 7346 7026 6986)
4(7346 7345 7025 7026)
4(7305 7345 7346 7306)
4(7307 7347 7027 6987)
4(7347 7346 7026 7027)
4(7306 7346 7347 7307)
4(7308 7348 7028 6988)
4(7348 7347 7027 7028)
4(7307 7347 7348 7308)
4(7309 7349 7029 6989)
4(7349 7348 7028 7029)
4(7308 7348 7349 7309)
4(7310 7350 7030 6990)
4(7350 7349 7029 7030)
4(7309 7349 7350 7310)
4(7311 7351 7031 6991)
4(7351 7350 7030 7031)
4(7310 7350 7351 7311)
4(7312 7352 7032 6992)
4(7352 7351 7031 7032)
4(7311 7351 7352 7312)
4(7313 7353 7033 6993)
4(7353 7352 7032 7033)
4(7312 7352 7353 7313)
4(7314 7354 7034 6994)
4(7354 7353 7033 7034)
4(7313 7353 7354 7314)
4(7315 7355 7035 6995)
4(7355 7354 7034 7035)
4(7314 7354 7355 7315)
4(7316 7356 7036 6996)
4(7356 7355 7035 7036)
4(7315 7355 7356 7316)
4(7317 7357 7037 6997)
4(7357 7356 7036 7037)
4(7316 7356 7357 7317)
4(7318 7358 7038 6998)
4(7358 7357 7037 7038)
4(7317 7357 7358 7318)
4(7359 7358 7038 7039)
4(7318 7358 7359 7319)
4(7321 7361 7041 7001)
4(7361 7360 7040 7041)
4(7320 7360 7361 7321)
4(7322 7362 7042 7002)
4(7362 7361 7041 7042)
4(7321 7361 7362 7322)
4(7323 7363 7043 7003)
4(7363 7362 7042 7043)
4(7322 7362 7363 7323)
4(7324 7364 7044 7004)
4(7364 7363 7043 7044)
4(7323 7363 7364 7324)
4(7325 7365 7045 7005)
4(7365 7364 7044 7045)
4(7324 7364 7365 7325)
4(7326 7366 7046 7006)
4(7366 7365 7045 7046)
4(7325 7365 7366 7326)
4(7327 7367 7047 7007)
4(7367 7366 7046 7047)
4(7326 7366 7367 7327)
4(7328 7368 7048 7008)
4(7368 7367 7047 7048)
4(7327 7367 7368 7328)
4(7329 7369 7049 7009)
4(7369 7368 7048 7049)
4(7328 7368 7369 7329)
4(7330 7370 7050 7010)
4(7370 7369 7049 7050)
4(7329 7369 7370 7330)
4(7331 7371 7051 7011)
4(7371 7370 7050 7051)
4(7330 7370 7371 7331)
4(7332 7372 7052 7012)
4(7372 7371 7051 7052)
4(7331 7371 7372 7332)
4(7333 7373 7053 7013)
4(7373 7372 7052 7053)
4(7332 7372 7373 7333)
4(7334 7374 7054 7014)
4(7374 7373 7053 7054)
4(7333 7373 7374 7334)
4(7335 7375 7055 7015)
4(7375 7374 7054 7055)
4(7334 7374 7375 7335)
4(7336 7376 7056 7016)
4(7376 7375 7055 7056)
4(7335 7375 7376 7336)
4(7337 7377 7057 7017)
4(7377 7376 7056 7057)
4(7336 7376 7377 7337)
4(7338 7378 7058 7018)
4(7378 7377 7057 7058)
4(7337 7377 7378 7338)
4(7339 7379 7059 7019)
4(7379 7378 7058 7059)
4(7338 7378 7379 7339)
4(7340 7380 7060 7020)
4(7380 7379 7059 7060)
4(7339 7379 7380 7340)
4(7341 7381 7061 7021)
4(7381 7380 7060 7061)
4(7340 7380 7381 7341)
4(7342 7382 7062 7022)
4(7382 7381 7061 7062)
4(7341 7381 7382 7342)
4(7343 7383 7063 7023)
4(7383 7382 7062 7063)
4(7342 7382 7383 7343)
4(7344 7384 7064 7024)
4(7384 7383 7063 7064)
4(7343 7383 7384 7344)
4(7345 7385 7065 7025)
4(7385 7384 7064 7065)
4(7344 7384 7385 7345)
4(7346 7386 7066 7026)
4(7386 7385 7065 7066)
4(7345 7385 7386 7346)
4(7347 7387 7067 7027)
4(7387 7386 7066 7067)
4(7346 7386 7387 7347)
4(7348 7388 7068 7028)
4(7388 7387 7067 7068)
4(7347 7387 7388 7348)
4(7349 7389 7069 7029)
4(7389 7388 7068 7069)
4(7348 7388 7389 7349)
4(7350 7390 7070 7030)
4(7390 7389 7069 7070)
4(7349 7389 7390 7350)
4(7351 7391 7071 7031)
4(7391 7390 7070 7071)
4(7350 7390 7391 7351)
4(7352 7392 7072 7032)
4(7392 7391 7071 7072)
4(7351 7391 7392 7352)
4(7353 7393 7073 7033)
4(7393 7392 7072 7073)
4(7352 7392 7393 7353)
4(7354 7394 7074 7034)
4(7394 7393 7073 7074)
4(7353 7393 7394 7354)
4(7355 7395 7075 7035)
4(7395 7394 7074 7075)
4(7354 7394 7395 7355)
4(7356 7396 7076 7036)
4(7396 7395 7075 7076)
4(7355 7395 7396 7356)
4(7357 7397 7077 7037)
4(7397 7396 7076 7077)
4(7356 7396 7397 7357)
4(7358 7398 7078 7038)
4(7398 7397 7077 7078)
4(7357 7397 7398 7358)
4(7399 7398 7078 7079)
4(7358 7398 7399 7359)
4(7361 7401 7081 7041)
4(7401 7400 7080 7081)
4(7360 7400 7401 7361)
4(7362 7402 7082 7042)
4(7402 7401 7081 7082)
4(7361 7401 7402 7362)
4(7363 7403 7083 7043)
4(7403 7402 7082 7083)
4(7362 7402 7403 7363)
4(7364 7404 7084 7044)
4(7404 7403 7083 7084)
4(7363 7403 7404 7364)
4(7365 7405 7085 7045)
4(7405 7404 7084 7085)
4(7364 7404 7405 7365)
4(7366 7406 7086 7046)
4(7406 7405 7085 7086)
4(7365 7405 7406 7366)
4(7367 7407 7087 7047)
4(7407 7406 7086 7087)
4(7366 7406 7407 7367)
4(7368 7408 7088 7048)
4(7408 7407 7087 7088)
4(7367 7407 7408 7368)
4(7369 7409 7089 7049)
4(7409 7408 7088 7089)
4(7368 7408 7409 7369)
4(7370 7410 7090 7050)
4(7410 7409 7089 7090)
4(7369 7409 7410 7370)
4(7371 7411 7091 7051)
4(7411 7410 7090 7091)
4(7370 7410 7411 7371)
4(7372 7412 7092 7052)
4(7412 7411 7091 7092)
4(7371 7411 7412 7372)
4(7373 7413 7093 7053)
4(7413 7412 7092 7093)
4(7372 7412 7413 7373)
4(7374 7414 7094 7054)
4(7414 7413 7093 7094)
4(7373 7413 7414 7374)
4(7375 7415 7095 7055)
4(7415 7414 7094 7095)
4(7374 7414 7415 7375)
4(7376 7416 7096 7056)
4(7416 7415 7095 7096)
4(7375 7415 7416 7376)
4(7377 7417 7097 7057)
4(7417 7416 7096 7097)
4(7376 7416 7417 7377)
4(7378 7418 7098 7058)
4(7418 7417 7097 7098)
4(7377 7417 7418 7378)
4(7379 7419 7099 7059)
4(7419 7418 7098 7099)
4(7378 7418 7419 7379)
4(7380 7420 7100 7060)
4(7420 7419 7099 7100)
4(7379 7419 7420 7380)
4(7381 7421 7101 7061)
4(7421 7420 7100 7101)
4(7380 7420 7421 7381)
4(7382 7422 7102 7062)
4(7422 7421 7101 7102)
4(7381 7421 7422 7382)
4(7383 7423 7103 7063)
4(7423 7422 7102 7103)
4(7382 7422 7423 7383)
4(7384 7424 7104 7064)
4(7424 7423 7103 7104)
4(7383 7423 7424 7384)
4(7385 7425 7105 7065)
4(7425 7424 7104 7105)
4(7384 7424 7425 7385)
4(7386 7426 7106 7066)
4(7426 7425 7105 7106)
4(7385 7425 7426 7386)
4(7387 7427 7107 7067)
4(7427 7426 7106 7107)
4(7386 7426 7427 7387)
4(7388 7428 7108 7068)
4(7428 7427 7107 7108)
4(7387 7427 7428 7388)
4(7389 7429 7109 7069)
4(7429 7428 7108 7109)
4(7388 7428 7429 7389)
4(7390 7430 7110 7070)
4(7430 7429 7109 7110)
4(7389 7429 7430 7390)
4(7391 7431 7111 7071)
4(7431 7430 7110 7111)
4(7390 7430 7431 7391)
4(7392 7432 7112 7072)
4(7432 7431 7111 7112)
4(7391 7431 7432 7392)
4(7393 7433 7113 7073)
4(7433 7432 7112 7113)
4(7392 7432 7433 7393)
4(7394 7434 7114 7074)
4(7434 7433 7113 7114)
4(7393 7433 7434 7394)
4(7395 7435 7115 7075)
4(7435 7434 7114 7115)
4(7394 7434 7435 7395)
4(7396 7436 7116 7076)
4(7436 7435 7115 7116)
4(7395 7435 7436 7396)
4(7397 7437 7117 7077)
4(7437 7436 7116 7117)
4(7396 7436 7437 7397)
4(7398 7438 7118 7078)
4(7438 7437 7117 7118)
4(7397 7437 7438 7398)
4(7439 7438 7118 7119)
4(7398 7438 7439 7399)
4(7401 7441 7121 7081)
4(7441 7440 7120 7121)
4(7400 7440 7441 7401)
4(7402 7442 7122 7082)
4(7442 7441 7121 7122)
4(7401 7441 7442 7402)
4(7403 7443 7123 7083)
4(7443 7442 7122 7123)
4(7402 7442 7443 7403)
4(7404 7444 7124 7084)
4(7444 7443 7123 7124)
4(7403 7443 7444 7404)
4(7405 7445 7125 7085)
4(7445 7444 7124 7125)
4(7404 7444 7445 7405)
4(7406 7446 7126 7086)
4(7446 7445 7125 7126)
4(7405 7445 7446 7406)
4(7407 7447 7127 7087)
4(7447 7446 7126 7127)
4(7406 7446 7447 7407)
4(7408 7448 7128 7088)
4(7448 7447 7127 7128)
4(7407 7447 7448 7408)
4(7409 7449 7129 7089)
4(7449 7448 7128 7129)
4(7408 7448 7449 7409)
4(7410 7450 7130 7090)
4(7450 7449 7129 7130)
4(7409 7449 7450 7410)
4(7411 7451 7131 7091)
4(7451 7450 7130 7131)
4(7410 7450 7451 7411)
4(7412 7452 7132 7092)
4(7452 7451 7131 7132)
4(7411 7451 7452 7412)
4(7413 7453 7133 7093)
4(7453 7452 7132 7133)
4(7412 7452 7453 7413)
4(7414 7454 7134 7094)
4(7454 7453 7133 7134)
4(7413 7453 7454 7414)
4(7415 7455 7135 7095)
4(7455 7454 7134 7135)
4(7414 7454 7455 7415)
4(7416 7456 7136 7096)
4(7456 7455 7135 7136)
4(7415 7455 7456 7416)
4(7417 7457 7137 7097)
4(7457 7456 7136 7137)
4(7416 7456 7457 7417)
4(7418 7458 7138 7098)
4(7458 7457 7137 7138)
4(7417 7457 7458 7418)
4(7419 7459 7139 7099)
4(7459 7458 7138 7139)
4(7418 7458 7459 7419)
4(7420 7460 7140 7100)
4(7460 7459 7139 7140)
4(7419 7459 7460 7420)
4(7421 7461 7141 7101)
4(7461 7460 7140 7141)
4(7420 7460 7461 7421)
4(7422 7462 7142 7102)
4(7462 7461 7141 7142)
4(7421 7461 7462 7422)
4(7423 7463 7143 7103)
4(7463 7462 7142 7143)
4(7422 7462 7463 7423)
4(7424 7464 7144 7104)
4(7464 7463 7143 7144)
4(7423 7463 7464 7424)
4(7425 7465 7145 7105)
4(7465 7464 7144 7145)
4(7424 7464 7465 7425)
4(7426 7466 7146 7106)
4(7466 7465 7145 7146)
4(7425 7465 7466 7426)
4(7427 7467 7147 7107)
4(7467 7466 7146 7147)
4(7426 7466 7467 7427)
4(7428 7468 7148 7108)
4(7468 7467 7147 7148)
4(7427 7467 7468 7428)
4(7429 7469 7149 7109)
4(7469 7468 7148 7149)
4(7428 7468 7469 7429)
4(7430 7470 7150 7110)
4(7470 7469 7149 7150)
4(7429 7469 7470 7430)
4(7431 7471 7151 7111)
4(7471 7470 7150 7151)
4(7430 7470 7471 7431)
4(7432 7472 7152 7112)
4(7472 7471 7151 7152)
4(7431 7471 7472 7432)
4(7433 7473 7153 7113)
4(7473 7472 7152 7153)
4(7432 7472 7473 7433)
4(7434 7474 7154 7114)
4(7474 7473 7153 7154)
4(7433 7473 7474 7434)
4(7435 7475 7155 7115)
4(7475 7474 7154 7155)
4(7434 7474 7475 7435)
4(7436 7476 7156 7116)
4(7476 7475 7155 7156)
4(7435 7475 7476 7436)
4(7437 7477 7157 7117)
4(7477 7476 7156 7157)
4(7436 7476 7477 7437)
4(7438 7478 7158 7118)
4(7478 7477 7157 7158)
4(7437 7477 7478 7438)
4(7479 7478 7158 7159)
4(7438 7478 7479 7439)
4(7441 7481 7161 7121)
4(7481 7480 7160 7161)
4(7440 7480 7481 7441)
4(7442 7482 7162 7122)
4(7482 7481 7161 7162)
4(7441 7481 7482 7442)
4(7443 7483 7163 7123)
4(7483 7482 7162 7163)
4(7442 7482 7483 7443)
4(7444 7484 7164 7124)
4(7484 7483 7163 7164)
4(7443 7483 7484 7444)
4(7445 7485 7165 7125)
4(7485 7484 7164 7165)
4(7444 7484 7485 7445)
4(7446 7486 7166 7126)
4(7486 7485 7165 7166)
4(7445 7485 7486 7446)
4(7447 7487 7167 7127)
4(7487 7486 7166 7167)
4(7446 7486 7487 7447)
4(7448 7488 7168 7128)
4(7488 7487 7167 7168)
4(7447 7487 7488 7448)
4(7449 7489 7169 7129)
4(7489 7488 7168 7169)
4(7448 7488 7489 7449)
4(7450 7490 7170 7130)
4(7490 7489 7169 7170)
4(7449 7489 7490 7450)
4(7451 7491 7171 7131)
4(7491 7490 7170 7171)
4(7450 7490 7491 7451)
4(7452 7492 7172 7132)
4(7492 7491 7171 7172)
4(7451 7491 7492 7452)
4(7453 7493 7173 7133)
4(7493 7492 7172 7173)
4(7452 7492 7493 7453)
4(7454 7494 7174 7134)
4(7494 7493 7173 7174)
4(7453 7493 7494 7454)
4(7455 7495 7175 7135)
4(7495 7494 7174 7175)
4(7454 7494 7495 7455)
4(7456 7496 7176 7136)
4(7496 7495 7175 7176)
4(7455 7495 7496 7456)
4(7457 7497 7177 7137)
4(7497 7496 7176 7177)
4(7456 7496 7497 7457)
4(7458 7498 7178 7138)
4(7498 7497 7177 7178)
4(7457 7497 7498 7458)
4(7459 7499 7179 7139)
4(7499 7498 7178 7179)
4(7458 7498 7499 7459)
4(7460 7500 7180 7140)
4(7500 7499 7179 7180)
4(7459 7499 7500 7460)
4(7461 7501 7181 7141)
4(7501 7500 7180 7181)
4(7460 7500 7501 7461)
4(7462 7502 7182 7142)
4(7502 7501 7181 7182)
4(7461 7501 7502 7462)
4(7463 7503 7183 7143)
4(7503 7502 7182 7183)
4(7462 7502 7503 7463)
4(7464 7504 7184 7144)
4(7504 7503 7183 7184)
4(7463 7503 7504 7464)
4(7465 7505 7185 7145)
4(7505 7504 7184 7185)
4(7464 7504 7505 7465)
4(7466 7506 7186 7146)
4(7506 7505 7185 7186)
4(7465 7505 7506 7466)
4(7467 7507 7187 7147)
4(7507 7506 7186 7187)
4(7466 7506 7507 7467)
4(7468 7508 7188 7148)
4(7508 7507 7187 7188)
4(7467 7507 7508 7468)
4(7469 7509 7189 7149)
4(7509 7508 7188 7189)
4(7468 7508 7509 7469)
4(7470 7510 7190 7150)
4(7510 7509 7189 7190)
4(7469 7509 7510 7470)
4(7471 7511 7191 7151)
4(7511 7510 7190 7191)
4(7470 7510 7511 7471)
4(7472 7512 7192 7152)
4(7512 7511 7191 7192)
4(7471 7511 7512 7472)
4(7473 7513 7193 7153)
4(7513 7512 7192 7193)
4(7472 7512 7513 7473)
4(7474 7514 7194 7154)
4(7514 7513 7193 7194)
4(7473 7513 7514 7474)
4(7475 7515 7195 7155)
4(7515 7514 7194 7195)
4(7474 7514 7515 7475)
4(7476 7516 7196 7156)
4(7516 7515 7195 7196)
4(7475 7515 7516 7476)
4(7477 7517 7197 7157)
4(7517 7516 7196 7197)
4(7476 7516 7517 7477)
4(7478 7518 7198 7158)
4(7518 7517 7197 7198)
4(7477 7517 7518 7478)
4(7519 7518 7198 7199)
4(7478 7518 7519 7479)
4(7481 7521 7201 7161)
4(7521 7520 7200 7201)
4(7480 7520 7521 7481)
4(7482 7522 7202 7162)
4(7522 7521 7201 7202)
4(7481 7521 7522 7482)
4(7483 7523 7203 7163)
4(7523 7522 7202 7203)
4(7482 7522 7523 7483)
4(7484 7524 7204 7164)
4(7524 7523 7203 7204)
4(7483 7523 7524 7484)
4(7485 7525 7205 7165)
4(7525 7524 7204 7205)
4(7484 7524 7525 7485)
4(7486 7526 7206 7166)
4(7526 7525 7205 7206)
4(7485 7525 7526 7486)
4(7487 7527 7207 7167)
4(7527 7526 7206 7207)
4(7486 7526 7527 7487)
4(7488 7528 7208 7168)
4(7528 7527 7207 7208)
4(7487 7527 7528 7488)
4(7489 7529 7209 7169)
4(7529 7528 7208 7209)
4(7488 7528 7529 7489)
4(7490 7530 7210 7170)
4(7530 7529 7209 7210)
4(7489 7529 7530 7490)
4(7491 7531 7211 7171)
4(7531 7530 7210 7211)
4(7490 7530 7531 7491)
4(7492 7532 7212 7172)
4(7532 7531 7211 7212)
4(7491 7531 7532 7492)
4(7493 7533 7213 7173)
4(7533 7532 7212 7213)
4(7492 7532 7533 7493)
4(7494 7534 7214 7174)
4(7534 7533 7213 7214)
4(7493 7533 7534 7494)
4(7495 7535 7215 7175)
4(7535 7534 7214 7215)
4(7494 7534 7535 7495)
4(7496 7536 7216 7176)
4(7536 7535 7215 7216)
4(7495 7535 7536 7496)
4(7497 7537 7217 7177)
4(7537 7536 7216 7217)
4(7496 7536 7537 7497)
4(7498 7538 7218 7178)
4(7538 7537 7217 7218)
4(7497 7537 7538 7498)
4(7499 7539 7219 7179)
4(7539 7538 7218 7219)
4(7498 7538 7539 7499)
4(7500 7540 7220 7180)
4(7540 7539 7219 7220)
4(7499 7539 7540 7500)
4(7501 7541 7221 7181)
4(7541 7540 7220 7221)
4(7500 7540 7541 7501)
4(7502 7542 7222 7182)
4(7542 7541 7221 7222)
4(7501 7541 7542 7502)
4(7503 7543 7223 7183)
4(7543 7542 7222 7223)
4(7502 7542 7543 7503)
4(7504 7544 7224 7184)
4(7544 7543 7223 7224)
4(7503 7543 7544 7504)
4(7505 7545 7225 7185)
4(7545 7544 7224 7225)
4(7504 7544 7545 7505)
4(7506 7546 7226 7186)
4(7546 7545 7225 7226)
4(7505 7545 7546 7506)
4(7507 7547 7227 7187)
4(7547 7546 7226 7227)
4(7506 7546 7547 7507)
4(7508 7548 7228 7188)
4(7548 7547 7227 7228)
4(7507 7547 7548 7508)
4(7509 7549 7229 7189)
4(7549 7548 7228 7229)
4(7508 7548 7549 7509)
4(7510 7550 7230 7190)
4(7550 7549 7229 7230)
4(7509 7549 7550 7510)
4(7511 7551 7231 7191)
4(7551 7550 7230 7231)
4(7510 7550 7551 7511)
4(7512 7552 7232 7192)
4(7552 7551 7231 7232)
4(7511 7551 7552 7512)
4(7513 7553 7233 7193)
4(7553 7552 7232 7233)
4(7512 7552 7553 7513)
4(7514 7554 7234 7194)
4(7554 7553 7233 7234)
4(7513 7553 7554 7514)
4(7515 7555 7235 7195)
4(7555 7554 7234 7235)
4(7514 7554 7555 7515)
4(7516 7556 7236 7196)
4(7556 7555 7235 7236)
4(7515 7555 7556 7516)
4(7517 7557 7237 7197)
4(7557 7556 7236 7237)
4(7516 7556 7557 7517)
4(7518 7558 7238 7198)
4(7558 7557 7237 7238)
4(7517 7557 7558 7518)
4(7559 7558 7238 7239)
4(7518 7558 7559 7519)
4(7521 7561 7241 7201)
4(7520 7560 7561 7521)
4(7561 7560 7240 7241)
4(7522 7562 7242 7202)
4(7521 7561 7562 7522)
4(7562 7561 7241 7242)
4(7523 7563 7243 7203)
4(7522 7562 7563 7523)
4(7563 7562 7242 7243)
4(7524 7564 7244 7204)
4(7523 7563 7564 7524)
4(7564 7563 7243 7244)
4(7525 7565 7245 7205)
4(7524 7564 7565 7525)
4(7565 7564 7244 7245)
4(7526 7566 7246 7206)
4(7525 7565 7566 7526)
4(7566 7565 7245 7246)
4(7527 7567 7247 7207)
4(7526 7566 7567 7527)
4(7567 7566 7246 7247)
4(7528 7568 7248 7208)
4(7527 7567 7568 7528)
4(7568 7567 7247 7248)
4(7529 7569 7249 7209)
4(7528 7568 7569 7529)
4(7569 7568 7248 7249)
4(7530 7570 7250 7210)
4(7529 7569 7570 7530)
4(7570 7569 7249 7250)
4(7531 7571 7251 7211)
4(7530 7570 7571 7531)
4(7571 7570 7250 7251)
4(7532 7572 7252 7212)
4(7531 7571 7572 7532)
4(7572 7571 7251 7252)
4(7533 7573 7253 7213)
4(7532 7572 7573 7533)
4(7573 7572 7252 7253)
4(7534 7574 7254 7214)
4(7533 7573 7574 7534)
4(7574 7573 7253 7254)
4(7535 7575 7255 7215)
4(7534 7574 7575 7535)
4(7575 7574 7254 7255)
4(7536 7576 7256 7216)
4(7535 7575 7576 7536)
4(7576 7575 7255 7256)
4(7537 7577 7257 7217)
4(7536 7576 7577 7537)
4(7577 7576 7256 7257)
4(7538 7578 7258 7218)
4(7537 7577 7578 7538)
4(7578 7577 7257 7258)
4(7539 7579 7259 7219)
4(7538 7578 7579 7539)
4(7579 7578 7258 7259)
4(7540 7580 7260 7220)
4(7539 7579 7580 7540)
4(7580 7579 7259 7260)
4(7541 7581 7261 7221)
4(7540 7580 7581 7541)
4(7581 7580 7260 7261)
4(7542 7582 7262 7222)
4(7541 7581 7582 7542)
4(7582 7581 7261 7262)
4(7543 7583 7263 7223)
4(7542 7582 7583 7543)
4(7583 7582 7262 7263)
4(7544 7584 7264 7224)
4(7543 7583 7584 7544)
4(7584 7583 7263 7264)
4(7545 7585 7265 7225)
4(7544 7584 7585 7545)
4(7585 7584 7264 7265)
4(7546 7586 7266 7226)
4(7545 7585 7586 7546)
4(7586 7585 7265 7266)
4(7547 7587 7267 7227)
4(7546 7586 7587 7547)
4(7587 7586 7266 7267)
4(7548 7588 7268 7228)
4(7547 7587 7588 7548)
4(7588 7587 7267 7268)
4(7549 7589 7269 7229)
4(7548 7588 7589 7549)
4(7589 7588 7268 7269)
4(7550 7590 7270 7230)
4(7549 7589 7590 7550)
4(7590 7589 7269 7270)
4(7551 7591 7271 7231)
4(7550 7590 7591 7551)
4(7591 7590 7270 7271)
4(7552 7592 7272 7232)
4(7551 7591 7592 7552)
4(7592 7591 7271 7272)
4(7553 7593 7273 7233)
4(7552 7592 7593 7553)
4(7593 7592 7272 7273)
4(7554 7594 7274 7234)
4(7553 7593 7594 7554)
4(7594 7593 7273 7274)
4(7555 7595 7275 7235)
4(7554 7594 7595 7555)
4(7595 7594 7274 7275)
4(7556 7596 7276 7236)
4(7555 7595 7596 7556)
4(7596 7595 7275 7276)
4(7557 7597 7277 7237)
4(7556 7596 7597 7557)
4(7597 7596 7276 7277)
4(7558 7598 7278 7238)
4(7557 7597 7598 7558)
4(7598 7597 7277 7278)
4(7558 7598 7599 7559)
4(7599 7598 7278 7279)
4(6281 7601 7281 5961)
4(7601 7600 7280 7281)
4(6280 7600 7601 6281)
4(6282 7602 7282 5962)
4(7602 7601 7281 7282)
4(6281 7601 7602 6282)
4(6283 7603 7283 5963)
4(7603 7602 7282 7283)
4(6282 7602 7603 6283)
4(6284 7604 7284 5964)
4(7604 7603 7283 7284)
4(6283 7603 7604 6284)
4(6285 7605 7285 5965)
4(7605 7604 7284 7285)
4(6284 7604 7605 6285)
4(6286 7606 7286 5966)
4(7606 7605 7285 7286)
4(6285 7605 7606 6286)
4(6287 7607 7287 5967)
4(7607 7606 7286 7287)
4(6286 7606 7607 6287)
4(6288 7608 7288 5968)
4(7608 7607 7287 7288)
4(6287 7607 7608 6288)
4(6289 7609 7289 5969)
4(7609 7608 7288 7289)
4(6288 7608 7609 6289)
4(6290 7610 7290 5970)
4(7610 7609 7289 7290)
4(6289 7609 7610 6290)
4(6291 7611 7291 5971)
4(7611 7610 7290 7291)
4(6290 7610 7611 6291)
4(6292 7612 7292 5972)
4(7612 7611 7291 7292)
4(6291 7611 7612 6292)
4(6293 7613 7293 5973)
4(7613 7612 7292 7293)
4(6292 7612 7613 6293)
4(6294 7614 7294 5974)
4(7614 7613 7293 7294)
4(6293 7613 7614 6294)
4(6295 7615 7295 5975)
4(7615 7614 7294 7295)
4(6294 7614 7615 6295)
4(6296 7616 7296 5976)
4(7616 7615 7295 7296)
4(6295 7615 7616 6296)
4(6297 7617 7297 5977)
4(7617 7616 7296 7297)
4(6296 7616 7617 6297)
4(6298 7618 7298 5978)
4(7618 7617 7297 7298)
4(6297 7617 7618 6298)
4(6299 7619 7299 5979)
4(7619 7618 7298 7299)
4(6298 7618 7619 6299)
4(6300 7620 7300 5980)
4(7620 7619 7299 7300)
4(6299 7619 7620 6300)
4(6301 7621 7301 5981)
4(7621 7620 7300 7301)
4(6300 7620 7621 6301)
4(6302 7622 7302 5982)
4(7622 7621 7301 7302)
4(6301 7621 7622 6302)
4(6303 7623 7303 5983)
4(7623 7622 7302 7303)
4(6302 7622 7623 6303)
4(6304 7624 7304 5984)
4(7624 7623 7303 7304)
4(6303 7623 7624 6304)
4(6305 7625 7305 5985)
4(7625 7624 7304 7305)
4(6304 7624 7625 6305)
4(6306 7626 7306 5986)
4(7626 7625 7305 7306)
4(6305 7625 7626 6306)
4(6307 7627 7307 5987)
4(7627 7626 7306 7307)
4(6306 7626 7627 6307)
4(6308 7628 7308 5988)
4(7628 7627 7307 7308)
4(6307 7627 7628 6308)
4(6309 7629 7309 5989)
4(7629 7628 7308 7309)
4(6308 7628 7629 6309)
4(6310 7630 7310 5990)
4(7630 7629 7309 7310)
4(6309 7629 7630 6310)
4(6311 7631 7311 5991)
4(7631 7630 7310 7311)
4(6310 7630 7631 6311)
4(6312 7632 7312 5992)
4(7632 7631 7311 7312)
4(6311 7631 7632 6312)
4(6313 7633 7313 5993)
4(7633 7632 7312 7313)
4(6312 7632 7633 6313)
4(6314 7634 7314 5994)
4(7634 7633 7313 7314)
4(6313 7633 7634 6314)
4(6315 7635 7315 5995)
4(7635 7634 7314 7315)
4(6314 7634 7635 6315)
4(6316 7636 7316 5996)
4(7636 7635 7315 7316)
4(6315 7635 7636 6316)
4(6317 7637 7317 5997)
4(7637 7636 7316 7317)
4(6316 7636 7637 6317)
4(6318 7638 7318 5998)
4(7638 7637 7317 7318)
4(6317 7637 7638 6318)
4(7639 7638 7318 7319)
4(6318 7638 7639 6319)
4(7601 7641 7321 7281)
4(7641 7640 7320 7321)
4(7600 7640 7641 7601)
4(7602 7642 7322 7282)
4(7642 7641 7321 7322)
4(7601 7641 7642 7602)
4(7603 7643 7323 7283)
4(7643 7642 7322 7323)
4(7602 7642 7643 7603)
4(7604 7644 7324 7284)
4(7644 7643 7323 7324)
4(7603 7643 7644 7604)
4(7605 7645 7325 7285)
4(7645 7644 7324 7325)
4(7604 7644 7645 7605)
4(7606 7646 7326 7286)
4(7646 7645 7325 7326)
4(7605 7645 7646 7606)
4(7607 7647 7327 7287)
4(7647 7646 7326 7327)
4(7606 7646 7647 7607)
4(7608 7648 7328 7288)
4(7648 7647 7327 7328)
4(7607 7647 7648 7608)
4(7609 7649 7329 7289)
4(7649 7648 7328 7329)
4(7608 7648 7649 7609)
4(7610 7650 7330 7290)
4(7650 7649 7329 7330)
4(7609 7649 7650 7610)
4(7611 7651 7331 7291)
4(7651 7650 7330 7331)
4(7610 7650 7651 7611)
4(7612 7652 7332 7292)
4(7652 7651 7331 7332)
4(7611 7651 7652 7612)
4(7613 7653 7333 7293)
4(7653 7652 7332 7333)
4(7612 7652 7653 7613)
4(7614 7654 7334 7294)
4(7654 7653 7333 7334)
4(7613 7653 7654 7614)
4(7615 7655 7335 7295)
4(7655 7654 7334 7335)
4(7614 7654 7655 7615)
4(7616 7656 7336 7296)
4(7656 7655 7335 7336)
4(7615 7655 7656 7616)
4(7617 7657 7337 7297)
4(7657 7656 7336 7337)
4(7616 7656 7657 7617)
4(7618 7658 7338 7298)
4(7658 7657 7337 7338)
4(7617 7657 7658 7618)
4(7619 7659 7339 7299)
4(7659 7658 7338 7339)
4(7618 7658 7659 7619)
4(7620 7660 7340 7300)
4(7660 7659 7339 7340)
4(7619 7659 7660 7620)
4(7621 7661 7341 7301)
4(7661 7660 7340 7341)
4(7620 7660 7661 7621)
4(7622 7662 7342 7302)
4(7662 7661 7341 7342)
4(7621 7661 7662 7622)
4(7623 7663 7343 7303)
4(7663 7662 7342 7343)
4(7622 7662 7663 7623)
4(7624 7664 7344 7304)
4(7664 7663 7343 7344)
4(7623 7663 7664 7624)
4(7625 7665 7345 7305)
4(7665 7664 7344 7345)
4(7624 7664 7665 7625)
4(7626 7666 7346 7306)
4(7666 7665 7345 7346)
4(7625 7665 7666 7626)
4(7627 7667 7347 7307)
4(7667 7666 7346 7347)
4(7626 7666 7667 7627)
4(7628 7668 7348 7308)
4(7668 7667 7347 7348)
4(7627 7667 7668 7628)
4(7629 7669 7349 7309)
4(7669 7668 7348 7349)
4(7628 7668 7669 7629)
4(7630 7670 7350 7310)
4(7670 7669 7349 7350)
4(7629 7669 7670 7630)
4(7631 7671 7351 7311)
4(7671 7670 7350 7351)
4(7630 7670 7671 7631)
4(7632 7672 7352 7312)
4(7672 7671 7351 7352)
4(7631 7671 7672 7632)
4(7633 7673 7353 7313)
4(7673 7672 7352 7353)
4(7632 7672 7673 7633)
4(7634 7674 7354 7314)
4(7674 7673 7353 7354)
4(7633 7673 7674 7634)
4(7635 7675 7355 7315)
4(7675 7674 7354 7355)
4(7634 7674 7675 7635)
4(7636 7676 7356 7316)
4(7676 7675 7355 7356)
4(7635 7675 7676 7636)
4(7637 7677 7357 7317)
4(7677 7676 7356 7357)
4(7636 7676 7677 7637)
4(7638 7678 7358 7318)
4(7678 7677 7357 7358)
4(7637 7677 7678 7638)
4(7679 7678 7358 7359)
4(7638 7678 7679 7639)
4(7641 7681 7361 7321)
4(7681 7680 7360 7361)
4(7640 7680 7681 7641)
4(7642 7682 7362 7322)
4(7682 7681 7361 7362)
4(7641 7681 7682 7642)
4(7643 7683 7363 7323)
4(7683 7682 7362 7363)
4(7642 7682 7683 7643)
4(7644 7684 7364 7324)
4(7684 7683 7363 7364)
4(7643 7683 7684 7644)
4(7645 7685 7365 7325)
4(7685 7684 7364 7365)
4(7644 7684 7685 7645)
4(7646 7686 7366 7326)
4(7686 7685 7365 7366)
4(7645 7685 7686 7646)
4(7647 7687 7367 7327)
4(7687 7686 7366 7367)
4(7646 7686 7687 7647)
4(7648 7688 7368 7328)
4(7688 7687 7367 7368)
4(7647 7687 7688 7648)
4(7649 7689 7369 7329)
4(7689 7688 7368 7369)
4(7648 7688 7689 7649)
4(7650 7690 7370 7330)
4(7690 7689 7369 7370)
4(7649 7689 7690 7650)
4(7651 7691 7371 7331)
4(7691 7690 7370 7371)
4(7650 7690 7691 7651)
4(7652 7692 7372 7332)
4(7692 7691 7371 7372)
4(7651 7691 7692 7652)
4(7653 7693 7373 7333)
4(7693 7692 7372 7373)
4(7652 7692 7693 7653)
4(7654 7694 7374 7334)
4(7694 7693 7373 7374)
4(7653 7693 7694 7654)
4(7655 7695 7375 7335)
4(7695 7694 7374 7375)
4(7654 7694 7695 7655)
4(7656 7696 7376 7336)
4(7696 7695 7375 7376)
4(7655 7695 7696 7656)
4(7657 7697 7377 7337)
4(7697 7696 7376 7377)
4(7656 7696 7697 7657)
4(7658 7698 7378 7338)
4(7698 7697 7377 7378)
4(7657 7697 7698 7658)
4(7659 7699 7379 7339)
4(7699 7698 7378 7379)
4(7658 7698 7699 7659)
4(7660 7700 7380 7340)
4(7700 7699 7379 7380)
4(7659 7699 7700 7660)
4(7661 7701 7381 7341)
4(7701 7700 7380 7381)
4(7660 7700 7701 7661)
4(7662 7702 7382 7342)
4(7702 7701 7381 7382)
4(7661 7701 7702 7662)
4(7663 7703 7383 7343)
4(7703 7702 7382 7383)
4(7662 7702 7703 7663)
4(7664 7704 7384 7344)
4(7704 7703 7383 7384)
4(7663 7703 7704 7664)
4(7665 7705 7385 7345)
4(7705 7704 7384 7385)
4(7664 7704 7705 7665)
4(7666 7706 7386 7346)
4(7706 7705 7385 7386)
4(7665 7705 7706 7666)
4(7667 7707 7387 7347)
4(7707 7706 7386 7387)
4(7666 7706 7707 7667)
4(7668 7708 7388 7348)
4(7708 7707 7387 7388)
4(7667 7707 7708 7668)
4(7669 7709 7389 7349)
4(7709 7708 7388 7389)
4(7668 7708 7709 7669)
4(7670 7710 7390 7350)
4(7710 7709 7389 7390)
4(7669 7709 7710 7670)
4(7671 7711 7391 7351)
4(7711 7710 7390 7391)
4(7670 7710 7711 7671)
4(7672 7712 7392 7352)
4(7712 7711 7391 7392)
4(7671 7711 7712 7672)
4(7673 7713 7393 7353)
4(7713 7712 7392 7393)
4(7672 7712 7713 7673)
4(7674 7714 7394 7354)
4(7714 7713 7393 7394)
4(7673 7713 7714 7674)
4(7675 7715 7395 7355)
4(7715 7714 7394 7395)
4(7674 7714 7715 7675)
4(7676 7716 7396 7356)
4(7716 7715 7395 7396)
4(7675 7715 7716 7676)
4(7677 7717 7397 7357)
4(7717 7716 7396 7397)
4(7676 7716 7717 7677)
4(7678 7718 7398 7358)
4(7718 7717 7397 7398)
4(7677 7717 7718 7678)
4(7719 7718 7398 7399)
4(7678 7718 7719 7679)
4(7681 7721 7401 7361)
4(7721 7720 7400 7401)
4(7680 7720 7721 7681)
4(7682 7722 7402 7362)
4(7722 7721 7401 7402)
4(7681 7721 7722 7682)
4(7683 7723 7403 7363)
4(7723 7722 7402 7403)
4(7682 7722 7723 7683)
4(7684 7724 7404 7364)
4(7724 7723 7403 7404)
4(7683 7723 7724 7684)
4(7685 7725 7405 7365)
4(7725 7724 7404 7405)
4(7684 7724 7725 7685)
4(7686 7726 7406 7366)
4(7726 7725 7405 7406)
4(7685 7725 7726 7686)
4(7687 7727 7407 7367)
4(7727 7726 7406 7407)
4(7686 7726 7727 7687)
4(7688 7728 7408 7368)
4(7728 7727 7407 7408)
4(7687 7727 7728 7688)
4(7689 7729 7409 7369)
4(7729 7728 7408 7409)
4(7688 7728 7729 7689)
4(7690 7730 7410 7370)
4(7730 7729 7409 7410)
4(7689 7729 7730 7690)
4(7691 7731 7411 7371)
4(7731 7730 7410 7411)
4(7690 7730 7731 7691)
4(7692 7732 7412 7372)
4(7732 7731 7411 7412)
4(7691 7731 7732 7692)
4(7693 7733 7413 7373)
4(7733 7732 7412 7413)
4(7692 7732 7733 7693)
4(7694 7734 7414 7374)
4(7734 7733 7413 7414)
4(7693 7733 7734 7694)
4(7695 7735 7415 7375)
4(7735 7734 7414 7415)
4(7694 7734 7735 7695)
4(7696 7736 7416 7376)
4(7736 7735 7415 7416)
4(7695 7735 7736 7696)
4(7697 7737 7417 7377)
4(7737 7736 7416 7417)
4(7696 7736 7737 7697)
4(7698 7738 7418 7378)
4(7738 7737 7417 7418)
4(7697 7737 7738 7698)
4(7699 7739 7419 7379)
4(7739 7738 7418 7419)
4(7698 7738 7739 7699)
4(7700 7740 7420 7380)
4(7740 7739 7419 7420)
4(7699 7739 7740 7700)
4(7701 7741 7421 7381)
4(7741 7740 7420 7421)
4(7700 7740 7741 7701)
4(7702 7742 7422 7382)
4(7742 7741 7421 7422)
4(7701 7741 7742 7702)
4(7703 7743 7423 7383)
4(7743 7742 7422 7423)
4(7702 7742 7743 7703)
4(7704 7744 7424 7384)
4(7744 7743 7423 7424)
4(7703 7743 7744 7704)
4(7705 7745 7425 7385)
4(7745 7744 7424 7425)
4(7704 7744 7745 7705)
4(7706 7746 7426 7386)
4(7746 7745 7425 7426)
4(7705 7745 7746 7706)
4(7707 7747 7427 7387)
4(7747 7746 7426 7427)
4(7706 7746 7747 7707)
4(7708 7748 7428 7388)
4(7748 7747 7427 7428)
4(7707 7747 7748 7708)
4(7709 7749 7429 7389)
4(7749 7748 7428 7429)
4(7708 7748 7749 7709)
4(7710 7750 7430 7390)
4(7750 7749 7429 7430)
4(7709 7749 7750 7710)
4(7711 7751 7431 7391)
4(7751 7750 7430 7431)
4(7710 7750 7751 7711)
4(7712 7752 7432 7392)
4(7752 7751 7431 7432)
4(7711 7751 7752 7712)
4(7713 7753 7433 7393)
4(7753 7752 7432 7433)
4(7712 7752 7753 7713)
4(7714 7754 7434 7394)
4(7754 7753 7433 7434)
4(7713 7753 7754 7714)
4(7715 7755 7435 7395)
4(7755 7754 7434 7435)
4(7714 7754 7755 7715)
4(7716 7756 7436 7396)
4(7756 7755 7435 7436)
4(7715 7755 7756 7716)
4(7717 7757 7437 7397)
4(7757 7756 7436 7437)
4(7716 7756 7757 7717)
4(7718 7758 7438 7398)
4(7758 7757 7437 7438)
4(7717 7757 7758 7718)
4(7759 7758 7438 7439)
4(7718 7758 7759 7719)
4(7721 7761 7441 7401)
4(7761 7760 7440 7441)
4(7720 7760 7761 7721)
4(7722 7762 7442 7402)
4(7762 7761 7441 7442)
4(7721 7761 7762 7722)
4(7723 7763 7443 7403)
4(7763 7762 7442 7443)
4(7722 7762 7763 7723)
4(7724 7764 7444 7404)
4(7764 7763 7443 7444)
4(7723 7763 7764 7724)
4(7725 7765 7445 7405)
4(7765 7764 7444 7445)
4(7724 7764 7765 7725)
4(7726 7766 7446 7406)
4(7766 7765 7445 7446)
4(7725 7765 7766 7726)
4(7727 7767 7447 7407)
4(7767 7766 7446 7447)
4(7726 7766 7767 7727)
4(7728 7768 7448 7408)
4(7768 7767 7447 7448)
4(7727 7767 7768 7728)
4(7729 7769 7449 7409)
4(7769 7768 7448 7449)
4(7728 7768 7769 7729)
4(7730 7770 7450 7410)
4(7770 7769 7449 7450)
4(7729 7769 7770 7730)
4(7731 7771 7451 7411)
4(7771 7770 7450 7451)
4(7730 7770 7771 7731)
4(7732 7772 7452 7412)
4(7772 7771 7451 7452)
4(7731 7771 7772 7732)
4(7733 7773 7453 7413)
4(7773 7772 7452 7453)
4(7732 7772 7773 7733)
4(7734 7774 7454 7414)
4(7774 7773 7453 7454)
4(7733 7773 7774 7734)
4(7735 7775 7455 7415)
4(7775 7774 7454 7455)
4(7734 7774 7775 7735)
4(7736 7776 7456 7416)
4(7776 7775 7455 7456)
4(7735 7775 7776 7736)
4(7737 7777 7457 7417)
4(7777 7776 7456 7457)
4(7736 7776 7777 7737)
4(7738 7778 7458 7418)
4(7778 7777 7457 7458)
4(7737 7777 7778 7738)
4(7739 7779 7459 7419)
4(7779 7778 7458 7459)
4(7738 7778 7779 7739)
4(7740 7780 7460 7420)
4(7780 7779 7459 7460)
4(7739 7779 7780 7740)
4(7741 7781 7461 7421)
4(7781 7780 7460 7461)
4(7740 7780 7781 7741)
4(7742 7782 7462 7422)
4(7782 7781 7461 7462)
4(7741 7781 7782 7742)
4(7743 7783 7463 7423)
4(7783 7782 7462 7463)
4(7742 7782 7783 7743)
4(7744 7784 7464 7424)
4(7784 7783 7463 7464)
4(7743 7783 7784 7744)
4(7745 7785 7465 7425)
4(7785 7784 7464 7465)
4(7744 7784 7785 7745)
4(7746 7786 7466 7426)
4(7786 7785 7465 7466)
4(7745 7785 7786 7746)
4(7747 7787 7467 7427)
4(7787 7786 7466 7467)
4(7746 7786 7787 7747)
4(7748 7788 7468 7428)
4(7788 7787 7467 7468)
4(7747 7787 7788 7748)
4(7749 7789 7469 7429)
4(7789 7788 7468 7469)
4(7748 7788 7789 7749)
4(7750 7790 7470 7430)
4(7790 7789 7469 7470)
4(7749 7789 7790 7750)
4(7751 7791 7471 7431)
4(7791 7790 7470 7471)
4(7750 7790 7791 7751)
4(7752 7792 7472 7432)
4(7792 7791 7471 7472)
4(7751 7791 7792 7752)
4(7753 7793 7473 7433)
4(7793 7792 7472 7473)
4(7752 7792 7793 7753)
4(7754 7794 7474 7434)
4(7794 7793 7473 7474)
4(7753 7793 7794 7754)
4(7755 7795 7475 7435)
4(7795 7794 7474 7475)
4(7754 7794 7795 7755)
4(7756 7796 7476 7436)
4(7796 7795 7475 7476)
4(7755 7795 7796 7756)
4(7757 7797 7477 7437)
4(7797 7796 7476 7477)
4(7756 7796 7797 7757)
4(7758 7798 7478 7438)
4(7798 7797 7477 7478)
4(7757 7797 7798 7758)
4(7799 7798 7478 7479)
4(7758 7798 7799 7759)
4(7761 7801 7481 7441)
4(7801 7800 7480 7481)
4(7760 7800 7801 7761)
4(7762 7802 7482 7442)
4(7802 7801 7481 7482)
4(7761 7801 7802 7762)
4(7763 7803 7483 7443)
4(7803 7802 7482 7483)
4(7762 7802 7803 7763)
4(7764 7804 7484 7444)
4(7804 7803 7483 7484)
4(7763 7803 7804 7764)
4(7765 7805 7485 7445)
4(7805 7804 7484 7485)
4(7764 7804 7805 7765)
4(7766 7806 7486 7446)
4(7806 7805 7485 7486)
4(7765 7805 7806 7766)
4(7767 7807 7487 7447)
4(7807 7806 7486 7487)
4(7766 7806 7807 7767)
4(7768 7808 7488 7448)
4(7808 7807 7487 7488)
4(7767 7807 7808 7768)
4(7769 7809 7489 7449)
4(7809 7808 7488 7489)
4(7768 7808 7809 7769)
4(7770 7810 7490 7450)
4(7810 7809 7489 7490)
4(7769 7809 7810 7770)
4(7771 7811 7491 7451)
4(7811 7810 7490 7491)
4(7770 7810 7811 7771)
4(7772 7812 7492 7452)
4(7812 7811 7491 7492)
4(7771 7811 7812 7772)
4(7773 7813 7493 7453)
4(7813 7812 7492 7493)
4(7772 7812 7813 7773)
4(7774 7814 7494 7454)
4(7814 7813 7493 7494)
4(7773 7813 7814 7774)
4(7775 7815 7495 7455)
4(7815 7814 7494 7495)
4(7774 7814 7815 7775)
4(7776 7816 7496 7456)
4(7816 7815 7495 7496)
4(7775 7815 7816 7776)
4(7777 7817 7497 7457)
4(7817 7816 7496 7497)
4(7776 7816 7817 7777)
4(7778 7818 7498 7458)
4(7818 7817 7497 7498)
4(7777 7817 7818 7778)
4(7779 7819 7499 7459)
4(7819 7818 7498 7499)
4(7778 7818 7819 7779)
4(7780 7820 7500 7460)
4(7820 7819 7499 7500)
4(7779 7819 7820 7780)
4(7781 7821 7501 7461)
4(7821 7820 7500 7501)
4(7780 7820 7821 7781)
4(7782 7822 7502 7462)
4(7822 7821 7501 7502)
4(7781 7821 7822 7782)
4(7783 7823 7503 7463)
4(7823 7822 7502 7503)
4(7782 7822 7823 7783)
4(7784 7824 7504 7464)
4(7824 7823 7503 7504)
4(7783 7823 7824 7784)
4(7785 7825 7505 7465)
4(7825 7824 7504 7505)
4(7784 7824 7825 7785)
4(7786 7826 7506 7466)
4(7826 7825 7505 7506)
4(7785 7825 7826 7786)
4(7787 7827 7507 7467)
4(7827 7826 7506 7507)
4(7786 7826 7827 7787)
4(7788 7828 7508 7468)
4(7828 7827 7507 7508)
4(7787 7827 7828 7788)
4(7789 7829 7509 7469)
4(7829 7828 7508 7509)
4(7788 7828 7829 7789)
4(7790 7830 7510 7470)
4(7830 7829 7509 7510)
4(7789 7829 7830 7790)
4(7791 7831 7511 7471)
4(7831 7830 7510 7511)
4(7790 7830 7831 7791)
4(7792 7832 7512 7472)
4(7832 7831 7511 7512)
4(7791 7831 7832 7792)
4(7793 7833 7513 7473)
4(7833 7832 7512 7513)
4(7792 7832 7833 7793)
4(7794 7834 7514 7474)
4(7834 7833 7513 7514)
4(7793 7833 7834 7794)
4(7795 7835 7515 7475)
4(7835 7834 7514 7515)
4(7794 7834 7835 7795)
4(7796 7836 7516 7476)
4(7836 7835 7515 7516)
4(7795 7835 7836 7796)
4(7797 7837 7517 7477)
4(7837 7836 7516 7517)
4(7796 7836 7837 7797)
4(7798 7838 7518 7478)
4(7838 7837 7517 7518)
4(7797 7837 7838 7798)
4(7839 7838 7518 7519)
4(7798 7838 7839 7799)
4(7801 7841 7521 7481)
4(7841 7840 7520 7521)
4(7800 7840 7841 7801)
4(7802 7842 7522 7482)
4(7842 7841 7521 7522)
4(7801 7841 7842 7802)
4(7803 7843 7523 7483)
4(7843 7842 7522 7523)
4(7802 7842 7843 7803)
4(7804 7844 7524 7484)
4(7844 7843 7523 7524)
4(7803 7843 7844 7804)
4(7805 7845 7525 7485)
4(7845 7844 7524 7525)
4(7804 7844 7845 7805)
4(7806 7846 7526 7486)
4(7846 7845 7525 7526)
4(7805 7845 7846 7806)
4(7807 7847 7527 7487)
4(7847 7846 7526 7527)
4(7806 7846 7847 7807)
4(7808 7848 7528 7488)
4(7848 7847 7527 7528)
4(7807 7847 7848 7808)
4(7809 7849 7529 7489)
4(7849 7848 7528 7529)
4(7808 7848 7849 7809)
4(7810 7850 7530 7490)
4(7850 7849 7529 7530)
4(7809 7849 7850 7810)
4(7811 7851 7531 7491)
4(7851 7850 7530 7531)
4(7810 7850 7851 7811)
4(7812 7852 7532 7492)
4(7852 7851 7531 7532)
4(7811 7851 7852 7812)
4(7813 7853 7533 7493)
4(7853 7852 7532 7533)
4(7812 7852 7853 7813)
4(7814 7854 7534 7494)
4(7854 7853 7533 7534)
4(7813 7853 7854 7814)
4(7815 7855 7535 7495)
4(7855 7854 7534 7535)
4(7814 7854 7855 7815)
4(7816 7856 7536 7496)
4(7856 7855 7535 7536)
4(7815 7855 7856 7816)
4(7817 7857 7537 7497)
4(7857 7856 7536 7537)
4(7816 7856 7857 7817)
4(7818 7858 7538 7498)
4(7858 7857 7537 7538)
4(7817 7857 7858 7818)
4(7819 7859 7539 7499)
4(7859 7858 7538 7539)
4(7818 7858 7859 7819)
4(7820 7860 7540 7500)
4(7860 7859 7539 7540)
4(7819 7859 7860 7820)
4(7821 7861 7541 7501)
4(7861 7860 7540 7541)
4(7820 7860 7861 7821)
4(7822 7862 7542 7502)
4(7862 7861 7541 7542)
4(7821 7861 7862 7822)
4(7823 7863 7543 7503)
4(7863 7862 7542 7543)
4(7822 7862 7863 7823)
4(7824 7864 7544 7504)
4(7864 7863 7543 7544)
4(7823 7863 7864 7824)
4(7825 7865 7545 7505)
4(7865 7864 7544 7545)
4(7824 7864 7865 7825)
4(7826 7866 7546 7506)
4(7866 7865 7545 7546)
4(7825 7865 7866 7826)
4(7827 7867 7547 7507)
4(7867 7866 7546 7547)
4(7826 7866 7867 7827)
4(7828 7868 7548 7508)
4(7868 7867 7547 7548)
4(7827 7867 7868 7828)
4(7829 7869 7549 7509)
4(7869 7868 7548 7549)
4(7828 7868 7869 7829)
4(7830 7870 7550 7510)
4(7870 7869 7549 7550)
4(7829 7869 7870 7830)
4(7831 7871 7551 7511)
4(7871 7870 7550 7551)
4(7830 7870 7871 7831)
4(7832 7872 7552 7512)
4(7872 7871 7551 7552)
4(7831 7871 7872 7832)
4(7833 7873 7553 7513)
4(7873 7872 7552 7553)
4(7832 7872 7873 7833)
4(7834 7874 7554 7514)
4(7874 7873 7553 7554)
4(7833 7873 7874 7834)
4(7835 7875 7555 7515)
4(7875 7874 7554 7555)
4(7834 7874 7875 7835)
4(7836 7876 7556 7516)
4(7876 7875 7555 7556)
4(7835 7875 7876 7836)
4(7837 7877 7557 7517)
4(7877 7876 7556 7557)
4(7836 7876 7877 7837)
4(7838 7878 7558 7518)
4(7878 7877 7557 7558)
4(7837 7877 7878 7838)
4(7879 7878 7558 7559)
4(7838 7878 7879 7839)
4(7841 7881 7561 7521)
4(7840 7880 7881 7841)
4(7881 7880 7560 7561)
4(7842 7882 7562 7522)
4(7841 7881 7882 7842)
4(7882 7881 7561 7562)
4(7843 7883 7563 7523)
4(7842 7882 7883 7843)
4(7883 7882 7562 7563)
4(7844 7884 7564 7524)
4(7843 7883 7884 7844)
4(7884 7883 7563 7564)
4(7845 7885 7565 7525)
4(7844 7884 7885 7845)
4(7885 7884 7564 7565)
4(7846 7886 7566 7526)
4(7845 7885 7886 7846)
4(7886 7885 7565 7566)
4(7847 7887 7567 7527)
4(7846 7886 7887 7847)
4(7887 7886 7566 7567)
4(7848 7888 7568 7528)
4(7847 7887 7888 7848)
4(7888 7887 7567 7568)
4(7849 7889 7569 7529)
4(7848 7888 7889 7849)
4(7889 7888 7568 7569)
4(7850 7890 7570 7530)
4(7849 7889 7890 7850)
4(7890 7889 7569 7570)
4(7851 7891 7571 7531)
4(7850 7890 7891 7851)
4(7891 7890 7570 7571)
4(7852 7892 7572 7532)
4(7851 7891 7892 7852)
4(7892 7891 7571 7572)
4(7853 7893 7573 7533)
4(7852 7892 7893 7853)
4(7893 7892 7572 7573)
4(7854 7894 7574 7534)
4(7853 7893 7894 7854)
4(7894 7893 7573 7574)
4(7855 7895 7575 7535)
4(7854 7894 7895 7855)
4(7895 7894 7574 7575)
4(7856 7896 7576 7536)
4(7855 7895 7896 7856)
4(7896 7895 7575 7576)
4(7857 7897 7577 7537)
4(7856 7896 7897 7857)
4(7897 7896 7576 7577)
4(7858 7898 7578 7538)
4(7857 7897 7898 7858)
4(7898 7897 7577 7578)
4(7859 7899 7579 7539)
4(7858 7898 7899 7859)
4(7899 7898 7578 7579)
4(7860 7900 7580 7540)
4(7859 7899 7900 7860)
4(7900 7899 7579 7580)
4(7861 7901 7581 7541)
4(7860 7900 7901 7861)
4(7901 7900 7580 7581)
4(7862 7902 7582 7542)
4(7861 7901 7902 7862)
4(7902 7901 7581 7582)
4(7863 7903 7583 7543)
4(7862 7902 7903 7863)
4(7903 7902 7582 7583)
4(7864 7904 7584 7544)
4(7863 7903 7904 7864)
4(7904 7903 7583 7584)
4(7865 7905 7585 7545)
4(7864 7904 7905 7865)
4(7905 7904 7584 7585)
4(7866 7906 7586 7546)
4(7865 7905 7906 7866)
4(7906 7905 7585 7586)
4(7867 7907 7587 7547)
4(7866 7906 7907 7867)
4(7907 7906 7586 7587)
4(7868 7908 7588 7548)
4(7867 7907 7908 7868)
4(7908 7907 7587 7588)
4(7869 7909 7589 7549)
4(7868 7908 7909 7869)
4(7909 7908 7588 7589)
4(7870 7910 7590 7550)
4(7869 7909 7910 7870)
4(7910 7909 7589 7590)
4(7871 7911 7591 7551)
4(7870 7910 7911 7871)
4(7911 7910 7590 7591)
4(7872 7912 7592 7552)
4(7871 7911 7912 7872)
4(7912 7911 7591 7592)
4(7873 7913 7593 7553)
4(7872 7912 7913 7873)
4(7913 7912 7592 7593)
4(7874 7914 7594 7554)
4(7873 7913 7914 7874)
4(7914 7913 7593 7594)
4(7875 7915 7595 7555)
4(7874 7914 7915 7875)
4(7915 7914 7594 7595)
4(7876 7916 7596 7556)
4(7875 7915 7916 7876)
4(7916 7915 7595 7596)
4(7877 7917 7597 7557)
4(7876 7916 7917 7877)
4(7917 7916 7596 7597)
4(7878 7918 7598 7558)
4(7877 7917 7918 7878)
4(7918 7917 7597 7598)
4(7878 7918 7919 7879)
4(7919 7918 7598 7599)
4(6601 7921 7601 6281)
4(7921 7920 7600 7601)
4(6602 7922 7602 6282)
4(7922 7921 7601 7602)
4(6603 7923 7603 6283)
4(7923 7922 7602 7603)
4(6604 7924 7604 6284)
4(7924 7923 7603 7604)
4(6605 7925 7605 6285)
4(7925 7924 7604 7605)
4(6606 7926 7606 6286)
4(7926 7925 7605 7606)
4(6607 7927 7607 6287)
4(7927 7926 7606 7607)
4(6608 7928 7608 6288)
4(7928 7927 7607 7608)
4(6609 7929 7609 6289)
4(7929 7928 7608 7609)
4(6610 7930 7610 6290)
4(7930 7929 7609 7610)
4(6611 7931 7611 6291)
4(7931 7930 7610 7611)
4(6612 7932 7612 6292)
4(7932 7931 7611 7612)
4(6613 7933 7613 6293)
4(7933 7932 7612 7613)
4(6614 7934 7614 6294)
4(7934 7933 7613 7614)
4(6615 7935 7615 6295)
4(7935 7934 7614 7615)
4(6616 7936 7616 6296)
4(7936 7935 7615 7616)
4(6617 7937 7617 6297)
4(7937 7936 7616 7617)
4(6618 7938 7618 6298)
4(7938 7937 7617 7618)
4(6619 7939 7619 6299)
4(7939 7938 7618 7619)
4(6620 7940 7620 6300)
4(7940 7939 7619 7620)
4(6621 7941 7621 6301)
4(7941 7940 7620 7621)
4(6622 7942 7622 6302)
4(7942 7941 7621 7622)
4(6623 7943 7623 6303)
4(7943 7942 7622 7623)
4(6624 7944 7624 6304)
4(7944 7943 7623 7624)
4(6625 7945 7625 6305)
4(7945 7944 7624 7625)
4(6626 7946 7626 6306)
4(7946 7945 7625 7626)
4(6627 7947 7627 6307)
4(7947 7946 7626 7627)
4(6628 7948 7628 6308)
4(7948 7947 7627 7628)
4(6629 7949 7629 6309)
4(7949 7948 7628 7629)
4(6630 7950 7630 6310)
4(7950 7949 7629 7630)
4(6631 7951 7631 6311)
4(7951 7950 7630 7631)
4(6632 7952 7632 6312)
4(7952 7951 7631 7632)
4(6633 7953 7633 6313)
4(7953 7952 7632 7633)
4(6634 7954 7634 6314)
4(7954 7953 7633 7634)
4(6635 7955 7635 6315)
4(7955 7954 7634 7635)
4(6636 7956 7636 6316)
4(7956 7955 7635 7636)
4(6637 7957 7637 6317)
4(7957 7956 7636 7637)
4(6638 7958 7638 6318)
4(7958 7957 7637 7638)
4(7959 7958 7638 7639)
4(7921 7961 7641 7601)
4(7961 7960 7640 7641)
4(7922 7962 7642 7602)
4(7962 7961 7641 7642)
4(7923 7963 7643 7603)
4(7963 7962 7642 7643)
4(7924 7964 7644 7604)
4(7964 7963 7643 7644)
4(7925 7965 7645 7605)
4(7965 7964 7644 7645)
4(7926 7966 7646 7606)
4(7966 7965 7645 7646)
4(7927 7967 7647 7607)
4(7967 7966 7646 7647)
4(7928 7968 7648 7608)
4(7968 7967 7647 7648)
4(7929 7969 7649 7609)
4(7969 7968 7648 7649)
4(7930 7970 7650 7610)
4(7970 7969 7649 7650)
4(7931 7971 7651 7611)
4(7971 7970 7650 7651)
4(7932 7972 7652 7612)
4(7972 7971 7651 7652)
4(7933 7973 7653 7613)
4(7973 7972 7652 7653)
4(7934 7974 7654 7614)
4(7974 7973 7653 7654)
4(7935 7975 7655 7615)
4(7975 7974 7654 7655)
4(7936 7976 7656 7616)
4(7976 7975 7655 7656)
4(7937 7977 7657 7617)
4(7977 7976 7656 7657)
4(7938 7978 7658 7618)
4(7978 7977 7657 7658)
4(7939 7979 7659 7619)
4(7979 7978 7658 7659)
4(7940 7980 7660 7620)
4(7980 7979 7659 7660)
4(7941 7981 7661 7621)
4(7981 7980 7660 7661)
4(7942 7982 7662 7622)
4(7982 7981 7661 7662)
4(7943 7983 7663 7623)
4(7983 7982 7662 7663)
4(7944 7984 7664 7624)
4(7984 7983 7663 7664)
4(7945 7985 7665 7625)
4(7985 7984 7664 7665)
4(7946 7986 7666 7626)
4(7986 7985 7665 7666)
4(7947 7987 7667 7627)
4(7987 7986 7666 7667)
4(7948 7988 7668 7628)
4(7988 7987 7667 7668)
4(7949 7989 7669 7629)
4(7989 7988 7668 7669)
4(7950 7990 7670 7630)
4(7990 7989 7669 7670)
4(7951 7991 7671 7631)
4(7991 7990 7670 7671)
4(7952 7992 7672 7632)
4(7992 7991 7671 7672)
4(7953 7993 7673 7633)
4(7993 7992 7672 7673)
4(7954 7994 7674 7634)
4(7994 7993 7673 7674)
4(7955 7995 7675 7635)
4(7995 7994 7674 7675)
4(7956 7996 7676 7636)
4(7996 7995 7675 7676)
4(7957 7997 7677 7637)
4(7997 7996 7676 7677)
4(7958 7998 7678 7638)
4(7998 7997 7677 7678)
4(7999 7998 7678 7679)
4(7961 8001 7681 7641)
4(8001 8000 7680 7681)
4(7962 8002 7682 7642)
4(8002 8001 7681 7682)
4(7963 8003 7683 7643)
4(8003 8002 7682 7683)
4(7964 8004 7684 7644)
4(8004 8003 7683 7684)
4(7965 8005 7685 7645)
4(8005 8004 7684 7685)
4(7966 8006 7686 7646)
4(8006 8005 7685 7686)
4(7967 8007 7687 7647)
4(8007 8006 7686 7687)
4(7968 8008 7688 7648)
4(8008 8007 7687 7688)
4(7969 8009 7689 7649)
4(8009 8008 7688 7689)
4(7970 8010 7690 7650)
4(8010 8009 7689 7690)
4(7971 8011 7691 7651)
4(8011 8010 7690 7691)
4(7972 8012 7692 7652)
4(8012 8011 7691 7692)
4(7973 8013 7693 7653)
4(8013 8012 7692 7693)
4(7974 8014 7694 7654)
4(8014 8013 7693 7694)
4(7975 8015 7695 7655)
4(8015 8014 7694 7695)
4(7976 8016 7696 7656)
4(8016 8015 7695 7696)
4(7977 8017 7697 7657)
4(8017 8016 7696 7697)
4(7978 8018 7698 7658)
4(8018 8017 7697 7698)
4(7979 8019 7699 7659)
4(8019 8018 7698 7699)
4(7980 8020 7700 7660)
4(8020 8019 7699 7700)
4(7981 8021 7701 7661)
4(8021 8020 7700 7701)
4(7982 8022 7702 7662)
4(8022 8021 7701 7702)
4(7983 8023 7703 7663)
4(8023 8022 7702 7703)
4(7984 8024 7704 7664)
4(8024 8023 7703 7704)
4(7985 8025 7705 7665)
4(8025 8024 7704 7705)
4(7986 8026 7706 7666)
4(8026 8025 7705 7706)
4(7987 8027 7707 7667)
4(8027 8026 7706 7707)
4(7988 8028 7708 7668)
4(8028 8027 7707 7708)
4(7989 8029 7709 7669)
4(8029 8028 7708 7709)
4(7990 8030 7710 7670)
4(8030 8029 7709 7710)
4(7991 8031 7711 7671)
4(8031 8030 7710 7711)
4(7992 8032 7712 7672)
4(8032 8031 7711 7712)
4(7993 8033 7713 7673)
4(8033 8032 7712 7713)
4(7994 8034 7714 7674)
4(8034 8033 7713 7714)
4(7995 8035 7715 7675)
4(8035 8034 7714 7715)
4(7996 8036 7716 7676)
4(8036 8035 7715 7716)
4(7997 8037 7717 7677)
4(8037 8036 7716 7717)
4(7998 8038 7718 7678)
4(8038 8037 7717 7718)
4(8039 8038 7718 7719)
4(8001 8041 7721 7681)
4(8041 8040 7720 7721)
4(8002 8042 7722 7682)
4(8042 8041 7721 7722)
4(8003 8043 7723 7683)
4(8043 8042 7722 7723)
4(8004 8044 7724 7684)
4(8044 8043 7723 7724)
4(8005 8045 7725 7685)
4(8045 8044 7724 7725)
4(8006 8046 7726 7686)
4(8046 8045 7725 7726)
4(8007 8047 7727 7687)
4(8047 8046 7726 7727)
4(8008 8048 7728 7688)
4(8048 8047 7727 7728)
4(8009 8049 7729 7689)
4(8049 8048 7728 7729)
4(8010 8050 7730 7690)
4(8050 8049 7729 7730)
4(8011 8051 7731 7691)
4(8051 8050 7730 7731)
4(8012 8052 7732 7692)
4(8052 8051 7731 7732)
4(8013 8053 7733 7693)
4(8053 8052 7732 7733)
4(8014 8054 7734 7694)
4(8054 8053 7733 7734)
4(8015 8055 7735 7695)
4(8055 8054 7734 7735)
4(8016 8056 7736 7696)
4(8056 8055 7735 7736)
4(8017 8057 7737 7697)
4(8057 8056 7736 7737)
4(8018 8058 7738 7698)
4(8058 8057 7737 7738)
4(8019 8059 7739 7699)
4(8059 8058 7738 7739)
4(8020 8060 7740 7700)
4(8060 8059 7739 7740)
4(8021 8061 7741 7701)
4(8061 8060 7740 7741)
4(8022 8062 7742 7702)
4(8062 8061 7741 7742)
4(8023 8063 7743 7703)
4(8063 8062 7742 7743)
4(8024 8064 7744 7704)
4(8064 8063 7743 7744)
4(8025 8065 7745 7705)
4(8065 8064 7744 7745)
4(8026 8066 7746 7706)
4(8066 8065 7745 7746)
4(8027 8067 7747 7707)
4(8067 8066 7746 7747)
4(8028 8068 7748 7708)
4(8068 8067 7747 7748)
4(8029 8069 7749 7709)
4(8069 8068 7748 7749)
4(8030 8070 7750 7710)
4(8070 8069 7749 7750)
4(8031 8071 7751 7711)
4(8071 8070 7750 7751)
4(8032 8072 7752 7712)
4(8072 8071 7751 7752)
4(8033 8073 7753 7713)
4(8073 8072 7752 7753)
4(8034 8074 7754 7714)
4(8074 8073 7753 7754)
4(8035 8075 7755 7715)
4(8075 8074 7754 7755)
4(8036 8076 7756 7716)
4(8076 8075 7755 7756)
4(8037 8077 7757 7717)
4(8077 8076 7756 7757)
4(8038 8078 7758 7718)
4(8078 8077 7757 7758)
4(8079 8078 7758 7759)
4(8041 8081 7761 7721)
4(8081 8080 7760 7761)
4(8042 8082 7762 7722)
4(8082 8081 7761 7762)
4(8043 8083 7763 7723)
4(8083 8082 7762 7763)
4(8044 8084 7764 7724)
4(8084 8083 7763 7764)
4(8045 8085 7765 7725)
4(8085 8084 7764 7765)
4(8046 8086 7766 7726)
4(8086 8085 7765 7766)
4(8047 8087 7767 7727)
4(8087 8086 7766 7767)
4(8048 8088 7768 7728)
4(8088 8087 7767 7768)
4(8049 8089 7769 7729)
4(8089 8088 7768 7769)
4(8050 8090 7770 7730)
4(8090 8089 7769 7770)
4(8051 8091 7771 7731)
4(8091 8090 7770 7771)
4(8052 8092 7772 7732)
4(8092 8091 7771 7772)
4(8053 8093 7773 7733)
4(8093 8092 7772 7773)
4(8054 8094 7774 7734)
4(8094 8093 7773 7774)
4(8055 8095 7775 7735)
4(8095 8094 7774 7775)
4(8056 8096 7776 7736)
4(8096 8095 7775 7776)
4(8057 8097 7777 7737)
4(8097 8096 7776 7777)
4(8058 8098 7778 7738)
4(8098 8097 7777 7778)
4(8059 8099 7779 7739)
4(8099 8098 7778 7779)
4(8060 8100 7780 7740)
4(8100 8099 7779 7780)
4(8061 8101 7781 7741)
4(8101 8100 7780 7781)
4(8062 8102 7782 7742)
4(8102 8101 7781 7782)
4(8063 8103 7783 7743)
4(8103 8102 7782 7783)
4(8064 8104 7784 7744)
4(8104 8103 7783 7784)
4(8065 8105 7785 7745)
4(8105 8104 7784 7785)
4(8066 8106 7786 7746)
4(8106 8105 7785 7786)
4(8067 8107 7787 7747)
4(8107 8106 7786 7787)
4(8068 8108 7788 7748)
4(8108 8107 7787 7788)
4(8069 8109 7789 7749)
4(8109 8108 7788 7789)
4(8070 8110 7790 7750)
4(8110 8109 7789 7790)
4(8071 8111 7791 7751)
4(8111 8110 7790 7791)
4(8072 8112 7792 7752)
4(8112 8111 7791 7792)
4(8073 8113 7793 7753)
4(8113 8112 7792 7793)
4(8074 8114 7794 7754)
4(8114 8113 7793 7794)
4(8075 8115 7795 7755)
4(8115 8114 7794 7795)
4(8076 8116 7796 7756)
4(8116 8115 7795 7796)
4(8077 8117 7797 7757)
4(8117 8116 7796 7797)
4(8078 8118 7798 7758)
4(8118 8117 7797 7798)
4(8119 8118 7798 7799)
4(8081 8121 7801 7761)
4(8121 8120 7800 7801)
4(8082 8122 7802 7762)
4(8122 8121 7801 7802)
4(8083 8123 7803 7763)
4(8123 8122 7802 7803)
4(8084 8124 7804 7764)
4(8124 8123 7803 7804)
4(8085 8125 7805 7765)
4(8125 8124 7804 7805)
4(8086 8126 7806 7766)
4(8126 8125 7805 7806)
4(8087 8127 7807 7767)
4(8127 8126 7806 7807)
4(8088 8128 7808 7768)
4(8128 8127 7807 7808)
4(8089 8129 7809 7769)
4(8129 8128 7808 7809)
4(8090 8130 7810 7770)
4(8130 8129 7809 7810)
4(8091 8131 7811 7771)
4(8131 8130 7810 7811)
4(8092 8132 7812 7772)
4(8132 8131 7811 7812)
4(8093 8133 7813 7773)
4(8133 8132 7812 7813)
4(8094 8134 7814 7774)
4(8134 8133 7813 7814)
4(8095 8135 7815 7775)
4(8135 8134 7814 7815)
4(8096 8136 7816 7776)
4(8136 8135 7815 7816)
4(8097 8137 7817 7777)
4(8137 8136 7816 7817)
4(8098 8138 7818 7778)
4(8138 8137 7817 7818)
4(8099 8139 7819 7779)
4(8139 8138 7818 7819)
4(8100 8140 7820 7780)
4(8140 8139 7819 7820)
4(8101 8141 7821 7781)
4(8141 8140 7820 7821)
4(8102 8142 7822 7782)
4(8142 8141 7821 7822)
4(8103 8143 7823 7783)
4(8143 8142 7822 7823)
4(8104 8144 7824 7784)
4(8144 8143 7823 7824)
4(8105 8145 7825 7785)
4(8145 8144 7824 7825)
4(8106 8146 7826 7786)
4(8146 8145 7825 7826)
4(8107 8147 7827 7787)
4(8147 8146 7826 7827)
4(8108 8148 7828 7788)
4(8148 8147 7827 7828)
4(8109 8149 7829 7789)
4(8149 8148 7828 7829)
4(8110 8150 7830 7790)
4(8150 8149 7829 7830)
4(8111 8151 7831 7791)
4(8151 8150 7830 7831)
4(8112 8152 7832 7792)
4(8152 8151 7831 7832)
4(8113 8153 7833 7793)
4(8153 8152 7832 7833)
4(8114 8154 7834 7794)
4(8154 8153 7833 7834)
4(8115 8155 7835 7795)
4(8155 8154 7834 7835)
4(8116 8156 7836 7796)
4(8156 8155 7835 7836)
4(8117 8157 7837 7797)
4(8157 8156 7836 7837)
4(8118 8158 7838 7798)
4(8158 8157 7837 7838)
4(8159 8158 7838 7839)
4(8121 8161 7841 7801)
4(8161 8160 7840 7841)
4(8122 8162 7842 7802)
4(8162 8161 7841 7842)
4(8123 8163 7843 7803)
4(8163 8162 7842 7843)
4(8124 8164 7844 7804)
4(8164 8163 7843 7844)
4(8125 8165 7845 7805)
4(8165 8164 7844 7845)
4(8126 8166 7846 7806)
4(8166 8165 7845 7846)
4(8127 8167 7847 7807)
4(8167 8166 7846 7847)
4(8128 8168 7848 7808)
4(8168 8167 7847 7848)
4(8129 8169 7849 7809)
4(8169 8168 7848 7849)
4(8130 8170 7850 7810)
4(8170 8169 7849 7850)
4(8131 8171 7851 7811)
4(8171 8170 7850 7851)
4(8132 8172 7852 7812)
4(8172 8171 7851 7852)
4(8133 8173 7853 7813)
4(8173 8172 7852 7853)
4(8134 8174 7854 7814)
4(8174 8173 7853 7854)
4(8135 8175 7855 7815)
4(8175 8174 7854 7855)
4(8136 8176 7856 7816)
4(8176 8175 7855 7856)
4(8137 8177 7857 7817)
4(8177 8176 7856 7857)
4(8138 8178 7858 7818)
4(8178 8177 7857 7858)
4(8139 8179 7859 7819)
4(8179 8178 7858 7859)
4(8140 8180 7860 7820)
4(8180 8179 7859 7860)
4(8141 8181 7861 7821)
4(8181 8180 7860 7861)
4(8142 8182 7862 7822)
4(8182 8181 7861 7862)
4(8143 8183 7863 7823)
4(8183 8182 7862 7863)
4(8144 8184 7864 7824)
4(8184 8183 7863 7864)
4(8145 8185 7865 7825)
4(8185 8184 7864 7865)
4(8146 8186 7866 7826)
4(8186 8185 7865 7866)
4(8147 8187 7867 7827)
4(8187 8186 7866 7867)
4(8148 8188 7868 7828)
4(8188 8187 7867 7868)
4(8149 8189 7869 7829)
4(8189 8188 7868 7869)
4(8150 8190 7870 7830)
4(8190 8189 7869 7870)
4(8151 8191 7871 7831)
4(8191 8190 7870 7871)
4(8152 8192 7872 7832)
4(8192 8191 7871 7872)
4(8153 8193 7873 7833)
4(8193 8192 7872 7873)
4(8154 8194 7874 7834)
4(8194 8193 7873 7874)
4(8155 8195 7875 7835)
4(8195 8194 7874 7875)
4(8156 8196 7876 7836)
4(8196 8195 7875 7876)
4(8157 8197 7877 7837)
4(8197 8196 7876 7877)
4(8158 8198 7878 7838)
4(8198 8197 7877 7878)
4(8199 8198 7878 7879)
4(8161 8201 7881 7841)
4(8201 8200 7880 7881)
4(8162 8202 7882 7842)
4(8202 8201 7881 7882)
4(8163 8203 7883 7843)
4(8203 8202 7882 7883)
4(8164 8204 7884 7844)
4(8204 8203 7883 7884)
4(8165 8205 7885 7845)
4(8205 8204 7884 7885)
4(8166 8206 7886 7846)
4(8206 8205 7885 7886)
4(8167 8207 7887 7847)
4(8207 8206 7886 7887)
4(8168 8208 7888 7848)
4(8208 8207 7887 7888)
4(8169 8209 7889 7849)
4(8209 8208 7888 7889)
4(8170 8210 7890 7850)
4(8210 8209 7889 7890)
4(8171 8211 7891 7851)
4(8211 8210 7890 7891)
4(8172 8212 7892 7852)
4(8212 8211 7891 7892)
4(8173 8213 7893 7853)
4(8213 8212 7892 7893)
4(8174 8214 7894 7854)
4(8214 8213 7893 7894)
4(8175 8215 7895 7855)
4(8215 8214 7894 7895)
4(8176 8216 7896 7856)
4(8216 8215 7895 7896)
4(8177 8217 7897 7857)
4(8217 8216 7896 7897)
4(8178 8218 7898 7858)
4(8218 8217 7897 7898)
4(8179 8219 7899 7859)
4(8219 8218 7898 7899)
4(8180 8220 7900 7860)
4(8220 8219 7899 7900)
4(8181 8221 7901 7861)
4(8221 8220 7900 7901)
4(8182 8222 7902 7862)
4(8222 8221 7901 7902)
4(8183 8223 7903 7863)
4(8223 8222 7902 7903)
4(8184 8224 7904 7864)
4(8224 8223 7903 7904)
4(8185 8225 7905 7865)
4(8225 8224 7904 7905)
4(8186 8226 7906 7866)
4(8226 8225 7905 7906)
4(8187 8227 7907 7867)
4(8227 8226 7906 7907)
4(8188 8228 7908 7868)
4(8228 8227 7907 7908)
4(8189 8229 7909 7869)
4(8229 8228 7908 7909)
4(8190 8230 7910 7870)
4(8230 8229 7909 7910)
4(8191 8231 7911 7871)
4(8231 8230 7910 7911)
4(8192 8232 7912 7872)
4(8232 8231 7911 7912)
4(8193 8233 7913 7873)
4(8233 8232 7912 7913)
4(8194 8234 7914 7874)
4(8234 8233 7913 7914)
4(8195 8235 7915 7875)
4(8235 8234 7914 7915)
4(8196 8236 7916 7876)
4(8236 8235 7915 7916)
4(8197 8237 7917 7877)
4(8237 8236 7916 7917)
4(8198 8238 7918 7878)
4(8238 8237 7917 7918)
4(8239 8238 7918 7919)
4(6921 8241 281 321)
4(8241 8240 280 281)
4(6920 8240 8241 6921)
4(6922 8242 282 322)
4(8242 8241 281 282)
4(6921 8241 8242 6922)
4(6923 8243 283 323)
4(8243 8242 282 283)
4(6922 8242 8243 6923)
4(6924 8244 284 324)
4(8244 8243 283 284)
4(6923 8243 8244 6924)
4(6925 8245 285 325)
4(8245 8244 284 285)
4(6924 8244 8245 6925)
4(6926 8246 286 326)
4(8246 8245 285 286)
4(6925 8245 8246 6926)
4(6927 8247 287 327)
4(8247 8246 286 287)
4(6926 8246 8247 6927)
4(6928 8248 288 328)
4(8248 8247 287 288)
4(6927 8247 8248 6928)
4(6929 8249 289 329)
4(8249 8248 288 289)
4(6928 8248 8249 6929)
4(6930 8250 290 330)
4(8250 8249 289 290)
4(6929 8249 8250 6930)
4(6931 8251 291 331)
4(8251 8250 290 291)
4(6930 8250 8251 6931)
4(6932 8252 292 332)
4(8252 8251 291 292)
4(6931 8251 8252 6932)
4(6933 8253 293 333)
4(8253 8252 292 293)
4(6932 8252 8253 6933)
4(6934 8254 294 334)
4(8254 8253 293 294)
4(6933 8253 8254 6934)
4(6935 8255 295 335)
4(8255 8254 294 295)
4(6934 8254 8255 6935)
4(6936 8256 296 336)
4(8256 8255 295 296)
4(6935 8255 8256 6936)
4(6937 8257 297 337)
4(8257 8256 296 297)
4(6936 8256 8257 6937)
4(6938 8258 298 338)
4(8258 8257 297 298)
4(6937 8257 8258 6938)
4(6939 8259 299 339)
4(8259 8258 298 299)
4(6938 8258 8259 6939)
4(6940 8260 300 340)
4(8260 8259 299 300)
4(6939 8259 8260 6940)
4(6941 8261 301 341)
4(8261 8260 300 301)
4(6940 8260 8261 6941)
4(6942 8262 302 342)
4(8262 8261 301 302)
4(6941 8261 8262 6942)
4(6943 8263 303 343)
4(8263 8262 302 303)
4(6942 8262 8263 6943)
4(6944 8264 304 344)
4(8264 8263 303 304)
4(6943 8263 8264 6944)
4(6945 8265 305 345)
4(8265 8264 304 305)
4(6944 8264 8265 6945)
4(6946 8266 306 346)
4(8266 8265 305 306)
4(6945 8265 8266 6946)
4(6947 8267 307 347)
4(8267 8266 306 307)
4(6946 8266 8267 6947)
4(6948 8268 308 348)
4(8268 8267 307 308)
4(6947 8267 8268 6948)
4(6949 8269 309 349)
4(8269 8268 308 309)
4(6948 8268 8269 6949)
4(6950 8270 310 350)
4(8270 8269 309 310)
4(6949 8269 8270 6950)
4(6951 8271 311 351)
4(8271 8270 310 311)
4(6950 8270 8271 6951)
4(6952 8272 312 352)
4(8272 8271 311 312)
4(6951 8271 8272 6952)
4(6953 8273 313 353)
4(8273 8272 312 313)
4(6952 8272 8273 6953)
4(6954 8274 314 354)
4(8274 8273 313 314)
4(6953 8273 8274 6954)
4(6955 8275 315 355)
4(8275 8274 314 315)
4(6954 8274 8275 6955)
4(6956 8276 316 356)
4(8276 8275 315 316)
4(6955 8275 8276 6956)
4(6957 8277 317 357)
4(8277 8276 316 317)
4(6956 8276 8277 6957)
4(6958 8278 318 358)
4(8278 8277 317 318)
4(6957 8277 8278 6958)
4(8279 8278 318 319)
4(6958 8278 8279 6959)
4(8241 8281 241 281)
4(8281 8280 240 241)
4(8240 8280 8281 8241)
4(8242 8282 242 282)
4(8282 8281 241 242)
4(8241 8281 8282 8242)
4(8243 8283 243 283)
4(8283 8282 242 243)
4(8242 8282 8283 8243)
4(8244 8284 244 284)
4(8284 8283 243 244)
4(8243 8283 8284 8244)
4(8245 8285 245 285)
4(8285 8284 244 245)
4(8244 8284 8285 8245)
4(8246 8286 246 286)
4(8286 8285 245 246)
4(8245 8285 8286 8246)
4(8247 8287 247 287)
4(8287 8286 246 247)
4(8246 8286 8287 8247)
4(8248 8288 248 288)
4(8288 8287 247 248)
4(8247 8287 8288 8248)
4(8249 8289 249 289)
4(8289 8288 248 249)
4(8248 8288 8289 8249)
4(8250 8290 250 290)
4(8290 8289 249 250)
4(8249 8289 8290 8250)
4(8251 8291 251 291)
4(8291 8290 250 251)
4(8250 8290 8291 8251)
4(8252 8292 252 292)
4(8292 8291 251 252)
4(8251 8291 8292 8252)
4(8253 8293 253 293)
4(8293 8292 252 253)
4(8252 8292 8293 8253)
4(8254 8294 254 294)
4(8294 8293 253 254)
4(8253 8293 8294 8254)
4(8255 8295 255 295)
4(8295 8294 254 255)
4(8254 8294 8295 8255)
4(8256 8296 256 296)
4(8296 8295 255 256)
4(8255 8295 8296 8256)
4(8257 8297 257 297)
4(8297 8296 256 257)
4(8256 8296 8297 8257)
4(8258 8298 258 298)
4(8298 8297 257 258)
4(8257 8297 8298 8258)
4(8259 8299 259 299)
4(8299 8298 258 259)
4(8258 8298 8299 8259)
4(8260 8300 260 300)
4(8300 8299 259 260)
4(8259 8299 8300 8260)
4(8261 8301 261 301)
4(8301 8300 260 261)
4(8260 8300 8301 8261)
4(8262 8302 262 302)
4(8302 8301 261 262)
4(8261 8301 8302 8262)
4(8263 8303 263 303)
4(8303 8302 262 263)
4(8262 8302 8303 8263)
4(8264 8304 264 304)
4(8304 8303 263 264)
4(8263 8303 8304 8264)
4(8265 8305 265 305)
4(8305 8304 264 265)
4(8264 8304 8305 8265)
4(8266 8306 266 306)
4(8306 8305 265 266)
4(8265 8305 8306 8266)
4(8267 8307 267 307)
4(8307 8306 266 267)
4(8266 8306 8307 8267)
4(8268 8308 268 308)
4(8308 8307 267 268)
4(8267 8307 8308 8268)
4(8269 8309 269 309)
4(8309 8308 268 269)
4(8268 8308 8309 8269)
4(8270 8310 270 310)
4(8310 8309 269 270)
4(8269 8309 8310 8270)
4(8271 8311 271 311)
4(8311 8310 270 271)
4(8270 8310 8311 8271)
4(8272 8312 272 312)
4(8312 8311 271 272)
4(8271 8311 8312 8272)
4(8273 8313 273 313)
4(8313 8312 272 273)
4(8272 8312 8313 8273)
4(8274 8314 274 314)
4(8314 8313 273 274)
4(8273 8313 8314 8274)
4(8275 8315 275 315)
4(8315 8314 274 275)
4(8274 8314 8315 8275)
4(8276 8316 276 316)
4(8316 8315 275 276)
4(8275 8315 8316 8276)
4(8277 8317 277 317)
4(8317 8316 276 277)
4(8276 8316 8317 8277)
4(8278 8318 278 318)
4(8318 8317 277 278)
4(8277 8317 8318 8278)
4(8319 8318 278 279)
4(8278 8318 8319 8279)
4(8281 8321 201 241)
4(8321 8320 200 201)
4(8280 8320 8321 8281)
4(8282 8322 202 242)
4(8322 8321 201 202)
4(8281 8321 8322 8282)
4(8283 8323 203 243)
4(8323 8322 202 203)
4(8282 8322 8323 8283)
4(8284 8324 204 244)
4(8324 8323 203 204)
4(8283 8323 8324 8284)
4(8285 8325 205 245)
4(8325 8324 204 205)
4(8284 8324 8325 8285)
4(8286 8326 206 246)
4(8326 8325 205 206)
4(8285 8325 8326 8286)
4(8287 8327 207 247)
4(8327 8326 206 207)
4(8286 8326 8327 8287)
4(8288 8328 208 248)
4(8328 8327 207 208)
4(8287 8327 8328 8288)
4(8289 8329 209 249)
4(8329 8328 208 209)
4(8288 8328 8329 8289)
4(8290 8330 210 250)
4(8330 8329 209 210)
4(8289 8329 8330 8290)
4(8291 8331 211 251)
4(8331 8330 210 211)
4(8290 8330 8331 8291)
4(8292 8332 212 252)
4(8332 8331 211 212)
4(8291 8331 8332 8292)
4(8293 8333 213 253)
4(8333 8332 212 213)
4(8292 8332 8333 8293)
4(8294 8334 214 254)
4(8334 8333 213 214)
4(8293 8333 8334 8294)
4(8295 8335 215 255)
4(8335 8334 214 215)
4(8294 8334 8335 8295)
4(8296 8336 216 256)
4(8336 8335 215 216)
4(8295 8335 8336 8296)
4(8297 8337 217 257)
4(8337 8336 216 217)
4(8296 8336 8337 8297)
4(8298 8338 218 258)
4(8338 8337 217 218)
4(8297 8337 8338 8298)
4(8299 8339 219 259)
4(8339 8338 218 219)
4(8298 8338 8339 8299)
4(8300 8340 220 260)
4(8340 8339 219 220)
4(8299 8339 8340 8300)
4(8301 8341 221 261)
4(8341 8340 220 221)
4(8300 8340 8341 8301)
4(8302 8342 222 262)
4(8342 8341 221 222)
4(8301 8341 8342 8302)
4(8303 8343 223 263)
4(8343 8342 222 223)
4(8302 8342 8343 8303)
4(8304 8344 224 264)
4(8344 8343 223 224)
4(8303 8343 8344 8304)
4(8305 8345 225 265)
4(8345 8344 224 225)
4(8304 8344 8345 8305)
4(8306 8346 226 266)
4(8346 8345 225 226)
4(8305 8345 8346 8306)
4(8307 8347 227 267)
4(8347 8346 226 227)
4(8306 8346 8347 8307)
4(8308 8348 228 268)
4(8348 8347 227 228)
4(8307 8347 8348 8308)
4(8309 8349 229 269)
4(8349 8348 228 229)
4(8308 8348 8349 8309)
4(8310 8350 230 270)
4(8350 8349 229 230)
4(8309 8349 8350 8310)
4(8311 8351 231 271)
4(8351 8350 230 231)
4(8310 8350 8351 8311)
4(8312 8352 232 272)
4(8352 8351 231 232)
4(8311 8351 8352 8312)
4(8313 8353 233 273)
4(8353 8352 232 233)
4(8312 8352 8353 8313)
4(8314 8354 234 274)
4(8354 8353 233 234)
4(8313 8353 8354 8314)
4(8315 8355 235 275)
4(8355 8354 234 235)
4(8314 8354 8355 8315)
4(8316 8356 236 276)
4(8356 8355 235 236)
4(8315 8355 8356 8316)
4(8317 8357 237 277)
4(8357 8356 236 237)
4(8316 8356 8357 8317)
4(8318 8358 238 278)
4(8358 8357 237 238)
4(8317 8357 8358 8318)
4(8359 8358 238 239)
4(8318 8358 8359 8319)
4(8321 8361 161 201)
4(8361 8360 160 161)
4(8320 8360 8361 8321)
4(8322 8362 162 202)
4(8362 8361 161 162)
4(8321 8361 8362 8322)
4(8323 8363 163 203)
4(8363 8362 162 163)
4(8322 8362 8363 8323)
4(8324 8364 164 204)
4(8364 8363 163 164)
4(8323 8363 8364 8324)
4(8325 8365 165 205)
4(8365 8364 164 165)
4(8324 8364 8365 8325)
4(8326 8366 166 206)
4(8366 8365 165 166)
4(8325 8365 8366 8326)
4(8327 8367 167 207)
4(8367 8366 166 167)
4(8326 8366 8367 8327)
4(8328 8368 168 208)
4(8368 8367 167 168)
4(8327 8367 8368 8328)
4(8329 8369 169 209)
4(8369 8368 168 169)
4(8328 8368 8369 8329)
4(8330 8370 170 210)
4(8370 8369 169 170)
4(8329 8369 8370 8330)
4(8331 8371 171 211)
4(8371 8370 170 171)
4(8330 8370 8371 8331)
4(8332 8372 172 212)
4(8372 8371 171 172)
4(8331 8371 8372 8332)
4(8333 8373 173 213)
4(8373 8372 172 173)
4(8332 8372 8373 8333)
4(8334 8374 174 214)
4(8374 8373 173 174)
4(8333 8373 8374 8334)
4(8335 8375 175 215)
4(8375 8374 174 175)
4(8334 8374 8375 8335)
4(8336 8376 176 216)
4(8376 8375 175 176)
4(8335 8375 8376 8336)
4(8337 8377 177 217)
4(8377 8376 176 177)
4(8336 8376 8377 8337)
4(8338 8378 178 218)
4(8378 8377 177 178)
4(8337 8377 8378 8338)
4(8339 8379 179 219)
4(8379 8378 178 179)
4(8338 8378 8379 8339)
4(8340 8380 180 220)
4(8380 8379 179 180)
4(8339 8379 8380 8340)
4(8341 8381 181 221)
4(8381 8380 180 181)
4(8340 8380 8381 8341)
4(8342 8382 182 222)
4(8382 8381 181 182)
4(8341 8381 8382 8342)
4(8343 8383 183 223)
4(8383 8382 182 183)
4(8342 8382 8383 8343)
4(8344 8384 184 224)
4(8384 8383 183 184)
4(8343 8383 8384 8344)
4(8345 8385 185 225)
4(8385 8384 184 185)
4(8344 8384 8385 8345)
4(8346 8386 186 226)
4(8386 8385 185 186)
4(8345 8385 8386 8346)
4(8347 8387 187 227)
4(8387 8386 186 187)
4(8346 8386 8387 8347)
4(8348 8388 188 228)
4(8388 8387 187 188)
4(8347 8387 8388 8348)
4(8349 8389 189 229)
4(8389 8388 188 189)
4(8348 8388 8389 8349)
4(8350 8390 190 230)
4(8390 8389 189 190)
4(8349 8389 8390 8350)
4(8351 8391 191 231)
4(8391 8390 190 191)
4(8350 8390 8391 8351)
4(8352 8392 192 232)
4(8392 8391 191 192)
4(8351 8391 8392 8352)
4(8353 8393 193 233)
4(8393 8392 192 193)
4(8352 8392 8393 8353)
4(8354 8394 194 234)
4(8394 8393 193 194)
4(8353 8393 8394 8354)
4(8355 8395 195 235)
4(8395 8394 194 195)
4(8354 8394 8395 8355)
4(8356 8396 196 236)
4(8396 8395 195 196)
4(8355 8395 8396 8356)
4(8357 8397 197 237)
4(8397 8396 196 197)
4(8356 8396 8397 8357)
4(8358 8398 198 238)
4(8398 8397 197 198)
4(8357 8397 8398 8358)
4(8399 8398 198 199)
4(8358 8398 8399 8359)
4(8361 8401 121 161)
4(8401 8400 120 121)
4(8360 8400 8401 8361)
4(8362 8402 122 162)
4(8402 8401 121 122)
4(8361 8401 8402 8362)
4(8363 8403 123 163)
4(8403 8402 122 123)
4(8362 8402 8403 8363)
4(8364 8404 124 164)
4(8404 8403 123 124)
4(8363 8403 8404 8364)
4(8365 8405 125 165)
4(8405 8404 124 125)
4(8364 8404 8405 8365)
4(8366 8406 126 166)
4(8406 8405 125 126)
4(8365 8405 8406 8366)
4(8367 8407 127 167)
4(8407 8406 126 127)
4(8366 8406 8407 8367)
4(8368 8408 128 168)
4(8408 8407 127 128)
4(8367 8407 8408 8368)
4(8369 8409 129 169)
4(8409 8408 128 129)
4(8368 8408 8409 8369)
4(8370 8410 130 170)
4(8410 8409 129 130)
4(8369 8409 8410 8370)
4(8371 8411 131 171)
4(8411 8410 130 131)
4(8370 8410 8411 8371)
4(8372 8412 132 172)
4(8412 8411 131 132)
4(8371 8411 8412 8372)
4(8373 8413 133 173)
4(8413 8412 132 133)
4(8372 8412 8413 8373)
4(8374 8414 134 174)
4(8414 8413 133 134)
4(8373 8413 8414 8374)
4(8375 8415 135 175)
4(8415 8414 134 135)
4(8374 8414 8415 8375)
4(8376 8416 136 176)
4(8416 8415 135 136)
4(8375 8415 8416 8376)
4(8377 8417 137 177)
4(8417 8416 136 137)
4(8376 8416 8417 8377)
4(8378 8418 138 178)
4(8418 8417 137 138)
4(8377 8417 8418 8378)
4(8379 8419 139 179)
4(8419 8418 138 139)
4(8378 8418 8419 8379)
4(8380 8420 140 180)
4(8420 8419 139 140)
4(8379 8419 8420 8380)
4(8381 8421 141 181)
4(8421 8420 140 141)
4(8380 8420 8421 8381)
4(8382 8422 142 182)
4(8422 8421 141 142)
4(8381 8421 8422 8382)
4(8383 8423 143 183)
4(8423 8422 142 143)
4(8382 8422 8423 8383)
4(8384 8424 144 184)
4(8424 8423 143 144)
4(8383 8423 8424 8384)
4(8385 8425 145 185)
4(8425 8424 144 145)
4(8384 8424 8425 8385)
4(8386 8426 146 186)
4(8426 8425 145 146)
4(8385 8425 8426 8386)
4(8387 8427 147 187)
4(8427 8426 146 147)
4(8386 8426 8427 8387)
4(8388 8428 148 188)
4(8428 8427 147 148)
4(8387 8427 8428 8388)
4(8389 8429 149 189)
4(8429 8428 148 149)
4(8388 8428 8429 8389)
4(8390 8430 150 190)
4(8430 8429 149 150)
4(8389 8429 8430 8390)
4(8391 8431 151 191)
4(8431 8430 150 151)
4(8390 8430 8431 8391)
4(8392 8432 152 192)
4(8432 8431 151 152)
4(8391 8431 8432 8392)
4(8393 8433 153 193)
4(8433 8432 152 153)
4(8392 8432 8433 8393)
4(8394 8434 154 194)
4(8434 8433 153 154)
4(8393 8433 8434 8394)
4(8395 8435 155 195)
4(8435 8434 154 155)
4(8394 8434 8435 8395)
4(8396 8436 156 196)
4(8436 8435 155 156)
4(8395 8435 8436 8396)
4(8397 8437 157 197)
4(8437 8436 156 157)
4(8396 8436 8437 8397)
4(8398 8438 158 198)
4(8438 8437 157 158)
4(8397 8437 8438 8398)
4(8439 8438 158 159)
4(8398 8438 8439 8399)
4(8401 8441 81 121)
4(8441 8440 80 81)
4(8400 8440 8441 8401)
4(8402 8442 82 122)
4(8442 8441 81 82)
4(8401 8441 8442 8402)
4(8403 8443 83 123)
4(8443 8442 82 83)
4(8402 8442 8443 8403)
4(8404 8444 84 124)
4(8444 8443 83 84)
4(8403 8443 8444 8404)
4(8405 8445 85 125)
4(8445 8444 84 85)
4(8404 8444 8445 8405)
4(8406 8446 86 126)
4(8446 8445 85 86)
4(8405 8445 8446 8406)
4(8407 8447 87 127)
4(8447 8446 86 87)
4(8406 8446 8447 8407)
4(8408 8448 88 128)
4(8448 8447 87 88)
4(8407 8447 8448 8408)
4(8409 8449 89 129)
4(8449 8448 88 89)
4(8408 8448 8449 8409)
4(8410 8450 90 130)
4(8450 8449 89 90)
4(8409 8449 8450 8410)
4(8411 8451 91 131)
4(8451 8450 90 91)
4(8410 8450 8451 8411)
4(8412 8452 92 132)
4(8452 8451 91 92)
4(8411 8451 8452 8412)
4(8413 8453 93 133)
4(8453 8452 92 93)
4(8412 8452 8453 8413)
4(8414 8454 94 134)
4(8454 8453 93 94)
4(8413 8453 8454 8414)
4(8415 8455 95 135)
4(8455 8454 94 95)
4(8414 8454 8455 8415)
4(8416 8456 96 136)
4(8456 8455 95 96)
4(8415 8455 8456 8416)
4(8417 8457 97 137)
4(8457 8456 96 97)
4(8416 8456 8457 8417)
4(8418 8458 98 138)
4(8458 8457 97 98)
4(8417 8457 8458 8418)
4(8419 8459 99 139)
4(8459 8458 98 99)
4(8418 8458 8459 8419)
4(8420 8460 100 140)
4(8460 8459 99 100)
4(8419 8459 8460 8420)
4(8421 8461 101 141)
4(8461 8460 100 101)
4(8420 8460 8461 8421)
4(8422 8462 102 142)
4(8462 8461 101 102)
4(8421 8461 8462 8422)
4(8423 8463 103 143)
4(8463 8462 102 103)
4(8422 8462 8463 8423)
4(8424 8464 104 144)
4(8464 8463 103 104)
4(8423 8463 8464 8424)
4(8425 8465 105 145)
4(8465 8464 104 105)
4(8424 8464 8465 8425)
4(8426 8466 106 146)
4(8466 8465 105 106)
4(8425 8465 8466 8426)
4(8427 8467 107 147)
4(8467 8466 106 107)
4(8426 8466 8467 8427)
4(8428 8468 108 148)
4(8468 8467 107 108)
4(8427 8467 8468 8428)
4(8429 8469 109 149)
4(8469 8468 108 109)
4(8428 8468 8469 8429)
4(8430 8470 110 150)
4(8470 8469 109 110)
4(8429 8469 8470 8430)
4(8431 8471 111 151)
4(8471 8470 110 111)
4(8430 8470 8471 8431)
4(8432 8472 112 152)
4(8472 8471 111 112)
4(8431 8471 8472 8432)
4(8433 8473 113 153)
4(8473 8472 112 113)
4(8432 8472 8473 8433)
4(8434 8474 114 154)
4(8474 8473 113 114)
4(8433 8473 8474 8434)
4(8435 8475 115 155)
4(8475 8474 114 115)
4(8434 8474 8475 8435)
4(8436 8476 116 156)
4(8476 8475 115 116)
4(8435 8475 8476 8436)
4(8437 8477 117 157)
4(8477 8476 116 117)
4(8436 8476 8477 8437)
4(8438 8478 118 158)
4(8478 8477 117 118)
4(8437 8477 8478 8438)
4(8479 8478 118 119)
4(8438 8478 8479 8439)
4(8441 8481 41 81)
4(8481 8480 40 41)
4(8440 8480 8481 8441)
4(8442 8482 42 82)
4(8482 8481 41 42)
4(8441 8481 8482 8442)
4(8443 8483 43 83)
4(8483 8482 42 43)
4(8442 8482 8483 8443)
4(8444 8484 44 84)
4(8484 8483 43 44)
4(8443 8483 8484 8444)
4(8445 8485 45 85)
4(8485 8484 44 45)
4(8444 8484 8485 8445)
4(8446 8486 46 86)
4(8486 8485 45 46)
4(8445 8485 8486 8446)
4(8447 8487 47 87)
4(8487 8486 46 47)
4(8446 8486 8487 8447)
4(8448 8488 48 88)
4(8488 8487 47 48)
4(8447 8487 8488 8448)
4(8449 8489 49 89)
4(8489 8488 48 49)
4(8448 8488 8489 8449)
4(8450 8490 50 90)
4(8490 8489 49 50)
4(8449 8489 8490 8450)
4(8451 8491 51 91)
4(8491 8490 50 51)
4(8450 8490 8491 8451)
4(8452 8492 52 92)
4(8492 8491 51 52)
4(8451 8491 8492 8452)
4(8453 8493 53 93)
4(8493 8492 52 53)
4(8452 8492 8493 8453)
4(8454 8494 54 94)
4(8494 8493 53 54)
4(8453 8493 8494 8454)
4(8455 8495 55 95)
4(8495 8494 54 55)
4(8454 8494 8495 8455)
4(8456 8496 56 96)
4(8496 8495 55 56)
4(8455 8495 8496 8456)
4(8457 8497 57 97)
4(8497 8496 56 57)
4(8456 8496 8497 8457)
4(8458 8498 58 98)
4(8498 8497 57 58)
4(8457 8497 8498 8458)
4(8459 8499 59 99)
4(8499 8498 58 59)
4(8458 8498 8499 8459)
4(8460 8500 60 100)
4(8500 8499 59 60)
4(8459 8499 8500 8460)
4(8461 8501 61 101)
4(8501 8500 60 61)
4(8460 8500 8501 8461)
4(8462 8502 62 102)
4(8502 8501 61 62)
4(8461 8501 8502 8462)
4(8463 8503 63 103)
4(8503 8502 62 63)
4(8462 8502 8503 8463)
4(8464 8504 64 104)
4(8504 8503 63 64)
4(8463 8503 8504 8464)
4(8465 8505 65 105)
4(8505 8504 64 65)
4(8464 8504 8505 8465)
4(8466 8506 66 106)
4(8506 8505 65 66)
4(8465 8505 8506 8466)
4(8467 8507 67 107)
4(8507 8506 66 67)
4(8466 8506 8507 8467)
4(8468 8508 68 108)
4(8508 8507 67 68)
4(8467 8507 8508 8468)
4(8469 8509 69 109)
4(8509 8508 68 69)
4(8468 8508 8509 8469)
4(8470 8510 70 110)
4(8510 8509 69 70)
4(8469 8509 8510 8470)
4(8471 8511 71 111)
4(8511 8510 70 71)
4(8470 8510 8511 8471)
4(8472 8512 72 112)
4(8512 8511 71 72)
4(8471 8511 8512 8472)
4(8473 8513 73 113)
4(8513 8512 72 73)
4(8472 8512 8513 8473)
4(8474 8514 74 114)
4(8514 8513 73 74)
4(8473 8513 8514 8474)
4(8475 8515 75 115)
4(8515 8514 74 75)
4(8474 8514 8515 8475)
4(8476 8516 76 116)
4(8516 8515 75 76)
4(8475 8515 8516 8476)
4(8477 8517 77 117)
4(8517 8516 76 77)
4(8476 8516 8517 8477)
4(8478 8518 78 118)
4(8518 8517 77 78)
4(8477 8517 8518 8478)
4(8519 8518 78 79)
4(8478 8518 8519 8479)
4(8481 3241 1 41)
4(8480 3240 3241 8481)
4(8482 3242 2 42)
4(8481 3241 3242 8482)
4(8483 3243 3 43)
4(8482 3242 3243 8483)
4(8484 3244 4 44)
4(8483 3243 3244 8484)
4(8485 3245 5 45)
4(8484 3244 3245 8485)
4(8486 3246 6 46)
4(8485 3245 3246 8486)
4(8487 3247 7 47)
4(8486 3246 3247 8487)
4(8488 3248 8 48)
4(8487 3247 3248 8488)
4(8489 3249 9 49)
4(8488 3248 3249 8489)
4(8490 3250 10 50)
4(8489 3249 3250 8490)
4(8491 3251 11 51)
4(8490 3250 3251 8491)
4(8492 3252 12 52)
4(8491 3251 3252 8492)
4(8493 3253 13 53)
4(8492 3252 3253 8493)
4(8494 3254 14 54)
4(8493 3253 3254 8494)
4(8495 3255 15 55)
4(8494 3254 3255 8495)
4(8496 3256 16 56)
4(8495 3255 3256 8496)
4(8497 3257 17 57)
4(8496 3256 3257 8497)
4(8498 3258 18 58)
4(8497 3257 3258 8498)
4(8499 3259 19 59)
4(8498 3258 3259 8499)
4(8500 3260 20 60)
4(8499 3259 3260 8500)
4(8501 3261 21 61)
4(8500 3260 3261 8501)
4(8502 3262 22 62)
4(8501 3261 3262 8502)
4(8503 3263 23 63)
4(8502 3262 3263 8503)
4(8504 3264 24 64)
4(8503 3263 3264 8504)
4(8505 3265 25 65)
4(8504 3264 3265 8505)
4(8506 3266 26 66)
4(8505 3265 3266 8506)
4(8507 3267 27 67)
4(8506 3266 3267 8507)
4(8508 3268 28 68)
4(8507 3267 3268 8508)
4(8509 3269 29 69)
4(8508 3268 3269 8509)
4(8510 3270 30 70)
4(8509 3269 3270 8510)
4(8511 3271 31 71)
4(8510 3270 3271 8511)
4(8512 3272 32 72)
4(8511 3271 3272 8512)
4(8513 3273 33 73)
4(8512 3272 3273 8513)
4(8514 3274 34 74)
4(8513 3273 3274 8514)
4(8515 3275 35 75)
4(8514 3274 3275 8515)
4(8516 3276 36 76)
4(8515 3275 3276 8516)
4(8517 3277 37 77)
4(8516 3276 3277 8517)
4(8518 3278 38 78)
4(8517 3277 3278 8518)
4(8518 3278 3279 8519)
4(7241 8521 8241 6921)
4(8521 8520 8240 8241)
4(7240 8520 8521 7241)
4(7242 8522 8242 6922)
4(8522 8521 8241 8242)
4(7241 8521 8522 7242)
4(7243 8523 8243 6923)
4(8523 8522 8242 8243)
4(7242 8522 8523 7243)
4(7244 8524 8244 6924)
4(8524 8523 8243 8244)
4(7243 8523 8524 7244)
4(7245 8525 8245 6925)
4(8525 8524 8244 8245)
4(7244 8524 8525 7245)
4(7246 8526 8246 6926)
4(8526 8525 8245 8246)
4(7245 8525 8526 7246)
4(7247 8527 8247 6927)
4(8527 8526 8246 8247)
4(7246 8526 8527 7247)
4(7248 8528 8248 6928)
4(8528 8527 8247 8248)
4(7247 8527 8528 7248)
4(7249 8529 8249 6929)
4(8529 8528 8248 8249)
4(7248 8528 8529 7249)
4(7250 8530 8250 6930)
4(8530 8529 8249 8250)
4(7249 8529 8530 7250)
4(7251 8531 8251 6931)
4(8531 8530 8250 8251)
4(7250 8530 8531 7251)
4(7252 8532 8252 6932)
4(8532 8531 8251 8252)
4(7251 8531 8532 7252)
4(7253 8533 8253 6933)
4(8533 8532 8252 8253)
4(7252 8532 8533 7253)
4(7254 8534 8254 6934)
4(8534 8533 8253 8254)
4(7253 8533 8534 7254)
4(7255 8535 8255 6935)
4(8535 8534 8254 8255)
4(7254 8534 8535 7255)
4(7256 8536 8256 6936)
4(8536 8535 8255 8256)
4(7255 8535 8536 7256)
4(7257 8537 8257 6937)
4(8537 8536 8256 8257)
4(7256 8536 8537 7257)
4(7258 8538 8258 6938)
4(8538 8537 8257 8258)
4(7257 8537 8538 7258)
4(7259 8539 8259 6939)
4(8539 8538 8258 8259)
4(7258 8538 8539 7259)
4(7260 8540 8260 6940)
4(8540 8539 8259 8260)
4(7259 8539 8540 7260)
4(7261 8541 8261 6941)
4(8541 8540 8260 8261)
4(7260 8540 8541 7261)
4(7262 8542 8262 6942)
4(8542 8541 8261 8262)
4(7261 8541 8542 7262)
4(7263 8543 8263 6943)
4(8543 8542 8262 8263)
4(7262 8542 8543 7263)
4(7264 8544 8264 6944)
4(8544 8543 8263 8264)
4(7263 8543 8544 7264)
4(7265 8545 8265 6945)
4(8545 8544 8264 8265)
4(7264 8544 8545 7265)
4(7266 8546 8266 6946)
4(8546 8545 8265 8266)
4(7265 8545 8546 7266)
4(7267 8547 8267 6947)
4(8547 8546 8266 8267)
4(7266 8546 8547 7267)
4(7268 8548 8268 6948)
4(8548 8547 8267 8268)
4(7267 8547 8548 7268)
4(7269 8549 8269 6949)
4(8549 8548 8268 8269)
4(7268 8548 8549 7269)
4(7270 8550 8270 6950)
4(8550 8549 8269 8270)
4(7269 8549 8550 7270)
4(7271 8551 8271 6951)
4(8551 8550 8270 8271)
4(7270 8550 8551 7271)
4(7272 8552 8272 6952)
4(8552 8551 8271 8272)
4(7271 8551 8552 7272)
4(7273 8553 8273 6953)
4(8553 8552 8272 8273)
4(7272 8552 8553 7273)
4(7274 8554 8274 6954)
4(8554 8553 8273 8274)
4(7273 8553 8554 7274)
4(7275 8555 8275 6955)
4(8555 8554 8274 8275)
4(7274 8554 8555 7275)
4(7276 8556 8276 6956)
4(8556 8555 8275 8276)
4(7275 8555 8556 7276)
4(7277 8557 8277 6957)
4(8557 8556 8276 8277)
4(7276 8556 8557 7277)
4(7278 8558 8278 6958)
4(8558 8557 8277 8278)
4(7277 8557 8558 7278)
4(8559 8558 8278 8279)
4(7278 8558 8559 7279)
4(8521 8561 8281 8241)
4(8561 8560 8280 8281)
4(8520 8560 8561 8521)
4(8522 8562 8282 8242)
4(8562 8561 8281 8282)
4(8521 8561 8562 8522)
4(8523 8563 8283 8243)
4(8563 8562 8282 8283)
4(8522 8562 8563 8523)
4(8524 8564 8284 8244)
4(8564 8563 8283 8284)
4(8523 8563 8564 8524)
4(8525 8565 8285 8245)
4(8565 8564 8284 8285)
4(8524 8564 8565 8525)
4(8526 8566 8286 8246)
4(8566 8565 8285 8286)
4(8525 8565 8566 8526)
4(8527 8567 8287 8247)
4(8567 8566 8286 8287)
4(8526 8566 8567 8527)
4(8528 8568 8288 8248)
4(8568 8567 8287 8288)
4(8527 8567 8568 8528)
4(8529 8569 8289 8249)
4(8569 8568 8288 8289)
4(8528 8568 8569 8529)
4(8530 8570 8290 8250)
4(8570 8569 8289 8290)
4(8529 8569 8570 8530)
4(8531 8571 8291 8251)
4(8571 8570 8290 8291)
4(8530 8570 8571 8531)
4(8532 8572 8292 8252)
4(8572 8571 8291 8292)
4(8531 8571 8572 8532)
4(8533 8573 8293 8253)
4(8573 8572 8292 8293)
4(8532 8572 8573 8533)
4(8534 8574 8294 8254)
4(8574 8573 8293 8294)
4(8533 8573 8574 8534)
4(8535 8575 8295 8255)
4(8575 8574 8294 8295)
4(8534 8574 8575 8535)
4(8536 8576 8296 8256)
4(8576 8575 8295 8296)
4(8535 8575 8576 8536)
4(8537 8577 8297 8257)
4(8577 8576 8296 8297)
4(8536 8576 8577 8537)
4(8538 8578 8298 8258)
4(8578 8577 8297 8298)
4(8537 8577 8578 8538)
4(8539 8579 8299 8259)
4(8579 8578 8298 8299)
4(8538 8578 8579 8539)
4(8540 8580 8300 8260)
4(8580 8579 8299 8300)
4(8539 8579 8580 8540)
4(8541 8581 8301 8261)
4(8581 8580 8300 8301)
4(8540 8580 8581 8541)
4(8542 8582 8302 8262)
4(8582 8581 8301 8302)
4(8541 8581 8582 8542)
4(8543 8583 8303 8263)
4(8583 8582 8302 8303)
4(8542 8582 8583 8543)
4(8544 8584 8304 8264)
4(8584 8583 8303 8304)
4(8543 8583 8584 8544)
4(8545 8585 8305 8265)
4(8585 8584 8304 8305)
4(8544 8584 8585 8545)
4(8546 8586 8306 8266)
4(8586 8585 8305 8306)
4(8545 8585 8586 8546)
4(8547 8587 8307 8267)
4(8587 8586 8306 8307)
4(8546 8586 8587 8547)
4(8548 8588 8308 8268)
4(8588 8587 8307 8308)
4(8547 8587 8588 8548)
4(8549 8589 8309 8269)
4(8589 8588 8308 8309)
4(8548 8588 8589 8549)
4(8550 8590 8310 8270)
4(8590 8589 8309 8310)
4(8549 8589 8590 8550)
4(8551 8591 8311 8271)
4(8591 8590 8310 8311)
4(8550 8590 8591 8551)
4(8552 8592 8312 8272)
4(8592 8591 8311 8312)
4(8551 8591 8592 8552)
4(8553 8593 8313 8273)
4(8593 8592 8312 8313)
4(8552 8592 8593 8553)
4(8554 8594 8314 8274)
4(8594 8593 8313 8314)
4(8553 8593 8594 8554)
4(8555 8595 8315 8275)
4(8595 8594 8314 8315)
4(8554 8594 8595 8555)
4(8556 8596 8316 8276)
4(8596 8595 8315 8316)
4(8555 8595 8596 8556)
4(8557 8597 8317 8277)
4(8597 8596 8316 8317)
4(8556 8596 8597 8557)
4(8558 8598 8318 8278)
4(8598 8597 8317 8318)
4(8557 8597 8598 8558)
4(8599 8598 8318 8319)
4(8558 8598 8599 8559)
4(8561 8601 8321 8281)
4(8601 8600 8320 8321)
4(8560 8600 8601 8561)
4(8562 8602 8322 8282)
4(8602 8601 8321 8322)
4(8561 8601 8602 8562)
4(8563 8603 8323 8283)
4(8603 8602 8322 8323)
4(8562 8602 8603 8563)
4(8564 8604 8324 8284)
4(8604 8603 8323 8324)
4(8563 8603 8604 8564)
4(8565 8605 8325 8285)
4(8605 8604 8324 8325)
4(8564 8604 8605 8565)
4(8566 8606 8326 8286)
4(8606 8605 8325 8326)
4(8565 8605 8606 8566)
4(8567 8607 8327 8287)
4(8607 8606 8326 8327)
4(8566 8606 8607 8567)
4(8568 8608 8328 8288)
4(8608 8607 8327 8328)
4(8567 8607 8608 8568)
4(8569 8609 8329 8289)
4(8609 8608 8328 8329)
4(8568 8608 8609 8569)
4(8570 8610 8330 8290)
4(8610 8609 8329 8330)
4(8569 8609 8610 8570)
4(8571 8611 8331 8291)
4(8611 8610 8330 8331)
4(8570 8610 8611 8571)
4(8572 8612 8332 8292)
4(8612 8611 8331 8332)
4(8571 8611 8612 8572)
4(8573 8613 8333 8293)
4(8613 8612 8332 8333)
4(8572 8612 8613 8573)
4(8574 8614 8334 8294)
4(8614 8613 8333 8334)
4(8573 8613 8614 8574)
4(8575 8615 8335 8295)
4(8615 8614 8334 8335)
4(8574 8614 8615 8575)
4(8576 8616 8336 8296)
4(8616 8615 8335 8336)
4(8575 8615 8616 8576)
4(8577 8617 8337 8297)
4(8617 8616 8336 8337)
4(8576 8616 8617 8577)
4(8578 8618 8338 8298)
4(8618 8617 8337 8338)
4(8577 8617 8618 8578)
4(8579 8619 8339 8299)
4(8619 8618 8338 8339)
4(8578 8618 8619 8579)
4(8580 8620 8340 8300)
4(8620 8619 8339 8340)
4(8579 8619 8620 8580)
4(8581 8621 8341 8301)
4(8621 8620 8340 8341)
4(8580 8620 8621 8581)
4(8582 8622 8342 8302)
4(8622 8621 8341 8342)
4(8581 8621 8622 8582)
4(8583 8623 8343 8303)
4(8623 8622 8342 8343)
4(8582 8622 8623 8583)
4(8584 8624 8344 8304)
4(8624 8623 8343 8344)
4(8583 8623 8624 8584)
4(8585 8625 8345 8305)
4(8625 8624 8344 8345)
4(8584 8624 8625 8585)
4(8586 8626 8346 8306)
4(8626 8625 8345 8346)
4(8585 8625 8626 8586)
4(8587 8627 8347 8307)
4(8627 8626 8346 8347)
4(8586 8626 8627 8587)
4(8588 8628 8348 8308)
4(8628 8627 8347 8348)
4(8587 8627 8628 8588)
4(8589 8629 8349 8309)
4(8629 8628 8348 8349)
4(8588 8628 8629 8589)
4(8590 8630 8350 8310)
4(8630 8629 8349 8350)
4(8589 8629 8630 8590)
4(8591 8631 8351 8311)
4(8631 8630 8350 8351)
4(8590 8630 8631 8591)
4(8592 8632 8352 8312)
4(8632 8631 8351 8352)
4(8591 8631 8632 8592)
4(8593 8633 8353 8313)
4(8633 8632 8352 8353)
4(8592 8632 8633 8593)
4(8594 8634 8354 8314)
4(8634 8633 8353 8354)
4(8593 8633 8634 8594)
4(8595 8635 8355 8315)
4(8635 8634 8354 8355)
4(8594 8634 8635 8595)
4(8596 8636 8356 8316)
4(8636 8635 8355 8356)
4(8595 8635 8636 8596)
4(8597 8637 8357 8317)
4(8637 8636 8356 8357)
4(8596 8636 8637 8597)
4(8598 8638 8358 8318)
4(8638 8637 8357 8358)
4(8597 8637 8638 8598)
4(8639 8638 8358 8359)
4(8598 8638 8639 8599)
4(8601 8641 8361 8321)
4(8641 8640 8360 8361)
4(8600 8640 8641 8601)
4(8602 8642 8362 8322)
4(8642 8641 8361 8362)
4(8601 8641 8642 8602)
4(8603 8643 8363 8323)
4(8643 8642 8362 8363)
4(8602 8642 8643 8603)
4(8604 8644 8364 8324)
4(8644 8643 8363 8364)
4(8603 8643 8644 8604)
4(8605 8645 8365 8325)
4(8645 8644 8364 8365)
4(8604 8644 8645 8605)
4(8606 8646 8366 8326)
4(8646 8645 8365 8366)
4(8605 8645 8646 8606)
4(8607 8647 8367 8327)
4(8647 8646 8366 8367)
4(8606 8646 8647 8607)
4(8608 8648 8368 8328)
4(8648 8647 8367 8368)
4(8607 8647 8648 8608)
4(8609 8649 8369 8329)
4(8649 8648 8368 8369)
4(8608 8648 8649 8609)
4(8610 8650 8370 8330)
4(8650 8649 8369 8370)
4(8609 8649 8650 8610)
4(8611 8651 8371 8331)
4(8651 8650 8370 8371)
4(8610 8650 8651 8611)
4(8612 8652 8372 8332)
4(8652 8651 8371 8372)
4(8611 8651 8652 8612)
4(8613 8653 8373 8333)
4(8653 8652 8372 8373)
4(8612 8652 8653 8613)
4(8614 8654 8374 8334)
4(8654 8653 8373 8374)
4(8613 8653 8654 8614)
4(8615 8655 8375 8335)
4(8655 8654 8374 8375)
4(8614 8654 8655 8615)
4(8616 8656 8376 8336)
4(8656 8655 8375 8376)
4(8615 8655 8656 8616)
4(8617 8657 8377 8337)
4(8657 8656 8376 8377)
4(8616 8656 8657 8617)
4(8618 8658 8378 8338)
4(8658 8657 8377 8378)
4(8617 8657 8658 8618)
4(8619 8659 8379 8339)
4(8659 8658 8378 8379)
4(8618 8658 8659 8619)
4(8620 8660 8380 8340)
4(8660 8659 8379 8380)
4(8619 8659 8660 8620)
4(8621 8661 8381 8341)
4(8661 8660 8380 8381)
4(8620 8660 8661 8621)
4(8622 8662 8382 8342)
4(8662 8661 8381 8382)
4(8621 8661 8662 8622)
4(8623 8663 8383 8343)
4(8663 8662 8382 8383)
4(8622 8662 8663 8623)
4(8624 8664 8384 8344)
4(8664 8663 8383 8384)
4(8623 8663 8664 8624)
4(8625 8665 8385 8345)
4(8665 8664 8384 8385)
4(8624 8664 8665 8625)
4(8626 8666 8386 8346)
4(8666 8665 8385 8386)
4(8625 8665 8666 8626)
4(8627 8667 8387 8347)
4(8667 8666 8386 8387)
4(8626 8666 8667 8627)
4(8628 8668 8388 8348)
4(8668 8667 8387 8388)
4(8627 8667 8668 8628)
4(8629 8669 8389 8349)
4(8669 8668 8388 8389)
4(8628 8668 8669 8629)
4(8630 8670 8390 8350)
4(8670 8669 8389 8390)
4(8629 8669 8670 8630)
4(8631 8671 8391 8351)
4(8671 8670 8390 8391)
4(8630 8670 8671 8631)
4(8632 8672 8392 8352)
4(8672 8671 8391 8392)
4(8631 8671 8672 8632)
4(8633 8673 8393 8353)
4(8673 8672 8392 8393)
4(8632 8672 8673 8633)
4(8634 8674 8394 8354)
4(8674 8673 8393 8394)
4(8633 8673 8674 8634)
4(8635 8675 8395 8355)
4(8675 8674 8394 8395)
4(8634 8674 8675 8635)
4(8636 8676 8396 8356)
4(8676 8675 8395 8396)
4(8635 8675 8676 8636)
4(8637 8677 8397 8357)
4(8677 8676 8396 8397)
4(8636 8676 8677 8637)
4(8638 8678 8398 8358)
4(8678 8677 8397 8398)
4(8637 8677 8678 8638)
4(8679 8678 8398 8399)
4(8638 8678 8679 8639)
4(8641 8681 8401 8361)
4(8681 8680 8400 8401)
4(8640 8680 8681 8641)
4(8642 8682 8402 8362)
4(8682 8681 8401 8402)
4(8641 8681 8682 8642)
4(8643 8683 8403 8363)
4(8683 8682 8402 8403)
4(8642 8682 8683 8643)
4(8644 8684 8404 8364)
4(8684 8683 8403 8404)
4(8643 8683 8684 8644)
4(8645 8685 8405 8365)
4(8685 8684 8404 8405)
4(8644 8684 8685 8645)
4(8646 8686 8406 8366)
4(8686 8685 8405 8406)
4(8645 8685 8686 8646)
4(8647 8687 8407 8367)
4(8687 8686 8406 8407)
4(8646 8686 8687 8647)
4(8648 8688 8408 8368)
4(8688 8687 8407 8408)
4(8647 8687 8688 8648)
4(8649 8689 8409 8369)
4(8689 8688 8408 8409)
4(8648 8688 8689 8649)
4(8650 8690 8410 8370)
4(8690 8689 8409 8410)
4(8649 8689 8690 8650)
4(8651 8691 8411 8371)
4(8691 8690 8410 8411)
4(8650 8690 8691 8651)
4(8652 8692 8412 8372)
4(8692 8691 8411 8412)
4(8651 8691 8692 8652)
4(8653 8693 8413 8373)
4(8693 8692 8412 8413)
4(8652 8692 8693 8653)
4(8654 8694 8414 8374)
4(8694 8693 8413 8414)
4(8653 8693 8694 8654)
4(8655 8695 8415 8375)
4(8695 8694 8414 8415)
4(8654 8694 8695 8655)
4(8656 8696 8416 8376)
4(8696 8695 8415 8416)
4(8655 8695 8696 8656)
4(8657 8697 8417 8377)
4(8697 8696 8416 8417)
4(8656 8696 8697 8657)
4(8658 8698 8418 8378)
4(8698 8697 8417 8418)
4(8657 8697 8698 8658)
4(8659 8699 8419 8379)
4(8699 8698 8418 8419)
4(8658 8698 8699 8659)
4(8660 8700 8420 8380)
4(8700 8699 8419 8420)
4(8659 8699 8700 8660)
4(8661 8701 8421 8381)
4(8701 8700 8420 8421)
4(8660 8700 8701 8661)
4(8662 8702 8422 8382)
4(8702 8701 8421 8422)
4(8661 8701 8702 8662)
4(8663 8703 8423 8383)
4(8703 8702 8422 8423)
4(8662 8702 8703 8663)
4(8664 8704 8424 8384)
4(8704 8703 8423 8424)
4(8663 8703 8704 8664)
4(8665 8705 8425 8385)
4(8705 8704 8424 8425)
4(8664 8704 8705 8665)
4(8666 8706 8426 8386)
4(8706 8705 8425 8426)
4(8665 8705 8706 8666)
4(8667 8707 8427 8387)
4(8707 8706 8426 8427)
4(8666 8706 8707 8667)
4(8668 8708 8428 8388)
4(8708 8707 8427 8428)
4(8667 8707 8708 8668)
4(8669 8709 8429 8389)
4(8709 8708 8428 8429)
4(8668 8708 8709 8669)
4(8670 8710 8430 8390)
4(8710 8709 8429 8430)
4(8669 8709 8710 8670)
4(8671 8711 8431 8391)
4(8711 8710 8430 8431)
4(8670 8710 8711 8671)
4(8672 8712 8432 8392)
4(8712 8711 8431 8432)
4(8671 8711 8712 8672)
4(8673 8713 8433 8393)
4(8713 8712 8432 8433)
4(8672 8712 8713 8673)
4(8674 8714 8434 8394)
4(8714 8713 8433 8434)
4(8673 8713 8714 8674)
4(8675 8715 8435 8395)
4(8715 8714 8434 8435)
4(8674 8714 8715 8675)
4(8676 8716 8436 8396)
4(8716 8715 8435 8436)
4(8675 8715 8716 8676)
4(8677 8717 8437 8397)
4(8717 8716 8436 8437)
4(8676 8716 8717 8677)
4(8678 8718 8438 8398)
4(8718 8717 8437 8438)
4(8677 8717 8718 8678)
4(8719 8718 8438 8439)
4(8678 8718 8719 8679)
4(8681 8721 8441 8401)
4(8721 8720 8440 8441)
4(8680 8720 8721 8681)
4(8682 8722 8442 8402)
4(8722 8721 8441 8442)
4(8681 8721 8722 8682)
4(8683 8723 8443 8403)
4(8723 8722 8442 8443)
4(8682 8722 8723 8683)
4(8684 8724 8444 8404)
4(8724 8723 8443 8444)
4(8683 8723 8724 8684)
4(8685 8725 8445 8405)
4(8725 8724 8444 8445)
4(8684 8724 8725 8685)
4(8686 8726 8446 8406)
4(8726 8725 8445 8446)
4(8685 8725 8726 8686)
4(8687 8727 8447 8407)
4(8727 8726 8446 8447)
4(8686 8726 8727 8687)
4(8688 8728 8448 8408)
4(8728 8727 8447 8448)
4(8687 8727 8728 8688)
4(8689 8729 8449 8409)
4(8729 8728 8448 8449)
4(8688 8728 8729 8689)
4(8690 8730 8450 8410)
4(8730 8729 8449 8450)
4(8689 8729 8730 8690)
4(8691 8731 8451 8411)
4(8731 8730 8450 8451)
4(8690 8730 8731 8691)
4(8692 8732 8452 8412)
4(8732 8731 8451 8452)
4(8691 8731 8732 8692)
4(8693 8733 8453 8413)
4(8733 8732 8452 8453)
4(8692 8732 8733 8693)
4(8694 8734 8454 8414)
4(8734 8733 8453 8454)
4(8693 8733 8734 8694)
4(8695 8735 8455 8415)
4(8735 8734 8454 8455)
4(8694 8734 8735 8695)
4(8696 8736 8456 8416)
4(8736 8735 8455 8456)
4(8695 8735 8736 8696)
4(8697 8737 8457 8417)
4(8737 8736 8456 8457)
4(8696 8736 8737 8697)
4(8698 8738 8458 8418)
4(8738 8737 8457 8458)
4(8697 8737 8738 8698)
4(8699 8739 8459 8419)
4(8739 8738 8458 8459)
4(8698 8738 8739 8699)
4(8700 8740 8460 8420)
4(8740 8739 8459 8460)
4(8699 8739 8740 8700)
4(8701 8741 8461 8421)
4(8741 8740 8460 8461)
4(8700 8740 8741 8701)
4(8702 8742 8462 8422)
4(8742 8741 8461 8462)
4(8701 8741 8742 8702)
4(8703 8743 8463 8423)
4(8743 8742 8462 8463)
4(8702 8742 8743 8703)
4(8704 8744 8464 8424)
4(8744 8743 8463 8464)
4(8703 8743 8744 8704)
4(8705 8745 8465 8425)
4(8745 8744 8464 8465)
4(8704 8744 8745 8705)
4(8706 8746 8466 8426)
4(8746 8745 8465 8466)
4(8705 8745 8746 8706)
4(8707 8747 8467 8427)
4(8747 8746 8466 8467)
4(8706 8746 8747 8707)
4(8708 8748 8468 8428)
4(8748 8747 8467 8468)
4(8707 8747 8748 8708)
4(8709 8749 8469 8429)
4(8749 8748 8468 8469)
4(8708 8748 8749 8709)
4(8710 8750 8470 8430)
4(8750 8749 8469 8470)
4(8709 8749 8750 8710)
4(8711 8751 8471 8431)
4(8751 8750 8470 8471)
4(8710 8750 8751 8711)
4(8712 8752 8472 8432)
4(8752 8751 8471 8472)
4(8711 8751 8752 8712)
4(8713 8753 8473 8433)
4(8753 8752 8472 8473)
4(8712 8752 8753 8713)
4(8714 8754 8474 8434)
4(8754 8753 8473 8474)
4(8713 8753 8754 8714)
4(8715 8755 8475 8435)
4(8755 8754 8474 8475)
4(8714 8754 8755 8715)
4(8716 8756 8476 8436)
4(8756 8755 8475 8476)
4(8715 8755 8756 8716)
4(8717 8757 8477 8437)
4(8757 8756 8476 8477)
4(8716 8756 8757 8717)
4(8718 8758 8478 8438)
4(8758 8757 8477 8478)
4(8717 8757 8758 8718)
4(8759 8758 8478 8479)
4(8718 8758 8759 8719)
4(8721 8761 8481 8441)
4(8761 8760 8480 8481)
4(8720 8760 8761 8721)
4(8722 8762 8482 8442)
4(8762 8761 8481 8482)
4(8721 8761 8762 8722)
4(8723 8763 8483 8443)
4(8763 8762 8482 8483)
4(8722 8762 8763 8723)
4(8724 8764 8484 8444)
4(8764 8763 8483 8484)
4(8723 8763 8764 8724)
4(8725 8765 8485 8445)
4(8765 8764 8484 8485)
4(8724 8764 8765 8725)
4(8726 8766 8486 8446)
4(8766 8765 8485 8486)
4(8725 8765 8766 8726)
4(8727 8767 8487 8447)
4(8767 8766 8486 8487)
4(8726 8766 8767 8727)
4(8728 8768 8488 8448)
4(8768 8767 8487 8488)
4(8727 8767 8768 8728)
4(8729 8769 8489 8449)
4(8769 8768 8488 8489)
4(8728 8768 8769 8729)
4(8730 8770 8490 8450)
4(8770 8769 8489 8490)
4(8729 8769 8770 8730)
4(8731 8771 8491 8451)
4(8771 8770 8490 8491)
4(8730 8770 8771 8731)
4(8732 8772 8492 8452)
4(8772 8771 8491 8492)
4(8731 8771 8772 8732)
4(8733 8773 8493 8453)
4(8773 8772 8492 8493)
4(8732 8772 8773 8733)
4(8734 8774 8494 8454)
4(8774 8773 8493 8494)
4(8733 8773 8774 8734)
4(8735 8775 8495 8455)
4(8775 8774 8494 8495)
4(8734 8774 8775 8735)
4(8736 8776 8496 8456)
4(8776 8775 8495 8496)
4(8735 8775 8776 8736)
4(8737 8777 8497 8457)
4(8777 8776 8496 8497)
4(8736 8776 8777 8737)
4(8738 8778 8498 8458)
4(8778 8777 8497 8498)
4(8737 8777 8778 8738)
4(8739 8779 8499 8459)
4(8779 8778 8498 8499)
4(8738 8778 8779 8739)
4(8740 8780 8500 8460)
4(8780 8779 8499 8500)
4(8739 8779 8780 8740)
4(8741 8781 8501 8461)
4(8781 8780 8500 8501)
4(8740 8780 8781 8741)
4(8742 8782 8502 8462)
4(8782 8781 8501 8502)
4(8741 8781 8782 8742)
4(8743 8783 8503 8463)
4(8783 8782 8502 8503)
4(8742 8782 8783 8743)
4(8744 8784 8504 8464)
4(8784 8783 8503 8504)
4(8743 8783 8784 8744)
4(8745 8785 8505 8465)
4(8785 8784 8504 8505)
4(8744 8784 8785 8745)
4(8746 8786 8506 8466)
4(8786 8785 8505 8506)
4(8745 8785 8786 8746)
4(8747 8787 8507 8467)
4(8787 8786 8506 8507)
4(8746 8786 8787 8747)
4(8748 8788 8508 8468)
4(8788 8787 8507 8508)
4(8747 8787 8788 8748)
4(8749 8789 8509 8469)
4(8789 8788 8508 8509)
4(8748 8788 8789 8749)
4(8750 8790 8510 8470)
4(8790 8789 8509 8510)
4(8749 8789 8790 8750)
4(8751 8791 8511 8471)
4(8791 8790 8510 8511)
4(8750 8790 8791 8751)
4(8752 8792 8512 8472)
4(8792 8791 8511 8512)
4(8751 8791 8792 8752)
4(8753 8793 8513 8473)
4(8793 8792 8512 8513)
4(8752 8792 8793 8753)
4(8754 8794 8514 8474)
4(8794 8793 8513 8514)
4(8753 8793 8794 8754)
4(8755 8795 8515 8475)
4(8795 8794 8514 8515)
4(8754 8794 8795 8755)
4(8756 8796 8516 8476)
4(8796 8795 8515 8516)
4(8755 8795 8796 8756)
4(8757 8797 8517 8477)
4(8797 8796 8516 8517)
4(8756 8796 8797 8757)
4(8758 8798 8518 8478)
4(8798 8797 8517 8518)
4(8757 8797 8798 8758)
4(8799 8798 8518 8519)
4(8758 8798 8799 8759)
4(8761 3601 3241 8481)
4(8760 3600 3601 8761)
4(8762 3602 3242 8482)
4(8761 3601 3602 8762)
4(8763 3603 3243 8483)
4(8762 3602 3603 8763)
4(8764 3604 3244 8484)
4(8763 3603 3604 8764)
4(8765 3605 3245 8485)
4(8764 3604 3605 8765)
4(8766 3606 3246 8486)
4(8765 3605 3606 8766)
4(8767 3607 3247 8487)
4(8766 3606 3607 8767)
4(8768 3608 3248 8488)
4(8767 3607 3608 8768)
4(8769 3609 3249 8489)
4(8768 3608 3609 8769)
4(8770 3610 3250 8490)
4(8769 3609 3610 8770)
4(8771 3611 3251 8491)
4(8770 3610 3611 8771)
4(8772 3612 3252 8492)
4(8771 3611 3612 8772)
4(8773 3613 3253 8493)
4(8772 3612 3613 8773)
4(8774 3614 3254 8494)
4(8773 3613 3614 8774)
4(8775 3615 3255 8495)
4(8774 3614 3615 8775)
4(8776 3616 3256 8496)
4(8775 3615 3616 8776)
4(8777 3617 3257 8497)
4(8776 3616 3617 8777)
4(8778 3618 3258 8498)
4(8777 3617 3618 8778)
4(8779 3619 3259 8499)
4(8778 3618 3619 8779)
4(8780 3620 3260 8500)
4(8779 3619 3620 8780)
4(8781 3621 3261 8501)
4(8780 3620 3621 8781)
4(8782 3622 3262 8502)
4(8781 3621 3622 8782)
4(8783 3623 3263 8503)
4(8782 3622 3623 8783)
4(8784 3624 3264 8504)
4(8783 3623 3624 8784)
4(8785 3625 3265 8505)
4(8784 3624 3625 8785)
4(8786 3626 3266 8506)
4(8785 3625 3626 8786)
4(8787 3627 3267 8507)
4(8786 3626 3627 8787)
4(8788 3628 3268 8508)
4(8787 3627 3628 8788)
4(8789 3629 3269 8509)
4(8788 3628 3629 8789)
4(8790 3630 3270 8510)
4(8789 3629 3630 8790)
4(8791 3631 3271 8511)
4(8790 3630 3631 8791)
4(8792 3632 3272 8512)
4(8791 3631 3632 8792)
4(8793 3633 3273 8513)
4(8792 3632 3633 8793)
4(8794 3634 3274 8514)
4(8793 3633 3634 8794)
4(8795 3635 3275 8515)
4(8794 3634 3635 8795)
4(8796 3636 3276 8516)
4(8795 3635 3636 8796)
4(8797 3637 3277 8517)
4(8796 3636 3637 8797)
4(8798 3638 3278 8518)
4(8797 3637 3638 8798)
4(8798 3638 3639 8799)
4(7561 8801 8521 7241)
4(8801 8800 8520 8521)
4(7560 8800 8801 7561)
4(7562 8802 8522 7242)
4(8802 8801 8521 8522)
4(7561 8801 8802 7562)
4(7563 8803 8523 7243)
4(8803 8802 8522 8523)
4(7562 8802 8803 7563)
4(7564 8804 8524 7244)
4(8804 8803 8523 8524)
4(7563 8803 8804 7564)
4(7565 8805 8525 7245)
4(8805 8804 8524 8525)
4(7564 8804 8805 7565)
4(7566 8806 8526 7246)
4(8806 8805 8525 8526)
4(7565 8805 8806 7566)
4(7567 8807 8527 7247)
4(8807 8806 8526 8527)
4(7566 8806 8807 7567)
4(7568 8808 8528 7248)
4(8808 8807 8527 8528)
4(7567 8807 8808 7568)
4(7569 8809 8529 7249)
4(8809 8808 8528 8529)
4(7568 8808 8809 7569)
4(7570 8810 8530 7250)
4(8810 8809 8529 8530)
4(7569 8809 8810 7570)
4(7571 8811 8531 7251)
4(8811 8810 8530 8531)
4(7570 8810 8811 7571)
4(7572 8812 8532 7252)
4(8812 8811 8531 8532)
4(7571 8811 8812 7572)
4(7573 8813 8533 7253)
4(8813 8812 8532 8533)
4(7572 8812 8813 7573)
4(7574 8814 8534 7254)
4(8814 8813 8533 8534)
4(7573 8813 8814 7574)
4(7575 8815 8535 7255)
4(8815 8814 8534 8535)
4(7574 8814 8815 7575)
4(7576 8816 8536 7256)
4(8816 8815 8535 8536)
4(7575 8815 8816 7576)
4(7577 8817 8537 7257)
4(8817 8816 8536 8537)
4(7576 8816 8817 7577)
4(7578 8818 8538 7258)
4(8818 8817 8537 8538)
4(7577 8817 8818 7578)
4(7579 8819 8539 7259)
4(8819 8818 8538 8539)
4(7578 8818 8819 7579)
4(7580 8820 8540 7260)
4(8820 8819 8539 8540)
4(7579 8819 8820 7580)
4(7581 8821 8541 7261)
4(8821 8820 8540 8541)
4(7580 8820 8821 7581)
4(7582 8822 8542 7262)
4(8822 8821 8541 8542)
4(7581 8821 8822 7582)
4(7583 8823 8543 7263)
4(8823 8822 8542 8543)
4(7582 8822 8823 7583)
4(7584 8824 8544 7264)
4(8824 8823 8543 8544)
4(7583 8823 8824 7584)
4(7585 8825 8545 7265)
4(8825 8824 8544 8545)
4(7584 8824 8825 7585)
4(7586 8826 8546 7266)
4(8826 8825 8545 8546)
4(7585 8825 8826 7586)
4(7587 8827 8547 7267)
4(8827 8826 8546 8547)
4(7586 8826 8827 7587)
4(7588 8828 8548 7268)
4(8828 8827 8547 8548)
4(7587 8827 8828 7588)
4(7589 8829 8549 7269)
4(8829 8828 8548 8549)
4(7588 8828 8829 7589)
4(7590 8830 8550 7270)
4(8830 8829 8549 8550)
4(7589 8829 8830 7590)
4(7591 8831 8551 7271)
4(8831 8830 8550 8551)
4(7590 8830 8831 7591)
4(7592 8832 8552 7272)
4(8832 8831 8551 8552)
4(7591 8831 8832 7592)
4(7593 8833 8553 7273)
4(8833 8832 8552 8553)
4(7592 8832 8833 7593)
4(7594 8834 8554 7274)
4(8834 8833 8553 8554)
4(7593 8833 8834 7594)
4(7595 8835 8555 7275)
4(8835 8834 8554 8555)
4(7594 8834 8835 7595)
4(7596 8836 8556 7276)
4(8836 8835 8555 8556)
4(7595 8835 8836 7596)
4(7597 8837 8557 7277)
4(8837 8836 8556 8557)
4(7596 8836 8837 7597)
4(7598 8838 8558 7278)
4(8838 8837 8557 8558)
4(7597 8837 8838 7598)
4(8839 8838 8558 8559)
4(7598 8838 8839 7599)
4(8801 8841 8561 8521)
4(8841 8840 8560 8561)
4(8800 8840 8841 8801)
4(8802 8842 8562 8522)
4(8842 8841 8561 8562)
4(8801 8841 8842 8802)
4(8803 8843 8563 8523)
4(8843 8842 8562 8563)
4(8802 8842 8843 8803)
4(8804 8844 8564 8524)
4(8844 8843 8563 8564)
4(8803 8843 8844 8804)
4(8805 8845 8565 8525)
4(8845 8844 8564 8565)
4(8804 8844 8845 8805)
4(8806 8846 8566 8526)
4(8846 8845 8565 8566)
4(8805 8845 8846 8806)
4(8807 8847 8567 8527)
4(8847 8846 8566 8567)
4(8806 8846 8847 8807)
4(8808 8848 8568 8528)
4(8848 8847 8567 8568)
4(8807 8847 8848 8808)
4(8809 8849 8569 8529)
4(8849 8848 8568 8569)
4(8808 8848 8849 8809)
4(8810 8850 8570 8530)
4(8850 8849 8569 8570)
4(8809 8849 8850 8810)
4(8811 8851 8571 8531)
4(8851 8850 8570 8571)
4(8810 8850 8851 8811)
4(8812 8852 8572 8532)
4(8852 8851 8571 8572)
4(8811 8851 8852 8812)
4(8813 8853 8573 8533)
4(8853 8852 8572 8573)
4(8812 8852 8853 8813)
4(8814 8854 8574 8534)
4(8854 8853 8573 8574)
4(8813 8853 8854 8814)
4(8815 8855 8575 8535)
4(8855 8854 8574 8575)
4(8814 8854 8855 8815)
4(8816 8856 8576 8536)
4(8856 8855 8575 8576)
4(8815 8855 8856 8816)
4(8817 8857 8577 8537)
4(8857 8856 8576 8577)
4(8816 8856 8857 8817)
4(8818 8858 8578 8538)
4(8858 8857 8577 8578)
4(8817 8857 8858 8818)
4(8819 8859 8579 8539)
4(8859 8858 8578 8579)
4(8818 8858 8859 8819)
4(8820 8860 8580 8540)
4(8860 8859 8579 8580)
4(8819 8859 8860 8820)
4(8821 8861 8581 8541)
4(8861 8860 8580 8581)
4(8820 8860 8861 8821)
4(8822 8862 8582 8542)
4(8862 8861 8581 8582)
4(8821 8861 8862 8822)
4(8823 8863 8583 8543)
4(8863 8862 8582 8583)
4(8822 8862 8863 8823)
4(8824 8864 8584 8544)
4(8864 8863 8583 8584)
4(8823 8863 8864 8824)
4(8825 8865 8585 8545)
4(8865 8864 8584 8585)
4(8824 8864 8865 8825)
4(8826 8866 8586 8546)
4(8866 8865 8585 8586)
4(8825 8865 8866 8826)
4(8827 8867 8587 8547)
4(8867 8866 8586 8587)
4(8826 8866 8867 8827)
4(8828 8868 8588 8548)
4(8868 8867 8587 8588)
4(8827 8867 8868 8828)
4(8829 8869 8589 8549)
4(8869 8868 8588 8589)
4(8828 8868 8869 8829)
4(8830 8870 8590 8550)
4(8870 8869 8589 8590)
4(8829 8869 8870 8830)
4(8831 8871 8591 8551)
4(8871 8870 8590 8591)
4(8830 8870 8871 8831)
4(8832 8872 8592 8552)
4(8872 8871 8591 8592)
4(8831 8871 8872 8832)
4(8833 8873 8593 8553)
4(8873 8872 8592 8593)
4(8832 8872 8873 8833)
4(8834 8874 8594 8554)
4(8874 8873 8593 8594)
4(8833 8873 8874 8834)
4(8835 8875 8595 8555)
4(8875 8874 8594 8595)
4(8834 8874 8875 8835)
4(8836 8876 8596 8556)
4(8876 8875 8595 8596)
4(8835 8875 8876 8836)
4(8837 8877 8597 8557)
4(8877 8876 8596 8597)
4(8836 8876 8877 8837)
4(8838 8878 8598 8558)
4(8878 8877 8597 8598)
4(8837 8877 8878 8838)
4(8879 8878 8598 8599)
4(8838 8878 8879 8839)
4(8841 8881 8601 8561)
4(8881 8880 8600 8601)
4(8840 8880 8881 8841)
4(8842 8882 8602 8562)
4(8882 8881 8601 8602)
4(8841 8881 8882 8842)
4(8843 8883 8603 8563)
4(8883 8882 8602 8603)
4(8842 8882 8883 8843)
4(8844 8884 8604 8564)
4(8884 8883 8603 8604)
4(8843 8883 8884 8844)
4(8845 8885 8605 8565)
4(8885 8884 8604 8605)
4(8844 8884 8885 8845)
4(8846 8886 8606 8566)
4(8886 8885 8605 8606)
4(8845 8885 8886 8846)
4(8847 8887 8607 8567)
4(8887 8886 8606 8607)
4(8846 8886 8887 8847)
4(8848 8888 8608 8568)
4(8888 8887 8607 8608)
4(8847 8887 8888 8848)
4(8849 8889 8609 8569)
4(8889 8888 8608 8609)
4(8848 8888 8889 8849)
4(8850 8890 8610 8570)
4(8890 8889 8609 8610)
4(8849 8889 8890 8850)
4(8851 8891 8611 8571)
4(8891 8890 8610 8611)
4(8850 8890 8891 8851)
4(8852 8892 8612 8572)
4(8892 8891 8611 8612)
4(8851 8891 8892 8852)
4(8853 8893 8613 8573)
4(8893 8892 8612 8613)
4(8852 8892 8893 8853)
4(8854 8894 8614 8574)
4(8894 8893 8613 8614)
4(8853 8893 8894 8854)
4(8855 8895 8615 8575)
4(8895 8894 8614 8615)
4(8854 8894 8895 8855)
4(8856 8896 8616 8576)
4(8896 8895 8615 8616)
4(8855 8895 8896 8856)
4(8857 8897 8617 8577)
4(8897 8896 8616 8617)
4(8856 8896 8897 8857)
4(8858 8898 8618 8578)
4(8898 8897 8617 8618)
4(8857 8897 8898 8858)
4(8859 8899 8619 8579)
4(8899 8898 8618 8619)
4(8858 8898 8899 8859)
4(8860 8900 8620 8580)
4(8900 8899 8619 8620)
4(8859 8899 8900 8860)
4(8861 8901 8621 8581)
4(8901 8900 8620 8621)
4(8860 8900 8901 8861)
4(8862 8902 8622 8582)
4(8902 8901 8621 8622)
4(8861 8901 8902 8862)
4(8863 8903 8623 8583)
4(8903 8902 8622 8623)
4(8862 8902 8903 8863)
4(8864 8904 8624 8584)
4(8904 8903 8623 8624)
4(8863 8903 8904 8864)
4(8865 8905 8625 8585)
4(8905 8904 8624 8625)
4(8864 8904 8905 8865)
4(8866 8906 8626 8586)
4(8906 8905 8625 8626)
4(8865 8905 8906 8866)
4(8867 8907 8627 8587)
4(8907 8906 8626 8627)
4(8866 8906 8907 8867)
4(8868 8908 8628 8588)
4(8908 8907 8627 8628)
4(8867 8907 8908 8868)
4(8869 8909 8629 8589)
4(8909 8908 8628 8629)
4(8868 8908 8909 8869)
4(8870 8910 8630 8590)
4(8910 8909 8629 8630)
4(8869 8909 8910 8870)
4(8871 8911 8631 8591)
4(8911 8910 8630 8631)
4(8870 8910 8911 8871)
4(8872 8912 8632 8592)
4(8912 8911 8631 8632)
4(8871 8911 8912 8872)
4(8873 8913 8633 8593)
4(8913 8912 8632 8633)
4(8872 8912 8913 8873)
4(8874 8914 8634 8594)
4(8914 8913 8633 8634)
4(8873 8913 8914 8874)
4(8875 8915 8635 8595)
4(8915 8914 8634 8635)
4(8874 8914 8915 8875)
4(8876 8916 8636 8596)
4(8916 8915 8635 8636)
4(8875 8915 8916 8876)
4(8877 8917 8637 8597)
4(8917 8916 8636 8637)
4(8876 8916 8917 8877)
4(8878 8918 8638 8598)
4(8918 8917 8637 8638)
4(8877 8917 8918 8878)
4(8919 8918 8638 8639)
4(8878 8918 8919 8879)
4(8881 8921 8641 8601)
4(8921 8920 8640 8641)
4(8880 8920 8921 8881)
4(8882 8922 8642 8602)
4(8922 8921 8641 8642)
4(8881 8921 8922 8882)
4(8883 8923 8643 8603)
4(8923 8922 8642 8643)
4(8882 8922 8923 8883)
4(8884 8924 8644 8604)
4(8924 8923 8643 8644)
4(8883 8923 8924 8884)
4(8885 8925 8645 8605)
4(8925 8924 8644 8645)
4(8884 8924 8925 8885)
4(8886 8926 8646 8606)
4(8926 8925 8645 8646)
4(8885 8925 8926 8886)
4(8887 8927 8647 8607)
4(8927 8926 8646 8647)
4(8886 8926 8927 8887)
4(8888 8928 8648 8608)
4(8928 8927 8647 8648)
4(8887 8927 8928 8888)
4(8889 8929 8649 8609)
4(8929 8928 8648 8649)
4(8888 8928 8929 8889)
4(8890 8930 8650 8610)
4(8930 8929 8649 8650)
4(8889 8929 8930 8890)
4(8891 8931 8651 8611)
4(8931 8930 8650 8651)
4(8890 8930 8931 8891)
4(8892 8932 8652 8612)
4(8932 8931 8651 8652)
4(8891 8931 8932 8892)
4(8893 8933 8653 8613)
4(8933 8932 8652 8653)
4(8892 8932 8933 8893)
4(8894 8934 8654 8614)
4(8934 8933 8653 8654)
4(8893 8933 8934 8894)
4(8895 8935 8655 8615)
4(8935 8934 8654 8655)
4(8894 8934 8935 8895)
4(8896 8936 8656 8616)
4(8936 8935 8655 8656)
4(8895 8935 8936 8896)
4(8897 8937 8657 8617)
4(8937 8936 8656 8657)
4(8896 8936 8937 8897)
4(8898 8938 8658 8618)
4(8938 8937 8657 8658)
4(8897 8937 8938 8898)
4(8899 8939 8659 8619)
4(8939 8938 8658 8659)
4(8898 8938 8939 8899)
4(8900 8940 8660 8620)
4(8940 8939 8659 8660)
4(8899 8939 8940 8900)
4(8901 8941 8661 8621)
4(8941 8940 8660 8661)
4(8900 8940 8941 8901)
4(8902 8942 8662 8622)
4(8942 8941 8661 8662)
4(8901 8941 8942 8902)
4(8903 8943 8663 8623)
4(8943 8942 8662 8663)
4(8902 8942 8943 8903)
4(8904 8944 8664 8624)
4(8944 8943 8663 8664)
4(8903 8943 8944 8904)
4(8905 8945 8665 8625)
4(8945 8944 8664 8665)
4(8904 8944 8945 8905)
4(8906 8946 8666 8626)
4(8946 8945 8665 8666)
4(8905 8945 8946 8906)
4(8907 8947 8667 8627)
4(8947 8946 8666 8667)
4(8906 8946 8947 8907)
4(8908 8948 8668 8628)
4(8948 8947 8667 8668)
4(8907 8947 8948 8908)
4(8909 8949 8669 8629)
4(8949 8948 8668 8669)
4(8908 8948 8949 8909)
4(8910 8950 8670 8630)
4(8950 8949 8669 8670)
4(8909 8949 8950 8910)
4(8911 8951 8671 8631)
4(8951 8950 8670 8671)
4(8910 8950 8951 8911)
4(8912 8952 8672 8632)
4(8952 8951 8671 8672)
4(8911 8951 8952 8912)
4(8913 8953 8673 8633)
4(8953 8952 8672 8673)
4(8912 8952 8953 8913)
4(8914 8954 8674 8634)
4(8954 8953 8673 8674)
4(8913 8953 8954 8914)
4(8915 8955 8675 8635)
4(8955 8954 8674 8675)
4(8914 8954 8955 8915)
4(8916 8956 8676 8636)
4(8956 8955 8675 8676)
4(8915 8955 8956 8916)
4(8917 8957 8677 8637)
4(8957 8956 8676 8677)
4(8916 8956 8957 8917)
4(8918 8958 8678 8638)
4(8958 8957 8677 8678)
4(8917 8957 8958 8918)
4(8959 8958 8678 8679)
4(8918 8958 8959 8919)
4(8921 8961 8681 8641)
4(8961 8960 8680 8681)
4(8920 8960 8961 8921)
4(8922 8962 8682 8642)
4(8962 8961 8681 8682)
4(8921 8961 8962 8922)
4(8923 8963 8683 8643)
4(8963 8962 8682 8683)
4(8922 8962 8963 8923)
4(8924 8964 8684 8644)
4(8964 8963 8683 8684)
4(8923 8963 8964 8924)
4(8925 8965 8685 8645)
4(8965 8964 8684 8685)
4(8924 8964 8965 8925)
4(8926 8966 8686 8646)
4(8966 8965 8685 8686)
4(8925 8965 8966 8926)
4(8927 8967 8687 8647)
4(8967 8966 8686 8687)
4(8926 8966 8967 8927)
4(8928 8968 8688 8648)
4(8968 8967 8687 8688)
4(8927 8967 8968 8928)
4(8929 8969 8689 8649)
4(8969 8968 8688 8689)
4(8928 8968 8969 8929)
4(8930 8970 8690 8650)
4(8970 8969 8689 8690)
4(8929 8969 8970 8930)
4(8931 8971 8691 8651)
4(8971 8970 8690 8691)
4(8930 8970 8971 8931)
4(8932 8972 8692 8652)
4(8972 8971 8691 8692)
4(8931 8971 8972 8932)
4(8933 8973 8693 8653)
4(8973 8972 8692 8693)
4(8932 8972 8973 8933)
4(8934 8974 8694 8654)
4(8974 8973 8693 8694)
4(8933 8973 8974 8934)
4(8935 8975 8695 8655)
4(8975 8974 8694 8695)
4(8934 8974 8975 8935)
4(8936 8976 8696 8656)
4(8976 8975 8695 8696)
4(8935 8975 8976 8936)
4(8937 8977 8697 8657)
4(8977 8976 8696 8697)
4(8936 8976 8977 8937)
4(8938 8978 8698 8658)
4(8978 8977 8697 8698)
4(8937 8977 8978 8938)
4(8939 8979 8699 8659)
4(8979 8978 8698 8699)
4(8938 8978 8979 8939)
4(8940 8980 8700 8660)
4(8980 8979 8699 8700)
4(8939 8979 8980 8940)
4(8941 8981 8701 8661)
4(8981 8980 8700 8701)
4(8940 8980 8981 8941)
4(8942 8982 8702 8662)
4(8982 8981 8701 8702)
4(8941 8981 8982 8942)
4(8943 8983 8703 8663)
4(8983 8982 8702 8703)
4(8942 8982 8983 8943)
4(8944 8984 8704 8664)
4(8984 8983 8703 8704)
4(8943 8983 8984 8944)
4(8945 8985 8705 8665)
4(8985 8984 8704 8705)
4(8944 8984 8985 8945)
4(8946 8986 8706 8666)
4(8986 8985 8705 8706)
4(8945 8985 8986 8946)
4(8947 8987 8707 8667)
4(8987 8986 8706 8707)
4(8946 8986 8987 8947)
4(8948 8988 8708 8668)
4(8988 8987 8707 8708)
4(8947 8987 8988 8948)
4(8949 8989 8709 8669)
4(8989 8988 8708 8709)
4(8948 8988 8989 8949)
4(8950 8990 8710 8670)
4(8990 8989 8709 8710)
4(8949 8989 8990 8950)
4(8951 8991 8711 8671)
4(8991 8990 8710 8711)
4(8950 8990 8991 8951)
4(8952 8992 8712 8672)
4(8992 8991 8711 8712)
4(8951 8991 8992 8952)
4(8953 8993 8713 8673)
4(8993 8992 8712 8713)
4(8952 8992 8993 8953)
4(8954 8994 8714 8674)
4(8994 8993 8713 8714)
4(8953 8993 8994 8954)
4(8955 8995 8715 8675)
4(8995 8994 8714 8715)
4(8954 8994 8995 8955)
4(8956 8996 8716 8676)
4(8996 8995 8715 8716)
4(8955 8995 8996 8956)
4(8957 8997 8717 8677)
4(8997 8996 8716 8717)
4(8956 8996 8997 8957)
4(8958 8998 8718 8678)
4(8998 8997 8717 8718)
4(8957 8997 8998 8958)
4(8999 8998 8718 8719)
4(8958 8998 8999 8959)
4(8961 9001 8721 8681)
4(9001 9000 8720 8721)
4(8960 9000 9001 8961)
4(8962 9002 8722 8682)
4(9002 9001 8721 8722)
4(8961 9001 9002 8962)
4(8963 9003 8723 8683)
4(9003 9002 8722 8723)
4(8962 9002 9003 8963)
4(8964 9004 8724 8684)
4(9004 9003 8723 8724)
4(8963 9003 9004 8964)
4(8965 9005 8725 8685)
4(9005 9004 8724 8725)
4(8964 9004 9005 8965)
4(8966 9006 8726 8686)
4(9006 9005 8725 8726)
4(8965 9005 9006 8966)
4(8967 9007 8727 8687)
4(9007 9006 8726 8727)
4(8966 9006 9007 8967)
4(8968 9008 8728 8688)
4(9008 9007 8727 8728)
4(8967 9007 9008 8968)
4(8969 9009 8729 8689)
4(9009 9008 8728 8729)
4(8968 9008 9009 8969)
4(8970 9010 8730 8690)
4(9010 9009 8729 8730)
4(8969 9009 9010 8970)
4(8971 9011 8731 8691)
4(9011 9010 8730 8731)
4(8970 9010 9011 8971)
4(8972 9012 8732 8692)
4(9012 9011 8731 8732)
4(8971 9011 9012 8972)
4(8973 9013 8733 8693)
4(9013 9012 8732 8733)
4(8972 9012 9013 8973)
4(8974 9014 8734 8694)
4(9014 9013 8733 8734)
4(8973 9013 9014 8974)
4(8975 9015 8735 8695)
4(9015 9014 8734 8735)
4(8974 9014 9015 8975)
4(8976 9016 8736 8696)
4(9016 9015 8735 8736)
4(8975 9015 9016 8976)
4(8977 9017 8737 8697)
4(9017 9016 8736 8737)
4(8976 9016 9017 8977)
4(8978 9018 8738 8698)
4(9018 9017 8737 8738)
4(8977 9017 9018 8978)
4(8979 9019 8739 8699)
4(9019 9018 8738 8739)
4(8978 9018 9019 8979)
4(8980 9020 8740 8700)
4(9020 9019 8739 8740)
4(8979 9019 9020 8980)
4(8981 9021 8741 8701)
4(9021 9020 8740 8741)
4(8980 9020 9021 8981)
4(8982 9022 8742 8702)
4(9022 9021 8741 8742)
4(8981 9021 9022 8982)
4(8983 9023 8743 8703)
4(9023 9022 8742 8743)
4(8982 9022 9023 8983)
4(8984 9024 8744 8704)
4(9024 9023 8743 8744)
4(8983 9023 9024 8984)
4(8985 9025 8745 8705)
4(9025 9024 8744 8745)
4(8984 9024 9025 8985)
4(8986 9026 8746 8706)
4(9026 9025 8745 8746)
4(8985 9025 9026 8986)
4(8987 9027 8747 8707)
4(9027 9026 8746 8747)
4(8986 9026 9027 8987)
4(8988 9028 8748 8708)
4(9028 9027 8747 8748)
4(8987 9027 9028 8988)
4(8989 9029 8749 8709)
4(9029 9028 8748 8749)
4(8988 9028 9029 8989)
4(8990 9030 8750 8710)
4(9030 9029 8749 8750)
4(8989 9029 9030 8990)
4(8991 9031 8751 8711)
4(9031 9030 8750 8751)
4(8990 9030 9031 8991)
4(8992 9032 8752 8712)
4(9032 9031 8751 8752)
4(8991 9031 9032 8992)
4(8993 9033 8753 8713)
4(9033 9032 8752 8753)
4(8992 9032 9033 8993)
4(8994 9034 8754 8714)
4(9034 9033 8753 8754)
4(8993 9033 9034 8994)
4(8995 9035 8755 8715)
4(9035 9034 8754 8755)
4(8994 9034 9035 8995)
4(8996 9036 8756 8716)
4(9036 9035 8755 8756)
4(8995 9035 9036 8996)
4(8997 9037 8757 8717)
4(9037 9036 8756 8757)
4(8996 9036 9037 8997)
4(8998 9038 8758 8718)
4(9038 9037 8757 8758)
4(8997 9037 9038 8998)
4(9039 9038 8758 8759)
4(8998 9038 9039 8999)
4(9001 9041 8761 8721)
4(9041 9040 8760 8761)
4(9000 9040 9041 9001)
4(9002 9042 8762 8722)
4(9042 9041 8761 8762)
4(9001 9041 9042 9002)
4(9003 9043 8763 8723)
4(9043 9042 8762 8763)
4(9002 9042 9043 9003)
4(9004 9044 8764 8724)
4(9044 9043 8763 8764)
4(9003 9043 9044 9004)
4(9005 9045 8765 8725)
4(9045 9044 8764 8765)
4(9004 9044 9045 9005)
4(9006 9046 8766 8726)
4(9046 9045 8765 8766)
4(9005 9045 9046 9006)
4(9007 9047 8767 8727)
4(9047 9046 8766 8767)
4(9006 9046 9047 9007)
4(9008 9048 8768 8728)
4(9048 9047 8767 8768)
4(9007 9047 9048 9008)
4(9009 9049 8769 8729)
4(9049 9048 8768 8769)
4(9008 9048 9049 9009)
4(9010 9050 8770 8730)
4(9050 9049 8769 8770)
4(9009 9049 9050 9010)
4(9011 9051 8771 8731)
4(9051 9050 8770 8771)
4(9010 9050 9051 9011)
4(9012 9052 8772 8732)
4(9052 9051 8771 8772)
4(9011 9051 9052 9012)
4(9013 9053 8773 8733)
4(9053 9052 8772 8773)
4(9012 9052 9053 9013)
4(9014 9054 8774 8734)
4(9054 9053 8773 8774)
4(9013 9053 9054 9014)
4(9015 9055 8775 8735)
4(9055 9054 8774 8775)
4(9014 9054 9055 9015)
4(9016 9056 8776 8736)
4(9056 9055 8775 8776)
4(9015 9055 9056 9016)
4(9017 9057 8777 8737)
4(9057 9056 8776 8777)
4(9016 9056 9057 9017)
4(9018 9058 8778 8738)
4(9058 9057 8777 8778)
4(9017 9057 9058 9018)
4(9019 9059 8779 8739)
4(9059 9058 8778 8779)
4(9018 9058 9059 9019)
4(9020 9060 8780 8740)
4(9060 9059 8779 8780)
4(9019 9059 9060 9020)
4(9021 9061 8781 8741)
4(9061 9060 8780 8781)
4(9020 9060 9061 9021)
4(9022 9062 8782 8742)
4(9062 9061 8781 8782)
4(9021 9061 9062 9022)
4(9023 9063 8783 8743)
4(9063 9062 8782 8783)
4(9022 9062 9063 9023)
4(9024 9064 8784 8744)
4(9064 9063 8783 8784)
4(9023 9063 9064 9024)
4(9025 9065 8785 8745)
4(9065 9064 8784 8785)
4(9024 9064 9065 9025)
4(9026 9066 8786 8746)
4(9066 9065 8785 8786)
4(9025 9065 9066 9026)
4(9027 9067 8787 8747)
4(9067 9066 8786 8787)
4(9026 9066 9067 9027)
4(9028 9068 8788 8748)
4(9068 9067 8787 8788)
4(9027 9067 9068 9028)
4(9029 9069 8789 8749)
4(9069 9068 8788 8789)
4(9028 9068 9069 9029)
4(9030 9070 8790 8750)
4(9070 9069 8789 8790)
4(9029 9069 9070 9030)
4(9031 9071 8791 8751)
4(9071 9070 8790 8791)
4(9030 9070 9071 9031)
4(9032 9072 8792 8752)
4(9072 9071 8791 8792)
4(9031 9071 9072 9032)
4(9033 9073 8793 8753)
4(9073 9072 8792 8793)
4(9032 9072 9073 9033)
4(9034 9074 8794 8754)
4(9074 9073 8793 8794)
4(9033 9073 9074 9034)
4(9035 9075 8795 8755)
4(9075 9074 8794 8795)
4(9034 9074 9075 9035)
4(9036 9076 8796 8756)
4(9076 9075 8795 8796)
4(9035 9075 9076 9036)
4(9037 9077 8797 8757)
4(9077 9076 8796 8797)
4(9036 9076 9077 9037)
4(9038 9078 8798 8758)
4(9078 9077 8797 8798)
4(9037 9077 9078 9038)
4(9079 9078 8798 8799)
4(9038 9078 9079 9039)
4(9041 3961 3601 8761)
4(9040 3960 3961 9041)
4(9042 3962 3602 8762)
4(9041 3961 3962 9042)
4(9043 3963 3603 8763)
4(9042 3962 3963 9043)
4(9044 3964 3604 8764)
4(9043 3963 3964 9044)
4(9045 3965 3605 8765)
4(9044 3964 3965 9045)
4(9046 3966 3606 8766)
4(9045 3965 3966 9046)
4(9047 3967 3607 8767)
4(9046 3966 3967 9047)
4(9048 3968 3608 8768)
4(9047 3967 3968 9048)
4(9049 3969 3609 8769)
4(9048 3968 3969 9049)
4(9050 3970 3610 8770)
4(9049 3969 3970 9050)
4(9051 3971 3611 8771)
4(9050 3970 3971 9051)
4(9052 3972 3612 8772)
4(9051 3971 3972 9052)
4(9053 3973 3613 8773)
4(9052 3972 3973 9053)
4(9054 3974 3614 8774)
4(9053 3973 3974 9054)
4(9055 3975 3615 8775)
4(9054 3974 3975 9055)
4(9056 3976 3616 8776)
4(9055 3975 3976 9056)
4(9057 3977 3617 8777)
4(9056 3976 3977 9057)
4(9058 3978 3618 8778)
4(9057 3977 3978 9058)
4(9059 3979 3619 8779)
4(9058 3978 3979 9059)
4(9060 3980 3620 8780)
4(9059 3979 3980 9060)
4(9061 3981 3621 8781)
4(9060 3980 3981 9061)
4(9062 3982 3622 8782)
4(9061 3981 3982 9062)
4(9063 3983 3623 8783)
4(9062 3982 3983 9063)
4(9064 3984 3624 8784)
4(9063 3983 3984 9064)
4(9065 3985 3625 8785)
4(9064 3984 3985 9065)
4(9066 3986 3626 8786)
4(9065 3985 3986 9066)
4(9067 3987 3627 8787)
4(9066 3986 3987 9067)
4(9068 3988 3628 8788)
4(9067 3987 3988 9068)
4(9069 3989 3629 8789)
4(9068 3988 3989 9069)
4(9070 3990 3630 8790)
4(9069 3989 3990 9070)
4(9071 3991 3631 8791)
4(9070 3990 3991 9071)
4(9072 3992 3632 8792)
4(9071 3991 3992 9072)
4(9073 3993 3633 8793)
4(9072 3992 3993 9073)
4(9074 3994 3634 8794)
4(9073 3993 3994 9074)
4(9075 3995 3635 8795)
4(9074 3994 3995 9075)
4(9076 3996 3636 8796)
4(9075 3995 3996 9076)
4(9077 3997 3637 8797)
4(9076 3996 3997 9077)
4(9078 3998 3638 8798)
4(9077 3997 3998 9078)
4(9078 3998 3999 9079)
4(7881 9081 8801 7561)
4(9081 9080 8800 8801)
4(7880 9080 9081 7881)
4(7882 9082 8802 7562)
4(9082 9081 8801 8802)
4(7881 9081 9082 7882)
4(7883 9083 8803 7563)
4(9083 9082 8802 8803)
4(7882 9082 9083 7883)
4(7884 9084 8804 7564)
4(9084 9083 8803 8804)
4(7883 9083 9084 7884)
4(7885 9085 8805 7565)
4(9085 9084 8804 8805)
4(7884 9084 9085 7885)
4(7886 9086 8806 7566)
4(9086 9085 8805 8806)
4(7885 9085 9086 7886)
4(7887 9087 8807 7567)
4(9087 9086 8806 8807)
4(7886 9086 9087 7887)
4(7888 9088 8808 7568)
4(9088 9087 8807 8808)
4(7887 9087 9088 7888)
4(7889 9089 8809 7569)
4(9089 9088 8808 8809)
4(7888 9088 9089 7889)
4(7890 9090 8810 7570)
4(9090 9089 8809 8810)
4(7889 9089 9090 7890)
4(7891 9091 8811 7571)
4(9091 9090 8810 8811)
4(7890 9090 9091 7891)
4(7892 9092 8812 7572)
4(9092 9091 8811 8812)
4(7891 9091 9092 7892)
4(7893 9093 8813 7573)
4(9093 9092 8812 8813)
4(7892 9092 9093 7893)
4(7894 9094 8814 7574)
4(9094 9093 8813 8814)
4(7893 9093 9094 7894)
4(7895 9095 8815 7575)
4(9095 9094 8814 8815)
4(7894 9094 9095 7895)
4(7896 9096 8816 7576)
4(9096 9095 8815 8816)
4(7895 9095 9096 7896)
4(7897 9097 8817 7577)
4(9097 9096 8816 8817)
4(7896 9096 9097 7897)
4(7898 9098 8818 7578)
4(9098 9097 8817 8818)
4(7897 9097 9098 7898)
4(7899 9099 8819 7579)
4(9099 9098 8818 8819)
4(7898 9098 9099 7899)
4(7900 9100 8820 7580)
4(9100 9099 8819 8820)
4(7899 9099 9100 7900)
4(7901 9101 8821 7581)
4(9101 9100 8820 8821)
4(7900 9100 9101 7901)
4(7902 9102 8822 7582)
4(9102 9101 8821 8822)
4(7901 9101 9102 7902)
4(7903 9103 8823 7583)
4(9103 9102 8822 8823)
4(7902 9102 9103 7903)
4(7904 9104 8824 7584)
4(9104 9103 8823 8824)
4(7903 9103 9104 7904)
4(7905 9105 8825 7585)
4(9105 9104 8824 8825)
4(7904 9104 9105 7905)
4(7906 9106 8826 7586)
4(9106 9105 8825 8826)
4(7905 9105 9106 7906)
4(7907 9107 8827 7587)
4(9107 9106 8826 8827)
4(7906 9106 9107 7907)
4(7908 9108 8828 7588)
4(9108 9107 8827 8828)
4(7907 9107 9108 7908)
4(7909 9109 8829 7589)
4(9109 9108 8828 8829)
4(7908 9108 9109 7909)
4(7910 9110 8830 7590)
4(9110 9109 8829 8830)
4(7909 9109 9110 7910)
4(7911 9111 8831 7591)
4(9111 9110 8830 8831)
4(7910 9110 9111 7911)
4(7912 9112 8832 7592)
4(9112 9111 8831 8832)
4(7911 9111 9112 7912)
4(7913 9113 8833 7593)
4(9113 9112 8832 8833)
4(7912 9112 9113 7913)
4(7914 9114 8834 7594)
4(9114 9113 8833 8834)
4(7913 9113 9114 7914)
4(7915 9115 8835 7595)
4(9115 9114 8834 8835)
4(7914 9114 9115 7915)
4(7916 9116 8836 7596)
4(9116 9115 8835 8836)
4(7915 9115 9116 7916)
4(7917 9117 8837 7597)
4(9117 9116 8836 8837)
4(7916 9116 9117 7917)
4(7918 9118 8838 7598)
4(9118 9117 8837 8838)
4(7917 9117 9118 7918)
4(9119 9118 8838 8839)
4(7918 9118 9119 7919)
4(9081 9121 8841 8801)
4(9121 9120 8840 8841)
4(9080 9120 9121 9081)
4(9082 9122 8842 8802)
4(9122 9121 8841 8842)
4(9081 9121 9122 9082)
4(9083 9123 8843 8803)
4(9123 9122 8842 8843)
4(9082 9122 9123 9083)
4(9084 9124 8844 8804)
4(9124 9123 8843 8844)
4(9083 9123 9124 9084)
4(9085 9125 8845 8805)
4(9125 9124 8844 8845)
4(9084 9124 9125 9085)
4(9086 9126 8846 8806)
4(9126 9125 8845 8846)
4(9085 9125 9126 9086)
4(9087 9127 8847 8807)
4(9127 9126 8846 8847)
4(9086 9126 9127 9087)
4(9088 9128 8848 8808)
4(9128 9127 8847 8848)
4(9087 9127 9128 9088)
4(9089 9129 8849 8809)
4(9129 9128 8848 8849)
4(9088 9128 9129 9089)
4(9090 9130 8850 8810)
4(9130 9129 8849 8850)
4(9089 9129 9130 9090)
4(9091 9131 8851 8811)
4(9131 9130 8850 8851)
4(9090 9130 9131 9091)
4(9092 9132 8852 8812)
4(9132 9131 8851 8852)
4(9091 9131 9132 9092)
4(9093 9133 8853 8813)
4(9133 9132 8852 8853)
4(9092 9132 9133 9093)
4(9094 9134 8854 8814)
4(9134 9133 8853 8854)
4(9093 9133 9134 9094)
4(9095 9135 8855 8815)
4(9135 9134 8854 8855)
4(9094 9134 9135 9095)
4(9096 9136 8856 8816)
4(9136 9135 8855 8856)
4(9095 9135 9136 9096)
4(9097 9137 8857 8817)
4(9137 9136 8856 8857)
4(9096 9136 9137 9097)
4(9098 9138 8858 8818)
4(9138 9137 8857 8858)
4(9097 9137 9138 9098)
4(9099 9139 8859 8819)
4(9139 9138 8858 8859)
4(9098 9138 9139 9099)
4(9100 9140 8860 8820)
4(9140 9139 8859 8860)
4(9099 9139 9140 9100)
4(9101 9141 8861 8821)
4(9141 9140 8860 8861)
4(9100 9140 9141 9101)
4(9102 9142 8862 8822)
4(9142 9141 8861 8862)
4(9101 9141 9142 9102)
4(9103 9143 8863 8823)
4(9143 9142 8862 8863)
4(9102 9142 9143 9103)
4(9104 9144 8864 8824)
4(9144 9143 8863 8864)
4(9103 9143 9144 9104)
4(9105 9145 8865 8825)
4(9145 9144 8864 8865)
4(9104 9144 9145 9105)
4(9106 9146 8866 8826)
4(9146 9145 8865 8866)
4(9105 9145 9146 9106)
4(9107 9147 8867 8827)
4(9147 9146 8866 8867)
4(9106 9146 9147 9107)
4(9108 9148 8868 8828)
4(9148 9147 8867 8868)
4(9107 9147 9148 9108)
4(9109 9149 8869 8829)
4(9149 9148 8868 8869)
4(9108 9148 9149 9109)
4(9110 9150 8870 8830)
4(9150 9149 8869 8870)
4(9109 9149 9150 9110)
4(9111 9151 8871 8831)
4(9151 9150 8870 8871)
4(9110 9150 9151 9111)
4(9112 9152 8872 8832)
4(9152 9151 8871 8872)
4(9111 9151 9152 9112)
4(9113 9153 8873 8833)
4(9153 9152 8872 8873)
4(9112 9152 9153 9113)
4(9114 9154 8874 8834)
4(9154 9153 8873 8874)
4(9113 9153 9154 9114)
4(9115 9155 8875 8835)
4(9155 9154 8874 8875)
4(9114 9154 9155 9115)
4(9116 9156 8876 8836)
4(9156 9155 8875 8876)
4(9115 9155 9156 9116)
4(9117 9157 8877 8837)
4(9157 9156 8876 8877)
4(9116 9156 9157 9117)
4(9118 9158 8878 8838)
4(9158 9157 8877 8878)
4(9117 9157 9158 9118)
4(9159 9158 8878 8879)
4(9118 9158 9159 9119)
4(9121 9161 8881 8841)
4(9161 9160 8880 8881)
4(9120 9160 9161 9121)
4(9122 9162 8882 8842)
4(9162 9161 8881 8882)
4(9121 9161 9162 9122)
4(9123 9163 8883 8843)
4(9163 9162 8882 8883)
4(9122 9162 9163 9123)
4(9124 9164 8884 8844)
4(9164 9163 8883 8884)
4(9123 9163 9164 9124)
4(9125 9165 8885 8845)
4(9165 9164 8884 8885)
4(9124 9164 9165 9125)
4(9126 9166 8886 8846)
4(9166 9165 8885 8886)
4(9125 9165 9166 9126)
4(9127 9167 8887 8847)
4(9167 9166 8886 8887)
4(9126 9166 9167 9127)
4(9128 9168 8888 8848)
4(9168 9167 8887 8888)
4(9127 9167 9168 9128)
4(9129 9169 8889 8849)
4(9169 9168 8888 8889)
4(9128 9168 9169 9129)
4(9130 9170 8890 8850)
4(9170 9169 8889 8890)
4(9129 9169 9170 9130)
4(9131 9171 8891 8851)
4(9171 9170 8890 8891)
4(9130 9170 9171 9131)
4(9132 9172 8892 8852)
4(9172 9171 8891 8892)
4(9131 9171 9172 9132)
4(9133 9173 8893 8853)
4(9173 9172 8892 8893)
4(9132 9172 9173 9133)
4(9134 9174 8894 8854)
4(9174 9173 8893 8894)
4(9133 9173 9174 9134)
4(9135 9175 8895 8855)
4(9175 9174 8894 8895)
4(9134 9174 9175 9135)
4(9136 9176 8896 8856)
4(9176 9175 8895 8896)
4(9135 9175 9176 9136)
4(9137 9177 8897 8857)
4(9177 9176 8896 8897)
4(9136 9176 9177 9137)
4(9138 9178 8898 8858)
4(9178 9177 8897 8898)
4(9137 9177 9178 9138)
4(9139 9179 8899 8859)
4(9179 9178 8898 8899)
4(9138 9178 9179 9139)
4(9140 9180 8900 8860)
4(9180 9179 8899 8900)
4(9139 9179 9180 9140)
4(9141 9181 8901 8861)
4(9181 9180 8900 8901)
4(9140 9180 9181 9141)
4(9142 9182 8902 8862)
4(9182 9181 8901 8902)
4(9141 9181 9182 9142)
4(9143 9183 8903 8863)
4(9183 9182 8902 8903)
4(9142 9182 9183 9143)
4(9144 9184 8904 8864)
4(9184 9183 8903 8904)
4(9143 9183 9184 9144)
4(9145 9185 8905 8865)
4(9185 9184 8904 8905)
4(9144 9184 9185 9145)
4(9146 9186 8906 8866)
4(9186 9185 8905 8906)
4(9145 9185 9186 9146)
4(9147 9187 8907 8867)
4(9187 9186 8906 8907)
4(9146 9186 9187 9147)
4(9148 9188 8908 8868)
4(9188 9187 8907 8908)
4(9147 9187 9188 9148)
4(9149 9189 8909 8869)
4(9189 9188 8908 8909)
4(9148 9188 9189 9149)
4(9150 9190 8910 8870)
4(9190 9189 8909 8910)
4(9149 9189 9190 9150)
4(9151 9191 8911 8871)
4(9191 9190 8910 8911)
4(9150 9190 9191 9151)
4(9152 9192 8912 8872)
4(9192 9191 8911 8912)
4(9151 9191 9192 9152)
4(9153 9193 8913 8873)
4(9193 9192 8912 8913)
4(9152 9192 9193 9153)
4(9154 9194 8914 8874)
4(9194 9193 8913 8914)
4(9153 9193 9194 9154)
4(9155 9195 8915 8875)
4(9195 9194 8914 8915)
4(9154 9194 9195 9155)
4(9156 9196 8916 8876)
4(9196 9195 8915 8916)
4(9155 9195 9196 9156)
4(9157 9197 8917 8877)
4(9197 9196 8916 8917)
4(9156 9196 9197 9157)
4(9158 9198 8918 8878)
4(9198 9197 8917 8918)
4(9157 9197 9198 9158)
4(9199 9198 8918 8919)
4(9158 9198 9199 9159)
4(9161 9201 8921 8881)
4(9201 9200 8920 8921)
4(9160 9200 9201 9161)
4(9162 9202 8922 8882)
4(9202 9201 8921 8922)
4(9161 9201 9202 9162)
4(9163 9203 8923 8883)
4(9203 9202 8922 8923)
4(9162 9202 9203 9163)
4(9164 9204 8924 8884)
4(9204 9203 8923 8924)
4(9163 9203 9204 9164)
4(9165 9205 8925 8885)
4(9205 9204 8924 8925)
4(9164 9204 9205 9165)
4(9166 9206 8926 8886)
4(9206 9205 8925 8926)
4(9165 9205 9206 9166)
4(9167 9207 8927 8887)
4(9207 9206 8926 8927)
4(9166 9206 9207 9167)
4(9168 9208 8928 8888)
4(9208 9207 8927 8928)
4(9167 9207 9208 9168)
4(9169 9209 8929 8889)
4(9209 9208 8928 8929)
4(9168 9208 9209 9169)
4(9170 9210 8930 8890)
4(9210 9209 8929 8930)
4(9169 9209 9210 9170)
4(9171 9211 8931 8891)
4(9211 9210 8930 8931)
4(9170 9210 9211 9171)
4(9172 9212 8932 8892)
4(9212 9211 8931 8932)
4(9171 9211 9212 9172)
4(9173 9213 8933 8893)
4(9213 9212 8932 8933)
4(9172 9212 9213 9173)
4(9174 9214 8934 8894)
4(9214 9213 8933 8934)
4(9173 9213 9214 9174)
4(9175 9215 8935 8895)
4(9215 9214 8934 8935)
4(9174 9214 9215 9175)
4(9176 9216 8936 8896)
4(9216 9215 8935 8936)
4(9175 9215 9216 9176)
4(9177 9217 8937 8897)
4(9217 9216 8936 8937)
4(9176 9216 9217 9177)
4(9178 9218 8938 8898)
4(9218 9217 8937 8938)
4(9177 9217 9218 9178)
4(9179 9219 8939 8899)
4(9219 9218 8938 8939)
4(9178 9218 9219 9179)
4(9180 9220 8940 8900)
4(9220 9219 8939 8940)
4(9179 9219 9220 9180)
4(9181 9221 8941 8901)
4(9221 9220 8940 8941)
4(9180 9220 9221 9181)
4(9182 9222 8942 8902)
4(9222 9221 8941 8942)
4(9181 9221 9222 9182)
4(9183 9223 8943 8903)
4(9223 9222 8942 8943)
4(9182 9222 9223 9183)
4(9184 9224 8944 8904)
4(9224 9223 8943 8944)
4(9183 9223 9224 9184)
4(9185 9225 8945 8905)
4(9225 9224 8944 8945)
4(9184 9224 9225 9185)
4(9186 9226 8946 8906)
4(9226 9225 8945 8946)
4(9185 9225 9226 9186)
4(9187 9227 8947 8907)
4(9227 9226 8946 8947)
4(9186 9226 9227 9187)
4(9188 9228 8948 8908)
4(9228 9227 8947 8948)
4(9187 9227 9228 9188)
4(9189 9229 8949 8909)
4(9229 9228 8948 8949)
4(9188 9228 9229 9189)
4(9190 9230 8950 8910)
4(9230 9229 8949 8950)
4(9189 9229 9230 9190)
4(9191 9231 8951 8911)
4(9231 9230 8950 8951)
4(9190 9230 9231 9191)
4(9192 9232 8952 8912)
4(9232 9231 8951 8952)
4(9191 9231 9232 9192)
4(9193 9233 8953 8913)
4(9233 9232 8952 8953)
4(9192 9232 9233 9193)
4(9194 9234 8954 8914)
4(9234 9233 8953 8954)
4(9193 9233 9234 9194)
4(9195 9235 8955 8915)
4(9235 9234 8954 8955)
4(9194 9234 9235 9195)
4(9196 9236 8956 8916)
4(9236 9235 8955 8956)
4(9195 9235 9236 9196)
4(9197 9237 8957 8917)
4(9237 9236 8956 8957)
4(9196 9236 9237 9197)
4(9198 9238 8958 8918)
4(9238 9237 8957 8958)
4(9197 9237 9238 9198)
4(9239 9238 8958 8959)
4(9198 9238 9239 9199)
4(9201 9241 8961 8921)
4(9241 9240 8960 8961)
4(9200 9240 9241 9201)
4(9202 9242 8962 8922)
4(9242 9241 8961 8962)
4(9201 9241 9242 9202)
4(9203 9243 8963 8923)
4(9243 9242 8962 8963)
4(9202 9242 9243 9203)
4(9204 9244 8964 8924)
4(9244 9243 8963 8964)
4(9203 9243 9244 9204)
4(9205 9245 8965 8925)
4(9245 9244 8964 8965)
4(9204 9244 9245 9205)
4(9206 9246 8966 8926)
4(9246 9245 8965 8966)
4(9205 9245 9246 9206)
4(9207 9247 8967 8927)
4(9247 9246 8966 8967)
4(9206 9246 9247 9207)
4(9208 9248 8968 8928)
4(9248 9247 8967 8968)
4(9207 9247 9248 9208)
4(9209 9249 8969 8929)
4(9249 9248 8968 8969)
4(9208 9248 9249 9209)
4(9210 9250 8970 8930)
4(9250 9249 8969 8970)
4(9209 9249 9250 9210)
4(9211 9251 8971 8931)
4(9251 9250 8970 8971)
4(9210 9250 9251 9211)
4(9212 9252 8972 8932)
4(9252 9251 8971 8972)
4(9211 9251 9252 9212)
4(9213 9253 8973 8933)
4(9253 9252 8972 8973)
4(9212 9252 9253 9213)
4(9214 9254 8974 8934)
4(9254 9253 8973 8974)
4(9213 9253 9254 9214)
4(9215 9255 8975 8935)
4(9255 9254 8974 8975)
4(9214 9254 9255 9215)
4(9216 9256 8976 8936)
4(9256 9255 8975 8976)
4(9215 9255 9256 9216)
4(9217 9257 8977 8937)
4(9257 9256 8976 8977)
4(9216 9256 9257 9217)
4(9218 9258 8978 8938)
4(9258 9257 8977 8978)
4(9217 9257 9258 9218)
4(9219 9259 8979 8939)
4(9259 9258 8978 8979)
4(9218 9258 9259 9219)
4(9220 9260 8980 8940)
4(9260 9259 8979 8980)
4(9219 9259 9260 9220)
4(9221 9261 8981 8941)
4(9261 9260 8980 8981)
4(9220 9260 9261 9221)
4(9222 9262 8982 8942)
4(9262 9261 8981 8982)
4(9221 9261 9262 9222)
4(9223 9263 8983 8943)
4(9263 9262 8982 8983)
4(9222 9262 9263 9223)
4(9224 9264 8984 8944)
4(9264 9263 8983 8984)
4(9223 9263 9264 9224)
4(9225 9265 8985 8945)
4(9265 9264 8984 8985)
4(9224 9264 9265 9225)
4(9226 9266 8986 8946)
4(9266 9265 8985 8986)
4(9225 9265 9266 9226)
4(9227 9267 8987 8947)
4(9267 9266 8986 8987)
4(9226 9266 9267 9227)
4(9228 9268 8988 8948)
4(9268 9267 8987 8988)
4(9227 9267 9268 9228)
4(9229 9269 8989 8949)
4(9269 9268 8988 8989)
4(9228 9268 9269 9229)
4(9230 9270 8990 8950)
4(9270 9269 8989 8990)
4(9229 9269 9270 9230)
4(9231 9271 8991 8951)
4(9271 9270 8990 8991)
4(9230 9270 9271 9231)
4(9232 9272 8992 8952)
4(9272 9271 8991 8992)
4(9231 9271 9272 9232)
4(9233 9273 8993 8953)
4(9273 9272 8992 8993)
4(9232 9272 9273 9233)
4(9234 9274 8994 8954)
4(9274 9273 8993 8994)
4(9233 9273 9274 9234)
4(9235 9275 8995 8955)
4(9275 9274 8994 8995)
4(9234 9274 9275 9235)
4(9236 9276 8996 8956)
4(9276 9275 8995 8996)
4(9235 9275 9276 9236)
4(9237 9277 8997 8957)
4(9277 9276 8996 8997)
4(9236 9276 9277 9237)
4(9238 9278 8998 8958)
4(9278 9277 8997 8998)
4(9237 9277 9278 9238)
4(9279 9278 8998 8999)
4(9238 9278 9279 9239)
4(9241 9281 9001 8961)
4(9281 9280 9000 9001)
4(9240 9280 9281 9241)
4(9242 9282 9002 8962)
4(9282 9281 9001 9002)
4(9241 9281 9282 9242)
4(9243 9283 9003 8963)
4(9283 9282 9002 9003)
4(9242 9282 9283 9243)
4(9244 9284 9004 8964)
4(9284 9283 9003 9004)
4(9243 9283 9284 9244)
4(9245 9285 9005 8965)
4(9285 9284 9004 9005)
4(9244 9284 9285 9245)
4(9246 9286 9006 8966)
4(9286 9285 9005 9006)
4(9245 9285 9286 9246)
4(9247 9287 9007 8967)
4(9287 9286 9006 9007)
4(9246 9286 9287 9247)
4(9248 9288 9008 8968)
4(9288 9287 9007 9008)
4(9247 9287 9288 9248)
4(9249 9289 9009 8969)
4(9289 9288 9008 9009)
4(9248 9288 9289 9249)
4(9250 9290 9010 8970)
4(9290 9289 9009 9010)
4(9249 9289 9290 9250)
4(9251 9291 9011 8971)
4(9291 9290 9010 9011)
4(9250 9290 9291 9251)
4(9252 9292 9012 8972)
4(9292 9291 9011 9012)
4(9251 9291 9292 9252)
4(9253 9293 9013 8973)
4(9293 9292 9012 9013)
4(9252 9292 9293 9253)
4(9254 9294 9014 8974)
4(9294 9293 9013 9014)
4(9253 9293 9294 9254)
4(9255 9295 9015 8975)
4(9295 9294 9014 9015)
4(9254 9294 9295 9255)
4(9256 9296 9016 8976)
4(9296 9295 9015 9016)
4(9255 9295 9296 9256)
4(9257 9297 9017 8977)
4(9297 9296 9016 9017)
4(9256 9296 9297 9257)
4(9258 9298 9018 8978)
4(9298 9297 9017 9018)
4(9257 9297 9298 9258)
4(9259 9299 9019 8979)
4(9299 9298 9018 9019)
4(9258 9298 9299 9259)
4(9260 9300 9020 8980)
4(9300 9299 9019 9020)
4(9259 9299 9300 9260)
4(9261 9301 9021 8981)
4(9301 9300 9020 9021)
4(9260 9300 9301 9261)
4(9262 9302 9022 8982)
4(9302 9301 9021 9022)
4(9261 9301 9302 9262)
4(9263 9303 9023 8983)
4(9303 9302 9022 9023)
4(9262 9302 9303 9263)
4(9264 9304 9024 8984)
4(9304 9303 9023 9024)
4(9263 9303 9304 9264)
4(9265 9305 9025 8985)
4(9305 9304 9024 9025)
4(9264 9304 9305 9265)
4(9266 9306 9026 8986)
4(9306 9305 9025 9026)
4(9265 9305 9306 9266)
4(9267 9307 9027 8987)
4(9307 9306 9026 9027)
4(9266 9306 9307 9267)
4(9268 9308 9028 8988)
4(9308 9307 9027 9028)
4(9267 9307 9308 9268)
4(9269 9309 9029 8989)
4(9309 9308 9028 9029)
4(9268 9308 9309 9269)
4(9270 9310 9030 8990)
4(9310 9309 9029 9030)
4(9269 9309 9310 9270)
4(9271 9311 9031 8991)
4(9311 9310 9030 9031)
4(9270 9310 9311 9271)
4(9272 9312 9032 8992)
4(9312 9311 9031 9032)
4(9271 9311 9312 9272)
4(9273 9313 9033 8993)
4(9313 9312 9032 9033)
4(9272 9312 9313 9273)
4(9274 9314 9034 8994)
4(9314 9313 9033 9034)
4(9273 9313 9314 9274)
4(9275 9315 9035 8995)
4(9315 9314 9034 9035)
4(9274 9314 9315 9275)
4(9276 9316 9036 8996)
4(9316 9315 9035 9036)
4(9275 9315 9316 9276)
4(9277 9317 9037 8997)
4(9317 9316 9036 9037)
4(9276 9316 9317 9277)
4(9278 9318 9038 8998)
4(9318 9317 9037 9038)
4(9277 9317 9318 9278)
4(9319 9318 9038 9039)
4(9278 9318 9319 9279)
4(9281 9321 9041 9001)
4(9321 9320 9040 9041)
4(9280 9320 9321 9281)
4(9282 9322 9042 9002)
4(9322 9321 9041 9042)
4(9281 9321 9322 9282)
4(9283 9323 9043 9003)
4(9323 9322 9042 9043)
4(9282 9322 9323 9283)
4(9284 9324 9044 9004)
4(9324 9323 9043 9044)
4(9283 9323 9324 9284)
4(9285 9325 9045 9005)
4(9325 9324 9044 9045)
4(9284 9324 9325 9285)
4(9286 9326 9046 9006)
4(9326 9325 9045 9046)
4(9285 9325 9326 9286)
4(9287 9327 9047 9007)
4(9327 9326 9046 9047)
4(9286 9326 9327 9287)
4(9288 9328 9048 9008)
4(9328 9327 9047 9048)
4(9287 9327 9328 9288)
4(9289 9329 9049 9009)
4(9329 9328 9048 9049)
4(9288 9328 9329 9289)
4(9290 9330 9050 9010)
4(9330 9329 9049 9050)
4(9289 9329 9330 9290)
4(9291 9331 9051 9011)
4(9331 9330 9050 9051)
4(9290 9330 9331 9291)
4(9292 9332 9052 9012)
4(9332 9331 9051 9052)
4(9291 9331 9332 9292)
4(9293 9333 9053 9013)
4(9333 9332 9052 9053)
4(9292 9332 9333 9293)
4(9294 9334 9054 9014)
4(9334 9333 9053 9054)
4(9293 9333 9334 9294)
4(9295 9335 9055 9015)
4(9335 9334 9054 9055)
4(9294 9334 9335 9295)
4(9296 9336 9056 9016)
4(9336 9335 9055 9056)
4(9295 9335 9336 9296)
4(9297 9337 9057 9017)
4(9337 9336 9056 9057)
4(9296 9336 9337 9297)
4(9298 9338 9058 9018)
4(9338 9337 9057 9058)
4(9297 9337 9338 9298)
4(9299 9339 9059 9019)
4(9339 9338 9058 9059)
4(9298 9338 9339 9299)
4(9300 9340 9060 9020)
4(9340 9339 9059 9060)
4(9299 9339 9340 9300)
4(9301 9341 9061 9021)
4(9341 9340 9060 9061)
4(9300 9340 9341 9301)
4(9302 9342 9062 9022)
4(9342 9341 9061 9062)
4(9301 9341 9342 9302)
4(9303 9343 9063 9023)
4(9343 9342 9062 9063)
4(9302 9342 9343 9303)
4(9304 9344 9064 9024)
4(9344 9343 9063 9064)
4(9303 9343 9344 9304)
4(9305 9345 9065 9025)
4(9345 9344 9064 9065)
4(9304 9344 9345 9305)
4(9306 9346 9066 9026)
4(9346 9345 9065 9066)
4(9305 9345 9346 9306)
4(9307 9347 9067 9027)
4(9347 9346 9066 9067)
4(9306 9346 9347 9307)
4(9308 9348 9068 9028)
4(9348 9347 9067 9068)
4(9307 9347 9348 9308)
4(9309 9349 9069 9029)
4(9349 9348 9068 9069)
4(9308 9348 9349 9309)
4(9310 9350 9070 9030)
4(9350 9349 9069 9070)
4(9309 9349 9350 9310)
4(9311 9351 9071 9031)
4(9351 9350 9070 9071)
4(9310 9350 9351 9311)
4(9312 9352 9072 9032)
4(9352 9351 9071 9072)
4(9311 9351 9352 9312)
4(9313 9353 9073 9033)
4(9353 9352 9072 9073)
4(9312 9352 9353 9313)
4(9314 9354 9074 9034)
4(9354 9353 9073 9074)
4(9313 9353 9354 9314)
4(9315 9355 9075 9035)
4(9355 9354 9074 9075)
4(9314 9354 9355 9315)
4(9316 9356 9076 9036)
4(9356 9355 9075 9076)
4(9315 9355 9356 9316)
4(9317 9357 9077 9037)
4(9357 9356 9076 9077)
4(9316 9356 9357 9317)
4(9318 9358 9078 9038)
4(9358 9357 9077 9078)
4(9317 9357 9358 9318)
4(9359 9358 9078 9079)
4(9318 9358 9359 9319)
4(9321 4321 3961 9041)
4(9320 4320 4321 9321)
4(9322 4322 3962 9042)
4(9321 4321 4322 9322)
4(9323 4323 3963 9043)
4(9322 4322 4323 9323)
4(9324 4324 3964 9044)
4(9323 4323 4324 9324)
4(9325 4325 3965 9045)
4(9324 4324 4325 9325)
4(9326 4326 3966 9046)
4(9325 4325 4326 9326)
4(9327 4327 3967 9047)
4(9326 4326 4327 9327)
4(9328 4328 3968 9048)
4(9327 4327 4328 9328)
4(9329 4329 3969 9049)
4(9328 4328 4329 9329)
4(9330 4330 3970 9050)
4(9329 4329 4330 9330)
4(9331 4331 3971 9051)
4(9330 4330 4331 9331)
4(9332 4332 3972 9052)
4(9331 4331 4332 9332)
4(9333 4333 3973 9053)
4(9332 4332 4333 9333)
4(9334 4334 3974 9054)
4(9333 4333 4334 9334)
4(9335 4335 3975 9055)
4(9334 4334 4335 9335)
4(9336 4336 3976 9056)
4(9335 4335 4336 9336)
4(9337 4337 3977 9057)
4(9336 4336 4337 9337)
4(9338 4338 3978 9058)
4(9337 4337 4338 9338)
4(9339 4339 3979 9059)
4(9338 4338 4339 9339)
4(9340 4340 3980 9060)
4(9339 4339 4340 9340)
4(9341 4341 3981 9061)
4(9340 4340 4341 9341)
4(9342 4342 3982 9062)
4(9341 4341 4342 9342)
4(9343 4343 3983 9063)
4(9342 4342 4343 9343)
4(9344 4344 3984 9064)
4(9343 4343 4344 9344)
4(9345 4345 3985 9065)
4(9344 4344 4345 9345)
4(9346 4346 3986 9066)
4(9345 4345 4346 9346)
4(9347 4347 3987 9067)
4(9346 4346 4347 9347)
4(9348 4348 3988 9068)
4(9347 4347 4348 9348)
4(9349 4349 3989 9069)
4(9348 4348 4349 9349)
4(9350 4350 3990 9070)
4(9349 4349 4350 9350)
4(9351 4351 3991 9071)
4(9350 4350 4351 9351)
4(9352 4352 3992 9072)
4(9351 4351 4352 9352)
4(9353 4353 3993 9073)
4(9352 4352 4353 9353)
4(9354 4354 3994 9074)
4(9353 4353 4354 9354)
4(9355 4355 3995 9075)
4(9354 4354 4355 9355)
4(9356 4356 3996 9076)
4(9355 4355 4356 9356)
4(9357 4357 3997 9077)
4(9356 4356 4357 9357)
4(9358 4358 3998 9078)
4(9357 4357 4358 9358)
4(9358 4358 4359 9359)
4(8201 9361 9081 7881)
4(9361 9360 9080 9081)
4(8202 9362 9082 7882)
4(9362 9361 9081 9082)
4(8203 9363 9083 7883)
4(9363 9362 9082 9083)
4(8204 9364 9084 7884)
4(9364 9363 9083 9084)
4(8205 9365 9085 7885)
4(9365 9364 9084 9085)
4(8206 9366 9086 7886)
4(9366 9365 9085 9086)
4(8207 9367 9087 7887)
4(9367 9366 9086 9087)
4(8208 9368 9088 7888)
4(9368 9367 9087 9088)
4(8209 9369 9089 7889)
4(9369 9368 9088 9089)
4(8210 9370 9090 7890)
4(9370 9369 9089 9090)
4(8211 9371 9091 7891)
4(9371 9370 9090 9091)
4(8212 9372 9092 7892)
4(9372 9371 9091 9092)
4(8213 9373 9093 7893)
4(9373 9372 9092 9093)
4(8214 9374 9094 7894)
4(9374 9373 9093 9094)
4(8215 9375 9095 7895)
4(9375 9374 9094 9095)
4(8216 9376 9096 7896)
4(9376 9375 9095 9096)
4(8217 9377 9097 7897)
4(9377 9376 9096 9097)
4(8218 9378 9098 7898)
4(9378 9377 9097 9098)
4(8219 9379 9099 7899)
4(9379 9378 9098 9099)
4(8220 9380 9100 7900)
4(9380 9379 9099 9100)
4(8221 9381 9101 7901)
4(9381 9380 9100 9101)
4(8222 9382 9102 7902)
4(9382 9381 9101 9102)
4(8223 9383 9103 7903)
4(9383 9382 9102 9103)
4(8224 9384 9104 7904)
4(9384 9383 9103 9104)
4(8225 9385 9105 7905)
4(9385 9384 9104 9105)
4(8226 9386 9106 7906)
4(9386 9385 9105 9106)
4(8227 9387 9107 7907)
4(9387 9386 9106 9107)
4(8228 9388 9108 7908)
4(9388 9387 9107 9108)
4(8229 9389 9109 7909)
4(9389 9388 9108 9109)
4(8230 9390 9110 7910)
4(9390 9389 9109 9110)
4(8231 9391 9111 7911)
4(9391 9390 9110 9111)
4(8232 9392 9112 7912)
4(9392 9391 9111 9112)
4(8233 9393 9113 7913)
4(9393 9392 9112 9113)
4(8234 9394 9114 7914)
4(9394 9393 9113 9114)
4(8235 9395 9115 7915)
4(9395 9394 9114 9115)
4(8236 9396 9116 7916)
4(9396 9395 9115 9116)
4(8237 9397 9117 7917)
4(9397 9396 9116 9117)
4(8238 9398 9118 7918)
4(9398 9397 9117 9118)
4(9399 9398 9118 9119)
4(9361 9401 9121 9081)
4(9401 9400 9120 9121)
4(9362 9402 9122 9082)
4(9402 9401 9121 9122)
4(9363 9403 9123 9083)
4(9403 9402 9122 9123)
4(9364 9404 9124 9084)
4(9404 9403 9123 9124)
4(9365 9405 9125 9085)
4(9405 9404 9124 9125)
4(9366 9406 9126 9086)
4(9406 9405 9125 9126)
4(9367 9407 9127 9087)
4(9407 9406 9126 9127)
4(9368 9408 9128 9088)
4(9408 9407 9127 9128)
4(9369 9409 9129 9089)
4(9409 9408 9128 9129)
4(9370 9410 9130 9090)
4(9410 9409 9129 9130)
4(9371 9411 9131 9091)
4(9411 9410 9130 9131)
4(9372 9412 9132 9092)
4(9412 9411 9131 9132)
4(9373 9413 9133 9093)
4(9413 9412 9132 9133)
4(9374 9414 9134 9094)
4(9414 9413 9133 9134)
4(9375 9415 9135 9095)
4(9415 9414 9134 9135)
4(9376 9416 9136 9096)
4(9416 9415 9135 9136)
4(9377 9417 9137 9097)
4(9417 9416 9136 9137)
4(9378 9418 9138 9098)
4(9418 9417 9137 9138)
4(9379 9419 9139 9099)
4(9419 9418 9138 9139)
4(9380 9420 9140 9100)
4(9420 9419 9139 9140)
4(9381 9421 9141 9101)
4(9421 9420 9140 9141)
4(9382 9422 9142 9102)
4(9422 9421 9141 9142)
4(9383 9423 9143 9103)
4(9423 9422 9142 9143)
4(9384 9424 9144 9104)
4(9424 9423 9143 9144)
4(9385 9425 9145 9105)
4(9425 9424 9144 9145)
4(9386 9426 9146 9106)
4(9426 9425 9145 9146)
4(9387 9427 9147 9107)
4(9427 9426 9146 9147)
4(9388 9428 9148 9108)
4(9428 9427 9147 9148)
4(9389 9429 9149 9109)
4(9429 9428 9148 9149)
4(9390 9430 9150 9110)
4(9430 9429 9149 9150)
4(9391 9431 9151 9111)
4(9431 9430 9150 9151)
4(9392 9432 9152 9112)
4(9432 9431 9151 9152)
4(9393 9433 9153 9113)
4(9433 9432 9152 9153)
4(9394 9434 9154 9114)
4(9434 9433 9153 9154)
4(9395 9435 9155 9115)
4(9435 9434 9154 9155)
4(9396 9436 9156 9116)
4(9436 9435 9155 9156)
4(9397 9437 9157 9117)
4(9437 9436 9156 9157)
4(9398 9438 9158 9118)
4(9438 9437 9157 9158)
4(9439 9438 9158 9159)
4(9401 9441 9161 9121)
4(9441 9440 9160 9161)
4(9402 9442 9162 9122)
4(9442 9441 9161 9162)
4(9403 9443 9163 9123)
4(9443 9442 9162 9163)
4(9404 9444 9164 9124)
4(9444 9443 9163 9164)
4(9405 9445 9165 9125)
4(9445 9444 9164 9165)
4(9406 9446 9166 9126)
4(9446 9445 9165 9166)
4(9407 9447 9167 9127)
4(9447 9446 9166 9167)
4(9408 9448 9168 9128)
4(9448 9447 9167 9168)
4(9409 9449 9169 9129)
4(9449 9448 9168 9169)
4(9410 9450 9170 9130)
4(9450 9449 9169 9170)
4(9411 9451 9171 9131)
4(9451 9450 9170 9171)
4(9412 9452 9172 9132)
4(9452 9451 9171 9172)
4(9413 9453 9173 9133)
4(9453 9452 9172 9173)
4(9414 9454 9174 9134)
4(9454 9453 9173 9174)
4(9415 9455 9175 9135)
4(9455 9454 9174 9175)
4(9416 9456 9176 9136)
4(9456 9455 9175 9176)
4(9417 9457 9177 9137)
4(9457 9456 9176 9177)
4(9418 9458 9178 9138)
4(9458 9457 9177 9178)
4(9419 9459 9179 9139)
4(9459 9458 9178 9179)
4(9420 9460 9180 9140)
4(9460 9459 9179 9180)
4(9421 9461 9181 9141)
4(9461 9460 9180 9181)
4(9422 9462 9182 9142)
4(9462 9461 9181 9182)
4(9423 9463 9183 9143)
4(9463 9462 9182 9183)
4(9424 9464 9184 9144)
4(9464 9463 9183 9184)
4(9425 9465 9185 9145)
4(9465 9464 9184 9185)
4(9426 9466 9186 9146)
4(9466 9465 9185 9186)
4(9427 9467 9187 9147)
4(9467 9466 9186 9187)
4(9428 9468 9188 9148)
4(9468 9467 9187 9188)
4(9429 9469 9189 9149)
4(9469 9468 9188 9189)
4(9430 9470 9190 9150)
4(9470 9469 9189 9190)
4(9431 9471 9191 9151)
4(9471 9470 9190 9191)
4(9432 9472 9192 9152)
4(9472 9471 9191 9192)
4(9433 9473 9193 9153)
4(9473 9472 9192 9193)
4(9434 9474 9194 9154)
4(9474 9473 9193 9194)
4(9435 9475 9195 9155)
4(9475 9474 9194 9195)
4(9436 9476 9196 9156)
4(9476 9475 9195 9196)
4(9437 9477 9197 9157)
4(9477 9476 9196 9197)
4(9438 9478 9198 9158)
4(9478 9477 9197 9198)
4(9479 9478 9198 9199)
4(9441 9481 9201 9161)
4(9481 9480 9200 9201)
4(9442 9482 9202 9162)
4(9482 9481 9201 9202)
4(9443 9483 9203 9163)
4(9483 9482 9202 9203)
4(9444 9484 9204 9164)
4(9484 9483 9203 9204)
4(9445 9485 9205 9165)
4(9485 9484 9204 9205)
4(9446 9486 9206 9166)
4(9486 9485 9205 9206)
4(9447 9487 9207 9167)
4(9487 9486 9206 9207)
4(9448 9488 9208 9168)
4(9488 9487 9207 9208)
4(9449 9489 9209 9169)
4(9489 9488 9208 9209)
4(9450 9490 9210 9170)
4(9490 9489 9209 9210)
4(9451 9491 9211 9171)
4(9491 9490 9210 9211)
4(9452 9492 9212 9172)
4(9492 9491 9211 9212)
4(9453 9493 9213 9173)
4(9493 9492 9212 9213)
4(9454 9494 9214 9174)
4(9494 9493 9213 9214)
4(9455 9495 9215 9175)
4(9495 9494 9214 9215)
4(9456 9496 9216 9176)
4(9496 9495 9215 9216)
4(9457 9497 9217 9177)
4(9497 9496 9216 9217)
4(9458 9498 9218 9178)
4(9498 9497 9217 9218)
4(9459 9499 9219 9179)
4(9499 9498 9218 9219)
4(9460 9500 9220 9180)
4(9500 9499 9219 9220)
4(9461 9501 9221 9181)
4(9501 9500 9220 9221)
4(9462 9502 9222 9182)
4(9502 9501 9221 9222)
4(9463 9503 9223 9183)
4(9503 9502 9222 9223)
4(9464 9504 9224 9184)
4(9504 9503 9223 9224)
4(9465 9505 9225 9185)
4(9505 9504 9224 9225)
4(9466 9506 9226 9186)
4(9506 9505 9225 9226)
4(9467 9507 9227 9187)
4(9507 9506 9226 9227)
4(9468 9508 9228 9188)
4(9508 9507 9227 9228)
4(9469 9509 9229 9189)
4(9509 9508 9228 9229)
4(9470 9510 9230 9190)
4(9510 9509 9229 9230)
4(9471 9511 9231 9191)
4(9511 9510 9230 9231)
4(9472 9512 9232 9192)
4(9512 9511 9231 9232)
4(9473 9513 9233 9193)
4(9513 9512 9232 9233)
4(9474 9514 9234 9194)
4(9514 9513 9233 9234)
4(9475 9515 9235 9195)
4(9515 9514 9234 9235)
4(9476 9516 9236 9196)
4(9516 9515 9235 9236)
4(9477 9517 9237 9197)
4(9517 9516 9236 9237)
4(9478 9518 9238 9198)
4(9518 9517 9237 9238)
4(9519 9518 9238 9239)
4(9481 9521 9241 9201)
4(9521 9520 9240 9241)
4(9482 9522 9242 9202)
4(9522 9521 9241 9242)
4(9483 9523 9243 9203)
4(9523 9522 9242 9243)
4(9484 9524 9244 9204)
4(9524 9523 9243 9244)
4(9485 9525 9245 9205)
4(9525 9524 9244 9245)
4(9486 9526 9246 9206)
4(9526 9525 9245 9246)
4(9487 9527 9247 9207)
4(9527 9526 9246 9247)
4(9488 9528 9248 9208)
4(9528 9527 9247 9248)
4(9489 9529 9249 9209)
4(9529 9528 9248 9249)
4(9490 9530 9250 9210)
4(9530 9529 9249 9250)
4(9491 9531 9251 9211)
4(9531 9530 9250 9251)
4(9492 9532 9252 9212)
4(9532 9531 9251 9252)
4(9493 9533 9253 9213)
4(9533 9532 9252 9253)
4(9494 9534 9254 9214)
4(9534 9533 9253 9254)
4(9495 9535 9255 9215)
4(9535 9534 9254 9255)
4(9496 9536 9256 9216)
4(9536 9535 9255 9256)
4(9497 9537 9257 9217)
4(9537 9536 9256 9257)
4(9498 9538 9258 9218)
4(9538 9537 9257 9258)
4(9499 9539 9259 9219)
4(9539 9538 9258 9259)
4(9500 9540 9260 9220)
4(9540 9539 9259 9260)
4(9501 9541 9261 9221)
4(9541 9540 9260 9261)
4(9502 9542 9262 9222)
4(9542 9541 9261 9262)
4(9503 9543 9263 9223)
4(9543 9542 9262 9263)
4(9504 9544 9264 9224)
4(9544 9543 9263 9264)
4(9505 9545 9265 9225)
4(9545 9544 9264 9265)
4(9506 9546 9266 9226)
4(9546 9545 9265 9266)
4(9507 9547 9267 9227)
4(9547 9546 9266 9267)
4(9508 9548 9268 9228)
4(9548 9547 9267 9268)
4(9509 9549 9269 9229)
4(9549 9548 9268 9269)
4(9510 9550 9270 9230)
4(9550 9549 9269 9270)
4(9511 9551 9271 9231)
4(9551 9550 9270 9271)
4(9512 9552 9272 9232)
4(9552 9551 9271 9272)
4(9513 9553 9273 9233)
4(9553 9552 9272 9273)
4(9514 9554 9274 9234)
4(9554 9553 9273 9274)
4(9515 9555 9275 9235)
4(9555 9554 9274 9275)
4(9516 9556 9276 9236)
4(9556 9555 9275 9276)
4(9517 9557 9277 9237)
4(9557 9556 9276 9277)
4(9518 9558 9278 9238)
4(9558 9557 9277 9278)
4(9559 9558 9278 9279)
4(9521 9561 9281 9241)
4(9561 9560 9280 9281)
4(9522 9562 9282 9242)
4(9562 9561 9281 9282)
4(9523 9563 9283 9243)
4(9563 9562 9282 9283)
4(9524 9564 9284 9244)
4(9564 9563 9283 9284)
4(9525 9565 9285 9245)
4(9565 9564 9284 9285)
4(9526 9566 9286 9246)
4(9566 9565 9285 9286)
4(9527 9567 9287 9247)
4(9567 9566 9286 9287)
4(9528 9568 9288 9248)
4(9568 9567 9287 9288)
4(9529 9569 9289 9249)
4(9569 9568 9288 9289)
4(9530 9570 9290 9250)
4(9570 9569 9289 9290)
4(9531 9571 9291 9251)
4(9571 9570 9290 9291)
4(9532 9572 9292 9252)
4(9572 9571 9291 9292)
4(9533 9573 9293 9253)
4(9573 9572 9292 9293)
4(9534 9574 9294 9254)
4(9574 9573 9293 9294)
4(9535 9575 9295 9255)
4(9575 9574 9294 9295)
4(9536 9576 9296 9256)
4(9576 9575 9295 9296)
4(9537 9577 9297 9257)
4(9577 9576 9296 9297)
4(9538 9578 9298 9258)
4(9578 9577 9297 9298)
4(9539 9579 9299 9259)
4(9579 9578 9298 9299)
4(9540 9580 9300 9260)
4(9580 9579 9299 9300)
4(9541 9581 9301 9261)
4(9581 9580 9300 9301)
4(9542 9582 9302 9262)
4(9582 9581 9301 9302)
4(9543 9583 9303 9263)
4(9583 9582 9302 9303)
4(9544 9584 9304 9264)
4(9584 9583 9303 9304)
4(9545 9585 9305 9265)
4(9585 9584 9304 9305)
4(9546 9586 9306 9266)
4(9586 9585 9305 9306)
4(9547 9587 9307 9267)
4(9587 9586 9306 9307)
4(9548 9588 9308 9268)
4(9588 9587 9307 9308)
4(9549 9589 9309 9269)
4(9589 9588 9308 9309)
4(9550 9590 9310 9270)
4(9590 9589 9309 9310)
4(9551 9591 9311 9271)
4(9591 9590 9310 9311)
4(9552 9592 9312 9272)
4(9592 9591 9311 9312)
4(9553 9593 9313 9273)
4(9593 9592 9312 9313)
4(9554 9594 9314 9274)
4(9594 9593 9313 9314)
4(9555 9595 9315 9275)
4(9595 9594 9314 9315)
4(9556 9596 9316 9276)
4(9596 9595 9315 9316)
4(9557 9597 9317 9277)
4(9597 9596 9316 9317)
4(9558 9598 9318 9278)
4(9598 9597 9317 9318)
4(9599 9598 9318 9319)
4(9561 9601 9321 9281)
4(9601 9600 9320 9321)
4(9562 9602 9322 9282)
4(9602 9601 9321 9322)
4(9563 9603 9323 9283)
4(9603 9602 9322 9323)
4(9564 9604 9324 9284)
4(9604 9603 9323 9324)
4(9565 9605 9325 9285)
4(9605 9604 9324 9325)
4(9566 9606 9326 9286)
4(9606 9605 9325 9326)
4(9567 9607 9327 9287)
4(9607 9606 9326 9327)
4(9568 9608 9328 9288)
4(9608 9607 9327 9328)
4(9569 9609 9329 9289)
4(9609 9608 9328 9329)
4(9570 9610 9330 9290)
4(9610 9609 9329 9330)
4(9571 9611 9331 9291)
4(9611 9610 9330 9331)
4(9572 9612 9332 9292)
4(9612 9611 9331 9332)
4(9573 9613 9333 9293)
4(9613 9612 9332 9333)
4(9574 9614 9334 9294)
4(9614 9613 9333 9334)
4(9575 9615 9335 9295)
4(9615 9614 9334 9335)
4(9576 9616 9336 9296)
4(9616 9615 9335 9336)
4(9577 9617 9337 9297)
4(9617 9616 9336 9337)
4(9578 9618 9338 9298)
4(9618 9617 9337 9338)
4(9579 9619 9339 9299)
4(9619 9618 9338 9339)
4(9580 9620 9340 9300)
4(9620 9619 9339 9340)
4(9581 9621 9341 9301)
4(9621 9620 9340 9341)
4(9582 9622 9342 9302)
4(9622 9621 9341 9342)
4(9583 9623 9343 9303)
4(9623 9622 9342 9343)
4(9584 9624 9344 9304)
4(9624 9623 9343 9344)
4(9585 9625 9345 9305)
4(9625 9624 9344 9345)
4(9586 9626 9346 9306)
4(9626 9625 9345 9346)
4(9587 9627 9347 9307)
4(9627 9626 9346 9347)
4(9588 9628 9348 9308)
4(9628 9627 9347 9348)
4(9589 9629 9349 9309)
4(9629 9628 9348 9349)
4(9590 9630 9350 9310)
4(9630 9629 9349 9350)
4(9591 9631 9351 9311)
4(9631 9630 9350 9351)
4(9592 9632 9352 9312)
4(9632 9631 9351 9352)
4(9593 9633 9353 9313)
4(9633 9632 9352 9353)
4(9594 9634 9354 9314)
4(9634 9633 9353 9354)
4(9595 9635 9355 9315)
4(9635 9634 9354 9355)
4(9596 9636 9356 9316)
4(9636 9635 9355 9356)
4(9597 9637 9357 9317)
4(9637 9636 9356 9357)
4(9598 9638 9358 9318)
4(9638 9637 9357 9358)
4(9639 9638 9358 9359)
4(9601 4681 4321 9321)
4(9602 4682 4322 9322)
4(9603 4683 4323 9323)
4(9604 4684 4324 9324)
4(9605 4685 4325 9325)
4(9606 4686 4326 9326)
4(9607 4687 4327 9327)
4(9608 4688 4328 9328)
4(9609 4689 4329 9329)
4(9610 4690 4330 9330)
4(9611 4691 4331 9331)
4(9612 4692 4332 9332)
4(9613 4693 4333 9333)
4(9614 4694 4334 9334)
4(9615 4695 4335 9335)
4(9616 4696 4336 9336)
4(9617 4697 4337 9337)
4(9618 4698 4338 9338)
4(9619 4699 4339 9339)
4(9620 4700 4340 9340)
4(9621 4701 4341 9341)
4(9622 4702 4342 9342)
4(9623 4703 4343 9343)
4(9624 4704 4344 9344)
4(9625 4705 4345 9345)
4(9626 4706 4346 9346)
4(9627 4707 4347 9347)
4(9628 4708 4348 9348)
4(9629 4709 4349 9349)
4(9630 4710 4350 9350)
4(9631 4711 4351 9351)
4(9632 4712 4352 9352)
4(9633 4713 4353 9353)
4(9634 4714 4354 9354)
4(9635 4715 4355 9355)
4(9636 4716 4356 9356)
4(9637 4717 4357 9357)
4(9638 4718 4358 9358)
4(399 439 79 39)
4(439 479 119 79)
4(479 519 159 119)
4(519 559 199 159)
4(559 599 239 199)
4(599 639 279 239)
4(639 679 319 279)
4(679 719 359 319)
4(759 799 439 399)
4(799 839 479 439)
4(839 879 519 479)
4(879 919 559 519)
4(919 959 599 559)
4(959 999 639 599)
4(999 1039 679 639)
4(1039 1079 719 679)
4(1119 1159 799 759)
4(1159 1199 839 799)
4(1199 1239 879 839)
4(1239 1279 919 879)
4(1279 1319 959 919)
4(1319 1359 999 959)
4(1359 1399 1039 999)
4(1399 1439 1079 1039)
4(1479 1519 1159 1119)
4(1519 1559 1199 1159)
4(1559 1599 1239 1199)
4(1599 1639 1279 1239)
4(1639 1679 1319 1279)
4(1679 1719 1359 1319)
4(1719 1759 1399 1359)
4(1759 1799 1439 1399)
4(1839 1879 1519 1479)
4(1879 1919 1559 1519)
4(1919 1959 1599 1559)
4(1959 1999 1639 1599)
4(1999 2039 1679 1639)
4(2039 2079 1719 1679)
4(2079 2119 1759 1719)
4(2119 2159 1799 1759)
4(2199 2239 1879 1839)
4(2239 2279 1919 1879)
4(2279 2319 1959 1919)
4(2319 2359 1999 1959)
4(2359 2399 2039 1999)
4(2399 2439 2079 2039)
4(2439 2479 2119 2079)
4(2479 2519 2159 2119)
4(2559 2599 2239 2199)
4(2599 2639 2279 2239)
4(2639 2679 2319 2279)
4(2679 2719 2359 2319)
4(2719 2759 2399 2359)
4(2759 2799 2439 2399)
4(2799 2839 2479 2439)
4(2839 2879 2519 2479)
4(2919 2959 2599 2559)
4(2959 2999 2639 2599)
4(2999 3039 2679 2639)
4(3039 3079 2719 2679)
4(3079 3119 2759 2719)
4(3119 3159 2799 2759)
4(3159 3199 2839 2799)
4(3199 3239 2879 2839)
4(3279 3319 399 39)
4(3319 3359 759 399)
4(3359 3399 1119 759)
4(3399 3439 1479 1119)
4(3439 3479 1839 1479)
4(3479 3519 2199 1839)
4(3519 3559 2559 2199)
4(3559 3599 2919 2559)
4(3639 3679 3319 3279)
4(3679 3719 3359 3319)
4(3719 3759 3399 3359)
4(3759 3799 3439 3399)
4(3799 3839 3479 3439)
4(3839 3879 3519 3479)
4(3879 3919 3559 3519)
4(3919 3959 3599 3559)
4(3999 4039 3679 3639)
4(4039 4079 3719 3679)
4(4079 4119 3759 3719)
4(4119 4159 3799 3759)
4(4159 4199 3839 3799)
4(4199 4239 3879 3839)
4(4239 4279 3919 3879)
4(4279 4319 3959 3919)
4(4359 4399 4039 3999)
4(4399 4439 4079 4039)
4(4439 4479 4119 4079)
4(4479 4519 4159 4119)
4(4519 4559 4199 4159)
4(4559 4599 4239 4199)
4(4599 4639 4279 4239)
4(4639 4679 4319 4279)
4(4719 4759 4399 4359)
4(4759 4799 4439 4399)
4(4799 4839 4479 4439)
4(4839 4879 4519 4479)
4(4879 4919 4559 4519)
4(4919 4959 4599 4559)
4(4959 4999 4639 4599)
4(4999 5039 4679 4639)
4(3599 5079 2959 2919)
4(5079 5119 2999 2959)
4(5119 5159 3039 2999)
4(5159 5199 3079 3039)
4(5199 5239 3119 3079)
4(5239 5279 3159 3119)
4(5279 5319 3199 3159)
4(5319 5359 3239 3199)
4(3959 5399 5079 3599)
4(5399 5439 5119 5079)
4(5439 5479 5159 5119)
4(5479 5519 5199 5159)
4(5519 5559 5239 5199)
4(5559 5599 5279 5239)
4(5599 5639 5319 5279)
4(5639 5679 5359 5319)
4(4319 5719 5399 3959)
4(5719 5759 5439 5399)
4(5759 5799 5479 5439)
4(5799 5839 5519 5479)
4(5839 5879 5559 5519)
4(5879 5919 5599 5559)
4(5919 5959 5639 5599)
4(5959 5999 5679 5639)
4(4679 6039 5719 4319)
4(6039 6079 5759 5719)
4(6079 6119 5799 5759)
4(6119 6159 5839 5799)
4(6159 6199 5879 5839)
4(6199 6239 5919 5879)
4(6239 6279 5959 5919)
4(6279 6319 5999 5959)
4(5039 6359 6039 4679)
4(6359 6399 6079 6039)
4(6399 6439 6119 6079)
4(6439 6479 6159 6119)
4(6479 6519 6199 6159)
4(6519 6559 6239 6199)
4(6559 6599 6279 6239)
4(6599 6639 6319 6279)
4(5359 6679 2879 3239)
4(6679 6719 2519 2879)
4(6719 6759 2159 2519)
4(6759 6799 1799 2159)
4(6799 6839 1439 1799)
4(6839 6879 1079 1439)
4(6879 6919 719 1079)
4(6919 6959 359 719)
4(5679 6999 6679 5359)
4(6999 7039 6719 6679)
4(7039 7079 6759 6719)
4(7079 7119 6799 6759)
4(7119 7159 6839 6799)
4(7159 7199 6879 6839)
4(7199 7239 6919 6879)
4(7239 7279 6959 6919)
4(5999 7319 6999 5679)
4(7319 7359 7039 6999)
4(7359 7399 7079 7039)
4(7399 7439 7119 7079)
4(7439 7479 7159 7119)
4(7479 7519 7199 7159)
4(7519 7559 7239 7199)
4(7559 7599 7279 7239)
4(6319 7639 7319 5999)
4(7639 7679 7359 7319)
4(7679 7719 7399 7359)
4(7719 7759 7439 7399)
4(7759 7799 7479 7439)
4(7799 7839 7519 7479)
4(7839 7879 7559 7519)
4(7879 7919 7599 7559)
4(6639 7959 7639 6319)
4(7959 7999 7679 7639)
4(7999 8039 7719 7679)
4(8039 8079 7759 7719)
4(8079 8119 7799 7759)
4(8119 8159 7839 7799)
4(8159 8199 7879 7839)
4(8199 8239 7919 7879)
4(6959 8279 319 359)
4(8279 8319 279 319)
4(8319 8359 239 279)
4(8359 8399 199 239)
4(8399 8439 159 199)
4(8439 8479 119 159)
4(8479 8519 79 119)
4(8519 3279 39 79)
4(7279 8559 8279 6959)
4(8559 8599 8319 8279)
4(8599 8639 8359 8319)
4(8639 8679 8399 8359)
4(8679 8719 8439 8399)
4(8719 8759 8479 8439)
4(8759 8799 8519 8479)
4(8799 3639 3279 8519)
4(7599 8839 8559 7279)
4(8839 8879 8599 8559)
4(8879 8919 8639 8599)
4(8919 8959 8679 8639)
4(8959 8999 8719 8679)
4(8999 9039 8759 8719)
4(9039 9079 8799 8759)
4(9079 3999 3639 8799)
4(7919 9119 8839 7599)
4(9119 9159 8879 8839)
4(9159 9199 8919 8879)
4(9199 9239 8959 8919)
4(9239 9279 8999 8959)
4(9279 9319 9039 8999)
4(9319 9359 9079 9039)
4(9359 4359 3999 9079)
4(8239 9399 9119 7919)
4(9399 9439 9159 9119)
4(9439 9479 9199 9159)
4(9479 9519 9239 9199)
4(9519 9559 9279 9239)
4(9559 9599 9319 9279)
4(9599 9639 9359 9319)
4(9639 4719 4359 9359)
4(0 40 400 360)
4(40 80 440 400)
4(80 120 480 440)
4(120 160 520 480)
4(160 200 560 520)
4(200 240 600 560)
4(240 280 640 600)
4(280 320 680 640)
4(360 400 760 720)
4(400 440 800 760)
4(440 480 840 800)
4(480 520 880 840)
4(520 560 920 880)
4(560 600 960 920)
4(600 640 1000 960)
4(640 680 1040 1000)
4(720 760 1120 1080)
4(760 800 1160 1120)
4(800 840 1200 1160)
4(840 880 1240 1200)
4(880 920 1280 1240)
4(920 960 1320 1280)
4(960 1000 1360 1320)
4(1000 1040 1400 1360)
4(1080 1120 1480 1440)
4(1120 1160 1520 1480)
4(1160 1200 1560 1520)
4(1200 1240 1600 1560)
4(1240 1280 1640 1600)
4(1280 1320 1680 1640)
4(1320 1360 1720 1680)
4(1360 1400 1760 1720)
4(1440 1480 1840 1800)
4(1480 1520 1880 1840)
4(1520 1560 1920 1880)
4(1560 1600 1960 1920)
4(1600 1640 2000 1960)
4(1640 1680 2040 2000)
4(1680 1720 2080 2040)
4(1720 1760 2120 2080)
4(1800 1840 2200 2160)
4(1840 1880 2240 2200)
4(1880 1920 2280 2240)
4(1920 1960 2320 2280)
4(1960 2000 2360 2320)
4(2000 2040 2400 2360)
4(2040 2080 2440 2400)
4(2080 2120 2480 2440)
4(2160 2200 2560 2520)
4(2200 2240 2600 2560)
4(2240 2280 2640 2600)
4(2280 2320 2680 2640)
4(2320 2360 2720 2680)
4(2360 2400 2760 2720)
4(2400 2440 2800 2760)
4(2440 2480 2840 2800)
4(2520 2560 2920 2880)
4(2560 2600 2960 2920)
4(2600 2640 3000 2960)
4(2640 2680 3040 3000)
4(2680 2720 3080 3040)
4(2720 2760 3120 3080)
4(2760 2800 3160 3120)
4(2800 2840 3200 3160)
4(0 360 3280 3240)
4(360 720 3320 3280)
4(720 1080 3360 3320)
4(1080 1440 3400 3360)
4(1440 1800 3440 3400)
4(1800 2160 3480 3440)
4(2160 2520 3520 3480)
4(2520 2880 3560 3520)
4(3240 3280 3640 3600)
4(3280 3320 3680 3640)
4(3320 3360 3720 3680)
4(3360 3400 3760 3720)
4(3400 3440 3800 3760)
4(3440 3480 3840 3800)
4(3480 3520 3880 3840)
4(3520 3560 3920 3880)
4(3600 3640 4000 3960)
4(3640 3680 4040 4000)
4(3680 3720 4080 4040)
4(3720 3760 4120 4080)
4(3760 3800 4160 4120)
4(3800 3840 4200 4160)
4(3840 3880 4240 4200)
4(3880 3920 4280 4240)
4(3960 4000 4360 4320)
4(4000 4040 4400 4360)
4(4040 4080 4440 4400)
4(4080 4120 4480 4440)
4(4120 4160 4520 4480)
4(4160 4200 4560 4520)
4(4200 4240 4600 4560)
4(4240 4280 4640 4600)
4(4320 4360 4720 4680)
4(4360 4400 4760 4720)
4(4400 4440 4800 4760)
4(4440 4480 4840 4800)
4(4480 4520 4880 4840)
4(4520 4560 4920 4880)
4(4560 4600 4960 4920)
4(4600 4640 5000 4960)
4(2880 2920 5040 3560)
4(2920 2960 5080 5040)
4(2960 3000 5120 5080)
4(3000 3040 5160 5120)
4(3040 3080 5200 5160)
4(3080 3120 5240 5200)
4(3120 3160 5280 5240)
4(3160 3200 5320 5280)
4(3560 5040 5360 3920)
4(5040 5080 5400 5360)
4(5080 5120 5440 5400)
4(5120 5160 5480 5440)
4(5160 5200 5520 5480)
4(5200 5240 5560 5520)
4(5240 5280 5600 5560)
4(5280 5320 5640 5600)
4(3920 5360 5680 4280)
4(5360 5400 5720 5680)
4(5400 5440 5760 5720)
4(5440 5480 5800 5760)
4(5480 5520 5840 5800)
4(5520 5560 5880 5840)
4(5560 5600 5920 5880)
4(5600 5640 5960 5920)
4(4280 5680 6000 4640)
4(5680 5720 6040 6000)
4(5720 5760 6080 6040)
4(5760 5800 6120 6080)
4(5800 5840 6160 6120)
4(5840 5880 6200 6160)
4(5880 5920 6240 6200)
4(5920 5960 6280 6240)
4(4640 6000 6320 5000)
4(6000 6040 6360 6320)
4(6040 6080 6400 6360)
4(6080 6120 6440 6400)
4(6120 6160 6480 6440)
4(6160 6200 6520 6480)
4(6200 6240 6560 6520)
4(6240 6280 6600 6560)
4(3200 2840 6640 5320)
4(2840 2480 6680 6640)
4(2480 2120 6720 6680)
4(2120 1760 6760 6720)
4(1760 1400 6800 6760)
4(1400 1040 6840 6800)
4(1040 680 6880 6840)
4(680 320 6920 6880)
4(5320 6640 6960 5640)
4(6640 6680 7000 6960)
4(6680 6720 7040 7000)
4(6720 6760 7080 7040)
4(6760 6800 7120 7080)
4(6800 6840 7160 7120)
4(6840 6880 7200 7160)
4(6880 6920 7240 7200)
4(5640 6960 7280 5960)
4(6960 7000 7320 7280)
4(7000 7040 7360 7320)
4(7040 7080 7400 7360)
4(7080 7120 7440 7400)
4(7120 7160 7480 7440)
4(7160 7200 7520 7480)
4(7200 7240 7560 7520)
4(5960 7280 7600 6280)
4(7280 7320 7640 7600)
4(7320 7360 7680 7640)
4(7360 7400 7720 7680)
4(7400 7440 7760 7720)
4(7440 7480 7800 7760)
4(7480 7520 7840 7800)
4(7520 7560 7880 7840)
4(6280 7600 7920 6600)
4(7600 7640 7960 7920)
4(7640 7680 8000 7960)
4(7680 7720 8040 8000)
4(7720 7760 8080 8040)
4(7760 7800 8120 8080)
4(7800 7840 8160 8120)
4(7840 7880 8200 8160)
4(320 280 8240 6920)
4(280 240 8280 8240)
4(240 200 8320 8280)
4(200 160 8360 8320)
4(160 120 8400 8360)
4(120 80 8440 8400)
4(80 40 8480 8440)
4(40 0 3240 8480)
4(6920 8240 8520 7240)
4(8240 8280 8560 8520)
4(8280 8320 8600 8560)
4(8320 8360 8640 8600)
4(8360 8400 8680 8640)
4(8400 8440 8720 8680)
4(8440 8480 8760 8720)
4(8480 3240 3600 8760)
4(7240 8520 8800 7560)
4(8520 8560 8840 8800)
4(8560 8600 8880 8840)
4(8600 8640 8920 8880)
4(8640 8680 8960 8920)
4(8680 8720 9000 8960)
4(8720 8760 9040 9000)
4(8760 3600 3960 9040)
4(7560 8800 9080 7880)
4(8800 8840 9120 9080)
4(8840 8880 9160 9120)
4(8880 8920 9200 9160)
4(8920 8960 9240 9200)
4(8960 9000 9280 9240)
4(9000 9040 9320 9280)
4(9040 3960 4320 9320)
4(7880 9080 9360 8200)
4(9080 9120 9400 9360)
4(9120 9160 9440 9400)
4(9160 9200 9480 9440)
4(9200 9240 9520 9480)
4(9240 9280 9560 9520)
4(9280 9320 9600 9560)
4(9320 4320 4680 9600)
4(4680 4720 4721 4681)
4(4681 4721 4722 4682)
4(4682 4722 4723 4683)
4(4683 4723 4724 4684)
4(4684 4724 4725 4685)
4(4685 4725 4726 4686)
4(4686 4726 4727 4687)
4(4687 4727 4728 4688)
4(4688 4728 4729 4689)
4(4689 4729 4730 4690)
4(4690 4730 4731 4691)
4(4691 4731 4732 4692)
4(4692 4732 4733 4693)
4(4693 4733 4734 4694)
4(4694 4734 4735 4695)
4(4695 4735 4736 4696)
4(4696 4736 4737 4697)
4(4697 4737 4738 4698)
4(4698 4738 4739 4699)
4(4699 4739 4740 4700)
4(4700 4740 4741 4701)
4(4701 4741 4742 4702)
4(4702 4742 4743 4703)
4(4703 4743 4744 4704)
4(4704 4744 4745 4705)
4(4705 4745 4746 4706)
4(4706 4746 4747 4707)
4(4707 4747 4748 4708)
4(4708 4748 4749 4709)
4(4709 4749 4750 4710)
4(4710 4750 4751 4711)
4(4711 4751 4752 4712)
4(4712 4752 4753 4713)
4(4713 4753 4754 4714)
4(4714 4754 4755 4715)
4(4715 4755 4756 4716)
4(4716 4756 4757 4717)
4(4717 4757 4758 4718)
4(4718 4758 4759 4719)
4(4720 4760 4761 4721)
4(4721 4761 4762 4722)
4(4722 4762 4763 4723)
4(4723 4763 4764 4724)
4(4724 4764 4765 4725)
4(4725 4765 4766 4726)
4(4726 4766 4767 4727)
4(4727 4767 4768 4728)
4(4728 4768 4769 4729)
4(4729 4769 4770 4730)
4(4730 4770 4771 4731)
4(4731 4771 4772 4732)
4(4732 4772 4773 4733)
4(4733 4773 4774 4734)
4(4734 4774 4775 4735)
4(4735 4775 4776 4736)
4(4736 4776 4777 4737)
4(4737 4777 4778 4738)
4(4738 4778 4779 4739)
4(4739 4779 4780 4740)
4(4740 4780 4781 4741)
4(4741 4781 4782 4742)
4(4742 4782 4783 4743)
4(4743 4783 4784 4744)
4(4744 4784 4785 4745)
4(4745 4785 4786 4746)
4(4746 4786 4787 4747)
4(4747 4787 4788 4748)
4(4748 4788 4789 4749)
4(4749 4789 4790 4750)
4(4750 4790 4791 4751)
4(4751 4791 4792 4752)
4(4752 4792 4793 4753)
4(4753 4793 4794 4754)
4(4754 4794 4795 4755)
4(4755 4795 4796 4756)
4(4756 4796 4797 4757)
4(4757 4797 4798 4758)
4(4758 4798 4799 4759)
4(4760 4800 4801 4761)
4(4761 4801 4802 4762)
4(4762 4802 4803 4763)
4(4763 4803 4804 4764)
4(4764 4804 4805 4765)
4(4765 4805 4806 4766)
4(4766 4806 4807 4767)
4(4767 4807 4808 4768)
4(4768 4808 4809 4769)
4(4769 4809 4810 4770)
4(4770 4810 4811 4771)
4(4771 4811 4812 4772)
4(4772 4812 4813 4773)
4(4773 4813 4814 4774)
4(4774 4814 4815 4775)
4(4775 4815 4816 4776)
4(4776 4816 4817 4777)
4(4777 4817 4818 4778)
4(4778 4818 4819 4779)
4(4779 4819 4820 4780)
4(4780 4820 4821 4781)
4(4781 4821 4822 4782)
4(4782 4822 4823 4783)
4(4783 4823 4824 4784)
4(4784 4824 4825 4785)
4(4785 4825 4826 4786)
4(4786 4826 4827 4787)
4(4787 4827 4828 4788)
4(4788 4828 4829 4789)
4(4789 4829 4830 4790)
4(4790 4830 4831 4791)
4(4791 4831 4832 4792)
4(4792 4832 4833 4793)
4(4793 4833 4834 4794)
4(4794 4834 4835 4795)
4(4795 4835 4836 4796)
4(4796 4836 4837 4797)
4(4797 4837 4838 4798)
4(4798 4838 4839 4799)
4(4800 4840 4841 4801)
4(4801 4841 4842 4802)
4(4802 4842 4843 4803)
4(4803 4843 4844 4804)
4(4804 4844 4845 4805)
4(4805 4845 4846 4806)
4(4806 4846 4847 4807)
4(4807 4847 4848 4808)
4(4808 4848 4849 4809)
4(4809 4849 4850 4810)
4(4810 4850 4851 4811)
4(4811 4851 4852 4812)
4(4812 4852 4853 4813)
4(4813 4853 4854 4814)
4(4814 4854 4855 4815)
4(4815 4855 4856 4816)
4(4816 4856 4857 4817)
4(4817 4857 4858 4818)
4(4818 4858 4859 4819)
4(4819 4859 4860 4820)
4(4820 4860 4861 4821)
4(4821 4861 4862 4822)
4(4822 4862 4863 4823)
4(4823 4863 4864 4824)
4(4824 4864 4865 4825)
4(4825 4865 4866 4826)
4(4826 4866 4867 4827)
4(4827 4867 4868 4828)
4(4828 4868 4869 4829)
4(4829 4869 4870 4830)
4(4830 4870 4871 4831)
4(4831 4871 4872 4832)
4(4832 4872 4873 4833)
4(4833 4873 4874 4834)
4(4834 4874 4875 4835)
4(4835 4875 4876 4836)
4(4836 4876 4877 4837)
4(4837 4877 4878 4838)
4(4838 4878 4879 4839)
4(4840 4880 4881 4841)
4(4841 4881 4882 4842)
4(4842 4882 4883 4843)
4(4843 4883 4884 4844)
4(4844 4884 4885 4845)
4(4845 4885 4886 4846)
4(4846 4886 4887 4847)
4(4847 4887 4888 4848)
4(4848 4888 4889 4849)
4(4849 4889 4890 4850)
4(4850 4890 4891 4851)
4(4851 4891 4892 4852)
4(4852 4892 4893 4853)
4(4853 4893 4894 4854)
4(4854 4894 4895 4855)
4(4855 4895 4896 4856)
4(4856 4896 4897 4857)
4(4857 4897 4898 4858)
4(4858 4898 4899 4859)
4(4859 4899 4900 4860)
4(4860 4900 4901 4861)
4(4861 4901 4902 4862)
4(4862 4902 4903 4863)
4(4863 4903 4904 4864)
4(4864 4904 4905 4865)
4(4865 4905 4906 4866)
4(4866 4906 4907 4867)
4(4867 4907 4908 4868)
4(4868 4908 4909 4869)
4(4869 4909 4910 4870)
4(4870 4910 4911 4871)
4(4871 4911 4912 4872)
4(4872 4912 4913 4873)
4(4873 4913 4914 4874)
4(4874 4914 4915 4875)
4(4875 4915 4916 4876)
4(4876 4916 4917 4877)
4(4877 4917 4918 4878)
4(4878 4918 4919 4879)
4(4880 4920 4921 4881)
4(4881 4921 4922 4882)
4(4882 4922 4923 4883)
4(4883 4923 4924 4884)
4(4884 4924 4925 4885)
4(4885 4925 4926 4886)
4(4886 4926 4927 4887)
4(4887 4927 4928 4888)
4(4888 4928 4929 4889)
4(4889 4929 4930 4890)
4(4890 4930 4931 4891)
4(4891 4931 4932 4892)
4(4892 4932 4933 4893)
4(4893 4933 4934 4894)
4(4894 4934 4935 4895)
4(4895 4935 4936 4896)
4(4896 4936 4937 4897)
4(4897 4937 4938 4898)
4(4898 4938 4939 4899)
4(4899 4939 4940 4900)
4(4900 4940 4941 4901)
4(4901 4941 4942 4902)
4(4902 4942 4943 4903)
4(4903 4943 4944 4904)
4(4904 4944 4945 4905)
4(4905 4945 4946 4906)
4(4906 4946 4947 4907)
4(4907 4947 4948 4908)
4(4908 4948 4949 4909)
4(4909 4949 4950 4910)
4(4910 4950 4951 4911)
4(4911 4951 4952 4912)
4(4912 4952 4953 4913)
4(4913 4953 4954 4914)
4(4914 4954 4955 4915)
4(4915 4955 4956 4916)
4(4916 4956 4957 4917)
4(4917 4957 4958 4918)
4(4918 4958 4959 4919)
4(4920 4960 4961 4921)
4(4921 4961 4962 4922)
4(4922 4962 4963 4923)
4(4923 4963 4964 4924)
4(4924 4964 4965 4925)
4(4925 4965 4966 4926)
4(4926 4966 4967 4927)
4(4927 4967 4968 4928)
4(4928 4968 4969 4929)
4(4929 4969 4970 4930)
4(4930 4970 4971 4931)
4(4931 4971 4972 4932)
4(4932 4972 4973 4933)
4(4933 4973 4974 4934)
4(4934 4974 4975 4935)
4(4935 4975 4976 4936)
4(4936 4976 4977 4937)
4(4937 4977 4978 4938)
4(4938 4978 4979 4939)
4(4939 4979 4980 4940)
4(4940 4980 4981 4941)
4(4941 4981 4982 4942)
4(4942 4982 4983 4943)
4(4943 4983 4984 4944)
4(4944 4984 4985 4945)
4(4945 4985 4986 4946)
4(4946 4986 4987 4947)
4(4947 4987 4988 4948)
4(4948 4988 4989 4949)
4(4949 4989 4990 4950)
4(4950 4990 4991 4951)
4(4951 4991 4992 4952)
4(4952 4992 4993 4953)
4(4953 4993 4994 4954)
4(4954 4994 4995 4955)
4(4955 4995 4996 4956)
4(4956 4996 4997 4957)
4(4957 4997 4998 4958)
4(4958 4998 4999 4959)
4(4960 5000 5001 4961)
4(4961 5001 5002 4962)
4(4962 5002 5003 4963)
4(4963 5003 5004 4964)
4(4964 5004 5005 4965)
4(4965 5005 5006 4966)
4(4966 5006 5007 4967)
4(4967 5007 5008 4968)
4(4968 5008 5009 4969)
4(4969 5009 5010 4970)
4(4970 5010 5011 4971)
4(4971 5011 5012 4972)
4(4972 5012 5013 4973)
4(4973 5013 5014 4974)
4(4974 5014 5015 4975)
4(4975 5015 5016 4976)
4(4976 5016 5017 4977)
4(4977 5017 5018 4978)
4(4978 5018 5019 4979)
4(4979 5019 5020 4980)
4(4980 5020 5021 4981)
4(4981 5021 5022 4982)
4(4982 5022 5023 4983)
4(4983 5023 5024 4984)
4(4984 5024 5025 4985)
4(4985 5025 5026 4986)
4(4986 5026 5027 4987)
4(4987 5027 5028 4988)
4(4988 5028 5029 4989)
4(4989 5029 5030 4990)
4(4990 5030 5031 4991)
4(4991 5031 5032 4992)
4(4992 5032 5033 4993)
4(4993 5033 5034 4994)
4(4994 5034 5035 4995)
4(4995 5035 5036 4996)
4(4996 5036 5037 4997)
4(4997 5037 5038 4998)
4(4998 5038 5039 4999)
4(5000 6320 6321 5001)
4(5001 6321 6322 5002)
4(5002 6322 6323 5003)
4(5003 6323 6324 5004)
4(5004 6324 6325 5005)
4(5005 6325 6326 5006)
4(5006 6326 6327 5007)
4(5007 6327 6328 5008)
4(5008 6328 6329 5009)
4(5009 6329 6330 5010)
4(5010 6330 6331 5011)
4(5011 6331 6332 5012)
4(5012 6332 6333 5013)
4(5013 6333 6334 5014)
4(5014 6334 6335 5015)
4(5015 6335 6336 5016)
4(5016 6336 6337 5017)
4(5017 6337 6338 5018)
4(5018 6338 6339 5019)
4(5019 6339 6340 5020)
4(5020 6340 6341 5021)
4(5021 6341 6342 5022)
4(5022 6342 6343 5023)
4(5023 6343 6344 5024)
4(5024 6344 6345 5025)
4(5025 6345 6346 5026)
4(5026 6346 6347 5027)
4(5027 6347 6348 5028)
4(5028 6348 6349 5029)
4(5029 6349 6350 5030)
4(5030 6350 6351 5031)
4(5031 6351 6352 5032)
4(5032 6352 6353 5033)
4(5033 6353 6354 5034)
4(5034 6354 6355 5035)
4(5035 6355 6356 5036)
4(5036 6356 6357 5037)
4(5037 6357 6358 5038)
4(5038 6358 6359 5039)
4(6320 6360 6361 6321)
4(6321 6361 6362 6322)
4(6322 6362 6363 6323)
4(6323 6363 6364 6324)
4(6324 6364 6365 6325)
4(6325 6365 6366 6326)
4(6326 6366 6367 6327)
4(6327 6367 6368 6328)
4(6328 6368 6369 6329)
4(6329 6369 6370 6330)
4(6330 6370 6371 6331)
4(6331 6371 6372 6332)
4(6332 6372 6373 6333)
4(6333 6373 6374 6334)
4(6334 6374 6375 6335)
4(6335 6375 6376 6336)
4(6336 6376 6377 6337)
4(6337 6377 6378 6338)
4(6338 6378 6379 6339)
4(6339 6379 6380 6340)
4(6340 6380 6381 6341)
4(6341 6381 6382 6342)
4(6342 6382 6383 6343)
4(6343 6383 6384 6344)
4(6344 6384 6385 6345)
4(6345 6385 6386 6346)
4(6346 6386 6387 6347)
4(6347 6387 6388 6348)
4(6348 6388 6389 6349)
4(6349 6389 6390 6350)
4(6350 6390 6391 6351)
4(6351 6391 6392 6352)
4(6352 6392 6393 6353)
4(6353 6393 6394 6354)
4(6354 6394 6395 6355)
4(6355 6395 6396 6356)
4(6356 6396 6397 6357)
4(6357 6397 6398 6358)
4(6358 6398 6399 6359)
4(6360 6400 6401 6361)
4(6361 6401 6402 6362)
4(6362 6402 6403 6363)
4(6363 6403 6404 6364)
4(6364 6404 6405 6365)
4(6365 6405 6406 6366)
4(6366 6406 6407 6367)
4(6367 6407 6408 6368)
4(6368 6408 6409 6369)
4(6369 6409 6410 6370)
4(6370 6410 6411 6371)
4(6371 6411 6412 6372)
4(6372 6412 6413 6373)
4(6373 6413 6414 6374)
4(6374 6414 6415 6375)
4(6375 6415 6416 6376)
4(6376 6416 6417 6377)
4(6377 6417 6418 6378)
4(6378 6418 6419 6379)
4(6379 6419 6420 6380)
4(6380 6420 6421 6381)
4(6381 6421 6422 6382)
4(6382 6422 6423 6383)
4(6383 6423 6424 6384)
4(6384 6424 6425 6385)
4(6385 6425 6426 6386)
4(6386 6426 6427 6387)
4(6387 6427 6428 6388)
4(6388 6428 6429 6389)
4(6389 6429 6430 6390)
4(6390 6430 6431 6391)
4(6391 6431 6432 6392)
4(6392 6432 6433 6393)
4(6393 6433 6434 6394)
4(6394 6434 6435 6395)
4(6395 6435 6436 6396)
4(6396 6436 6437 6397)
4(6397 6437 6438 6398)
4(6398 6438 6439 6399)
4(6400 6440 6441 6401)
4(6401 6441 6442 6402)
4(6402 6442 6443 6403)
4(6403 6443 6444 6404)
4(6404 6444 6445 6405)
4(6405 6445 6446 6406)
4(6406 6446 6447 6407)
4(6407 6447 6448 6408)
4(6408 6448 6449 6409)
4(6409 6449 6450 6410)
4(6410 6450 6451 6411)
4(6411 6451 6452 6412)
4(6412 6452 6453 6413)
4(6413 6453 6454 6414)
4(6414 6454 6455 6415)
4(6415 6455 6456 6416)
4(6416 6456 6457 6417)
4(6417 6457 6458 6418)
4(6418 6458 6459 6419)
4(6419 6459 6460 6420)
4(6420 6460 6461 6421)
4(6421 6461 6462 6422)
4(6422 6462 6463 6423)
4(6423 6463 6464 6424)
4(6424 6464 6465 6425)
4(6425 6465 6466 6426)
4(6426 6466 6467 6427)
4(6427 6467 6468 6428)
4(6428 6468 6469 6429)
4(6429 6469 6470 6430)
4(6430 6470 6471 6431)
4(6431 6471 6472 6432)
4(6432 6472 6473 6433)
4(6433 6473 6474 6434)
4(6434 6474 6475 6435)
4(6435 6475 6476 6436)
4(6436 6476 6477 6437)
4(6437 6477 6478 6438)
4(6438 6478 6479 6439)
4(6440 6480 6481 6441)
4(6441 6481 6482 6442)
4(6442 6482 6483 6443)
4(6443 6483 6484 6444)
4(6444 6484 6485 6445)
4(6445 6485 6486 6446)
4(6446 6486 6487 6447)
4(6447 6487 6488 6448)
4(6448 6488 6489 6449)
4(6449 6489 6490 6450)
4(6450 6490 6491 6451)
4(6451 6491 6492 6452)
4(6452 6492 6493 6453)
4(6453 6493 6494 6454)
4(6454 6494 6495 6455)
4(6455 6495 6496 6456)
4(6456 6496 6497 6457)
4(6457 6497 6498 6458)
4(6458 6498 6499 6459)
4(6459 6499 6500 6460)
4(6460 6500 6501 6461)
4(6461 6501 6502 6462)
4(6462 6502 6503 6463)
4(6463 6503 6504 6464)
4(6464 6504 6505 6465)
4(6465 6505 6506 6466)
4(6466 6506 6507 6467)
4(6467 6507 6508 6468)
4(6468 6508 6509 6469)
4(6469 6509 6510 6470)
4(6470 6510 6511 6471)
4(6471 6511 6512 6472)
4(6472 6512 6513 6473)
4(6473 6513 6514 6474)
4(6474 6514 6515 6475)
4(6475 6515 6516 6476)
4(6476 6516 6517 6477)
4(6477 6517 6518 6478)
4(6478 6518 6519 6479)
4(6480 6520 6521 6481)
4(6481 6521 6522 6482)
4(6482 6522 6523 6483)
4(6483 6523 6524 6484)
4(6484 6524 6525 6485)
4(6485 6525 6526 6486)
4(6486 6526 6527 6487)
4(6487 6527 6528 6488)
4(6488 6528 6529 6489)
4(6489 6529 6530 6490)
4(6490 6530 6531 6491)
4(6491 6531 6532 6492)
4(6492 6532 6533 6493)
4(6493 6533 6534 6494)
4(6494 6534 6535 6495)
4(6495 6535 6536 6496)
4(6496 6536 6537 6497)
4(6497 6537 6538 6498)
4(6498 6538 6539 6499)
4(6499 6539 6540 6500)
4(6500 6540 6541 6501)
4(6501 6541 6542 6502)
4(6502 6542 6543 6503)
4(6503 6543 6544 6504)
4(6504 6544 6545 6505)
4(6505 6545 6546 6506)
4(6506 6546 6547 6507)
4(6507 6547 6548 6508)
4(6508 6548 6549 6509)
4(6509 6549 6550 6510)
4(6510 6550 6551 6511)
4(6511 6551 6552 6512)
4(6512 6552 6553 6513)
4(6513 6553 6554 6514)
4(6514 6554 6555 6515)
4(6515 6555 6556 6516)
4(6516 6556 6557 6517)
4(6517 6557 6558 6518)
4(6518 6558 6559 6519)
4(6520 6560 6561 6521)
4(6521 6561 6562 6522)
4(6522 6562 6563 6523)
4(6523 6563 6564 6524)
4(6524 6564 6565 6525)
4(6525 6565 6566 6526)
4(6526 6566 6567 6527)
4(6527 6567 6568 6528)
4(6528 6568 6569 6529)
4(6529 6569 6570 6530)
4(6530 6570 6571 6531)
4(6531 6571 6572 6532)
4(6532 6572 6573 6533)
4(6533 6573 6574 6534)
4(6534 6574 6575 6535)
4(6535 6575 6576 6536)
4(6536 6576 6577 6537)
4(6537 6577 6578 6538)
4(6538 6578 6579 6539)
4(6539 6579 6580 6540)
4(6540 6580 6581 6541)
4(6541 6581 6582 6542)
4(6542 6582 6583 6543)
4(6543 6583 6584 6544)
4(6544 6584 6585 6545)
4(6545 6585 6586 6546)
4(6546 6586 6587 6547)
4(6547 6587 6588 6548)
4(6548 6588 6589 6549)
4(6549 6589 6590 6550)
4(6550 6590 6591 6551)
4(6551 6591 6592 6552)
4(6552 6592 6593 6553)
4(6553 6593 6594 6554)
4(6554 6594 6595 6555)
4(6555 6595 6596 6556)
4(6556 6596 6597 6557)
4(6557 6597 6598 6558)
4(6558 6598 6599 6559)
4(6560 6600 6601 6561)
4(6561 6601 6602 6562)
4(6562 6602 6603 6563)
4(6563 6603 6604 6564)
4(6564 6604 6605 6565)
4(6565 6605 6606 6566)
4(6566 6606 6607 6567)
4(6567 6607 6608 6568)
4(6568 6608 6609 6569)
4(6569 6609 6610 6570)
4(6570 6610 6611 6571)
4(6571 6611 6612 6572)
4(6572 6612 6613 6573)
4(6573 6613 6614 6574)
4(6574 6614 6615 6575)
4(6575 6615 6616 6576)
4(6576 6616 6617 6577)
4(6577 6617 6618 6578)
4(6578 6618 6619 6579)
4(6579 6619 6620 6580)
4(6580 6620 6621 6581)
4(6581 6621 6622 6582)
4(6582 6622 6623 6583)
4(6583 6623 6624 6584)
4(6584 6624 6625 6585)
4(6585 6625 6626 6586)
4(6586 6626 6627 6587)
4(6587 6627 6628 6588)
4(6588 6628 6629 6589)
4(6589 6629 6630 6590)
4(6590 6630 6631 6591)
4(6591 6631 6632 6592)
4(6592 6632 6633 6593)
4(6593 6633 6634 6594)
4(6594 6634 6635 6595)
4(6595 6635 6636 6596)
4(6596 6636 6637 6597)
4(6597 6637 6638 6598)
4(6598 6638 6639 6599)
4(6600 7920 7921 6601)
4(6601 7921 7922 6602)
4(6602 7922 7923 6603)
4(6603 7923 7924 6604)
4(6604 7924 7925 6605)
4(6605 7925 7926 6606)
4(6606 7926 7927 6607)
4(6607 7927 7928 6608)
4(6608 7928 7929 6609)
4(6609 7929 7930 6610)
4(6610 7930 7931 6611)
4(6611 7931 7932 6612)
4(6612 7932 7933 6613)
4(6613 7933 7934 6614)
4(6614 7934 7935 6615)
4(6615 7935 7936 6616)
4(6616 7936 7937 6617)
4(6617 7937 7938 6618)
4(6618 7938 7939 6619)
4(6619 7939 7940 6620)
4(6620 7940 7941 6621)
4(6621 7941 7942 6622)
4(6622 7942 7943 6623)
4(6623 7943 7944 6624)
4(6624 7944 7945 6625)
4(6625 7945 7946 6626)
4(6626 7946 7947 6627)
4(6627 7947 7948 6628)
4(6628 7948 7949 6629)
4(6629 7949 7950 6630)
4(6630 7950 7951 6631)
4(6631 7951 7952 6632)
4(6632 7952 7953 6633)
4(6633 7953 7954 6634)
4(6634 7954 7955 6635)
4(6635 7955 7956 6636)
4(6636 7956 7957 6637)
4(6637 7957 7958 6638)
4(6638 7958 7959 6639)
4(7920 7960 7961 7921)
4(7921 7961 7962 7922)
4(7922 7962 7963 7923)
4(7923 7963 7964 7924)
4(7924 7964 7965 7925)
4(7925 7965 7966 7926)
4(7926 7966 7967 7927)
4(7927 7967 7968 7928)
4(7928 7968 7969 7929)
4(7929 7969 7970 7930)
4(7930 7970 7971 7931)
4(7931 7971 7972 7932)
4(7932 7972 7973 7933)
4(7933 7973 7974 7934)
4(7934 7974 7975 7935)
4(7935 7975 7976 7936)
4(7936 7976 7977 7937)
4(7937 7977 7978 7938)
4(7938 7978 7979 7939)
4(7939 7979 7980 7940)
4(7940 7980 7981 7941)
4(7941 7981 7982 7942)
4(7942 7982 7983 7943)
4(7943 7983 7984 7944)
4(7944 7984 7985 7945)
4(7945 7985 7986 7946)
4(7946 7986 7987 7947)
4(7947 7987 7988 7948)
4(7948 7988 7989 7949)
4(7949 7989 7990 7950)
4(7950 7990 7991 7951)
4(7951 7991 7992 7952)
4(7952 7992 7993 7953)
4(7953 7993 7994 7954)
4(7954 7994 7995 7955)
4(7955 7995 7996 7956)
4(7956 7996 7997 7957)
4(7957 7997 7998 7958)
4(7958 7998 7999 7959)
4(7960 8000 8001 7961)
4(7961 8001 8002 7962)
4(7962 8002 8003 7963)
4(7963 8003 8004 7964)
4(7964 8004 8005 7965)
4(7965 8005 8006 7966)
4(7966 8006 8007 7967)
4(7967 8007 8008 7968)
4(7968 8008 8009 7969)
4(7969 8009 8010 7970)
4(7970 8010 8011 7971)
4(7971 8011 8012 7972)
4(7972 8012 8013 7973)
4(7973 8013 8014 7974)
4(7974 8014 8015 7975)
4(7975 8015 8016 7976)
4(7976 8016 8017 7977)
4(7977 8017 8018 7978)
4(7978 8018 8019 7979)
4(7979 8019 8020 7980)
4(7980 8020 8021 7981)
4(7981 8021 8022 7982)
4(7982 8022 8023 7983)
4(7983 8023 8024 7984)
4(7984 8024 8025 7985)
4(7985 8025 8026 7986)
4(7986 8026 8027 7987)
4(7987 8027 8028 7988)
4(7988 8028 8029 7989)
4(7989 8029 8030 7990)
4(7990 8030 8031 7991)
4(7991 8031 8032 7992)
4(7992 8032 8033 7993)
4(7993 8033 8034 7994)
4(7994 8034 8035 7995)
4(7995 8035 8036 7996)
4(7996 8036 8037 7997)
4(7997 8037 8038 7998)
4(7998 8038 8039 7999)
4(8000 8040 8041 8001)
4(8001 8041 8042 8002)
4(8002 8042 8043 8003)
4(8003 8043 8044 8004)
4(8004 8044 8045 8005)
4(8005 8045 8046 8006)
4(8006 8046 8047 8007)
4(8007 8047 8048 8008)
4(8008 8048 8049 8009)
4(8009 8049 8050 8010)
4(8010 8050 8051 8011)
4(8011 8051 8052 8012)
4(8012 8052 8053 8013)
4(8013 8053 8054 8014)
4(8014 8054 8055 8015)
4(8015 8055 8056 8016)
4(8016 8056 8057 8017)
4(8017 8057 8058 8018)
4(8018 8058 8059 8019)
4(8019 8059 8060 8020)
4(8020 8060 8061 8021)
4(8021 8061 8062 8022)
4(8022 8062 8063 8023)
4(8023 8063 8064 8024)
4(8024 8064 8065 8025)
4(8025 8065 8066 8026)
4(8026 8066 8067 8027)
4(8027 8067 8068 8028)
4(8028 8068 8069 8029)
4(8029 8069 8070 8030)
4(8030 8070 8071 8031)
4(8031 8071 8072 8032)
4(8032 8072 8073 8033)
4(8033 8073 8074 8034)
4(8034 8074 8075 8035)
4(8035 8075 8076 8036)
4(8036 8076 8077 8037)
4(8037 8077 8078 8038)
4(8038 8078 8079 8039)
4(8040 8080 8081 8041)
4(8041 8081 8082 8042)
4(8042 8082 8083 8043)
4(8043 8083 8084 8044)
4(8044 8084 8085 8045)
4(8045 8085 8086 8046)
4(8046 8086 8087 8047)
4(8047 8087 8088 8048)
4(8048 8088 8089 8049)
4(8049 8089 8090 8050)
4(8050 8090 8091 8051)
4(8051 8091 8092 8052)
4(8052 8092 8093 8053)
4(8053 8093 8094 8054)
4(8054 8094 8095 8055)
4(8055 8095 8096 8056)
4(8056 8096 8097 8057)
4(8057 8097 8098 8058)
4(8058 8098 8099 8059)
4(8059 8099 8100 8060)
4(8060 8100 8101 8061)
4(8061 8101 8102 8062)
4(8062 8102 8103 8063)
4(8063 8103 8104 8064)
4(8064 8104 8105 8065)
4(8065 8105 8106 8066)
4(8066 8106 8107 8067)
4(8067 8107 8108 8068)
4(8068 8108 8109 8069)
4(8069 8109 8110 8070)
4(8070 8110 8111 8071)
4(8071 8111 8112 8072)
4(8072 8112 8113 8073)
4(8073 8113 8114 8074)
4(8074 8114 8115 8075)
4(8075 8115 8116 8076)
4(8076 8116 8117 8077)
4(8077 8117 8118 8078)
4(8078 8118 8119 8079)
4(8080 8120 8121 8081)
4(8081 8121 8122 8082)
4(8082 8122 8123 8083)
4(8083 8123 8124 8084)
4(8084 8124 8125 8085)
4(8085 8125 8126 8086)
4(8086 8126 8127 8087)
4(8087 8127 8128 8088)
4(8088 8128 8129 8089)
4(8089 8129 8130 8090)
4(8090 8130 8131 8091)
4(8091 8131 8132 8092)
4(8092 8132 8133 8093)
4(8093 8133 8134 8094)
4(8094 8134 8135 8095)
4(8095 8135 8136 8096)
4(8096 8136 8137 8097)
4(8097 8137 8138 8098)
4(8098 8138 8139 8099)
4(8099 8139 8140 8100)
4(8100 8140 8141 8101)
4(8101 8141 8142 8102)
4(8102 8142 8143 8103)
4(8103 8143 8144 8104)
4(8104 8144 8145 8105)
4(8105 8145 8146 8106)
4(8106 8146 8147 8107)
4(8107 8147 8148 8108)
4(8108 8148 8149 8109)
4(8109 8149 8150 8110)
4(8110 8150 8151 8111)
4(8111 8151 8152 8112)
4(8112 8152 8153 8113)
4(8113 8153 8154 8114)
4(8114 8154 8155 8115)
4(8115 8155 8156 8116)
4(8116 8156 8157 8117)
4(8117 8157 8158 8118)
4(8118 8158 8159 8119)
4(8120 8160 8161 8121)
4(8121 8161 8162 8122)
4(8122 8162 8163 8123)
4(8123 8163 8164 8124)
4(8124 8164 8165 8125)
4(8125 8165 8166 8126)
4(8126 8166 8167 8127)
4(8127 8167 8168 8128)
4(8128 8168 8169 8129)
4(8129 8169 8170 8130)
4(8130 8170 8171 8131)
4(8131 8171 8172 8132)
4(8132 8172 8173 8133)
4(8133 8173 8174 8134)
4(8134 8174 8175 8135)
4(8135 8175 8176 8136)
4(8136 8176 8177 8137)
4(8137 8177 8178 8138)
4(8138 8178 8179 8139)
4(8139 8179 8180 8140)
4(8140 8180 8181 8141)
4(8141 8181 8182 8142)
4(8142 8182 8183 8143)
4(8143 8183 8184 8144)
4(8144 8184 8185 8145)
4(8145 8185 8186 8146)
4(8146 8186 8187 8147)
4(8147 8187 8188 8148)
4(8148 8188 8189 8149)
4(8149 8189 8190 8150)
4(8150 8190 8191 8151)
4(8151 8191 8192 8152)
4(8152 8192 8193 8153)
4(8153 8193 8194 8154)
4(8154 8194 8195 8155)
4(8155 8195 8196 8156)
4(8156 8196 8197 8157)
4(8157 8197 8198 8158)
4(8158 8198 8199 8159)
4(8160 8200 8201 8161)
4(8161 8201 8202 8162)
4(8162 8202 8203 8163)
4(8163 8203 8204 8164)
4(8164 8204 8205 8165)
4(8165 8205 8206 8166)
4(8166 8206 8207 8167)
4(8167 8207 8208 8168)
4(8168 8208 8209 8169)
4(8169 8209 8210 8170)
4(8170 8210 8211 8171)
4(8171 8211 8212 8172)
4(8172 8212 8213 8173)
4(8173 8213 8214 8174)
4(8174 8214 8215 8175)
4(8175 8215 8216 8176)
4(8176 8216 8217 8177)
4(8177 8217 8218 8178)
4(8178 8218 8219 8179)
4(8179 8219 8220 8180)
4(8180 8220 8221 8181)
4(8181 8221 8222 8182)
4(8182 8222 8223 8183)
4(8183 8223 8224 8184)
4(8184 8224 8225 8185)
4(8185 8225 8226 8186)
4(8186 8226 8227 8187)
4(8187 8227 8228 8188)
4(8188 8228 8229 8189)
4(8189 8229 8230 8190)
4(8190 8230 8231 8191)
4(8191 8231 8232 8192)
4(8192 8232 8233 8193)
4(8193 8233 8234 8194)
4(8194 8234 8235 8195)
4(8195 8235 8236 8196)
4(8196 8236 8237 8197)
4(8197 8237 8238 8198)
4(8198 8238 8239 8199)
4(8200 9360 9361 8201)
4(8201 9361 9362 8202)
4(8202 9362 9363 8203)
4(8203 9363 9364 8204)
4(8204 9364 9365 8205)
4(8205 9365 9366 8206)
4(8206 9366 9367 8207)
4(8207 9367 9368 8208)
4(8208 9368 9369 8209)
4(8209 9369 9370 8210)
4(8210 9370 9371 8211)
4(8211 9371 9372 8212)
4(8212 9372 9373 8213)
4(8213 9373 9374 8214)
4(8214 9374 9375 8215)
4(8215 9375 9376 8216)
4(8216 9376 9377 8217)
4(8217 9377 9378 8218)
4(8218 9378 9379 8219)
4(8219 9379 9380 8220)
4(8220 9380 9381 8221)
4(8221 9381 9382 8222)
4(8222 9382 9383 8223)
4(8223 9383 9384 8224)
4(8224 9384 9385 8225)
4(8225 9385 9386 8226)
4(8226 9386 9387 8227)
4(8227 9387 9388 8228)
4(8228 9388 9389 8229)
4(8229 9389 9390 8230)
4(8230 9390 9391 8231)
4(8231 9391 9392 8232)
4(8232 9392 9393 8233)
4(8233 9393 9394 8234)
4(8234 9394 9395 8235)
4(8235 9395 9396 8236)
4(8236 9396 9397 8237)
4(8237 9397 9398 8238)
4(8238 9398 9399 8239)
4(9360 9400 9401 9361)
4(9361 9401 9402 9362)
4(9362 9402 9403 9363)
4(9363 9403 9404 9364)
4(9364 9404 9405 9365)
4(9365 9405 9406 9366)
4(9366 9406 9407 9367)
4(9367 9407 9408 9368)
4(9368 9408 9409 9369)
4(9369 9409 9410 9370)
4(9370 9410 9411 9371)
4(9371 9411 9412 9372)
4(9372 9412 9413 9373)
4(9373 9413 9414 9374)
4(9374 9414 9415 9375)
4(9375 9415 9416 9376)
4(9376 9416 9417 9377)
4(9377 9417 9418 9378)
4(9378 9418 9419 9379)
4(9379 9419 9420 9380)
4(9380 9420 9421 9381)
4(9381 9421 9422 9382)
4(9382 9422 9423 9383)
4(9383 9423 9424 9384)
4(9384 9424 9425 9385)
4(9385 9425 9426 9386)
4(9386 9426 9427 9387)
4(9387 9427 9428 9388)
4(9388 9428 9429 9389)
4(9389 9429 9430 9390)
4(9390 9430 9431 9391)
4(9391 9431 9432 9392)
4(9392 9432 9433 9393)
4(9393 9433 9434 9394)
4(9394 9434 9435 9395)
4(9395 9435 9436 9396)
4(9396 9436 9437 9397)
4(9397 9437 9438 9398)
4(9398 9438 9439 9399)
4(9400 9440 9441 9401)
4(9401 9441 9442 9402)
4(9402 9442 9443 9403)
4(9403 9443 9444 9404)
4(9404 9444 9445 9405)
4(9405 9445 9446 9406)
4(9406 9446 9447 9407)
4(9407 9447 9448 9408)
4(9408 9448 9449 9409)
4(9409 9449 9450 9410)
4(9410 9450 9451 9411)
4(9411 9451 9452 9412)
4(9412 9452 9453 9413)
4(9413 9453 9454 9414)
4(9414 9454 9455 9415)
4(9415 9455 9456 9416)
4(9416 9456 9457 9417)
4(9417 9457 9458 9418)
4(9418 9458 9459 9419)
4(9419 9459 9460 9420)
4(9420 9460 9461 9421)
4(9421 9461 9462 9422)
4(9422 9462 9463 9423)
4(9423 9463 9464 9424)
4(9424 9464 9465 9425)
4(9425 9465 9466 9426)
4(9426 9466 9467 9427)
4(9427 9467 9468 9428)
4(9428 9468 9469 9429)
4(9429 9469 9470 9430)
4(9430 9470 9471 9431)
4(9431 9471 9472 9432)
4(9432 9472 9473 9433)
4(9433 9473 9474 9434)
4(9434 9474 9475 9435)
4(9435 9475 9476 9436)
4(9436 9476 9477 9437)
4(9437 9477 9478 9438)
4(9438 9478 9479 9439)
4(9440 9480 9481 9441)
4(9441 9481 9482 9442)
4(9442 9482 9483 9443)
4(9443 9483 9484 9444)
4(9444 9484 9485 9445)
4(9445 9485 9486 9446)
4(9446 9486 9487 9447)
4(9447 9487 9488 9448)
4(9448 9488 9489 9449)
4(9449 9489 9490 9450)
4(9450 9490 9491 9451)
4(9451 9491 9492 9452)
4(9452 9492 9493 9453)
4(9453 9493 9494 9454)
4(9454 9494 9495 9455)
4(9455 9495 9496 9456)
4(9456 9496 9497 9457)
4(9457 9497 9498 9458)
4(9458 9498 9499 9459)
4(9459 9499 9500 9460)
4(9460 9500 9501 9461)
4(9461 9501 9502 9462)
4(9462 9502 9503 9463)
4(9463 9503 9504 9464)
4(9464 9504 9505 9465)
4(9465 9505 9506 9466)
4(9466 9506 9507 9467)
4(9467 9507 9508 9468)
4(9468 9508 9509 9469)
4(9469 9509 9510 9470)
4(9470 9510 9511 9471)
4(9471 9511 9512 9472)
4(9472 9512 9513 9473)
4(9473 9513 9514 9474)
4(9474 9514 9515 9475)
4(9475 9515 9516 9476)
4(9476 9516 9517 9477)
4(9477 9517 9518 9478)
4(9478 9518 9519 9479)
4(9480 9520 9521 9481)
4(9481 9521 9522 9482)
4(9482 9522 9523 9483)
4(9483 9523 9524 9484)
4(9484 9524 9525 9485)
4(9485 9525 9526 9486)
4(9486 9526 9527 9487)
4(9487 9527 9528 9488)
4(9488 9528 9529 9489)
4(9489 9529 9530 9490)
4(9490 9530 9531 9491)
4(9491 9531 9532 9492)
4(9492 9532 9533 9493)
4(9493 9533 9534 9494)
4(9494 9534 9535 9495)
4(9495 9535 9536 9496)
4(9496 9536 9537 9497)
4(9497 9537 9538 9498)
4(9498 9538 9539 9499)
4(9499 9539 9540 9500)
4(9500 9540 9541 9501)
4(9501 9541 9542 9502)
4(9502 9542 9543 9503)
4(9503 9543 9544 9504)
4(9504 9544 9545 9505)
4(9505 9545 9546 9506)
4(9506 9546 9547 9507)
4(9507 9547 9548 9508)
4(9508 9548 9549 9509)
4(9509 9549 9550 9510)
4(9510 9550 9551 9511)
4(9511 9551 9552 9512)
4(9512 9552 9553 9513)
4(9513 9553 9554 9514)
4(9514 9554 9555 9515)
4(9515 9555 9556 9516)
4(9516 9556 9557 9517)
4(9517 9557 9558 9518)
4(9518 9558 9559 9519)
4(9520 9560 9561 9521)
4(9521 9561 9562 9522)
4(9522 9562 9563 9523)
4(9523 9563 9564 9524)
4(9524 9564 9565 9525)
4(9525 9565 9566 9526)
4(9526 9566 9567 9527)
4(9527 9567 9568 9528)
4(9528 9568 9569 9529)
4(9529 9569 9570 9530)
4(9530 9570 9571 9531)
4(9531 9571 9572 9532)
4(9532 9572 9573 9533)
4(9533 9573 9574 9534)
4(9534 9574 9575 9535)
4(9535 9575 9576 9536)
4(9536 9576 9577 9537)
4(9537 9577 9578 9538)
4(9538 9578 9579 9539)
4(9539 9579 9580 9540)
4(9540 9580 9581 9541)
4(9541 9581 9582 9542)
4(9542 9582 9583 9543)
4(9543 9583 9584 9544)
4(9544 9584 9585 9545)
4(9545 9585 9586 9546)
4(9546 9586 9587 9547)
4(9547 9587 9588 9548)
4(9548 9588 9589 9549)
4(9549 9589 9590 9550)
4(9550 9590 9591 9551)
4(9551 9591 9592 9552)
4(9552 9592 9593 9553)
4(9553 9593 9594 9554)
4(9554 9594 9595 9555)
4(9555 9595 9596 9556)
4(9556 9596 9597 9557)
4(9557 9597 9598 9558)
4(9558 9598 9599 9559)
4(9560 9600 9601 9561)
4(9561 9601 9602 9562)
4(9562 9602 9603 9563)
4(9563 9603 9604 9564)
4(9564 9604 9605 9565)
4(9565 9605 9606 9566)
4(9566 9606 9607 9567)
4(9567 9607 9608 9568)
4(9568 9608 9609 9569)
4(9569 9609 9610 9570)
4(9570 9610 9611 9571)
4(9571 9611 9612 9572)
4(9572 9612 9613 9573)
4(9573 9613 9614 9574)
4(9574 9614 9615 9575)
4(9575 9615 9616 9576)
4(9576 9616 9617 9577)
4(9577 9617 9618 9578)
4(9578 9618 9619 9579)
4(9579 9619 9620 9580)
4(9580 9620 9621 9581)
4(9581 9621 9622 9582)
4(9582 9622 9623 9583)
4(9583 9623 9624 9584)
4(9584 9624 9625 9585)
4(9585 9625 9626 9586)
4(9586 9626 9627 9587)
4(9587 9627 9628 9588)
4(9588 9628 9629 9589)
4(9589 9629 9630 9590)
4(9590 9630 9631 9591)
4(9591 9631 9632 9592)
4(9592 9632 9633 9593)
4(9593 9633 9634 9594)
4(9594 9634 9635 9595)
4(9595 9635 9636 9596)
4(9596 9636 9637 9597)
4(9597 9637 9638 9598)
4(9598 9638 9639 9599)
4(9600 4680 4681 9601)
4(9601 4681 4682 9602)
4(9602 4682 4683 9603)
4(9603 4683 4684 9604)
4(9604 4684 4685 9605)
4(9605 4685 4686 9606)
4(9606 4686 4687 9607)
4(9607 4687 4688 9608)
4(9608 4688 4689 9609)
4(9609 4689 4690 9610)
4(9610 4690 4691 9611)
4(9611 4691 4692 9612)
4(9612 4692 4693 9613)
4(9613 4693 4694 9614)
4(9614 4694 4695 9615)
4(9615 4695 4696 9616)
4(9616 4696 4697 9617)
4(9617 4697 4698 9618)
4(9618 4698 4699 9619)
4(9619 4699 4700 9620)
4(9620 4700 4701 9621)
4(9621 4701 4702 9622)
4(9622 4702 4703 9623)
4(9623 4703 4704 9624)
4(9624 4704 4705 9625)
4(9625 4705 4706 9626)
4(9626 4706 4707 9627)
4(9627 4707 4708 9628)
4(9628 4708 4709 9629)
4(9629 4709 4710 9630)
4(9630 4710 4711 9631)
4(9631 4711 4712 9632)
4(9632 4712 4713 9633)
4(9633 4713 4714 9634)
4(9634 4714 4715 9635)
4(9635 4715 4716 9636)
4(9636 4716 4717 9637)
4(9637 4717 4718 9638)
4(9638 4718 4719 9639)
)
