/*--------------------------------*- C++ -*----------------------------------*\
  =========                 |
  \\      /  F ield         | OpenFOAM: The Open Source CFD Toolbox
   \\    /   O peration     | Website:  https://openfoam.org
    \\  /    A nd           | Version:  12
     \\/     M anipulation  |
\*---------------------------------------------------------------------------*/
FoamFile
{
    format      ascii;
    class       labelList;
    note        "nPoints:9640  nCells:8736  nFaces:27056  nInternalFaces:25360";
    location    "constant/polyMesh";
    object      neighbour;
}
// * * * * * * * * * * * * * * * * * * * * * * * * * * * * * * * * * * * * * //


25360
(
1
39
312
2496
7449
2
40
313
2497
7450
3
41
314
2498
7451
4
42
315
2499
7452
5
43
316
2500
7453
6
44
317
2501
7454
7
45
318
2502
7455
8
46
319
2503
7456
9
47
320
2504
7457
10
48
321
2505
7458
11
49
322
2506
7459
12
50
323
2507
7460
13
51
324
2508
7461
14
52
325
2509
7462
15
53
326
2510
7463
16
54
327
2511
7464
17
55
328
2512
7465
18
56
329
2513
7466
19
57
330
2514
7467
20
58
331
2515
7468
21
59
332
2516
7469
22
60
333
2517
7470
23
61
334
2518
7471
24
62
335
2519
7472
25
63
336
2520
7473
26
64
337
2521
7474
27
65
338
2522
7475
28
66
339
2523
7476
29
67
340
2524
7477
30
68
341
2525
7478
31
69
342
2526
7479
32
70
343
2527
7480
33
71
344
2528
7481
34
72
345
2529
7482
35
73
346
2530
7483
36
74
347
2531
7484
37
75
348
2532
7485
38
76
349
2533
7486
77
350
2534
7487
40
78
351
7410
41
79
352
7411
42
80
353
7412
43
81
354
7413
44
82
355
7414
45
83
356
7415
46
84
357
7416
47
85
358
7417
48
86
359
7418
49
87
360
7419
50
88
361
7420
51
89
362
7421
52
90
363
7422
53
91
364
7423
54
92
365
7424
55
93
366
7425
56
94
367
7426
57
95
368
7427
58
96
369
7428
59
97
370
7429
60
98
371
7430
61
99
372
7431
62
100
373
7432
63
101
374
7433
64
102
375
7434
65
103
376
7435
66
104
377
7436
67
105
378
7437
68
106
379
7438
69
107
380
7439
70
108
381
7440
71
109
382
7441
72
110
383
7442
73
111
384
7443
74
112
385
7444
75
113
386
7445
76
114
387
7446
77
115
388
7447
116
389
7448
79
117
390
7371
80
118
391
7372
81
119
392
7373
82
120
393
7374
83
121
394
7375
84
122
395
7376
85
123
396
7377
86
124
397
7378
87
125
398
7379
88
126
399
7380
89
127
400
7381
90
128
401
7382
91
129
402
7383
92
130
403
7384
93
131
404
7385
94
132
405
7386
95
133
406
7387
96
134
407
7388
97
135
408
7389
98
136
409
7390
99
137
410
7391
100
138
411
7392
101
139
412
7393
102
140
413
7394
103
141
414
7395
104
142
415
7396
105
143
416
7397
106
144
417
7398
107
145
418
7399
108
146
419
7400
109
147
420
7401
110
148
421
7402
111
149
422
7403
112
150
423
7404
113
151
424
7405
114
152
425
7406
115
153
426
7407
116
154
427
7408
155
428
7409
118
156
429
7332
119
157
430
7333
120
158
431
7334
121
159
432
7335
122
160
433
7336
123
161
434
7337
124
162
435
7338
125
163
436
7339
126
164
437
7340
127
165
438
7341
128
166
439
7342
129
167
440
7343
130
168
441
7344
131
169
442
7345
132
170
443
7346
133
171
444
7347
134
172
445
7348
135
173
446
7349
136
174
447
7350
137
175
448
7351
138
176
449
7352
139
177
450
7353
140
178
451
7354
141
179
452
7355
142
180
453
7356
143
181
454
7357
144
182
455
7358
145
183
456
7359
146
184
457
7360
147
185
458
7361
148
186
459
7362
149
187
460
7363
150
188
461
7364
151
189
462
7365
152
190
463
7366
153
191
464
7367
154
192
465
7368
155
193
466
7369
194
467
7370
157
195
468
7293
158
196
469
7294
159
197
470
7295
160
198
471
7296
161
199
472
7297
162
200
473
7298
163
201
474
7299
164
202
475
7300
165
203
476
7301
166
204
477
7302
167
205
478
7303
168
206
479
7304
169
207
480
7305
170
208
481
7306
171
209
482
7307
172
210
483
7308
173
211
484
7309
174
212
485
7310
175
213
486
7311
176
214
487
7312
177
215
488
7313
178
216
489
7314
179
217
490
7315
180
218
491
7316
181
219
492
7317
182
220
493
7318
183
221
494
7319
184
222
495
7320
185
223
496
7321
186
224
497
7322
187
225
498
7323
188
226
499
7324
189
227
500
7325
190
228
501
7326
191
229
502
7327
192
230
503
7328
193
231
504
7329
194
232
505
7330
233
506
7331
196
234
507
7254
197
235
508
7255
198
236
509
7256
199
237
510
7257
200
238
511
7258
201
239
512
7259
202
240
513
7260
203
241
514
7261
204
242
515
7262
205
243
516
7263
206
244
517
7264
207
245
518
7265
208
246
519
7266
209
247
520
7267
210
248
521
7268
211
249
522
7269
212
250
523
7270
213
251
524
7271
214
252
525
7272
215
253
526
7273
216
254
527
7274
217
255
528
7275
218
256
529
7276
219
257
530
7277
220
258
531
7278
221
259
532
7279
222
260
533
7280
223
261
534
7281
224
262
535
7282
225
263
536
7283
226
264
537
7284
227
265
538
7285
228
266
539
7286
229
267
540
7287
230
268
541
7288
231
269
542
7289
232
270
543
7290
233
271
544
7291
272
545
7292
235
273
546
7215
236
274
547
7216
237
275
548
7217
238
276
549
7218
239
277
550
7219
240
278
551
7220
241
279
552
7221
242
280
553
7222
243
281
554
7223
244
282
555
7224
245
283
556
7225
246
284
557
7226
247
285
558
7227
248
286
559
7228
249
287
560
7229
250
288
561
7230
251
289
562
7231
252
290
563
7232
253
291
564
7233
254
292
565
7234
255
293
566
7235
256
294
567
7236
257
295
568
7237
258
296
569
7238
259
297
570
7239
260
298
571
7240
261
299
572
7241
262
300
573
7242
263
301
574
7243
264
302
575
7244
265
303
576
7245
266
304
577
7246
267
305
578
7247
268
306
579
7248
269
307
580
7249
270
308
581
7250
271
309
582
7251
272
310
583
7252
311
584
7253
274
585
5889
7176
275
586
5890
7177
276
587
5891
7178
277
588
5892
7179
278
589
5893
7180
279
590
5894
7181
280
591
5895
7182
281
592
5896
7183
282
593
5897
7184
283
594
5898
7185
284
595
5899
7186
285
596
5900
7187
286
597
5901
7188
287
598
5902
7189
288
599
5903
7190
289
600
5904
7191
290
601
5905
7192
291
602
5906
7193
292
603
5907
7194
293
604
5908
7195
294
605
5909
7196
295
606
5910
7197
296
607
5911
7198
297
608
5912
7199
298
609
5913
7200
299
610
5914
7201
300
611
5915
7202
301
612
5916
7203
302
613
5917
7204
303
614
5918
7205
304
615
5919
7206
305
616
5920
7207
306
617
5921
7208
307
618
5922
7209
308
619
5923
7210
309
620
5924
7211
310
621
5925
7212
311
622
5926
7213
623
5927
7214
313
351
624
2535
314
352
625
2536
315
353
626
2537
316
354
627
2538
317
355
628
2539
318
356
629
2540
319
357
630
2541
320
358
631
2542
321
359
632
2543
322
360
633
2544
323
361
634
2545
324
362
635
2546
325
363
636
2547
326
364
637
2548
327
365
638
2549
328
366
639
2550
329
367
640
2551
330
368
641
2552
331
369
642
2553
332
370
643
2554
333
371
644
2555
334
372
645
2556
335
373
646
2557
336
374
647
2558
337
375
648
2559
338
376
649
2560
339
377
650
2561
340
378
651
2562
341
379
652
2563
342
380
653
2564
343
381
654
2565
344
382
655
2566
345
383
656
2567
346
384
657
2568
347
385
658
2569
348
386
659
2570
349
387
660
2571
350
388
661
2572
389
662
2573
352
390
663
353
391
664
354
392
665
355
393
666
356
394
667
357
395
668
358
396
669
359
397
670
360
398
671
361
399
672
362
400
673
363
401
674
364
402
675
365
403
676
366
404
677
367
405
678
368
406
679
369
407
680
370
408
681
371
409
682
372
410
683
373
411
684
374
412
685
375
413
686
376
414
687
377
415
688
378
416
689
379
417
690
380
418
691
381
419
692
382
420
693
383
421
694
384
422
695
385
423
696
386
424
697
387
425
698
388
426
699
389
427
700
428
701
391
429
702
392
430
703
393
431
704
394
432
705
395
433
706
396
434
707
397
435
708
398
436
709
399
437
710
400
438
711
401
439
712
402
440
713
403
441
714
404
442
715
405
443
716
406
444
717
407
445
718
408
446
719
409
447
720
410
448
721
411
449
722
412
450
723
413
451
724
414
452
725
415
453
726
416
454
727
417
455
728
418
456
729
419
457
730
420
458
731
421
459
732
422
460
733
423
461
734
424
462
735
425
463
736
426
464
737
427
465
738
428
466
739
467
740
430
468
741
431
469
742
432
470
743
433
471
744
434
472
745
435
473
746
436
474
747
437
475
748
438
476
749
439
477
750
440
478
751
441
479
752
442
480
753
443
481
754
444
482
755
445
483
756
446
484
757
447
485
758
448
486
759
449
487
760
450
488
761
451
489
762
452
490
763
453
491
764
454
492
765
455
493
766
456
494
767
457
495
768
458
496
769
459
497
770
460
498
771
461
499
772
462
500
773
463
501
774
464
502
775
465
503
776
466
504
777
467
505
778
506
779
469
507
780
470
508
781
471
509
782
472
510
783
473
511
784
474
512
785
475
513
786
476
514
787
477
515
788
478
516
789
479
517
790
480
518
791
481
519
792
482
520
793
483
521
794
484
522
795
485
523
796
486
524
797
487
525
798
488
526
799
489
527
800
490
528
801
491
529
802
492
530
803
493
531
804
494
532
805
495
533
806
496
534
807
497
535
808
498
536
809
499
537
810
500
538
811
501
539
812
502
540
813
503
541
814
504
542
815
505
543
816
506
544
817
545
818
508
546
819
509
547
820
510
548
821
511
549
822
512
550
823
513
551
824
514
552
825
515
553
826
516
554
827
517
555
828
518
556
829
519
557
830
520
558
831
521
559
832
522
560
833
523
561
834
524
562
835
525
563
836
526
564
837
527
565
838
528
566
839
529
567
840
530
568
841
531
569
842
532
570
843
533
571
844
534
572
845
535
573
846
536
574
847
537
575
848
538
576
849
539
577
850
540
578
851
541
579
852
542
580
853
543
581
854
544
582
855
545
583
856
584
857
547
585
858
548
586
859
549
587
860
550
588
861
551
589
862
552
590
863
553
591
864
554
592
865
555
593
866
556
594
867
557
595
868
558
596
869
559
597
870
560
598
871
561
599
872
562
600
873
563
601
874
564
602
875
565
603
876
566
604
877
567
605
878
568
606
879
569
607
880
570
608
881
571
609
882
572
610
883
573
611
884
574
612
885
575
613
886
576
614
887
577
615
888
578
616
889
579
617
890
580
618
891
581
619
892
582
620
893
583
621
894
584
622
895
623
896
586
897
5850
587
898
5851
588
899
5852
589
900
5853
590
901
5854
591
902
5855
592
903
5856
593
904
5857
594
905
5858
595
906
5859
596
907
5860
597
908
5861
598
909
5862
599
910
5863
600
911
5864
601
912
5865
602
913
5866
603
914
5867
604
915
5868
605
916
5869
606
917
5870
607
918
5871
608
919
5872
609
920
5873
610
921
5874
611
922
5875
612
923
5876
613
924
5877
614
925
5878
615
926
5879
616
927
5880
617
928
5881
618
929
5882
619
930
5883
620
931
5884
621
932
5885
622
933
5886
623
934
5887
935
5888
625
663
936
2574
626
664
937
2575
627
665
938
2576
628
666
939
2577
629
667
940
2578
630
668
941
2579
631
669
942
2580
632
670
943
2581
633
671
944
2582
634
672
945
2583
635
673
946
2584
636
674
947
2585
637
675
948
2586
638
676
949
2587
639
677
950
2588
640
678
951
2589
641
679
952
2590
642
680
953
2591
643
681
954
2592
644
682
955
2593
645
683
956
2594
646
684
957
2595
647
685
958
2596
648
686
959
2597
649
687
960
2598
650
688
961
2599
651
689
962
2600
652
690
963
2601
653
691
964
2602
654
692
965
2603
655
693
966
2604
656
694
967
2605
657
695
968
2606
658
696
969
2607
659
697
970
2608
660
698
971
2609
661
699
972
2610
662
700
973
2611
701
974
2612
664
702
975
665
703
976
666
704
977
667
705
978
668
706
979
669
707
980
670
708
981
671
709
982
672
710
983
673
711
984
674
712
985
675
713
986
676
714
987
677
715
988
678
716
989
679
717
990
680
718
991
681
719
992
682
720
993
683
721
994
684
722
995
685
723
996
686
724
997
687
725
998
688
726
999
689
727
1000
690
728
1001
691
729
1002
692
730
1003
693
731
1004
694
732
1005
695
733
1006
696
734
1007
697
735
1008
698
736
1009
699
737
1010
700
738
1011
701
739
1012
740
1013
703
741
1014
704
742
1015
705
743
1016
706
744
1017
707
745
1018
708
746
1019
709
747
1020
710
748
1021
711
749
1022
712
750
1023
713
751
1024
714
752
1025
715
753
1026
716
754
1027
717
755
1028
718
756
1029
719
757
1030
720
758
1031
721
759
1032
722
760
1033
723
761
1034
724
762
1035
725
763
1036
726
764
1037
727
765
1038
728
766
1039
729
767
1040
730
768
1041
731
769
1042
732
770
1043
733
771
1044
734
772
1045
735
773
1046
736
774
1047
737
775
1048
738
776
1049
739
777
1050
740
778
1051
779
1052
742
780
1053
743
781
1054
744
782
1055
745
783
1056
746
784
1057
747
785
1058
748
786
1059
749
787
1060
750
788
1061
751
789
1062
752
790
1063
753
791
1064
754
792
1065
755
793
1066
756
794
1067
757
795
1068
758
796
1069
759
797
1070
760
798
1071
761
799
1072
762
800
1073
763
801
1074
764
802
1075
765
803
1076
766
804
1077
767
805
1078
768
806
1079
769
807
1080
770
808
1081
771
809
1082
772
810
1083
773
811
1084
774
812
1085
775
813
1086
776
814
1087
777
815
1088
778
816
1089
779
817
1090
818
1091
781
819
1092
782
820
1093
783
821
1094
784
822
1095
785
823
1096
786
824
1097
787
825
1098
788
826
1099
789
827
1100
790
828
1101
791
829
1102
792
830
1103
793
831
1104
794
832
1105
795
833
1106
796
834
1107
797
835
1108
798
836
1109
799
837
1110
800
838
1111
801
839
1112
802
840
1113
803
841
1114
804
842
1115
805
843
1116
806
844
1117
807
845
1118
808
846
1119
809
847
1120
810
848
1121
811
849
1122
812
850
1123
813
851
1124
814
852
1125
815
853
1126
816
854
1127
817
855
1128
818
856
1129
857
1130
820
858
1131
821
859
1132
822
860
1133
823
861
1134
824
862
1135
825
863
1136
826
864
1137
827
865
1138
828
866
1139
829
867
1140
830
868
1141
831
869
1142
832
870
1143
833
871
1144
834
872
1145
835
873
1146
836
874
1147
837
875
1148
838
876
1149
839
877
1150
840
878
1151
841
879
1152
842
880
1153
843
881
1154
844
882
1155
845
883
1156
846
884
1157
847
885
1158
848
886
1159
849
887
1160
850
888
1161
851
889
1162
852
890
1163
853
891
1164
854
892
1165
855
893
1166
856
894
1167
857
895
1168
896
1169
859
897
1170
860
898
1171
861
899
1172
862
900
1173
863
901
1174
864
902
1175
865
903
1176
866
904
1177
867
905
1178
868
906
1179
869
907
1180
870
908
1181
871
909
1182
872
910
1183
873
911
1184
874
912
1185
875
913
1186
876
914
1187
877
915
1188
878
916
1189
879
917
1190
880
918
1191
881
919
1192
882
920
1193
883
921
1194
884
922
1195
885
923
1196
886
924
1197
887
925
1198
888
926
1199
889
927
1200
890
928
1201
891
929
1202
892
930
1203
893
931
1204
894
932
1205
895
933
1206
896
934
1207
935
1208
898
1209
5811
899
1210
5812
900
1211
5813
901
1212
5814
902
1213
5815
903
1214
5816
904
1215
5817
905
1216
5818
906
1217
5819
907
1218
5820
908
1219
5821
909
1220
5822
910
1221
5823
911
1222
5824
912
1223
5825
913
1224
5826
914
1225
5827
915
1226
5828
916
1227
5829
917
1228
5830
918
1229
5831
919
1230
5832
920
1231
5833
921
1232
5834
922
1233
5835
923
1234
5836
924
1235
5837
925
1236
5838
926
1237
5839
927
1238
5840
928
1239
5841
929
1240
5842
930
1241
5843
931
1242
5844
932
1243
5845
933
1244
5846
934
1245
5847
935
1246
5848
1247
5849
937
975
1248
2613
938
976
1249
2614
939
977
1250
2615
940
978
1251
2616
941
979
1252
2617
942
980
1253
2618
943
981
1254
2619
944
982
1255
2620
945
983
1256
2621
946
984
1257
2622
947
985
1258
2623
948
986
1259
2624
949
987
1260
2625
950
988
1261
2626
951
989
1262
2627
952
990
1263
2628
953
991
1264
2629
954
992
1265
2630
955
993
1266
2631
956
994
1267
2632
957
995
1268
2633
958
996
1269
2634
959
997
1270
2635
960
998
1271
2636
961
999
1272
2637
962
1000
1273
2638
963
1001
1274
2639
964
1002
1275
2640
965
1003
1276
2641
966
1004
1277
2642
967
1005
1278
2643
968
1006
1279
2644
969
1007
1280
2645
970
1008
1281
2646
971
1009
1282
2647
972
1010
1283
2648
973
1011
1284
2649
974
1012
1285
2650
1013
1286
2651
976
1014
1287
977
1015
1288
978
1016
1289
979
1017
1290
980
1018
1291
981
1019
1292
982
1020
1293
983
1021
1294
984
1022
1295
985
1023
1296
986
1024
1297
987
1025
1298
988
1026
1299
989
1027
1300
990
1028
1301
991
1029
1302
992
1030
1303
993
1031
1304
994
1032
1305
995
1033
1306
996
1034
1307
997
1035
1308
998
1036
1309
999
1037
1310
1000
1038
1311
1001
1039
1312
1002
1040
1313
1003
1041
1314
1004
1042
1315
1005
1043
1316
1006
1044
1317
1007
1045
1318
1008
1046
1319
1009
1047
1320
1010
1048
1321
1011
1049
1322
1012
1050
1323
1013
1051
1324
1052
1325
1015
1053
1326
1016
1054
1327
1017
1055
1328
1018
1056
1329
1019
1057
1330
1020
1058
1331
1021
1059
1332
1022
1060
1333
1023
1061
1334
1024
1062
1335
1025
1063
1336
1026
1064
1337
1027
1065
1338
1028
1066
1339
1029
1067
1340
1030
1068
1341
1031
1069
1342
1032
1070
1343
1033
1071
1344
1034
1072
1345
1035
1073
1346
1036
1074
1347
1037
1075
1348
1038
1076
1349
1039
1077
1350
1040
1078
1351
1041
1079
1352
1042
1080
1353
1043
1081
1354
1044
1082
1355
1045
1083
1356
1046
1084
1357
1047
1085
1358
1048
1086
1359
1049
1087
1360
1050
1088
1361
1051
1089
1362
1052
1090
1363
1091
1364
1054
1092
1365
1055
1093
1366
1056
1094
1367
1057
1095
1368
1058
1096
1369
1059
1097
1370
1060
1098
1371
1061
1099
1372
1062
1100
1373
1063
1101
1374
1064
1102
1375
1065
1103
1376
1066
1104
1377
1067
1105
1378
1068
1106
1379
1069
1107
1380
1070
1108
1381
1071
1109
1382
1072
1110
1383
1073
1111
1384
1074
1112
1385
1075
1113
1386
1076
1114
1387
1077
1115
1388
1078
1116
1389
1079
1117
1390
1080
1118
1391
1081
1119
1392
1082
1120
1393
1083
1121
1394
1084
1122
1395
1085
1123
1396
1086
1124
1397
1087
1125
1398
1088
1126
1399
1089
1127
1400
1090
1128
1401
1091
1129
1402
1130
1403
1093
1131
1404
1094
1132
1405
1095
1133
1406
1096
1134
1407
1097
1135
1408
1098
1136
1409
1099
1137
1410
1100
1138
1411
1101
1139
1412
1102
1140
1413
1103
1141
1414
1104
1142
1415
1105
1143
1416
1106
1144
1417
1107
1145
1418
1108
1146
1419
1109
1147
1420
1110
1148
1421
1111
1149
1422
1112
1150
1423
1113
1151
1424
1114
1152
1425
1115
1153
1426
1116
1154
1427
1117
1155
1428
1118
1156
1429
1119
1157
1430
1120
1158
1431
1121
1159
1432
1122
1160
1433
1123
1161
1434
1124
1162
1435
1125
1163
1436
1126
1164
1437
1127
1165
1438
1128
1166
1439
1129
1167
1440
1130
1168
1441
1169
1442
1132
1170
1443
1133
1171
1444
1134
1172
1445
1135
1173
1446
1136
1174
1447
1137
1175
1448
1138
1176
1449
1139
1177
1450
1140
1178
1451
1141
1179
1452
1142
1180
1453
1143
1181
1454
1144
1182
1455
1145
1183
1456
1146
1184
1457
1147
1185
1458
1148
1186
1459
1149
1187
1460
1150
1188
1461
1151
1189
1462
1152
1190
1463
1153
1191
1464
1154
1192
1465
1155
1193
1466
1156
1194
1467
1157
1195
1468
1158
1196
1469
1159
1197
1470
1160
1198
1471
1161
1199
1472
1162
1200
1473
1163
1201
1474
1164
1202
1475
1165
1203
1476
1166
1204
1477
1167
1205
1478
1168
1206
1479
1169
1207
1480
1208
1481
1171
1209
1482
1172
1210
1483
1173
1211
1484
1174
1212
1485
1175
1213
1486
1176
1214
1487
1177
1215
1488
1178
1216
1489
1179
1217
1490
1180
1218
1491
1181
1219
1492
1182
1220
1493
1183
1221
1494
1184
1222
1495
1185
1223
1496
1186
1224
1497
1187
1225
1498
1188
1226
1499
1189
1227
1500
1190
1228
1501
1191
1229
1502
1192
1230
1503
1193
1231
1504
1194
1232
1505
1195
1233
1506
1196
1234
1507
1197
1235
1508
1198
1236
1509
1199
1237
1510
1200
1238
1511
1201
1239
1512
1202
1240
1513
1203
1241
1514
1204
1242
1515
1205
1243
1516
1206
1244
1517
1207
1245
1518
1208
1246
1519
1247
1520
1210
1521
5772
1211
1522
5773
1212
1523
5774
1213
1524
5775
1214
1525
5776
1215
1526
5777
1216
1527
5778
1217
1528
5779
1218
1529
5780
1219
1530
5781
1220
1531
5782
1221
1532
5783
1222
1533
5784
1223
1534
5785
1224
1535
5786
1225
1536
5787
1226
1537
5788
1227
1538
5789
1228
1539
5790
1229
1540
5791
1230
1541
5792
1231
1542
5793
1232
1543
5794
1233
1544
5795
1234
1545
5796
1235
1546
5797
1236
1547
5798
1237
1548
5799
1238
1549
5800
1239
1550
5801
1240
1551
5802
1241
1552
5803
1242
1553
5804
1243
1554
5805
1244
1555
5806
1245
1556
5807
1246
1557
5808
1247
1558
5809
1559
5810
1249
1287
1560
2652
1250
1288
1561
2653
1251
1289
1562
2654
1252
1290
1563
2655
1253
1291
1564
2656
1254
1292
1565
2657
1255
1293
1566
2658
1256
1294
1567
2659
1257
1295
1568
2660
1258
1296
1569
2661
1259
1297
1570
2662
1260
1298
1571
2663
1261
1299
1572
2664
1262
1300
1573
2665
1263
1301
1574
2666
1264
1302
1575
2667
1265
1303
1576
2668
1266
1304
1577
2669
1267
1305
1578
2670
1268
1306
1579
2671
1269
1307
1580
2672
1270
1308
1581
2673
1271
1309
1582
2674
1272
1310
1583
2675
1273
1311
1584
2676
1274
1312
1585
2677
1275
1313
1586
2678
1276
1314
1587
2679
1277
1315
1588
2680
1278
1316
1589
2681
1279
1317
1590
2682
1280
1318
1591
2683
1281
1319
1592
2684
1282
1320
1593
2685
1283
1321
1594
2686
1284
1322
1595
2687
1285
1323
1596
2688
1286
1324
1597
2689
1325
1598
2690
1288
1326
1599
1289
1327
1600
1290
1328
1601
1291
1329
1602
1292
1330
1603
1293
1331
1604
1294
1332
1605
1295
1333
1606
1296
1334
1607
1297
1335
1608
1298
1336
1609
1299
1337
1610
1300
1338
1611
1301
1339
1612
1302
1340
1613
1303
1341
1614
1304
1342
1615
1305
1343
1616
1306
1344
1617
1307
1345
1618
1308
1346
1619
1309
1347
1620
1310
1348
1621
1311
1349
1622
1312
1350
1623
1313
1351
1624
1314
1352
1625
1315
1353
1626
1316
1354
1627
1317
1355
1628
1318
1356
1629
1319
1357
1630
1320
1358
1631
1321
1359
1632
1322
1360
1633
1323
1361
1634
1324
1362
1635
1325
1363
1636
1364
1637
1327
1365
1638
1328
1366
1639
1329
1367
1640
1330
1368
1641
1331
1369
1642
1332
1370
1643
1333
1371
1644
1334
1372
1645
1335
1373
1646
1336
1374
1647
1337
1375
1648
1338
1376
1649
1339
1377
1650
1340
1378
1651
1341
1379
1652
1342
1380
1653
1343
1381
1654
1344
1382
1655
1345
1383
1656
1346
1384
1657
1347
1385
1658
1348
1386
1659
1349
1387
1660
1350
1388
1661
1351
1389
1662
1352
1390
1663
1353
1391
1664
1354
1392
1665
1355
1393
1666
1356
1394
1667
1357
1395
1668
1358
1396
1669
1359
1397
1670
1360
1398
1671
1361
1399
1672
1362
1400
1673
1363
1401
1674
1364
1402
1675
1403
1676
1366
1404
1677
1367
1405
1678
1368
1406
1679
1369
1407
1680
1370
1408
1681
1371
1409
1682
1372
1410
1683
1373
1411
1684
1374
1412
1685
1375
1413
1686
1376
1414
1687
1377
1415
1688
1378
1416
1689
1379
1417
1690
1380
1418
1691
1381
1419
1692
1382
1420
1693
1383
1421
1694
1384
1422
1695
1385
1423
1696
1386
1424
1697
1387
1425
1698
1388
1426
1699
1389
1427
1700
1390
1428
1701
1391
1429
1702
1392
1430
1703
1393
1431
1704
1394
1432
1705
1395
1433
1706
1396
1434
1707
1397
1435
1708
1398
1436
1709
1399
1437
1710
1400
1438
1711
1401
1439
1712
1402
1440
1713
1403
1441
1714
1442
1715
1405
1443
1716
1406
1444
1717
1407
1445
1718
1408
1446
1719
1409
1447
1720
1410
1448
1721
1411
1449
1722
1412
1450
1723
1413
1451
1724
1414
1452
1725
1415
1453
1726
1416
1454
1727
1417
1455
1728
1418
1456
1729
1419
1457
1730
1420
1458
1731
1421
1459
1732
1422
1460
1733
1423
1461
1734
1424
1462
1735
1425
1463
1736
1426
1464
1737
1427
1465
1738
1428
1466
1739
1429
1467
1740
1430
1468
1741
1431
1469
1742
1432
1470
1743
1433
1471
1744
1434
1472
1745
1435
1473
1746
1436
1474
1747
1437
1475
1748
1438
1476
1749
1439
1477
1750
1440
1478
1751
1441
1479
1752
1442
1480
1753
1481
1754
1444
1482
1755
1445
1483
1756
1446
1484
1757
1447
1485
1758
1448
1486
1759
1449
1487
1760
1450
1488
1761
1451
1489
1762
1452
1490
1763
1453
1491
1764
1454
1492
1765
1455
1493
1766
1456
1494
1767
1457
1495
1768
1458
1496
1769
1459
1497
1770
1460
1498
1771
1461
1499
1772
1462
1500
1773
1463
1501
1774
1464
1502
1775
1465
1503
1776
1466
1504
1777
1467
1505
1778
1468
1506
1779
1469
1507
1780
1470
1508
1781
1471
1509
1782
1472
1510
1783
1473
1511
1784
1474
1512
1785
1475
1513
1786
1476
1514
1787
1477
1515
1788
1478
1516
1789
1479
1517
1790
1480
1518
1791
1481
1519
1792
1520
1793
1483
1521
1794
1484
1522
1795
1485
1523
1796
1486
1524
1797
1487
1525
1798
1488
1526
1799
1489
1527
1800
1490
1528
1801
1491
1529
1802
1492
1530
1803
1493
1531
1804
1494
1532
1805
1495
1533
1806
1496
1534
1807
1497
1535
1808
1498
1536
1809
1499
1537
1810
1500
1538
1811
1501
1539
1812
1502
1540
1813
1503
1541
1814
1504
1542
1815
1505
1543
1816
1506
1544
1817
1507
1545
1818
1508
1546
1819
1509
1547
1820
1510
1548
1821
1511
1549
1822
1512
1550
1823
1513
1551
1824
1514
1552
1825
1515
1553
1826
1516
1554
1827
1517
1555
1828
1518
1556
1829
1519
1557
1830
1520
1558
1831
1559
1832
1522
1833
5733
1523
1834
5734
1524
1835
5735
1525
1836
5736
1526
1837
5737
1527
1838
5738
1528
1839
5739
1529
1840
5740
1530
1841
5741
1531
1842
5742
1532
1843
5743
1533
1844
5744
1534
1845
5745
1535
1846
5746
1536
1847
5747
1537
1848
5748
1538
1849
5749
1539
1850
5750
1540
1851
5751
1541
1852
5752
1542
1853
5753
1543
1854
5754
1544
1855
5755
1545
1856
5756
1546
1857
5757
1547
1858
5758
1548
1859
5759
1549
1860
5760
1550
1861
5761
1551
1862
5762
1552
1863
5763
1553
1864
5764
1554
1865
5765
1555
1866
5766
1556
1867
5767
1557
1868
5768
1558
1869
5769
1559
1870
5770
1871
5771
1561
1599
1872
2691
1562
1600
1873
2692
1563
1601
1874
2693
1564
1602
1875
2694
1565
1603
1876
2695
1566
1604
1877
2696
1567
1605
1878
2697
1568
1606
1879
2698
1569
1607
1880
2699
1570
1608
1881
2700
1571
1609
1882
2701
1572
1610
1883
2702
1573
1611
1884
2703
1574
1612
1885
2704
1575
1613
1886
2705
1576
1614
1887
2706
1577
1615
1888
2707
1578
1616
1889
2708
1579
1617
1890
2709
1580
1618
1891
2710
1581
1619
1892
2711
1582
1620
1893
2712
1583
1621
1894
2713
1584
1622
1895
2714
1585
1623
1896
2715
1586
1624
1897
2716
1587
1625
1898
2717
1588
1626
1899
2718
1589
1627
1900
2719
1590
1628
1901
2720
1591
1629
1902
2721
1592
1630
1903
2722
1593
1631
1904
2723
1594
1632
1905
2724
1595
1633
1906
2725
1596
1634
1907
2726
1597
1635
1908
2727
1598
1636
1909
2728
1637
1910
2729
1600
1638
1911
1601
1639
1912
1602
1640
1913
1603
1641
1914
1604
1642
1915
1605
1643
1916
1606
1644
1917
1607
1645
1918
1608
1646
1919
1609
1647
1920
1610
1648
1921
1611
1649
1922
1612
1650
1923
1613
1651
1924
1614
1652
1925
1615
1653
1926
1616
1654
1927
1617
1655
1928
1618
1656
1929
1619
1657
1930
1620
1658
1931
1621
1659
1932
1622
1660
1933
1623
1661
1934
1624
1662
1935
1625
1663
1936
1626
1664
1937
1627
1665
1938
1628
1666
1939
1629
1667
1940
1630
1668
1941
1631
1669
1942
1632
1670
1943
1633
1671
1944
1634
1672
1945
1635
1673
1946
1636
1674
1947
1637
1675
1948
1676
1949
1639
1677
1950
1640
1678
1951
1641
1679
1952
1642
1680
1953
1643
1681
1954
1644
1682
1955
1645
1683
1956
1646
1684
1957
1647
1685
1958
1648
1686
1959
1649
1687
1960
1650
1688
1961
1651
1689
1962
1652
1690
1963
1653
1691
1964
1654
1692
1965
1655
1693
1966
1656
1694
1967
1657
1695
1968
1658
1696
1969
1659
1697
1970
1660
1698
1971
1661
1699
1972
1662
1700
1973
1663
1701
1974
1664
1702
1975
1665
1703
1976
1666
1704
1977
1667
1705
1978
1668
1706
1979
1669
1707
1980
1670
1708
1981
1671
1709
1982
1672
1710
1983
1673
1711
1984
1674
1712
1985
1675
1713
1986
1676
1714
1987
1715
1988
1678
1716
1989
1679
1717
1990
1680
1718
1991
1681
1719
1992
1682
1720
1993
1683
1721
1994
1684
1722
1995
1685
1723
1996
1686
1724
1997
1687
1725
1998
1688
1726
1999
1689
1727
2000
1690
1728
2001
1691
1729
2002
1692
1730
2003
1693
1731
2004
1694
1732
2005
1695
1733
2006
1696
1734
2007
1697
1735
2008
1698
1736
2009
1699
1737
2010
1700
1738
2011
1701
1739
2012
1702
1740
2013
1703
1741
2014
1704
1742
2015
1705
1743
2016
1706
1744
2017
1707
1745
2018
1708
1746
2019
1709
1747
2020
1710
1748
2021
1711
1749
2022
1712
1750
2023
1713
1751
2024
1714
1752
2025
1715
1753
2026
1754
2027
1717
1755
2028
1718
1756
2029
1719
1757
2030
1720
1758
2031
1721
1759
2032
1722
1760
2033
1723
1761
2034
1724
1762
2035
1725
1763
2036
1726
1764
2037
1727
1765
2038
1728
1766
2039
1729
1767
2040
1730
1768
2041
1731
1769
2042
1732
1770
2043
1733
1771
2044
1734
1772
2045
1735
1773
2046
1736
1774
2047
1737
1775
2048
1738
1776
2049
1739
1777
2050
1740
1778
2051
1741
1779
2052
1742
1780
2053
1743
1781
2054
1744
1782
2055
1745
1783
2056
1746
1784
2057
1747
1785
2058
1748
1786
2059
1749
1787
2060
1750
1788
2061
1751
1789
2062
1752
1790
2063
1753
1791
2064
1754
1792
2065
1793
2066
1756
1794
2067
1757
1795
2068
1758
1796
2069
1759
1797
2070
1760
1798
2071
1761
1799
2072
1762
1800
2073
1763
1801
2074
1764
1802
2075
1765
1803
2076
1766
1804
2077
1767
1805
2078
1768
1806
2079
1769
1807
2080
1770
1808
2081
1771
1809
2082
1772
1810
2083
1773
1811
2084
1774
1812
2085
1775
1813
2086
1776
1814
2087
1777
1815
2088
1778
1816
2089
1779
1817
2090
1780
1818
2091
1781
1819
2092
1782
1820
2093
1783
1821
2094
1784
1822
2095
1785
1823
2096
1786
1824
2097
1787
1825
2098
1788
1826
2099
1789
1827
2100
1790
1828
2101
1791
1829
2102
1792
1830
2103
1793
1831
2104
1832
2105
1795
1833
2106
1796
1834
2107
1797
1835
2108
1798
1836
2109
1799
1837
2110
1800
1838
2111
1801
1839
2112
1802
1840
2113
1803
1841
2114
1804
1842
2115
1805
1843
2116
1806
1844
2117
1807
1845
2118
1808
1846
2119
1809
1847
2120
1810
1848
2121
1811
1849
2122
1812
1850
2123
1813
1851
2124
1814
1852
2125
1815
1853
2126
1816
1854
2127
1817
1855
2128
1818
1856
2129
1819
1857
2130
1820
1858
2131
1821
1859
2132
1822
1860
2133
1823
1861
2134
1824
1862
2135
1825
1863
2136
1826
1864
2137
1827
1865
2138
1828
1866
2139
1829
1867
2140
1830
1868
2141
1831
1869
2142
1832
1870
2143
1871
2144
1834
2145
5694
1835
2146
5695
1836
2147
5696
1837
2148
5697
1838
2149
5698
1839
2150
5699
1840
2151
5700
1841
2152
5701
1842
2153
5702
1843
2154
5703
1844
2155
5704
1845
2156
5705
1846
2157
5706
1847
2158
5707
1848
2159
5708
1849
2160
5709
1850
2161
5710
1851
2162
5711
1852
2163
5712
1853
2164
5713
1854
2165
5714
1855
2166
5715
1856
2167
5716
1857
2168
5717
1858
2169
5718
1859
2170
5719
1860
2171
5720
1861
2172
5721
1862
2173
5722
1863
2174
5723
1864
2175
5724
1865
2176
5725
1866
2177
5726
1867
2178
5727
1868
2179
5728
1869
2180
5729
1870
2181
5730
1871
2182
5731
2183
5732
1873
1911
2184
2730
1874
1912
2185
2731
1875
1913
2186
2732
1876
1914
2187
2733
1877
1915
2188
2734
1878
1916
2189
2735
1879
1917
2190
2736
1880
1918
2191
2737
1881
1919
2192
2738
1882
1920
2193
2739
1883
1921
2194
2740
1884
1922
2195
2741
1885
1923
2196
2742
1886
1924
2197
2743
1887
1925
2198
2744
1888
1926
2199
2745
1889
1927
2200
2746
1890
1928
2201
2747
1891
1929
2202
2748
1892
1930
2203
2749
1893
1931
2204
2750
1894
1932
2205
2751
1895
1933
2206
2752
1896
1934
2207
2753
1897
1935
2208
2754
1898
1936
2209
2755
1899
1937
2210
2756
1900
1938
2211
2757
1901
1939
2212
2758
1902
1940
2213
2759
1903
1941
2214
2760
1904
1942
2215
2761
1905
1943
2216
2762
1906
1944
2217
2763
1907
1945
2218
2764
1908
1946
2219
2765
1909
1947
2220
2766
1910
1948
2221
2767
1949
2222
2768
1912
1950
2223
1913
1951
2224
1914
1952
2225
1915
1953
2226
1916
1954
2227
1917
1955
2228
1918
1956
2229
1919
1957
2230
1920
1958
2231
1921
1959
2232
1922
1960
2233
1923
1961
2234
1924
1962
2235
1925
1963
2236
1926
1964
2237
1927
1965
2238
1928
1966
2239
1929
1967
2240
1930
1968
2241
1931
1969
2242
1932
1970
2243
1933
1971
2244
1934
1972
2245
1935
1973
2246
1936
1974
2247
1937
1975
2248
1938
1976
2249
1939
1977
2250
1940
1978
2251
1941
1979
2252
1942
1980
2253
1943
1981
2254
1944
1982
2255
1945
1983
2256
1946
1984
2257
1947
1985
2258
1948
1986
2259
1949
1987
2260
1988
2261
1951
1989
2262
1952
1990
2263
1953
1991
2264
1954
1992
2265
1955
1993
2266
1956
1994
2267
1957
1995
2268
1958
1996
2269
1959
1997
2270
1960
1998
2271
1961
1999
2272
1962
2000
2273
1963
2001
2274
1964
2002
2275
1965
2003
2276
1966
2004
2277
1967
2005
2278
1968
2006
2279
1969
2007
2280
1970
2008
2281
1971
2009
2282
1972
2010
2283
1973
2011
2284
1974
2012
2285
1975
2013
2286
1976
2014
2287
1977
2015
2288
1978
2016
2289
1979
2017
2290
1980
2018
2291
1981
2019
2292
1982
2020
2293
1983
2021
2294
1984
2022
2295
1985
2023
2296
1986
2024
2297
1987
2025
2298
1988
2026
2299
2027
2300
1990
2028
2301
1991
2029
2302
1992
2030
2303
1993
2031
2304
1994
2032
2305
1995
2033
2306
1996
2034
2307
1997
2035
2308
1998
2036
2309
1999
2037
2310
2000
2038
2311
2001
2039
2312
2002
2040
2313
2003
2041
2314
2004
2042
2315
2005
2043
2316
2006
2044
2317
2007
2045
2318
2008
2046
2319
2009
2047
2320
2010
2048
2321
2011
2049
2322
2012
2050
2323
2013
2051
2324
2014
2052
2325
2015
2053
2326
2016
2054
2327
2017
2055
2328
2018
2056
2329
2019
2057
2330
2020
2058
2331
2021
2059
2332
2022
2060
2333
2023
2061
2334
2024
2062
2335
2025
2063
2336
2026
2064
2337
2027
2065
2338
2066
2339
2029
2067
2340
2030
2068
2341
2031
2069
2342
2032
2070
2343
2033
2071
2344
2034
2072
2345
2035
2073
2346
2036
2074
2347
2037
2075
2348
2038
2076
2349
2039
2077
2350
2040
2078
2351
2041
2079
2352
2042
2080
2353
2043
2081
2354
2044
2082
2355
2045
2083
2356
2046
2084
2357
2047
2085
2358
2048
2086
2359
2049
2087
2360
2050
2088
2361
2051
2089
2362
2052
2090
2363
2053
2091
2364
2054
2092
2365
2055
2093
2366
2056
2094
2367
2057
2095
2368
2058
2096
2369
2059
2097
2370
2060
2098
2371
2061
2099
2372
2062
2100
2373
2063
2101
2374
2064
2102
2375
2065
2103
2376
2066
2104
2377
2105
2378
2068
2106
2379
2069
2107
2380
2070
2108
2381
2071
2109
2382
2072
2110
2383
2073
2111
2384
2074
2112
2385
2075
2113
2386
2076
2114
2387
2077
2115
2388
2078
2116
2389
2079
2117
2390
2080
2118
2391
2081
2119
2392
2082
2120
2393
2083
2121
2394
2084
2122
2395
2085
2123
2396
2086
2124
2397
2087
2125
2398
2088
2126
2399
2089
2127
2400
2090
2128
2401
2091
2129
2402
2092
2130
2403
2093
2131
2404
2094
2132
2405
2095
2133
2406
2096
2134
2407
2097
2135
2408
2098
2136
2409
2099
2137
2410
2100
2138
2411
2101
2139
2412
2102
2140
2413
2103
2141
2414
2104
2142
2415
2105
2143
2416
2144
2417
2107
2145
2418
2108
2146
2419
2109
2147
2420
2110
2148
2421
2111
2149
2422
2112
2150
2423
2113
2151
2424
2114
2152
2425
2115
2153
2426
2116
2154
2427
2117
2155
2428
2118
2156
2429
2119
2157
2430
2120
2158
2431
2121
2159
2432
2122
2160
2433
2123
2161
2434
2124
2162
2435
2125
2163
2436
2126
2164
2437
2127
2165
2438
2128
2166
2439
2129
2167
2440
2130
2168
2441
2131
2169
2442
2132
2170
2443
2133
2171
2444
2134
2172
2445
2135
2173
2446
2136
2174
2447
2137
2175
2448
2138
2176
2449
2139
2177
2450
2140
2178
2451
2141
2179
2452
2142
2180
2453
2143
2181
2454
2144
2182
2455
2183
2456
2146
2457
5655
2147
2458
5656
2148
2459
5657
2149
2460
5658
2150
2461
5659
2151
2462
5660
2152
2463
5661
2153
2464
5662
2154
2465
5663
2155
2466
5664
2156
2467
5665
2157
2468
5666
2158
2469
5667
2159
2470
5668
2160
2471
5669
2161
2472
5670
2162
2473
5671
2163
2474
5672
2164
2475
5673
2165
2476
5674
2166
2477
5675
2167
2478
5676
2168
2479
5677
2169
2480
5678
2170
2481
5679
2171
2482
5680
2172
2483
5681
2173
2484
5682
2174
2485
5683
2175
2486
5684
2176
2487
5685
2177
2488
5686
2178
2489
5687
2179
2490
5688
2180
2491
5689
2181
2492
5690
2182
2493
5691
2183
2494
5692
2495
5693
2185
2223
2769
4056
2186
2224
2770
4057
2187
2225
2771
4058
2188
2226
2772
4059
2189
2227
2773
4060
2190
2228
2774
4061
2191
2229
2775
4062
2192
2230
2776
4063
2193
2231
2777
4064
2194
2232
2778
4065
2195
2233
2779
4066
2196
2234
2780
4067
2197
2235
2781
4068
2198
2236
2782
4069
2199
2237
2783
4070
2200
2238
2784
4071
2201
2239
2785
4072
2202
2240
2786
4073
2203
2241
2787
4074
2204
2242
2788
4075
2205
2243
2789
4076
2206
2244
2790
4077
2207
2245
2791
4078
2208
2246
2792
4079
2209
2247
2793
4080
2210
2248
2794
4081
2211
2249
2795
4082
2212
2250
2796
4083
2213
2251
2797
4084
2214
2252
2798
4085
2215
2253
2799
4086
2216
2254
2800
4087
2217
2255
2801
4088
2218
2256
2802
4089
2219
2257
2803
4090
2220
2258
2804
4091
2221
2259
2805
4092
2222
2260
2806
4093
2261
2807
4094
2224
2262
4095
2225
2263
4096
2226
2264
4097
2227
2265
4098
2228
2266
4099
2229
2267
4100
2230
2268
4101
2231
2269
4102
2232
2270
4103
2233
2271
4104
2234
2272
4105
2235
2273
4106
2236
2274
4107
2237
2275
4108
2238
2276
4109
2239
2277
4110
2240
2278
4111
2241
2279
4112
2242
2280
4113
2243
2281
4114
2244
2282
4115
2245
2283
4116
2246
2284
4117
2247
2285
4118
2248
2286
4119
2249
2287
4120
2250
2288
4121
2251
2289
4122
2252
2290
4123
2253
2291
4124
2254
2292
4125
2255
2293
4126
2256
2294
4127
2257
2295
4128
2258
2296
4129
2259
2297
4130
2260
2298
4131
2261
2299
4132
2300
4133
2263
2301
4134
2264
2302
4135
2265
2303
4136
2266
2304
4137
2267
2305
4138
2268
2306
4139
2269
2307
4140
2270
2308
4141
2271
2309
4142
2272
2310
4143
2273
2311
4144
2274
2312
4145
2275
2313
4146
2276
2314
4147
2277
2315
4148
2278
2316
4149
2279
2317
4150
2280
2318
4151
2281
2319
4152
2282
2320
4153
2283
2321
4154
2284
2322
4155
2285
2323
4156
2286
2324
4157
2287
2325
4158
2288
2326
4159
2289
2327
4160
2290
2328
4161
2291
2329
4162
2292
2330
4163
2293
2331
4164
2294
2332
4165
2295
2333
4166
2296
2334
4167
2297
2335
4168
2298
2336
4169
2299
2337
4170
2300
2338
4171
2339
4172
2302
2340
4173
2303
2341
4174
2304
2342
4175
2305
2343
4176
2306
2344
4177
2307
2345
4178
2308
2346
4179
2309
2347
4180
2310
2348
4181
2311
2349
4182
2312
2350
4183
2313
2351
4184
2314
2352
4185
2315
2353
4186
2316
2354
4187
2317
2355
4188
2318
2356
4189
2319
2357
4190
2320
2358
4191
2321
2359
4192
2322
2360
4193
2323
2361
4194
2324
2362
4195
2325
2363
4196
2326
2364
4197
2327
2365
4198
2328
2366
4199
2329
2367
4200
2330
2368
4201
2331
2369
4202
2332
2370
4203
2333
2371
4204
2334
2372
4205
2335
2373
4206
2336
2374
4207
2337
2375
4208
2338
2376
4209
2339
2377
4210
2378
4211
2341
2379
4212
2342
2380
4213
2343
2381
4214
2344
2382
4215
2345
2383
4216
2346
2384
4217
2347
2385
4218
2348
2386
4219
2349
2387
4220
2350
2388
4221
2351
2389
4222
2352
2390
4223
2353
2391
4224
2354
2392
4225
2355
2393
4226
2356
2394
4227
2357
2395
4228
2358
2396
4229
2359
2397
4230
2360
2398
4231
2361
2399
4232
2362
2400
4233
2363
2401
4234
2364
2402
4235
2365
2403
4236
2366
2404
4237
2367
2405
4238
2368
2406
4239
2369
2407
4240
2370
2408
4241
2371
2409
4242
2372
2410
4243
2373
2411
4244
2374
2412
4245
2375
2413
4246
2376
2414
4247
2377
2415
4248
2378
2416
4249
2417
4250
2380
2418
4251
2381
2419
4252
2382
2420
4253
2383
2421
4254
2384
2422
4255
2385
2423
4256
2386
2424
4257
2387
2425
4258
2388
2426
4259
2389
2427
4260
2390
2428
4261
2391
2429
4262
2392
2430
4263
2393
2431
4264
2394
2432
4265
2395
2433
4266
2396
2434
4267
2397
2435
4268
2398
2436
4269
2399
2437
4270
2400
2438
4271
2401
2439
4272
2402
2440
4273
2403
2441
4274
2404
2442
4275
2405
2443
4276
2406
2444
4277
2407
2445
4278
2408
2446
4279
2409
2447
4280
2410
2448
4281
2411
2449
4282
2412
2450
4283
2413
2451
4284
2414
2452
4285
2415
2453
4286
2416
2454
4287
2417
2455
4288
2456
4289
2419
2457
4290
2420
2458
4291
2421
2459
4292
2422
2460
4293
2423
2461
4294
2424
2462
4295
2425
2463
4296
2426
2464
4297
2427
2465
4298
2428
2466
4299
2429
2467
4300
2430
2468
4301
2431
2469
4302
2432
2470
4303
2433
2471
4304
2434
2472
4305
2435
2473
4306
2436
2474
4307
2437
2475
4308
2438
2476
4309
2439
2477
4310
2440
2478
4311
2441
2479
4312
2442
2480
4313
2443
2481
4314
2444
2482
4315
2445
2483
4316
2446
2484
4317
2447
2485
4318
2448
2486
4319
2449
2487
4320
2450
2488
4321
2451
2489
4322
2452
2490
4323
2453
2491
4324
2454
2492
4325
2455
2493
4326
2456
2494
4327
2495
4328
2458
4329
5616
2459
4330
5617
2460
4331
5618
2461
4332
5619
2462
4333
5620
2463
4334
5621
2464
4335
5622
2465
4336
5623
2466
4337
5624
2467
4338
5625
2468
4339
5626
2469
4340
5627
2470
4341
5628
2471
4342
5629
2472
4343
5630
2473
4344
5631
2474
4345
5632
2475
4346
5633
2476
4347
5634
2477
4348
5635
2478
4349
5636
2479
4350
5637
2480
4351
5638
2481
4352
5639
2482
4353
5640
2483
4354
5641
2484
4355
5642
2485
4356
5643
2486
4357
5644
2487
4358
5645
2488
4359
5646
2489
4360
5647
2490
4361
5648
2491
4362
5649
2492
4363
5650
2493
4364
5651
2494
4365
5652
2495
4366
5653
4367
5654
2497
2535
2808
7449
2498
2536
2809
7450
2499
2537
2810
7451
2500
2538
2811
7452
2501
2539
2812
7453
2502
2540
2813
7454
2503
2541
2814
7455
2504
2542
2815
7456
2505
2543
2816
7457
2506
2544
2817
7458
2507
2545
2818
7459
2508
2546
2819
7460
2509
2547
2820
7461
2510
2548
2821
7462
2511
2549
2822
7463
2512
2550
2823
7464
2513
2551
2824
7465
2514
2552
2825
7466
2515
2553
2826
7467
2516
2554
2827
7468
2517
2555
2828
7469
2518
2556
2829
7470
2519
2557
2830
7471
2520
2558
2831
7472
2521
2559
2832
7473
2522
2560
2833
7474
2523
2561
2834
7475
2524
2562
2835
7476
2525
2563
2836
7477
2526
2564
2837
7478
2527
2565
2838
7479
2528
2566
2839
7480
2529
2567
2840
7481
2530
2568
2841
7482
2531
2569
2842
7483
2532
2570
2843
7484
2533
2571
2844
7485
2534
2572
2845
7486
2573
2846
7487
2536
2574
2847
2537
2575
2848
2538
2576
2849
2539
2577
2850
2540
2578
2851
2541
2579
2852
2542
2580
2853
2543
2581
2854
2544
2582
2855
2545
2583
2856
2546
2584
2857
2547
2585
2858
2548
2586
2859
2549
2587
2860
2550
2588
2861
2551
2589
2862
2552
2590
2863
2553
2591
2864
2554
2592
2865
2555
2593
2866
2556
2594
2867
2557
2595
2868
2558
2596
2869
2559
2597
2870
2560
2598
2871
2561
2599
2872
2562
2600
2873
2563
2601
2874
2564
2602
2875
2565
2603
2876
2566
2604
2877
2567
2605
2878
2568
2606
2879
2569
2607
2880
2570
2608
2881
2571
2609
2882
2572
2610
2883
2573
2611
2884
2612
2885
2575
2613
2886
2576
2614
2887
2577
2615
2888
2578
2616
2889
2579
2617
2890
2580
2618
2891
2581
2619
2892
2582
2620
2893
2583
2621
2894
2584
2622
2895
2585
2623
2896
2586
2624
2897
2587
2625
2898
2588
2626
2899
2589
2627
2900
2590
2628
2901
2591
2629
2902
2592
2630
2903
2593
2631
2904
2594
2632
2905
2595
2633
2906
2596
2634
2907
2597
2635
2908
2598
2636
2909
2599
2637
2910
2600
2638
2911
2601
2639
2912
2602
2640
2913
2603
2641
2914
2604
2642
2915
2605
2643
2916
2606
2644
2917
2607
2645
2918
2608
2646
2919
2609
2647
2920
2610
2648
2921
2611
2649
2922
2612
2650
2923
2651
2924
2614
2652
2925
2615
2653
2926
2616
2654
2927
2617
2655
2928
2618
2656
2929
2619
2657
2930
2620
2658
2931
2621
2659
2932
2622
2660
2933
2623
2661
2934
2624
2662
2935
2625
2663
2936
2626
2664
2937
2627
2665
2938
2628
2666
2939
2629
2667
2940
2630
2668
2941
2631
2669
2942
2632
2670
2943
2633
2671
2944
2634
2672
2945
2635
2673
2946
2636
2674
2947
2637
2675
2948
2638
2676
2949
2639
2677
2950
2640
2678
2951
2641
2679
2952
2642
2680
2953
2643
2681
2954
2644
2682
2955
2645
2683
2956
2646
2684
2957
2647
2685
2958
2648
2686
2959
2649
2687
2960
2650
2688
2961
2651
2689
2962
2690
2963
2653
2691
2964
2654
2692
2965
2655
2693
2966
2656
2694
2967
2657
2695
2968
2658
2696
2969
2659
2697
2970
2660
2698
2971
2661
2699
2972
2662
2700
2973
2663
2701
2974
2664
2702
2975
2665
2703
2976
2666
2704
2977
2667
2705
2978
2668
2706
2979
2669
2707
2980
2670
2708
2981
2671
2709
2982
2672
2710
2983
2673
2711
2984
2674
2712
2985
2675
2713
2986
2676
2714
2987
2677
2715
2988
2678
2716
2989
2679
2717
2990
2680
2718
2991
2681
2719
2992
2682
2720
2993
2683
2721
2994
2684
2722
2995
2685
2723
2996
2686
2724
2997
2687
2725
2998
2688
2726
2999
2689
2727
3000
2690
2728
3001
2729
3002
2692
2730
3003
2693
2731
3004
2694
2732
3005
2695
2733
3006
2696
2734
3007
2697
2735
3008
2698
2736
3009
2699
2737
3010
2700
2738
3011
2701
2739
3012
2702
2740
3013
2703
2741
3014
2704
2742
3015
2705
2743
3016
2706
2744
3017
2707
2745
3018
2708
2746
3019
2709
2747
3020
2710
2748
3021
2711
2749
3022
2712
2750
3023
2713
2751
3024
2714
2752
3025
2715
2753
3026
2716
2754
3027
2717
2755
3028
2718
2756
3029
2719
2757
3030
2720
2758
3031
2721
2759
3032
2722
2760
3033
2723
2761
3034
2724
2762
3035
2725
2763
3036
2726
2764
3037
2727
2765
3038
2728
2766
3039
2729
2767
3040
2768
3041
2731
2769
3042
2732
2770
3043
2733
2771
3044
2734
2772
3045
2735
2773
3046
2736
2774
3047
2737
2775
3048
2738
2776
3049
2739
2777
3050
2740
2778
3051
2741
2779
3052
2742
2780
3053
2743
2781
3054
2744
2782
3055
2745
2783
3056
2746
2784
3057
2747
2785
3058
2748
2786
3059
2749
2787
3060
2750
2788
3061
2751
2789
3062
2752
2790
3063
2753
2791
3064
2754
2792
3065
2755
2793
3066
2756
2794
3067
2757
2795
3068
2758
2796
3069
2759
2797
3070
2760
2798
3071
2761
2799
3072
2762
2800
3073
2763
2801
3074
2764
2802
3075
2765
2803
3076
2766
2804
3077
2767
2805
3078
2768
2806
3079
2807
3080
2770
3081
4056
2771
3082
4057
2772
3083
4058
2773
3084
4059
2774
3085
4060
2775
3086
4061
2776
3087
4062
2777
3088
4063
2778
3089
4064
2779
3090
4065
2780
3091
4066
2781
3092
4067
2782
3093
4068
2783
3094
4069
2784
3095
4070
2785
3096
4071
2786
3097
4072
2787
3098
4073
2788
3099
4074
2789
3100
4075
2790
3101
4076
2791
3102
4077
2792
3103
4078
2793
3104
4079
2794
3105
4080
2795
3106
4081
2796
3107
4082
2797
3108
4083
2798
3109
4084
2799
3110
4085
2800
3111
4086
2801
3112
4087
2802
3113
4088
2803
3114
4089
2804
3115
4090
2805
3116
4091
2806
3117
4092
2807
3118
4093
3119
4094
2809
2847
3120
7761
2810
2848
3121
7762
2811
2849
3122
7763
2812
2850
3123
7764
2813
2851
3124
7765
2814
2852
3125
7766
2815
2853
3126
7767
2816
2854
3127
7768
2817
2855
3128
7769
2818
2856
3129
7770
2819
2857
3130
7771
2820
2858
3131
7772
2821
2859
3132
7773
2822
2860
3133
7774
2823
2861
3134
7775
2824
2862
3135
7776
2825
2863
3136
7777
2826
2864
3137
7778
2827
2865
3138
7779
2828
2866
3139
7780
2829
2867
3140
7781
2830
2868
3141
7782
2831
2869
3142
7783
2832
2870
3143
7784
2833
2871
3144
7785
2834
2872
3145
7786
2835
2873
3146
7787
2836
2874
3147
7788
2837
2875
3148
7789
2838
2876
3149
7790
2839
2877
3150
7791
2840
2878
3151
7792
2841
2879
3152
7793
2842
2880
3153
7794
2843
2881
3154
7795
2844
2882
3155
7796
2845
2883
3156
7797
2846
2884
3157
7798
2885
3158
7799
2848
2886
3159
2849
2887
3160
2850
2888
3161
2851
2889
3162
2852
2890
3163
2853
2891
3164
2854
2892
3165
2855
2893
3166
2856
2894
3167
2857
2895
3168
2858
2896
3169
2859
2897
3170
2860
2898
3171
2861
2899
3172
2862
2900
3173
2863
2901
3174
2864
2902
3175
2865
2903
3176
2866
2904
3177
2867
2905
3178
2868
2906
3179
2869
2907
3180
2870
2908
3181
2871
2909
3182
2872
2910
3183
2873
2911
3184
2874
2912
3185
2875
2913
3186
2876
2914
3187
2877
2915
3188
2878
2916
3189
2879
2917
3190
2880
2918
3191
2881
2919
3192
2882
2920
3193
2883
2921
3194
2884
2922
3195
2885
2923
3196
2924
3197
2887
2925
3198
2888
2926
3199
2889
2927
3200
2890
2928
3201
2891
2929
3202
2892
2930
3203
2893
2931
3204
2894
2932
3205
2895
2933
3206
2896
2934
3207
2897
2935
3208
2898
2936
3209
2899
2937
3210
2900
2938
3211
2901
2939
3212
2902
2940
3213
2903
2941
3214
2904
2942
3215
2905
2943
3216
2906
2944
3217
2907
2945
3218
2908
2946
3219
2909
2947
3220
2910
2948
3221
2911
2949
3222
2912
2950
3223
2913
2951
3224
2914
2952
3225
2915
2953
3226
2916
2954
3227
2917
2955
3228
2918
2956
3229
2919
2957
3230
2920
2958
3231
2921
2959
3232
2922
2960
3233
2923
2961
3234
2924
2962
3235
2963
3236
2926
2964
3237
2927
2965
3238
2928
2966
3239
2929
2967
3240
2930
2968
3241
2931
2969
3242
2932
2970
3243
2933
2971
3244
2934
2972
3245
2935
2973
3246
2936
2974
3247
2937
2975
3248
2938
2976
3249
2939
2977
3250
2940
2978
3251
2941
2979
3252
2942
2980
3253
2943
2981
3254
2944
2982
3255
2945
2983
3256
2946
2984
3257
2947
2985
3258
2948
2986
3259
2949
2987
3260
2950
2988
3261
2951
2989
3262
2952
2990
3263
2953
2991
3264
2954
2992
3265
2955
2993
3266
2956
2994
3267
2957
2995
3268
2958
2996
3269
2959
2997
3270
2960
2998
3271
2961
2999
3272
2962
3000
3273
2963
3001
3274
3002
3275
2965
3003
3276
2966
3004
3277
2967
3005
3278
2968
3006
3279
2969
3007
3280
2970
3008
3281
2971
3009
3282
2972
3010
3283
2973
3011
3284
2974
3012
3285
2975
3013
3286
2976
3014
3287
2977
3015
3288
2978
3016
3289
2979
3017
3290
2980
3018
3291
2981
3019
3292
2982
3020
3293
2983
3021
3294
2984
3022
3295
2985
3023
3296
2986
3024
3297
2987
3025
3298
2988
3026
3299
2989
3027
3300
2990
3028
3301
2991
3029
3302
2992
3030
3303
2993
3031
3304
2994
3032
3305
2995
3033
3306
2996
3034
3307
2997
3035
3308
2998
3036
3309
2999
3037
3310
3000
3038
3311
3001
3039
3312
3002
3040
3313
3041
3314
3004
3042
3315
3005
3043
3316
3006
3044
3317
3007
3045
3318
3008
3046
3319
3009
3047
3320
3010
3048
3321
3011
3049
3322
3012
3050
3323
3013
3051
3324
3014
3052
3325
3015
3053
3326
3016
3054
3327
3017
3055
3328
3018
3056
3329
3019
3057
3330
3020
3058
3331
3021
3059
3332
3022
3060
3333
3023
3061
3334
3024
3062
3335
3025
3063
3336
3026
3064
3337
3027
3065
3338
3028
3066
3339
3029
3067
3340
3030
3068
3341
3031
3069
3342
3032
3070
3343
3033
3071
3344
3034
3072
3345
3035
3073
3346
3036
3074
3347
3037
3075
3348
3038
3076
3349
3039
3077
3350
3040
3078
3351
3041
3079
3352
3080
3353
3043
3081
3354
3044
3082
3355
3045
3083
3356
3046
3084
3357
3047
3085
3358
3048
3086
3359
3049
3087
3360
3050
3088
3361
3051
3089
3362
3052
3090
3363
3053
3091
3364
3054
3092
3365
3055
3093
3366
3056
3094
3367
3057
3095
3368
3058
3096
3369
3059
3097
3370
3060
3098
3371
3061
3099
3372
3062
3100
3373
3063
3101
3374
3064
3102
3375
3065
3103
3376
3066
3104
3377
3067
3105
3378
3068
3106
3379
3069
3107
3380
3070
3108
3381
3071
3109
3382
3072
3110
3383
3073
3111
3384
3074
3112
3385
3075
3113
3386
3076
3114
3387
3077
3115
3388
3078
3116
3389
3079
3117
3390
3080
3118
3391
3119
3392
3082
3393
4368
3083
3394
4369
3084
3395
4370
3085
3396
4371
3086
3397
4372
3087
3398
4373
3088
3399
4374
3089
3400
4375
3090
3401
4376
3091
3402
4377
3092
3403
4378
3093
3404
4379
3094
3405
4380
3095
3406
4381
3096
3407
4382
3097
3408
4383
3098
3409
4384
3099
3410
4385
3100
3411
4386
3101
3412
4387
3102
3413
4388
3103
3414
4389
3104
3415
4390
3105
3416
4391
3106
3417
4392
3107
3418
4393
3108
3419
4394
3109
3420
4395
3110
3421
4396
3111
3422
4397
3112
3423
4398
3113
3424
4399
3114
3425
4400
3115
3426
4401
3116
3427
4402
3117
3428
4403
3118
3429
4404
3119
3430
4405
3431
4406
3121
3159
3432
8073
3122
3160
3433
8074
3123
3161
3434
8075
3124
3162
3435
8076
3125
3163
3436
8077
3126
3164
3437
8078
3127
3165
3438
8079
3128
3166
3439
8080
3129
3167
3440
8081
3130
3168
3441
8082
3131
3169
3442
8083
3132
3170
3443
8084
3133
3171
3444
8085
3134
3172
3445
8086
3135
3173
3446
8087
3136
3174
3447
8088
3137
3175
3448
8089
3138
3176
3449
8090
3139
3177
3450
8091
3140
3178
3451
8092
3141
3179
3452
8093
3142
3180
3453
8094
3143
3181
3454
8095
3144
3182
3455
8096
3145
3183
3456
8097
3146
3184
3457
8098
3147
3185
3458
8099
3148
3186
3459
8100
3149
3187
3460
8101
3150
3188
3461
8102
3151
3189
3462
8103
3152
3190
3463
8104
3153
3191
3464
8105
3154
3192
3465
8106
3155
3193
3466
8107
3156
3194
3467
8108
3157
3195
3468
8109
3158
3196
3469
8110
3197
3470
8111
3160
3198
3471
3161
3199
3472
3162
3200
3473
3163
3201
3474
3164
3202
3475
3165
3203
3476
3166
3204
3477
3167
3205
3478
3168
3206
3479
3169
3207
3480
3170
3208
3481
3171
3209
3482
3172
3210
3483
3173
3211
3484
3174
3212
3485
3175
3213
3486
3176
3214
3487
3177
3215
3488
3178
3216
3489
3179
3217
3490
3180
3218
3491
3181
3219
3492
3182
3220
3493
3183
3221
3494
3184
3222
3495
3185
3223
3496
3186
3224
3497
3187
3225
3498
3188
3226
3499
3189
3227
3500
3190
3228
3501
3191
3229
3502
3192
3230
3503
3193
3231
3504
3194
3232
3505
3195
3233
3506
3196
3234
3507
3197
3235
3508
3236
3509
3199
3237
3510
3200
3238
3511
3201
3239
3512
3202
3240
3513
3203
3241
3514
3204
3242
3515
3205
3243
3516
3206
3244
3517
3207
3245
3518
3208
3246
3519
3209
3247
3520
3210
3248
3521
3211
3249
3522
3212
3250
3523
3213
3251
3524
3214
3252
3525
3215
3253
3526
3216
3254
3527
3217
3255
3528
3218
3256
3529
3219
3257
3530
3220
3258
3531
3221
3259
3532
3222
3260
3533
3223
3261
3534
3224
3262
3535
3225
3263
3536
3226
3264
3537
3227
3265
3538
3228
3266
3539
3229
3267
3540
3230
3268
3541
3231
3269
3542
3232
3270
3543
3233
3271
3544
3234
3272
3545
3235
3273
3546
3236
3274
3547
3275
3548
3238
3276
3549
3239
3277
3550
3240
3278
3551
3241
3279
3552
3242
3280
3553
3243
3281
3554
3244
3282
3555
3245
3283
3556
3246
3284
3557
3247
3285
3558
3248
3286
3559
3249
3287
3560
3250
3288
3561
3251
3289
3562
3252
3290
3563
3253
3291
3564
3254
3292
3565
3255
3293
3566
3256
3294
3567
3257
3295
3568
3258
3296
3569
3259
3297
3570
3260
3298
3571
3261
3299
3572
3262
3300
3573
3263
3301
3574
3264
3302
3575
3265
3303
3576
3266
3304
3577
3267
3305
3578
3268
3306
3579
3269
3307
3580
3270
3308
3581
3271
3309
3582
3272
3310
3583
3273
3311
3584
3274
3312
3585
3275
3313
3586
3314
3587
3277
3315
3588
3278
3316
3589
3279
3317
3590
3280
3318
3591
3281
3319
3592
3282
3320
3593
3283
3321
3594
3284
3322
3595
3285
3323
3596
3286
3324
3597
3287
3325
3598
3288
3326
3599
3289
3327
3600
3290
3328
3601
3291
3329
3602
3292
3330
3603
3293
3331
3604
3294
3332
3605
3295
3333
3606
3296
3334
3607
3297
3335
3608
3298
3336
3609
3299
3337
3610
3300
3338
3611
3301
3339
3612
3302
3340
3613
3303
3341
3614
3304
3342
3615
3305
3343
3616
3306
3344
3617
3307
3345
3618
3308
3346
3619
3309
3347
3620
3310
3348
3621
3311
3349
3622
3312
3350
3623
3313
3351
3624
3314
3352
3625
3353
3626
3316
3354
3627
3317
3355
3628
3318
3356
3629
3319
3357
3630
3320
3358
3631
3321
3359
3632
3322
3360
3633
3323
3361
3634
3324
3362
3635
3325
3363
3636
3326
3364
3637
3327
3365
3638
3328
3366
3639
3329
3367
3640
3330
3368
3641
3331
3369
3642
3332
3370
3643
3333
3371
3644
3334
3372
3645
3335
3373
3646
3336
3374
3647
3337
3375
3648
3338
3376
3649
3339
3377
3650
3340
3378
3651
3341
3379
3652
3342
3380
3653
3343
3381
3654
3344
3382
3655
3345
3383
3656
3346
3384
3657
3347
3385
3658
3348
3386
3659
3349
3387
3660
3350
3388
3661
3351
3389
3662
3352
3390
3663
3353
3391
3664
3392
3665
3355
3393
3666
3356
3394
3667
3357
3395
3668
3358
3396
3669
3359
3397
3670
3360
3398
3671
3361
3399
3672
3362
3400
3673
3363
3401
3674
3364
3402
3675
3365
3403
3676
3366
3404
3677
3367
3405
3678
3368
3406
3679
3369
3407
3680
3370
3408
3681
3371
3409
3682
3372
3410
3683
3373
3411
3684
3374
3412
3685
3375
3413
3686
3376
3414
3687
3377
3415
3688
3378
3416
3689
3379
3417
3690
3380
3418
3691
3381
3419
3692
3382
3420
3693
3383
3421
3694
3384
3422
3695
3385
3423
3696
3386
3424
3697
3387
3425
3698
3388
3426
3699
3389
3427
3700
3390
3428
3701
3391
3429
3702
3392
3430
3703
3431
3704
3394
3705
4680
3395
3706
4681
3396
3707
4682
3397
3708
4683
3398
3709
4684
3399
3710
4685
3400
3711
4686
3401
3712
4687
3402
3713
4688
3403
3714
4689
3404
3715
4690
3405
3716
4691
3406
3717
4692
3407
3718
4693
3408
3719
4694
3409
3720
4695
3410
3721
4696
3411
3722
4697
3412
3723
4698
3413
3724
4699
3414
3725
4700
3415
3726
4701
3416
3727
4702
3417
3728
4703
3418
3729
4704
3419
3730
4705
3420
3731
4706
3421
3732
4707
3422
3733
4708
3423
3734
4709
3424
3735
4710
3425
3736
4711
3426
3737
4712
3427
3738
4713
3428
3739
4714
3429
3740
4715
3430
3741
4716
3431
3742
4717
3743
4718
3433
3471
3744
8385
3434
3472
3745
8386
3435
3473
3746
8387
3436
3474
3747
8388
3437
3475
3748
8389
3438
3476
3749
8390
3439
3477
3750
8391
3440
3478
3751
8392
3441
3479
3752
8393
3442
3480
3753
8394
3443
3481
3754
8395
3444
3482
3755
8396
3445
3483
3756
8397
3446
3484
3757
8398
3447
3485
3758
8399
3448
3486
3759
8400
3449
3487
3760
8401
3450
3488
3761
8402
3451
3489
3762
8403
3452
3490
3763
8404
3453
3491
3764
8405
3454
3492
3765
8406
3455
3493
3766
8407
3456
3494
3767
8408
3457
3495
3768
8409
3458
3496
3769
8410
3459
3497
3770
8411
3460
3498
3771
8412
3461
3499
3772
8413
3462
3500
3773
8414
3463
3501
3774
8415
3464
3502
3775
8416
3465
3503
3776
8417
3466
3504
3777
8418
3467
3505
3778
8419
3468
3506
3779
8420
3469
3507
3780
8421
3470
3508
3781
8422
3509
3782
8423
3472
3510
3783
3473
3511
3784
3474
3512
3785
3475
3513
3786
3476
3514
3787
3477
3515
3788
3478
3516
3789
3479
3517
3790
3480
3518
3791
3481
3519
3792
3482
3520
3793
3483
3521
3794
3484
3522
3795
3485
3523
3796
3486
3524
3797
3487
3525
3798
3488
3526
3799
3489
3527
3800
3490
3528
3801
3491
3529
3802
3492
3530
3803
3493
3531
3804
3494
3532
3805
3495
3533
3806
3496
3534
3807
3497
3535
3808
3498
3536
3809
3499
3537
3810
3500
3538
3811
3501
3539
3812
3502
3540
3813
3503
3541
3814
3504
3542
3815
3505
3543
3816
3506
3544
3817
3507
3545
3818
3508
3546
3819
3509
3547
3820
3548
3821
3511
3549
3822
3512
3550
3823
3513
3551
3824
3514
3552
3825
3515
3553
3826
3516
3554
3827
3517
3555
3828
3518
3556
3829
3519
3557
3830
3520
3558
3831
3521
3559
3832
3522
3560
3833
3523
3561
3834
3524
3562
3835
3525
3563
3836
3526
3564
3837
3527
3565
3838
3528
3566
3839
3529
3567
3840
3530
3568
3841
3531
3569
3842
3532
3570
3843
3533
3571
3844
3534
3572
3845
3535
3573
3846
3536
3574
3847
3537
3575
3848
3538
3576
3849
3539
3577
3850
3540
3578
3851
3541
3579
3852
3542
3580
3853
3543
3581
3854
3544
3582
3855
3545
3583
3856
3546
3584
3857
3547
3585
3858
3548
3586
3859
3587
3860
3550
3588
3861
3551
3589
3862
3552
3590
3863
3553
3591
3864
3554
3592
3865
3555
3593
3866
3556
3594
3867
3557
3595
3868
3558
3596
3869
3559
3597
3870
3560
3598
3871
3561
3599
3872
3562
3600
3873
3563
3601
3874
3564
3602
3875
3565
3603
3876
3566
3604
3877
3567
3605
3878
3568
3606
3879
3569
3607
3880
3570
3608
3881
3571
3609
3882
3572
3610
3883
3573
3611
3884
3574
3612
3885
3575
3613
3886
3576
3614
3887
3577
3615
3888
3578
3616
3889
3579
3617
3890
3580
3618
3891
3581
3619
3892
3582
3620
3893
3583
3621
3894
3584
3622
3895
3585
3623
3896
3586
3624
3897
3587
3625
3898
3626
3899
3589
3627
3900
3590
3628
3901
3591
3629
3902
3592
3630
3903
3593
3631
3904
3594
3632
3905
3595
3633
3906
3596
3634
3907
3597
3635
3908
3598
3636
3909
3599
3637
3910
3600
3638
3911
3601
3639
3912
3602
3640
3913
3603
3641
3914
3604
3642
3915
3605
3643
3916
3606
3644
3917
3607
3645
3918
3608
3646
3919
3609
3647
3920
3610
3648
3921
3611
3649
3922
3612
3650
3923
3613
3651
3924
3614
3652
3925
3615
3653
3926
3616
3654
3927
3617
3655
3928
3618
3656
3929
3619
3657
3930
3620
3658
3931
3621
3659
3932
3622
3660
3933
3623
3661
3934
3624
3662
3935
3625
3663
3936
3626
3664
3937
3665
3938
3628
3666
3939
3629
3667
3940
3630
3668
3941
3631
3669
3942
3632
3670
3943
3633
3671
3944
3634
3672
3945
3635
3673
3946
3636
3674
3947
3637
3675
3948
3638
3676
3949
3639
3677
3950
3640
3678
3951
3641
3679
3952
3642
3680
3953
3643
3681
3954
3644
3682
3955
3645
3683
3956
3646
3684
3957
3647
3685
3958
3648
3686
3959
3649
3687
3960
3650
3688
3961
3651
3689
3962
3652
3690
3963
3653
3691
3964
3654
3692
3965
3655
3693
3966
3656
3694
3967
3657
3695
3968
3658
3696
3969
3659
3697
3970
3660
3698
3971
3661
3699
3972
3662
3700
3973
3663
3701
3974
3664
3702
3975
3665
3703
3976
3704
3977
3667
3705
3978
3668
3706
3979
3669
3707
3980
3670
3708
3981
3671
3709
3982
3672
3710
3983
3673
3711
3984
3674
3712
3985
3675
3713
3986
3676
3714
3987
3677
3715
3988
3678
3716
3989
3679
3717
3990
3680
3718
3991
3681
3719
3992
3682
3720
3993
3683
3721
3994
3684
3722
3995
3685
3723
3996
3686
3724
3997
3687
3725
3998
3688
3726
3999
3689
3727
4000
3690
3728
4001
3691
3729
4002
3692
3730
4003
3693
3731
4004
3694
3732
4005
3695
3733
4006
3696
3734
4007
3697
3735
4008
3698
3736
4009
3699
3737
4010
3700
3738
4011
3701
3739
4012
3702
3740
4013
3703
3741
4014
3704
3742
4015
3743
4016
3706
4017
4992
3707
4018
4993
3708
4019
4994
3709
4020
4995
3710
4021
4996
3711
4022
4997
3712
4023
4998
3713
4024
4999
3714
4025
5000
3715
4026
5001
3716
4027
5002
3717
4028
5003
3718
4029
5004
3719
4030
5005
3720
4031
5006
3721
4032
5007
3722
4033
5008
3723
4034
5009
3724
4035
5010
3725
4036
5011
3726
4037
5012
3727
4038
5013
3728
4039
5014
3729
4040
5015
3730
4041
5016
3731
4042
5017
3732
4043
5018
3733
4044
5019
3734
4045
5020
3735
4046
5021
3736
4047
5022
3737
4048
5023
3738
4049
5024
3739
4050
5025
3740
4051
5026
3741
4052
5027
3742
4053
5028
3743
4054
5029
4055
5030
3745
3783
8697
3746
3784
8698
3747
3785
8699
3748
3786
8700
3749
3787
8701
3750
3788
8702
3751
3789
8703
3752
3790
8704
3753
3791
8705
3754
3792
8706
3755
3793
8707
3756
3794
8708
3757
3795
8709
3758
3796
8710
3759
3797
8711
3760
3798
8712
3761
3799
8713
3762
3800
8714
3763
3801
8715
3764
3802
8716
3765
3803
8717
3766
3804
8718
3767
3805
8719
3768
3806
8720
3769
3807
8721
3770
3808
8722
3771
3809
8723
3772
3810
8724
3773
3811
8725
3774
3812
8726
3775
3813
8727
3776
3814
8728
3777
3815
8729
3778
3816
8730
3779
3817
8731
3780
3818
8732
3781
3819
8733
3782
3820
8734
3821
8735
3784
3822
3785
3823
3786
3824
3787
3825
3788
3826
3789
3827
3790
3828
3791
3829
3792
3830
3793
3831
3794
3832
3795
3833
3796
3834
3797
3835
3798
3836
3799
3837
3800
3838
3801
3839
3802
3840
3803
3841
3804
3842
3805
3843
3806
3844
3807
3845
3808
3846
3809
3847
3810
3848
3811
3849
3812
3850
3813
3851
3814
3852
3815
3853
3816
3854
3817
3855
3818
3856
3819
3857
3820
3858
3821
3859
3860
3823
3861
3824
3862
3825
3863
3826
3864
3827
3865
3828
3866
3829
3867
3830
3868
3831
3869
3832
3870
3833
3871
3834
3872
3835
3873
3836
3874
3837
3875
3838
3876
3839
3877
3840
3878
3841
3879
3842
3880
3843
3881
3844
3882
3845
3883
3846
3884
3847
3885
3848
3886
3849
3887
3850
3888
3851
3889
3852
3890
3853
3891
3854
3892
3855
3893
3856
3894
3857
3895
3858
3896
3859
3897
3860
3898
3899
3862
3900
3863
3901
3864
3902
3865
3903
3866
3904
3867
3905
3868
3906
3869
3907
3870
3908
3871
3909
3872
3910
3873
3911
3874
3912
3875
3913
3876
3914
3877
3915
3878
3916
3879
3917
3880
3918
3881
3919
3882
3920
3883
3921
3884
3922
3885
3923
3886
3924
3887
3925
3888
3926
3889
3927
3890
3928
3891
3929
3892
3930
3893
3931
3894
3932
3895
3933
3896
3934
3897
3935
3898
3936
3899
3937
3938
3901
3939
3902
3940
3903
3941
3904
3942
3905
3943
3906
3944
3907
3945
3908
3946
3909
3947
3910
3948
3911
3949
3912
3950
3913
3951
3914
3952
3915
3953
3916
3954
3917
3955
3918
3956
3919
3957
3920
3958
3921
3959
3922
3960
3923
3961
3924
3962
3925
3963
3926
3964
3927
3965
3928
3966
3929
3967
3930
3968
3931
3969
3932
3970
3933
3971
3934
3972
3935
3973
3936
3974
3937
3975
3938
3976
3977
3940
3978
3941
3979
3942
3980
3943
3981
3944
3982
3945
3983
3946
3984
3947
3985
3948
3986
3949
3987
3950
3988
3951
3989
3952
3990
3953
3991
3954
3992
3955
3993
3956
3994
3957
3995
3958
3996
3959
3997
3960
3998
3961
3999
3962
4000
3963
4001
3964
4002
3965
4003
3966
4004
3967
4005
3968
4006
3969
4007
3970
4008
3971
4009
3972
4010
3973
4011
3974
4012
3975
4013
3976
4014
3977
4015
4016
3979
4017
3980
4018
3981
4019
3982
4020
3983
4021
3984
4022
3985
4023
3986
4024
3987
4025
3988
4026
3989
4027
3990
4028
3991
4029
3992
4030
3993
4031
3994
4032
3995
4033
3996
4034
3997
4035
3998
4036
3999
4037
4000
4038
4001
4039
4002
4040
4003
4041
4004
4042
4005
4043
4006
4044
4007
4045
4008
4046
4009
4047
4010
4048
4011
4049
4012
4050
4013
4051
4014
4052
4015
4053
4016
4054
4055
4018
5304
4019
5305
4020
5306
4021
5307
4022
5308
4023
5309
4024
5310
4025
5311
4026
5312
4027
5313
4028
5314
4029
5315
4030
5316
4031
5317
4032
5318
4033
5319
4034
5320
4035
5321
4036
5322
4037
5323
4038
5324
4039
5325
4040
5326
4041
5327
4042
5328
4043
5329
4044
5330
4045
5331
4046
5332
4047
5333
4048
5334
4049
5335
4050
5336
4051
5337
4052
5338
4053
5339
4054
5340
4055
5341
5342
4057
4095
4368
4058
4096
4369
4059
4097
4370
4060
4098
4371
4061
4099
4372
4062
4100
4373
4063
4101
4374
4064
4102
4375
4065
4103
4376
4066
4104
4377
4067
4105
4378
4068
4106
4379
4069
4107
4380
4070
4108
4381
4071
4109
4382
4072
4110
4383
4073
4111
4384
4074
4112
4385
4075
4113
4386
4076
4114
4387
4077
4115
4388
4078
4116
4389
4079
4117
4390
4080
4118
4391
4081
4119
4392
4082
4120
4393
4083
4121
4394
4084
4122
4395
4085
4123
4396
4086
4124
4397
4087
4125
4398
4088
4126
4399
4089
4127
4400
4090
4128
4401
4091
4129
4402
4092
4130
4403
4093
4131
4404
4094
4132
4405
4133
4406
4096
4134
4407
4097
4135
4408
4098
4136
4409
4099
4137
4410
4100
4138
4411
4101
4139
4412
4102
4140
4413
4103
4141
4414
4104
4142
4415
4105
4143
4416
4106
4144
4417
4107
4145
4418
4108
4146
4419
4109
4147
4420
4110
4148
4421
4111
4149
4422
4112
4150
4423
4113
4151
4424
4114
4152
4425
4115
4153
4426
4116
4154
4427
4117
4155
4428
4118
4156
4429
4119
4157
4430
4120
4158
4431
4121
4159
4432
4122
4160
4433
4123
4161
4434
4124
4162
4435
4125
4163
4436
4126
4164
4437
4127
4165
4438
4128
4166
4439
4129
4167
4440
4130
4168
4441
4131
4169
4442
4132
4170
4443
4133
4171
4444
4172
4445
4135
4173
4446
4136
4174
4447
4137
4175
4448
4138
4176
4449
4139
4177
4450
4140
4178
4451
4141
4179
4452
4142
4180
4453
4143
4181
4454
4144
4182
4455
4145
4183
4456
4146
4184
4457
4147
4185
4458
4148
4186
4459
4149
4187
4460
4150
4188
4461
4151
4189
4462
4152
4190
4463
4153
4191
4464
4154
4192
4465
4155
4193
4466
4156
4194
4467
4157
4195
4468
4158
4196
4469
4159
4197
4470
4160
4198
4471
4161
4199
4472
4162
4200
4473
4163
4201
4474
4164
4202
4475
4165
4203
4476
4166
4204
4477
4167
4205
4478
4168
4206
4479
4169
4207
4480
4170
4208
4481
4171
4209
4482
4172
4210
4483
4211
4484
4174
4212
4485
4175
4213
4486
4176
4214
4487
4177
4215
4488
4178
4216
4489
4179
4217
4490
4180
4218
4491
4181
4219
4492
4182
4220
4493
4183
4221
4494
4184
4222
4495
4185
4223
4496
4186
4224
4497
4187
4225
4498
4188
4226
4499
4189
4227
4500
4190
4228
4501
4191
4229
4502
4192
4230
4503
4193
4231
4504
4194
4232
4505
4195
4233
4506
4196
4234
4507
4197
4235
4508
4198
4236
4509
4199
4237
4510
4200
4238
4511
4201
4239
4512
4202
4240
4513
4203
4241
4514
4204
4242
4515
4205
4243
4516
4206
4244
4517
4207
4245
4518
4208
4246
4519
4209
4247
4520
4210
4248
4521
4211
4249
4522
4250
4523
4213
4251
4524
4214
4252
4525
4215
4253
4526
4216
4254
4527
4217
4255
4528
4218
4256
4529
4219
4257
4530
4220
4258
4531
4221
4259
4532
4222
4260
4533
4223
4261
4534
4224
4262
4535
4225
4263
4536
4226
4264
4537
4227
4265
4538
4228
4266
4539
4229
4267
4540
4230
4268
4541
4231
4269
4542
4232
4270
4543
4233
4271
4544
4234
4272
4545
4235
4273
4546
4236
4274
4547
4237
4275
4548
4238
4276
4549
4239
4277
4550
4240
4278
4551
4241
4279
4552
4242
4280
4553
4243
4281
4554
4244
4282
4555
4245
4283
4556
4246
4284
4557
4247
4285
4558
4248
4286
4559
4249
4287
4560
4250
4288
4561
4289
4562
4252
4290
4563
4253
4291
4564
4254
4292
4565
4255
4293
4566
4256
4294
4567
4257
4295
4568
4258
4296
4569
4259
4297
4570
4260
4298
4571
4261
4299
4572
4262
4300
4573
4263
4301
4574
4264
4302
4575
4265
4303
4576
4266
4304
4577
4267
4305
4578
4268
4306
4579
4269
4307
4580
4270
4308
4581
4271
4309
4582
4272
4310
4583
4273
4311
4584
4274
4312
4585
4275
4313
4586
4276
4314
4587
4277
4315
4588
4278
4316
4589
4279
4317
4590
4280
4318
4591
4281
4319
4592
4282
4320
4593
4283
4321
4594
4284
4322
4595
4285
4323
4596
4286
4324
4597
4287
4325
4598
4288
4326
4599
4289
4327
4600
4328
4601
4291
4329
4602
4292
4330
4603
4293
4331
4604
4294
4332
4605
4295
4333
4606
4296
4334
4607
4297
4335
4608
4298
4336
4609
4299
4337
4610
4300
4338
4611
4301
4339
4612
4302
4340
4613
4303
4341
4614
4304
4342
4615
4305
4343
4616
4306
4344
4617
4307
4345
4618
4308
4346
4619
4309
4347
4620
4310
4348
4621
4311
4349
4622
4312
4350
4623
4313
4351
4624
4314
4352
4625
4315
4353
4626
4316
4354
4627
4317
4355
4628
4318
4356
4629
4319
4357
4630
4320
4358
4631
4321
4359
4632
4322
4360
4633
4323
4361
4634
4324
4362
4635
4325
4363
4636
4326
4364
4637
4327
4365
4638
4328
4366
4639
4367
4640
4330
4641
5616
4331
4642
5617
4332
4643
5618
4333
4644
5619
4334
4645
5620
4335
4646
5621
4336
4647
5622
4337
4648
5623
4338
4649
5624
4339
4650
5625
4340
4651
5626
4341
4652
5627
4342
4653
5628
4343
4654
5629
4344
4655
5630
4345
4656
5631
4346
4657
5632
4347
4658
5633
4348
4659
5634
4349
4660
5635
4350
4661
5636
4351
4662
5637
4352
4663
5638
4353
4664
5639
4354
4665
5640
4355
4666
5641
4356
4667
5642
4357
4668
5643
4358
4669
5644
4359
4670
5645
4360
4671
5646
4361
4672
5647
4362
4673
5648
4363
4674
5649
4364
4675
5650
4365
4676
5651
4366
4677
5652
4367
4678
5653
4679
5654
4369
4407
4680
4370
4408
4681
4371
4409
4682
4372
4410
4683
4373
4411
4684
4374
4412
4685
4375
4413
4686
4376
4414
4687
4377
4415
4688
4378
4416
4689
4379
4417
4690
4380
4418
4691
4381
4419
4692
4382
4420
4693
4383
4421
4694
4384
4422
4695
4385
4423
4696
4386
4424
4697
4387
4425
4698
4388
4426
4699
4389
4427
4700
4390
4428
4701
4391
4429
4702
4392
4430
4703
4393
4431
4704
4394
4432
4705
4395
4433
4706
4396
4434
4707
4397
4435
4708
4398
4436
4709
4399
4437
4710
4400
4438
4711
4401
4439
4712
4402
4440
4713
4403
4441
4714
4404
4442
4715
4405
4443
4716
4406
4444
4717
4445
4718
4408
4446
4719
4409
4447
4720
4410
4448
4721
4411
4449
4722
4412
4450
4723
4413
4451
4724
4414
4452
4725
4415
4453
4726
4416
4454
4727
4417
4455
4728
4418
4456
4729
4419
4457
4730
4420
4458
4731
4421
4459
4732
4422
4460
4733
4423
4461
4734
4424
4462
4735
4425
4463
4736
4426
4464
4737
4427
4465
4738
4428
4466
4739
4429
4467
4740
4430
4468
4741
4431
4469
4742
4432
4470
4743
4433
4471
4744
4434
4472
4745
4435
4473
4746
4436
4474
4747
4437
4475
4748
4438
4476
4749
4439
4477
4750
4440
4478
4751
4441
4479
4752
4442
4480
4753
4443
4481
4754
4444
4482
4755
4445
4483
4756
4484
4757
4447
4485
4758
4448
4486
4759
4449
4487
4760
4450
4488
4761
4451
4489
4762
4452
4490
4763
4453
4491
4764
4454
4492
4765
4455
4493
4766
4456
4494
4767
4457
4495
4768
4458
4496
4769
4459
4497
4770
4460
4498
4771
4461
4499
4772
4462
4500
4773
4463
4501
4774
4464
4502
4775
4465
4503
4776
4466
4504
4777
4467
4505
4778
4468
4506
4779
4469
4507
4780
4470
4508
4781
4471
4509
4782
4472
4510
4783
4473
4511
4784
4474
4512
4785
4475
4513
4786
4476
4514
4787
4477
4515
4788
4478
4516
4789
4479
4517
4790
4480
4518
4791
4481
4519
4792
4482
4520
4793
4483
4521
4794
4484
4522
4795
4523
4796
4486
4524
4797
4487
4525
4798
4488
4526
4799
4489
4527
4800
4490
4528
4801
4491
4529
4802
4492
4530
4803
4493
4531
4804
4494
4532
4805
4495
4533
4806
4496
4534
4807
4497
4535
4808
4498
4536
4809
4499
4537
4810
4500
4538
4811
4501
4539
4812
4502
4540
4813
4503
4541
4814
4504
4542
4815
4505
4543
4816
4506
4544
4817
4507
4545
4818
4508
4546
4819
4509
4547
4820
4510
4548
4821
4511
4549
4822
4512
4550
4823
4513
4551
4824
4514
4552
4825
4515
4553
4826
4516
4554
4827
4517
4555
4828
4518
4556
4829
4519
4557
4830
4520
4558
4831
4521
4559
4832
4522
4560
4833
4523
4561
4834
4562
4835
4525
4563
4836
4526
4564
4837
4527
4565
4838
4528
4566
4839
4529
4567
4840
4530
4568
4841
4531
4569
4842
4532
4570
4843
4533
4571
4844
4534
4572
4845
4535
4573
4846
4536
4574
4847
4537
4575
4848
4538
4576
4849
4539
4577
4850
4540
4578
4851
4541
4579
4852
4542
4580
4853
4543
4581
4854
4544
4582
4855
4545
4583
4856
4546
4584
4857
4547
4585
4858
4548
4586
4859
4549
4587
4860
4550
4588
4861
4551
4589
4862
4552
4590
4863
4553
4591
4864
4554
4592
4865
4555
4593
4866
4556
4594
4867
4557
4595
4868
4558
4596
4869
4559
4597
4870
4560
4598
4871
4561
4599
4872
4562
4600
4873
4601
4874
4564
4602
4875
4565
4603
4876
4566
4604
4877
4567
4605
4878
4568
4606
4879
4569
4607
4880
4570
4608
4881
4571
4609
4882
4572
4610
4883
4573
4611
4884
4574
4612
4885
4575
4613
4886
4576
4614
4887
4577
4615
4888
4578
4616
4889
4579
4617
4890
4580
4618
4891
4581
4619
4892
4582
4620
4893
4583
4621
4894
4584
4622
4895
4585
4623
4896
4586
4624
4897
4587
4625
4898
4588
4626
4899
4589
4627
4900
4590
4628
4901
4591
4629
4902
4592
4630
4903
4593
4631
4904
4594
4632
4905
4595
4633
4906
4596
4634
4907
4597
4635
4908
4598
4636
4909
4599
4637
4910
4600
4638
4911
4601
4639
4912
4640
4913
4603
4641
4914
4604
4642
4915
4605
4643
4916
4606
4644
4917
4607
4645
4918
4608
4646
4919
4609
4647
4920
4610
4648
4921
4611
4649
4922
4612
4650
4923
4613
4651
4924
4614
4652
4925
4615
4653
4926
4616
4654
4927
4617
4655
4928
4618
4656
4929
4619
4657
4930
4620
4658
4931
4621
4659
4932
4622
4660
4933
4623
4661
4934
4624
4662
4935
4625
4663
4936
4626
4664
4937
4627
4665
4938
4628
4666
4939
4629
4667
4940
4630
4668
4941
4631
4669
4942
4632
4670
4943
4633
4671
4944
4634
4672
4945
4635
4673
4946
4636
4674
4947
4637
4675
4948
4638
4676
4949
4639
4677
4950
4640
4678
4951
4679
4952
4642
4953
5928
4643
4954
5929
4644
4955
5930
4645
4956
5931
4646
4957
5932
4647
4958
5933
4648
4959
5934
4649
4960
5935
4650
4961
5936
4651
4962
5937
4652
4963
5938
4653
4964
5939
4654
4965
5940
4655
4966
5941
4656
4967
5942
4657
4968
5943
4658
4969
5944
4659
4970
5945
4660
4971
5946
4661
4972
5947
4662
4973
5948
4663
4974
5949
4664
4975
5950
4665
4976
5951
4666
4977
5952
4667
4978
5953
4668
4979
5954
4669
4980
5955
4670
4981
5956
4671
4982
5957
4672
4983
5958
4673
4984
5959
4674
4985
5960
4675
4986
5961
4676
4987
5962
4677
4988
5963
4678
4989
5964
4679
4990
5965
4991
5966
4681
4719
4992
4682
4720
4993
4683
4721
4994
4684
4722
4995
4685
4723
4996
4686
4724
4997
4687
4725
4998
4688
4726
4999
4689
4727
5000
4690
4728
5001
4691
4729
5002
4692
4730
5003
4693
4731
5004
4694
4732
5005
4695
4733
5006
4696
4734
5007
4697
4735
5008
4698
4736
5009
4699
4737
5010
4700
4738
5011
4701
4739
5012
4702
4740
5013
4703
4741
5014
4704
4742
5015
4705
4743
5016
4706
4744
5017
4707
4745
5018
4708
4746
5019
4709
4747
5020
4710
4748
5021
4711
4749
5022
4712
4750
5023
4713
4751
5024
4714
4752
5025
4715
4753
5026
4716
4754
5027
4717
4755
5028
4718
4756
5029
4757
5030
4720
4758
5031
4721
4759
5032
4722
4760
5033
4723
4761
5034
4724
4762
5035
4725
4763
5036
4726
4764
5037
4727
4765
5038
4728
4766
5039
4729
4767
5040
4730
4768
5041
4731
4769
5042
4732
4770
5043
4733
4771
5044
4734
4772
5045
4735
4773
5046
4736
4774
5047
4737
4775
5048
4738
4776
5049
4739
4777
5050
4740
4778
5051
4741
4779
5052
4742
4780
5053
4743
4781
5054
4744
4782
5055
4745
4783
5056
4746
4784
5057
4747
4785
5058
4748
4786
5059
4749
4787
5060
4750
4788
5061
4751
4789
5062
4752
4790
5063
4753
4791
5064
4754
4792
5065
4755
4793
5066
4756
4794
5067
4757
4795
5068
4796
5069
4759
4797
5070
4760
4798
5071
4761
4799
5072
4762
4800
5073
4763
4801
5074
4764
4802
5075
4765
4803
5076
4766
4804
5077
4767
4805
5078
4768
4806
5079
4769
4807
5080
4770
4808
5081
4771
4809
5082
4772
4810
5083
4773
4811
5084
4774
4812
5085
4775
4813
5086
4776
4814
5087
4777
4815
5088
4778
4816
5089
4779
4817
5090
4780
4818
5091
4781
4819
5092
4782
4820
5093
4783
4821
5094
4784
4822
5095
4785
4823
5096
4786
4824
5097
4787
4825
5098
4788
4826
5099
4789
4827
5100
4790
4828
5101
4791
4829
5102
4792
4830
5103
4793
4831
5104
4794
4832
5105
4795
4833
5106
4796
4834
5107
4835
5108
4798
4836
5109
4799
4837
5110
4800
4838
5111
4801
4839
5112
4802
4840
5113
4803
4841
5114
4804
4842
5115
4805
4843
5116
4806
4844
5117
4807
4845
5118
4808
4846
5119
4809
4847
5120
4810
4848
5121
4811
4849
5122
4812
4850
5123
4813
4851
5124
4814
4852
5125
4815
4853
5126
4816
4854
5127
4817
4855
5128
4818
4856
5129
4819
4857
5130
4820
4858
5131
4821
4859
5132
4822
4860
5133
4823
4861
5134
4824
4862
5135
4825
4863
5136
4826
4864
5137
4827
4865
5138
4828
4866
5139
4829
4867
5140
4830
4868
5141
4831
4869
5142
4832
4870
5143
4833
4871
5144
4834
4872
5145
4835
4873
5146
4874
5147
4837
4875
5148
4838
4876
5149
4839
4877
5150
4840
4878
5151
4841
4879
5152
4842
4880
5153
4843
4881
5154
4844
4882
5155
4845
4883
5156
4846
4884
5157
4847
4885
5158
4848
4886
5159
4849
4887
5160
4850
4888
5161
4851
4889
5162
4852
4890
5163
4853
4891
5164
4854
4892
5165
4855
4893
5166
4856
4894
5167
4857
4895
5168
4858
4896
5169
4859
4897
5170
4860
4898
5171
4861
4899
5172
4862
4900
5173
4863
4901
5174
4864
4902
5175
4865
4903
5176
4866
4904
5177
4867
4905
5178
4868
4906
5179
4869
4907
5180
4870
4908
5181
4871
4909
5182
4872
4910
5183
4873
4911
5184
4874
4912
5185
4913
5186
4876
4914
5187
4877
4915
5188
4878
4916
5189
4879
4917
5190
4880
4918
5191
4881
4919
5192
4882
4920
5193
4883
4921
5194
4884
4922
5195
4885
4923
5196
4886
4924
5197
4887
4925
5198
4888
4926
5199
4889
4927
5200
4890
4928
5201
4891
4929
5202
4892
4930
5203
4893
4931
5204
4894
4932
5205
4895
4933
5206
4896
4934
5207
4897
4935
5208
4898
4936
5209
4899
4937
5210
4900
4938
5211
4901
4939
5212
4902
4940
5213
4903
4941
5214
4904
4942
5215
4905
4943
5216
4906
4944
5217
4907
4945
5218
4908
4946
5219
4909
4947
5220
4910
4948
5221
4911
4949
5222
4912
4950
5223
4913
4951
5224
4952
5225
4915
4953
5226
4916
4954
5227
4917
4955
5228
4918
4956
5229
4919
4957
5230
4920
4958
5231
4921
4959
5232
4922
4960
5233
4923
4961
5234
4924
4962
5235
4925
4963
5236
4926
4964
5237
4927
4965
5238
4928
4966
5239
4929
4967
5240
4930
4968
5241
4931
4969
5242
4932
4970
5243
4933
4971
5244
4934
4972
5245
4935
4973
5246
4936
4974
5247
4937
4975
5248
4938
4976
5249
4939
4977
5250
4940
4978
5251
4941
4979
5252
4942
4980
5253
4943
4981
5254
4944
4982
5255
4945
4983
5256
4946
4984
5257
4947
4985
5258
4948
4986
5259
4949
4987
5260
4950
4988
5261
4951
4989
5262
4952
4990
5263
4991
5264
4954
5265
6240
4955
5266
6241
4956
5267
6242
4957
5268
6243
4958
5269
6244
4959
5270
6245
4960
5271
6246
4961
5272
6247
4962
5273
6248
4963
5274
6249
4964
5275
6250
4965
5276
6251
4966
5277
6252
4967
5278
6253
4968
5279
6254
4969
5280
6255
4970
5281
6256
4971
5282
6257
4972
5283
6258
4973
5284
6259
4974
5285
6260
4975
5286
6261
4976
5287
6262
4977
5288
6263
4978
5289
6264
4979
5290
6265
4980
5291
6266
4981
5292
6267
4982
5293
6268
4983
5294
6269
4984
5295
6270
4985
5296
6271
4986
5297
6272
4987
5298
6273
4988
5299
6274
4989
5300
6275
4990
5301
6276
4991
5302
6277
5303
6278
4993
5031
5304
4994
5032
5305
4995
5033
5306
4996
5034
5307
4997
5035
5308
4998
5036
5309
4999
5037
5310
5000
5038
5311
5001
5039
5312
5002
5040
5313
5003
5041
5314
5004
5042
5315
5005
5043
5316
5006
5044
5317
5007
5045
5318
5008
5046
5319
5009
5047
5320
5010
5048
5321
5011
5049
5322
5012
5050
5323
5013
5051
5324
5014
5052
5325
5015
5053
5326
5016
5054
5327
5017
5055
5328
5018
5056
5329
5019
5057
5330
5020
5058
5331
5021
5059
5332
5022
5060
5333
5023
5061
5334
5024
5062
5335
5025
5063
5336
5026
5064
5337
5027
5065
5338
5028
5066
5339
5029
5067
5340
5030
5068
5341
5069
5342
5032
5070
5343
5033
5071
5344
5034
5072
5345
5035
5073
5346
5036
5074
5347
5037
5075
5348
5038
5076
5349
5039
5077
5350
5040
5078
5351
5041
5079
5352
5042
5080
5353
5043
5081
5354
5044
5082
5355
5045
5083
5356
5046
5084
5357
5047
5085
5358
5048
5086
5359
5049
5087
5360
5050
5088
5361
5051
5089
5362
5052
5090
5363
5053
5091
5364
5054
5092
5365
5055
5093
5366
5056
5094
5367
5057
5095
5368
5058
5096
5369
5059
5097
5370
5060
5098
5371
5061
5099
5372
5062
5100
5373
5063
5101
5374
5064
5102
5375
5065
5103
5376
5066
5104
5377
5067
5105
5378
5068
5106
5379
5069
5107
5380
5108
5381
5071
5109
5382
5072
5110
5383
5073
5111
5384
5074
5112
5385
5075
5113
5386
5076
5114
5387
5077
5115
5388
5078
5116
5389
5079
5117
5390
5080
5118
5391
5081
5119
5392
5082
5120
5393
5083
5121
5394
5084
5122
5395
5085
5123
5396
5086
5124
5397
5087
5125
5398
5088
5126
5399
5089
5127
5400
5090
5128
5401
5091
5129
5402
5092
5130
5403
5093
5131
5404
5094
5132
5405
5095
5133
5406
5096
5134
5407
5097
5135
5408
5098
5136
5409
5099
5137
5410
5100
5138
5411
5101
5139
5412
5102
5140
5413
5103
5141
5414
5104
5142
5415
5105
5143
5416
5106
5144
5417
5107
5145
5418
5108
5146
5419
5147
5420
5110
5148
5421
5111
5149
5422
5112
5150
5423
5113
5151
5424
5114
5152
5425
5115
5153
5426
5116
5154
5427
5117
5155
5428
5118
5156
5429
5119
5157
5430
5120
5158
5431
5121
5159
5432
5122
5160
5433
5123
5161
5434
5124
5162
5435
5125
5163
5436
5126
5164
5437
5127
5165
5438
5128
5166
5439
5129
5167
5440
5130
5168
5441
5131
5169
5442
5132
5170
5443
5133
5171
5444
5134
5172
5445
5135
5173
5446
5136
5174
5447
5137
5175
5448
5138
5176
5449
5139
5177
5450
5140
5178
5451
5141
5179
5452
5142
5180
5453
5143
5181
5454
5144
5182
5455
5145
5183
5456
5146
5184
5457
5147
5185
5458
5186
5459
5149
5187
5460
5150
5188
5461
5151
5189
5462
5152
5190
5463
5153
5191
5464
5154
5192
5465
5155
5193
5466
5156
5194
5467
5157
5195
5468
5158
5196
5469
5159
5197
5470
5160
5198
5471
5161
5199
5472
5162
5200
5473
5163
5201
5474
5164
5202
5475
5165
5203
5476
5166
5204
5477
5167
5205
5478
5168
5206
5479
5169
5207
5480
5170
5208
5481
5171
5209
5482
5172
5210
5483
5173
5211
5484
5174
5212
5485
5175
5213
5486
5176
5214
5487
5177
5215
5488
5178
5216
5489
5179
5217
5490
5180
5218
5491
5181
5219
5492
5182
5220
5493
5183
5221
5494
5184
5222
5495
5185
5223
5496
5186
5224
5497
5225
5498
5188
5226
5499
5189
5227
5500
5190
5228
5501
5191
5229
5502
5192
5230
5503
5193
5231
5504
5194
5232
5505
5195
5233
5506
5196
5234
5507
5197
5235
5508
5198
5236
5509
5199
5237
5510
5200
5238
5511
5201
5239
5512
5202
5240
5513
5203
5241
5514
5204
5242
5515
5205
5243
5516
5206
5244
5517
5207
5245
5518
5208
5246
5519
5209
5247
5520
5210
5248
5521
5211
5249
5522
5212
5250
5523
5213
5251
5524
5214
5252
5525
5215
5253
5526
5216
5254
5527
5217
5255
5528
5218
5256
5529
5219
5257
5530
5220
5258
5531
5221
5259
5532
5222
5260
5533
5223
5261
5534
5224
5262
5535
5225
5263
5536
5264
5537
5227
5265
5538
5228
5266
5539
5229
5267
5540
5230
5268
5541
5231
5269
5542
5232
5270
5543
5233
5271
5544
5234
5272
5545
5235
5273
5546
5236
5274
5547
5237
5275
5548
5238
5276
5549
5239
5277
5550
5240
5278
5551
5241
5279
5552
5242
5280
5553
5243
5281
5554
5244
5282
5555
5245
5283
5556
5246
5284
5557
5247
5285
5558
5248
5286
5559
5249
5287
5560
5250
5288
5561
5251
5289
5562
5252
5290
5563
5253
5291
5564
5254
5292
5565
5255
5293
5566
5256
5294
5567
5257
5295
5568
5258
5296
5569
5259
5297
5570
5260
5298
5571
5261
5299
5572
5262
5300
5573
5263
5301
5574
5264
5302
5575
5303
5576
5266
5577
6552
5267
5578
6553
5268
5579
6554
5269
5580
6555
5270
5581
6556
5271
5582
6557
5272
5583
6558
5273
5584
6559
5274
5585
6560
5275
5586
6561
5276
5587
6562
5277
5588
6563
5278
5589
6564
5279
5590
6565
5280
5591
6566
5281
5592
6567
5282
5593
6568
5283
5594
6569
5284
5595
6570
5285
5596
6571
5286
5597
6572
5287
5598
6573
5288
5599
6574
5289
5600
6575
5290
5601
6576
5291
5602
6577
5292
5603
6578
5293
5604
6579
5294
5605
6580
5295
5606
6581
5296
5607
6582
5297
5608
6583
5298
5609
6584
5299
5610
6585
5300
5611
6586
5301
5612
6587
5302
5613
6588
5303
5614
6589
5615
6590
5305
5343
5306
5344
5307
5345
5308
5346
5309
5347
5310
5348
5311
5349
5312
5350
5313
5351
5314
5352
5315
5353
5316
5354
5317
5355
5318
5356
5319
5357
5320
5358
5321
5359
5322
5360
5323
5361
5324
5362
5325
5363
5326
5364
5327
5365
5328
5366
5329
5367
5330
5368
5331
5369
5332
5370
5333
5371
5334
5372
5335
5373
5336
5374
5337
5375
5338
5376
5339
5377
5340
5378
5341
5379
5342
5380
5381
5344
5382
5345
5383
5346
5384
5347
5385
5348
5386
5349
5387
5350
5388
5351
5389
5352
5390
5353
5391
5354
5392
5355
5393
5356
5394
5357
5395
5358
5396
5359
5397
5360
5398
5361
5399
5362
5400
5363
5401
5364
5402
5365
5403
5366
5404
5367
5405
5368
5406
5369
5407
5370
5408
5371
5409
5372
5410
5373
5411
5374
5412
5375
5413
5376
5414
5377
5415
5378
5416
5379
5417
5380
5418
5381
5419
5420
5383
5421
5384
5422
5385
5423
5386
5424
5387
5425
5388
5426
5389
5427
5390
5428
5391
5429
5392
5430
5393
5431
5394
5432
5395
5433
5396
5434
5397
5435
5398
5436
5399
5437
5400
5438
5401
5439
5402
5440
5403
5441
5404
5442
5405
5443
5406
5444
5407
5445
5408
5446
5409
5447
5410
5448
5411
5449
5412
5450
5413
5451
5414
5452
5415
5453
5416
5454
5417
5455
5418
5456
5419
5457
5420
5458
5459
5422
5460
5423
5461
5424
5462
5425
5463
5426
5464
5427
5465
5428
5466
5429
5467
5430
5468
5431
5469
5432
5470
5433
5471
5434
5472
5435
5473
5436
5474
5437
5475
5438
5476
5439
5477
5440
5478
5441
5479
5442
5480
5443
5481
5444
5482
5445
5483
5446
5484
5447
5485
5448
5486
5449
5487
5450
5488
5451
5489
5452
5490
5453
5491
5454
5492
5455
5493
5456
5494
5457
5495
5458
5496
5459
5497
5498
5461
5499
5462
5500
5463
5501
5464
5502
5465
5503
5466
5504
5467
5505
5468
5506
5469
5507
5470
5508
5471
5509
5472
5510
5473
5511
5474
5512
5475
5513
5476
5514
5477
5515
5478
5516
5479
5517
5480
5518
5481
5519
5482
5520
5483
5521
5484
5522
5485
5523
5486
5524
5487
5525
5488
5526
5489
5527
5490
5528
5491
5529
5492
5530
5493
5531
5494
5532
5495
5533
5496
5534
5497
5535
5498
5536
5537
5500
5538
5501
5539
5502
5540
5503
5541
5504
5542
5505
5543
5506
5544
5507
5545
5508
5546
5509
5547
5510
5548
5511
5549
5512
5550
5513
5551
5514
5552
5515
5553
5516
5554
5517
5555
5518
5556
5519
5557
5520
5558
5521
5559
5522
5560
5523
5561
5524
5562
5525
5563
5526
5564
5527
5565
5528
5566
5529
5567
5530
5568
5531
5569
5532
5570
5533
5571
5534
5572
5535
5573
5536
5574
5537
5575
5576
5539
5577
5540
5578
5541
5579
5542
5580
5543
5581
5544
5582
5545
5583
5546
5584
5547
5585
5548
5586
5549
5587
5550
5588
5551
5589
5552
5590
5553
5591
5554
5592
5555
5593
5556
5594
5557
5595
5558
5596
5559
5597
5560
5598
5561
5599
5562
5600
5563
5601
5564
5602
5565
5603
5566
5604
5567
5605
5568
5606
5569
5607
5570
5608
5571
5609
5572
5610
5573
5611
5574
5612
5575
5613
5576
5614
5615
5578
6864
5579
6865
5580
6866
5581
6867
5582
6868
5583
6869
5584
6870
5585
6871
5586
6872
5587
6873
5588
6874
5589
6875
5590
6876
5591
6877
5592
6878
5593
6879
5594
6880
5595
6881
5596
6882
5597
6883
5598
6884
5599
6885
5600
6886
5601
6887
5602
6888
5603
6889
5604
6890
5605
6891
5606
6892
5607
6893
5608
6894
5609
6895
5610
6896
5611
6897
5612
6898
5613
6899
5614
6900
5615
6901
6902
5617
5655
5928
5618
5656
5929
5619
5657
5930
5620
5658
5931
5621
5659
5932
5622
5660
5933
5623
5661
5934
5624
5662
5935
5625
5663
5936
5626
5664
5937
5627
5665
5938
5628
5666
5939
5629
5667
5940
5630
5668
5941
5631
5669
5942
5632
5670
5943
5633
5671
5944
5634
5672
5945
5635
5673
5946
5636
5674
5947
5637
5675
5948
5638
5676
5949
5639
5677
5950
5640
5678
5951
5641
5679
5952
5642
5680
5953
5643
5681
5954
5644
5682
5955
5645
5683
5956
5646
5684
5957
5647
5685
5958
5648
5686
5959
5649
5687
5960
5650
5688
5961
5651
5689
5962
5652
5690
5963
5653
5691
5964
5654
5692
5965
5693
5966
5656
5694
5967
5657
5695
5968
5658
5696
5969
5659
5697
5970
5660
5698
5971
5661
5699
5972
5662
5700
5973
5663
5701
5974
5664
5702
5975
5665
5703
5976
5666
5704
5977
5667
5705
5978
5668
5706
5979
5669
5707
5980
5670
5708
5981
5671
5709
5982
5672
5710
5983
5673
5711
5984
5674
5712
5985
5675
5713
5986
5676
5714
5987
5677
5715
5988
5678
5716
5989
5679
5717
5990
5680
5718
5991
5681
5719
5992
5682
5720
5993
5683
5721
5994
5684
5722
5995
5685
5723
5996
5686
5724
5997
5687
5725
5998
5688
5726
5999
5689
5727
6000
5690
5728
6001
5691
5729
6002
5692
5730
6003
5693
5731
6004
5732
6005
5695
5733
6006
5696
5734
6007
5697
5735
6008
5698
5736
6009
5699
5737
6010
5700
5738
6011
5701
5739
6012
5702
5740
6013
5703
5741
6014
5704
5742
6015
5705
5743
6016
5706
5744
6017
5707
5745
6018
5708
5746
6019
5709
5747
6020
5710
5748
6021
5711
5749
6022
5712
5750
6023
5713
5751
6024
5714
5752
6025
5715
5753
6026
5716
5754
6027
5717
5755
6028
5718
5756
6029
5719
5757
6030
5720
5758
6031
5721
5759
6032
5722
5760
6033
5723
5761
6034
5724
5762
6035
5725
5763
6036
5726
5764
6037
5727
5765
6038
5728
5766
6039
5729
5767
6040
5730
5768
6041
5731
5769
6042
5732
5770
6043
5771
6044
5734
5772
6045
5735
5773
6046
5736
5774
6047
5737
5775
6048
5738
5776
6049
5739
5777
6050
5740
5778
6051
5741
5779
6052
5742
5780
6053
5743
5781
6054
5744
5782
6055
5745
5783
6056
5746
5784
6057
5747
5785
6058
5748
5786
6059
5749
5787
6060
5750
5788
6061
5751
5789
6062
5752
5790
6063
5753
5791
6064
5754
5792
6065
5755
5793
6066
5756
5794
6067
5757
5795
6068
5758
5796
6069
5759
5797
6070
5760
5798
6071
5761
5799
6072
5762
5800
6073
5763
5801
6074
5764
5802
6075
5765
5803
6076
5766
5804
6077
5767
5805
6078
5768
5806
6079
5769
5807
6080
5770
5808
6081
5771
5809
6082
5810
6083
5773
5811
6084
5774
5812
6085
5775
5813
6086
5776
5814
6087
5777
5815
6088
5778
5816
6089
5779
5817
6090
5780
5818
6091
5781
5819
6092
5782
5820
6093
5783
5821
6094
5784
5822
6095
5785
5823
6096
5786
5824
6097
5787
5825
6098
5788
5826
6099
5789
5827
6100
5790
5828
6101
5791
5829
6102
5792
5830
6103
5793
5831
6104
5794
5832
6105
5795
5833
6106
5796
5834
6107
5797
5835
6108
5798
5836
6109
5799
5837
6110
5800
5838
6111
5801
5839
6112
5802
5840
6113
5803
5841
6114
5804
5842
6115
5805
5843
6116
5806
5844
6117
5807
5845
6118
5808
5846
6119
5809
5847
6120
5810
5848
6121
5849
6122
5812
5850
6123
5813
5851
6124
5814
5852
6125
5815
5853
6126
5816
5854
6127
5817
5855
6128
5818
5856
6129
5819
5857
6130
5820
5858
6131
5821
5859
6132
5822
5860
6133
5823
5861
6134
5824
5862
6135
5825
5863
6136
5826
5864
6137
5827
5865
6138
5828
5866
6139
5829
5867
6140
5830
5868
6141
5831
5869
6142
5832
5870
6143
5833
5871
6144
5834
5872
6145
5835
5873
6146
5836
5874
6147
5837
5875
6148
5838
5876
6149
5839
5877
6150
5840
5878
6151
5841
5879
6152
5842
5880
6153
5843
5881
6154
5844
5882
6155
5845
5883
6156
5846
5884
6157
5847
5885
6158
5848
5886
6159
5849
5887
6160
5888
6161
5851
5889
6162
5852
5890
6163
5853
5891
6164
5854
5892
6165
5855
5893
6166
5856
5894
6167
5857
5895
6168
5858
5896
6169
5859
5897
6170
5860
5898
6171
5861
5899
6172
5862
5900
6173
5863
5901
6174
5864
5902
6175
5865
5903
6176
5866
5904
6177
5867
5905
6178
5868
5906
6179
5869
5907
6180
5870
5908
6181
5871
5909
6182
5872
5910
6183
5873
5911
6184
5874
5912
6185
5875
5913
6186
5876
5914
6187
5877
5915
6188
5878
5916
6189
5879
5917
6190
5880
5918
6191
5881
5919
6192
5882
5920
6193
5883
5921
6194
5884
5922
6195
5885
5923
6196
5886
5924
6197
5887
5925
6198
5888
5926
6199
5927
6200
5890
6201
7176
5891
6202
7177
5892
6203
7178
5893
6204
7179
5894
6205
7180
5895
6206
7181
5896
6207
7182
5897
6208
7183
5898
6209
7184
5899
6210
7185
5900
6211
7186
5901
6212
7187
5902
6213
7188
5903
6214
7189
5904
6215
7190
5905
6216
7191
5906
6217
7192
5907
6218
7193
5908
6219
7194
5909
6220
7195
5910
6221
7196
5911
6222
7197
5912
6223
7198
5913
6224
7199
5914
6225
7200
5915
6226
7201
5916
6227
7202
5917
6228
7203
5918
6229
7204
5919
6230
7205
5920
6231
7206
5921
6232
7207
5922
6233
7208
5923
6234
7209
5924
6235
7210
5925
6236
7211
5926
6237
7212
5927
6238
7213
6239
7214
5929
5967
6240
5930
5968
6241
5931
5969
6242
5932
5970
6243
5933
5971
6244
5934
5972
6245
5935
5973
6246
5936
5974
6247
5937
5975
6248
5938
5976
6249
5939
5977
6250
5940
5978
6251
5941
5979
6252
5942
5980
6253
5943
5981
6254
5944
5982
6255
5945
5983
6256
5946
5984
6257
5947
5985
6258
5948
5986
6259
5949
5987
6260
5950
5988
6261
5951
5989
6262
5952
5990
6263
5953
5991
6264
5954
5992
6265
5955
5993
6266
5956
5994
6267
5957
5995
6268
5958
5996
6269
5959
5997
6270
5960
5998
6271
5961
5999
6272
5962
6000
6273
5963
6001
6274
5964
6002
6275
5965
6003
6276
5966
6004
6277
6005
6278
5968
6006
6279
5969
6007
6280
5970
6008
6281
5971
6009
6282
5972
6010
6283
5973
6011
6284
5974
6012
6285
5975
6013
6286
5976
6014
6287
5977
6015
6288
5978
6016
6289
5979
6017
6290
5980
6018
6291
5981
6019
6292
5982
6020
6293
5983
6021
6294
5984
6022
6295
5985
6023
6296
5986
6024
6297
5987
6025
6298
5988
6026
6299
5989
6027
6300
5990
6028
6301
5991
6029
6302
5992
6030
6303
5993
6031
6304
5994
6032
6305
5995
6033
6306
5996
6034
6307
5997
6035
6308
5998
6036
6309
5999
6037
6310
6000
6038
6311
6001
6039
6312
6002
6040
6313
6003
6041
6314
6004
6042
6315
6005
6043
6316
6044
6317
6007
6045
6318
6008
6046
6319
6009
6047
6320
6010
6048
6321
6011
6049
6322
6012
6050
6323
6013
6051
6324
6014
6052
6325
6015
6053
6326
6016
6054
6327
6017
6055
6328
6018
6056
6329
6019
6057
6330
6020
6058
6331
6021
6059
6332
6022
6060
6333
6023
6061
6334
6024
6062
6335
6025
6063
6336
6026
6064
6337
6027
6065
6338
6028
6066
6339
6029
6067
6340
6030
6068
6341
6031
6069
6342
6032
6070
6343
6033
6071
6344
6034
6072
6345
6035
6073
6346
6036
6074
6347
6037
6075
6348
6038
6076
6349
6039
6077
6350
6040
6078
6351
6041
6079
6352
6042
6080
6353
6043
6081
6354
6044
6082
6355
6083
6356
6046
6084
6357
6047
6085
6358
6048
6086
6359
6049
6087
6360
6050
6088
6361
6051
6089
6362
6052
6090
6363
6053
6091
6364
6054
6092
6365
6055
6093
6366
6056
6094
6367
6057
6095
6368
6058
6096
6369
6059
6097
6370
6060
6098
6371
6061
6099
6372
6062
6100
6373
6063
6101
6374
6064
6102
6375
6065
6103
6376
6066
6104
6377
6067
6105
6378
6068
6106
6379
6069
6107
6380
6070
6108
6381
6071
6109
6382
6072
6110
6383
6073
6111
6384
6074
6112
6385
6075
6113
6386
6076
6114
6387
6077
6115
6388
6078
6116
6389
6079
6117
6390
6080
6118
6391
6081
6119
6392
6082
6120
6393
6083
6121
6394
6122
6395
6085
6123
6396
6086
6124
6397
6087
6125
6398
6088
6126
6399
6089
6127
6400
6090
6128
6401
6091
6129
6402
6092
6130
6403
6093
6131
6404
6094
6132
6405
6095
6133
6406
6096
6134
6407
6097
6135
6408
6098
6136
6409
6099
6137
6410
6100
6138
6411
6101
6139
6412
6102
6140
6413
6103
6141
6414
6104
6142
6415
6105
6143
6416
6106
6144
6417
6107
6145
6418
6108
6146
6419
6109
6147
6420
6110
6148
6421
6111
6149
6422
6112
6150
6423
6113
6151
6424
6114
6152
6425
6115
6153
6426
6116
6154
6427
6117
6155
6428
6118
6156
6429
6119
6157
6430
6120
6158
6431
6121
6159
6432
6122
6160
6433
6161
6434
6124
6162
6435
6125
6163
6436
6126
6164
6437
6127
6165
6438
6128
6166
6439
6129
6167
6440
6130
6168
6441
6131
6169
6442
6132
6170
6443
6133
6171
6444
6134
6172
6445
6135
6173
6446
6136
6174
6447
6137
6175
6448
6138
6176
6449
6139
6177
6450
6140
6178
6451
6141
6179
6452
6142
6180
6453
6143
6181
6454
6144
6182
6455
6145
6183
6456
6146
6184
6457
6147
6185
6458
6148
6186
6459
6149
6187
6460
6150
6188
6461
6151
6189
6462
6152
6190
6463
6153
6191
6464
6154
6192
6465
6155
6193
6466
6156
6194
6467
6157
6195
6468
6158
6196
6469
6159
6197
6470
6160
6198
6471
6161
6199
6472
6200
6473
6163
6201
6474
6164
6202
6475
6165
6203
6476
6166
6204
6477
6167
6205
6478
6168
6206
6479
6169
6207
6480
6170
6208
6481
6171
6209
6482
6172
6210
6483
6173
6211
6484
6174
6212
6485
6175
6213
6486
6176
6214
6487
6177
6215
6488
6178
6216
6489
6179
6217
6490
6180
6218
6491
6181
6219
6492
6182
6220
6493
6183
6221
6494
6184
6222
6495
6185
6223
6496
6186
6224
6497
6187
6225
6498
6188
6226
6499
6189
6227
6500
6190
6228
6501
6191
6229
6502
6192
6230
6503
6193
6231
6504
6194
6232
6505
6195
6233
6506
6196
6234
6507
6197
6235
6508
6198
6236
6509
6199
6237
6510
6200
6238
6511
6239
6512
6202
6513
7488
6203
6514
7489
6204
6515
7490
6205
6516
7491
6206
6517
7492
6207
6518
7493
6208
6519
7494
6209
6520
7495
6210
6521
7496
6211
6522
7497
6212
6523
7498
6213
6524
7499
6214
6525
7500
6215
6526
7501
6216
6527
7502
6217
6528
7503
6218
6529
7504
6219
6530
7505
6220
6531
7506
6221
6532
7507
6222
6533
7508
6223
6534
7509
6224
6535
7510
6225
6536
7511
6226
6537
7512
6227
6538
7513
6228
6539
7514
6229
6540
7515
6230
6541
7516
6231
6542
7517
6232
6543
7518
6233
6544
7519
6234
6545
7520
6235
6546
7521
6236
6547
7522
6237
6548
7523
6238
6549
7524
6239
6550
7525
6551
7526
6241
6279
6552
6242
6280
6553
6243
6281
6554
6244
6282
6555
6245
6283
6556
6246
6284
6557
6247
6285
6558
6248
6286
6559
6249
6287
6560
6250
6288
6561
6251
6289
6562
6252
6290
6563
6253
6291
6564
6254
6292
6565
6255
6293
6566
6256
6294
6567
6257
6295
6568
6258
6296
6569
6259
6297
6570
6260
6298
6571
6261
6299
6572
6262
6300
6573
6263
6301
6574
6264
6302
6575
6265
6303
6576
6266
6304
6577
6267
6305
6578
6268
6306
6579
6269
6307
6580
6270
6308
6581
6271
6309
6582
6272
6310
6583
6273
6311
6584
6274
6312
6585
6275
6313
6586
6276
6314
6587
6277
6315
6588
6278
6316
6589
6317
6590
6280
6318
6591
6281
6319
6592
6282
6320
6593
6283
6321
6594
6284
6322
6595
6285
6323
6596
6286
6324
6597
6287
6325
6598
6288
6326
6599
6289
6327
6600
6290
6328
6601
6291
6329
6602
6292
6330
6603
6293
6331
6604
6294
6332
6605
6295
6333
6606
6296
6334
6607
6297
6335
6608
6298
6336
6609
6299
6337
6610
6300
6338
6611
6301
6339
6612
6302
6340
6613
6303
6341
6614
6304
6342
6615
6305
6343
6616
6306
6344
6617
6307
6345
6618
6308
6346
6619
6309
6347
6620
6310
6348
6621
6311
6349
6622
6312
6350
6623
6313
6351
6624
6314
6352
6625
6315
6353
6626
6316
6354
6627
6317
6355
6628
6356
6629
6319
6357
6630
6320
6358
6631
6321
6359
6632
6322
6360
6633
6323
6361
6634
6324
6362
6635
6325
6363
6636
6326
6364
6637
6327
6365
6638
6328
6366
6639
6329
6367
6640
6330
6368
6641
6331
6369
6642
6332
6370
6643
6333
6371
6644
6334
6372
6645
6335
6373
6646
6336
6374
6647
6337
6375
6648
6338
6376
6649
6339
6377
6650
6340
6378
6651
6341
6379
6652
6342
6380
6653
6343
6381
6654
6344
6382
6655
6345
6383
6656
6346
6384
6657
6347
6385
6658
6348
6386
6659
6349
6387
6660
6350
6388
6661
6351
6389
6662
6352
6390
6663
6353
6391
6664
6354
6392
6665
6355
6393
6666
6356
6394
6667
6395
6668
6358
6396
6669
6359
6397
6670
6360
6398
6671
6361
6399
6672
6362
6400
6673
6363
6401
6674
6364
6402
6675
6365
6403
6676
6366
6404
6677
6367
6405
6678
6368
6406
6679
6369
6407
6680
6370
6408
6681
6371
6409
6682
6372
6410
6683
6373
6411
6684
6374
6412
6685
6375
6413
6686
6376
6414
6687
6377
6415
6688
6378
6416
6689
6379
6417
6690
6380
6418
6691
6381
6419
6692
6382
6420
6693
6383
6421
6694
6384
6422
6695
6385
6423
6696
6386
6424
6697
6387
6425
6698
6388
6426
6699
6389
6427
6700
6390
6428
6701
6391
6429
6702
6392
6430
6703
6393
6431
6704
6394
6432
6705
6395
6433
6706
6434
6707
6397
6435
6708
6398
6436
6709
6399
6437
6710
6400
6438
6711
6401
6439
6712
6402
6440
6713
6403
6441
6714
6404
6442
6715
6405
6443
6716
6406
6444
6717
6407
6445
6718
6408
6446
6719
6409
6447
6720
6410
6448
6721
6411
6449
6722
6412
6450
6723
6413
6451
6724
6414
6452
6725
6415
6453
6726
6416
6454
6727
6417
6455
6728
6418
6456
6729
6419
6457
6730
6420
6458
6731
6421
6459
6732
6422
6460
6733
6423
6461
6734
6424
6462
6735
6425
6463
6736
6426
6464
6737
6427
6465
6738
6428
6466
6739
6429
6467
6740
6430
6468
6741
6431
6469
6742
6432
6470
6743
6433
6471
6744
6434
6472
6745
6473
6746
6436
6474
6747
6437
6475
6748
6438
6476
6749
6439
6477
6750
6440
6478
6751
6441
6479
6752
6442
6480
6753
6443
6481
6754
6444
6482
6755
6445
6483
6756
6446
6484
6757
6447
6485
6758
6448
6486
6759
6449
6487
6760
6450
6488
6761
6451
6489
6762
6452
6490
6763
6453
6491
6764
6454
6492
6765
6455
6493
6766
6456
6494
6767
6457
6495
6768
6458
6496
6769
6459
6497
6770
6460
6498
6771
6461
6499
6772
6462
6500
6773
6463
6501
6774
6464
6502
6775
6465
6503
6776
6466
6504
6777
6467
6505
6778
6468
6506
6779
6469
6507
6780
6470
6508
6781
6471
6509
6782
6472
6510
6783
6473
6511
6784
6512
6785
6475
6513
6786
6476
6514
6787
6477
6515
6788
6478
6516
6789
6479
6517
6790
6480
6518
6791
6481
6519
6792
6482
6520
6793
6483
6521
6794
6484
6522
6795
6485
6523
6796
6486
6524
6797
6487
6525
6798
6488
6526
6799
6489
6527
6800
6490
6528
6801
6491
6529
6802
6492
6530
6803
6493
6531
6804
6494
6532
6805
6495
6533
6806
6496
6534
6807
6497
6535
6808
6498
6536
6809
6499
6537
6810
6500
6538
6811
6501
6539
6812
6502
6540
6813
6503
6541
6814
6504
6542
6815
6505
6543
6816
6506
6544
6817
6507
6545
6818
6508
6546
6819
6509
6547
6820
6510
6548
6821
6511
6549
6822
6512
6550
6823
6551
6824
6514
6825
7800
6515
6826
7801
6516
6827
7802
6517
6828
7803
6518
6829
7804
6519
6830
7805
6520
6831
7806
6521
6832
7807
6522
6833
7808
6523
6834
7809
6524
6835
7810
6525
6836
7811
6526
6837
7812
6527
6838
7813
6528
6839
7814
6529
6840
7815
6530
6841
7816
6531
6842
7817
6532
6843
7818
6533
6844
7819
6534
6845
7820
6535
6846
7821
6536
6847
7822
6537
6848
7823
6538
6849
7824
6539
6850
7825
6540
6851
7826
6541
6852
7827
6542
6853
7828
6543
6854
7829
6544
6855
7830
6545
6856
7831
6546
6857
7832
6547
6858
7833
6548
6859
7834
6549
6860
7835
6550
6861
7836
6551
6862
7837
6863
7838
6553
6591
6864
6554
6592
6865
6555
6593
6866
6556
6594
6867
6557
6595
6868
6558
6596
6869
6559
6597
6870
6560
6598
6871
6561
6599
6872
6562
6600
6873
6563
6601
6874
6564
6602
6875
6565
6603
6876
6566
6604
6877
6567
6605
6878
6568
6606
6879
6569
6607
6880
6570
6608
6881
6571
6609
6882
6572
6610
6883
6573
6611
6884
6574
6612
6885
6575
6613
6886
6576
6614
6887
6577
6615
6888
6578
6616
6889
6579
6617
6890
6580
6618
6891
6581
6619
6892
6582
6620
6893
6583
6621
6894
6584
6622
6895
6585
6623
6896
6586
6624
6897
6587
6625
6898
6588
6626
6899
6589
6627
6900
6590
6628
6901
6629
6902
6592
6630
6903
6593
6631
6904
6594
6632
6905
6595
6633
6906
6596
6634
6907
6597
6635
6908
6598
6636
6909
6599
6637
6910
6600
6638
6911
6601
6639
6912
6602
6640
6913
6603
6641
6914
6604
6642
6915
6605
6643
6916
6606
6644
6917
6607
6645
6918
6608
6646
6919
6609
6647
6920
6610
6648
6921
6611
6649
6922
6612
6650
6923
6613
6651
6924
6614
6652
6925
6615
6653
6926
6616
6654
6927
6617
6655
6928
6618
6656
6929
6619
6657
6930
6620
6658
6931
6621
6659
6932
6622
6660
6933
6623
6661
6934
6624
6662
6935
6625
6663
6936
6626
6664
6937
6627
6665
6938
6628
6666
6939
6629
6667
6940
6668
6941
6631
6669
6942
6632
6670
6943
6633
6671
6944
6634
6672
6945
6635
6673
6946
6636
6674
6947
6637
6675
6948
6638
6676
6949
6639
6677
6950
6640
6678
6951
6641
6679
6952
6642
6680
6953
6643
6681
6954
6644
6682
6955
6645
6683
6956
6646
6684
6957
6647
6685
6958
6648
6686
6959
6649
6687
6960
6650
6688
6961
6651
6689
6962
6652
6690
6963
6653
6691
6964
6654
6692
6965
6655
6693
6966
6656
6694
6967
6657
6695
6968
6658
6696
6969
6659
6697
6970
6660
6698
6971
6661
6699
6972
6662
6700
6973
6663
6701
6974
6664
6702
6975
6665
6703
6976
6666
6704
6977
6667
6705
6978
6668
6706
6979
6707
6980
6670
6708
6981
6671
6709
6982
6672
6710
6983
6673
6711
6984
6674
6712
6985
6675
6713
6986
6676
6714
6987
6677
6715
6988
6678
6716
6989
6679
6717
6990
6680
6718
6991
6681
6719
6992
6682
6720
6993
6683
6721
6994
6684
6722
6995
6685
6723
6996
6686
6724
6997
6687
6725
6998
6688
6726
6999
6689
6727
7000
6690
6728
7001
6691
6729
7002
6692
6730
7003
6693
6731
7004
6694
6732
7005
6695
6733
7006
6696
6734
7007
6697
6735
7008
6698
6736
7009
6699
6737
7010
6700
6738
7011
6701
6739
7012
6702
6740
7013
6703
6741
7014
6704
6742
7015
6705
6743
7016
6706
6744
7017
6707
6745
7018
6746
7019
6709
6747
7020
6710
6748
7021
6711
6749
7022
6712
6750
7023
6713
6751
7024
6714
6752
7025
6715
6753
7026
6716
6754
7027
6717
6755
7028
6718
6756
7029
6719
6757
7030
6720
6758
7031
6721
6759
7032
6722
6760
7033
6723
6761
7034
6724
6762
7035
6725
6763
7036
6726
6764
7037
6727
6765
7038
6728
6766
7039
6729
6767
7040
6730
6768
7041
6731
6769
7042
6732
6770
7043
6733
6771
7044
6734
6772
7045
6735
6773
7046
6736
6774
7047
6737
6775
7048
6738
6776
7049
6739
6777
7050
6740
6778
7051
6741
6779
7052
6742
6780
7053
6743
6781
7054
6744
6782
7055
6745
6783
7056
6746
6784
7057
6785
7058
6748
6786
7059
6749
6787
7060
6750
6788
7061
6751
6789
7062
6752
6790
7063
6753
6791
7064
6754
6792
7065
6755
6793
7066
6756
6794
7067
6757
6795
7068
6758
6796
7069
6759
6797
7070
6760
6798
7071
6761
6799
7072
6762
6800
7073
6763
6801
7074
6764
6802
7075
6765
6803
7076
6766
6804
7077
6767
6805
7078
6768
6806
7079
6769
6807
7080
6770
6808
7081
6771
6809
7082
6772
6810
7083
6773
6811
7084
6774
6812
7085
6775
6813
7086
6776
6814
7087
6777
6815
7088
6778
6816
7089
6779
6817
7090
6780
6818
7091
6781
6819
7092
6782
6820
7093
6783
6821
7094
6784
6822
7095
6785
6823
7096
6824
7097
6787
6825
7098
6788
6826
7099
6789
6827
7100
6790
6828
7101
6791
6829
7102
6792
6830
7103
6793
6831
7104
6794
6832
7105
6795
6833
7106
6796
6834
7107
6797
6835
7108
6798
6836
7109
6799
6837
7110
6800
6838
7111
6801
6839
7112
6802
6840
7113
6803
6841
7114
6804
6842
7115
6805
6843
7116
6806
6844
7117
6807
6845
7118
6808
6846
7119
6809
6847
7120
6810
6848
7121
6811
6849
7122
6812
6850
7123
6813
6851
7124
6814
6852
7125
6815
6853
7126
6816
6854
7127
6817
6855
7128
6818
6856
7129
6819
6857
7130
6820
6858
7131
6821
6859
7132
6822
6860
7133
6823
6861
7134
6824
6862
7135
6863
7136
6826
7137
8112
6827
7138
8113
6828
7139
8114
6829
7140
8115
6830
7141
8116
6831
7142
8117
6832
7143
8118
6833
7144
8119
6834
7145
8120
6835
7146
8121
6836
7147
8122
6837
7148
8123
6838
7149
8124
6839
7150
8125
6840
7151
8126
6841
7152
8127
6842
7153
8128
6843
7154
8129
6844
7155
8130
6845
7156
8131
6846
7157
8132
6847
7158
8133
6848
7159
8134
6849
7160
8135
6850
7161
8136
6851
7162
8137
6852
7163
8138
6853
7164
8139
6854
7165
8140
6855
7166
8141
6856
7167
8142
6857
7168
8143
6858
7169
8144
6859
7170
8145
6860
7171
8146
6861
7172
8147
6862
7173
8148
6863
7174
8149
7175
8150
6865
6903
6866
6904
6867
6905
6868
6906
6869
6907
6870
6908
6871
6909
6872
6910
6873
6911
6874
6912
6875
6913
6876
6914
6877
6915
6878
6916
6879
6917
6880
6918
6881
6919
6882
6920
6883
6921
6884
6922
6885
6923
6886
6924
6887
6925
6888
6926
6889
6927
6890
6928
6891
6929
6892
6930
6893
6931
6894
6932
6895
6933
6896
6934
6897
6935
6898
6936
6899
6937
6900
6938
6901
6939
6902
6940
6941
6904
6942
6905
6943
6906
6944
6907
6945
6908
6946
6909
6947
6910
6948
6911
6949
6912
6950
6913
6951
6914
6952
6915
6953
6916
6954
6917
6955
6918
6956
6919
6957
6920
6958
6921
6959
6922
6960
6923
6961
6924
6962
6925
6963
6926
6964
6927
6965
6928
6966
6929
6967
6930
6968
6931
6969
6932
6970
6933
6971
6934
6972
6935
6973
6936
6974
6937
6975
6938
6976
6939
6977
6940
6978
6941
6979
6980
6943
6981
6944
6982
6945
6983
6946
6984
6947
6985
6948
6986
6949
6987
6950
6988
6951
6989
6952
6990
6953
6991
6954
6992
6955
6993
6956
6994
6957
6995
6958
6996
6959
6997
6960
6998
6961
6999
6962
7000
6963
7001
6964
7002
6965
7003
6966
7004
6967
7005
6968
7006
6969
7007
6970
7008
6971
7009
6972
7010
6973
7011
6974
7012
6975
7013
6976
7014
6977
7015
6978
7016
6979
7017
6980
7018
7019
6982
7020
6983
7021
6984
7022
6985
7023
6986
7024
6987
7025
6988
7026
6989
7027
6990
7028
6991
7029
6992
7030
6993
7031
6994
7032
6995
7033
6996
7034
6997
7035
6998
7036
6999
7037
7000
7038
7001
7039
7002
7040
7003
7041
7004
7042
7005
7043
7006
7044
7007
7045
7008
7046
7009
7047
7010
7048
7011
7049
7012
7050
7013
7051
7014
7052
7015
7053
7016
7054
7017
7055
7018
7056
7019
7057
7058
7021
7059
7022
7060
7023
7061
7024
7062
7025
7063
7026
7064
7027
7065
7028
7066
7029
7067
7030
7068
7031
7069
7032
7070
7033
7071
7034
7072
7035
7073
7036
7074
7037
7075
7038
7076
7039
7077
7040
7078
7041
7079
7042
7080
7043
7081
7044
7082
7045
7083
7046
7084
7047
7085
7048
7086
7049
7087
7050
7088
7051
7089
7052
7090
7053
7091
7054
7092
7055
7093
7056
7094
7057
7095
7058
7096
7097
7060
7098
7061
7099
7062
7100
7063
7101
7064
7102
7065
7103
7066
7104
7067
7105
7068
7106
7069
7107
7070
7108
7071
7109
7072
7110
7073
7111
7074
7112
7075
7113
7076
7114
7077
7115
7078
7116
7079
7117
7080
7118
7081
7119
7082
7120
7083
7121
7084
7122
7085
7123
7086
7124
7087
7125
7088
7126
7089
7127
7090
7128
7091
7129
7092
7130
7093
7131
7094
7132
7095
7133
7096
7134
7097
7135
7136
7099
7137
7100
7138
7101
7139
7102
7140
7103
7141
7104
7142
7105
7143
7106
7144
7107
7145
7108
7146
7109
7147
7110
7148
7111
7149
7112
7150
7113
7151
7114
7152
7115
7153
7116
7154
7117
7155
7118
7156
7119
7157
7120
7158
7121
7159
7122
7160
7123
7161
7124
7162
7125
7163
7126
7164
7127
7165
7128
7166
7129
7167
7130
7168
7131
7169
7132
7170
7133
7171
7134
7172
7135
7173
7136
7174
7175
7138
8424
7139
8425
7140
8426
7141
8427
7142
8428
7143
8429
7144
8430
7145
8431
7146
8432
7147
8433
7148
8434
7149
8435
7150
8436
7151
8437
7152
8438
7153
8439
7154
8440
7155
8441
7156
8442
7157
8443
7158
8444
7159
8445
7160
8446
7161
8447
7162
8448
7163
8449
7164
8450
7165
8451
7166
8452
7167
8453
7168
8454
7169
8455
7170
8456
7171
8457
7172
8458
7173
8459
7174
8460
7175
8461
8462
7177
7215
7488
7178
7216
7489
7179
7217
7490
7180
7218
7491
7181
7219
7492
7182
7220
7493
7183
7221
7494
7184
7222
7495
7185
7223
7496
7186
7224
7497
7187
7225
7498
7188
7226
7499
7189
7227
7500
7190
7228
7501
7191
7229
7502
7192
7230
7503
7193
7231
7504
7194
7232
7505
7195
7233
7506
7196
7234
7507
7197
7235
7508
7198
7236
7509
7199
7237
7510
7200
7238
7511
7201
7239
7512
7202
7240
7513
7203
7241
7514
7204
7242
7515
7205
7243
7516
7206
7244
7517
7207
7245
7518
7208
7246
7519
7209
7247
7520
7210
7248
7521
7211
7249
7522
7212
7250
7523
7213
7251
7524
7214
7252
7525
7253
7526
7216
7254
7527
7217
7255
7528
7218
7256
7529
7219
7257
7530
7220
7258
7531
7221
7259
7532
7222
7260
7533
7223
7261
7534
7224
7262
7535
7225
7263
7536
7226
7264
7537
7227
7265
7538
7228
7266
7539
7229
7267
7540
7230
7268
7541
7231
7269
7542
7232
7270
7543
7233
7271
7544
7234
7272
7545
7235
7273
7546
7236
7274
7547
7237
7275
7548
7238
7276
7549
7239
7277
7550
7240
7278
7551
7241
7279
7552
7242
7280
7553
7243
7281
7554
7244
7282
7555
7245
7283
7556
7246
7284
7557
7247
7285
7558
7248
7286
7559
7249
7287
7560
7250
7288
7561
7251
7289
7562
7252
7290
7563
7253
7291
7564
7292
7565
7255
7293
7566
7256
7294
7567
7257
7295
7568
7258
7296
7569
7259
7297
7570
7260
7298
7571
7261
7299
7572
7262
7300
7573
7263
7301
7574
7264
7302
7575
7265
7303
7576
7266
7304
7577
7267
7305
7578
7268
7306
7579
7269
7307
7580
7270
7308
7581
7271
7309
7582
7272
7310
7583
7273
7311
7584
7274
7312
7585
7275
7313
7586
7276
7314
7587
7277
7315
7588
7278
7316
7589
7279
7317
7590
7280
7318
7591
7281
7319
7592
7282
7320
7593
7283
7321
7594
7284
7322
7595
7285
7323
7596
7286
7324
7597
7287
7325
7598
7288
7326
7599
7289
7327
7600
7290
7328
7601
7291
7329
7602
7292
7330
7603
7331
7604
7294
7332
7605
7295
7333
7606
7296
7334
7607
7297
7335
7608
7298
7336
7609
7299
7337
7610
7300
7338
7611
7301
7339
7612
7302
7340
7613
7303
7341
7614
7304
7342
7615
7305
7343
7616
7306
7344
7617
7307
7345
7618
7308
7346
7619
7309
7347
7620
7310
7348
7621
7311
7349
7622
7312
7350
7623
7313
7351
7624
7314
7352
7625
7315
7353
7626
7316
7354
7627
7317
7355
7628
7318
7356
7629
7319
7357
7630
7320
7358
7631
7321
7359
7632
7322
7360
7633
7323
7361
7634
7324
7362
7635
7325
7363
7636
7326
7364
7637
7327
7365
7638
7328
7366
7639
7329
7367
7640
7330
7368
7641
7331
7369
7642
7370
7643
7333
7371
7644
7334
7372
7645
7335
7373
7646
7336
7374
7647
7337
7375
7648
7338
7376
7649
7339
7377
7650
7340
7378
7651
7341
7379
7652
7342
7380
7653
7343
7381
7654
7344
7382
7655
7345
7383
7656
7346
7384
7657
7347
7385
7658
7348
7386
7659
7349
7387
7660
7350
7388
7661
7351
7389
7662
7352
7390
7663
7353
7391
7664
7354
7392
7665
7355
7393
7666
7356
7394
7667
7357
7395
7668
7358
7396
7669
7359
7397
7670
7360
7398
7671
7361
7399
7672
7362
7400
7673
7363
7401
7674
7364
7402
7675
7365
7403
7676
7366
7404
7677
7367
7405
7678
7368
7406
7679
7369
7407
7680
7370
7408
7681
7409
7682
7372
7410
7683
7373
7411
7684
7374
7412
7685
7375
7413
7686
7376
7414
7687
7377
7415
7688
7378
7416
7689
7379
7417
7690
7380
7418
7691
7381
7419
7692
7382
7420
7693
7383
7421
7694
7384
7422
7695
7385
7423
7696
7386
7424
7697
7387
7425
7698
7388
7426
7699
7389
7427
7700
7390
7428
7701
7391
7429
7702
7392
7430
7703
7393
7431
7704
7394
7432
7705
7395
7433
7706
7396
7434
7707
7397
7435
7708
7398
7436
7709
7399
7437
7710
7400
7438
7711
7401
7439
7712
7402
7440
7713
7403
7441
7714
7404
7442
7715
7405
7443
7716
7406
7444
7717
7407
7445
7718
7408
7446
7719
7409
7447
7720
7448
7721
7411
7449
7722
7412
7450
7723
7413
7451
7724
7414
7452
7725
7415
7453
7726
7416
7454
7727
7417
7455
7728
7418
7456
7729
7419
7457
7730
7420
7458
7731
7421
7459
7732
7422
7460
7733
7423
7461
7734
7424
7462
7735
7425
7463
7736
7426
7464
7737
7427
7465
7738
7428
7466
7739
7429
7467
7740
7430
7468
7741
7431
7469
7742
7432
7470
7743
7433
7471
7744
7434
7472
7745
7435
7473
7746
7436
7474
7747
7437
7475
7748
7438
7476
7749
7439
7477
7750
7440
7478
7751
7441
7479
7752
7442
7480
7753
7443
7481
7754
7444
7482
7755
7445
7483
7756
7446
7484
7757
7447
7485
7758
7448
7486
7759
7487
7760
7450
7761
7451
7762
7452
7763
7453
7764
7454
7765
7455
7766
7456
7767
7457
7768
7458
7769
7459
7770
7460
7771
7461
7772
7462
7773
7463
7774
7464
7775
7465
7776
7466
7777
7467
7778
7468
7779
7469
7780
7470
7781
7471
7782
7472
7783
7473
7784
7474
7785
7475
7786
7476
7787
7477
7788
7478
7789
7479
7790
7480
7791
7481
7792
7482
7793
7483
7794
7484
7795
7485
7796
7486
7797
7487
7798
7799
7489
7527
7800
7490
7528
7801
7491
7529
7802
7492
7530
7803
7493
7531
7804
7494
7532
7805
7495
7533
7806
7496
7534
7807
7497
7535
7808
7498
7536
7809
7499
7537
7810
7500
7538
7811
7501
7539
7812
7502
7540
7813
7503
7541
7814
7504
7542
7815
7505
7543
7816
7506
7544
7817
7507
7545
7818
7508
7546
7819
7509
7547
7820
7510
7548
7821
7511
7549
7822
7512
7550
7823
7513
7551
7824
7514
7552
7825
7515
7553
7826
7516
7554
7827
7517
7555
7828
7518
7556
7829
7519
7557
7830
7520
7558
7831
7521
7559
7832
7522
7560
7833
7523
7561
7834
7524
7562
7835
7525
7563
7836
7526
7564
7837
7565
7838
7528
7566
7839
7529
7567
7840
7530
7568
7841
7531
7569
7842
7532
7570
7843
7533
7571
7844
7534
7572
7845
7535
7573
7846
7536
7574
7847
7537
7575
7848
7538
7576
7849
7539
7577
7850
7540
7578
7851
7541
7579
7852
7542
7580
7853
7543
7581
7854
7544
7582
7855
7545
7583
7856
7546
7584
7857
7547
7585
7858
7548
7586
7859
7549
7587
7860
7550
7588
7861
7551
7589
7862
7552
7590
7863
7553
7591
7864
7554
7592
7865
7555
7593
7866
7556
7594
7867
7557
7595
7868
7558
7596
7869
7559
7597
7870
7560
7598
7871
7561
7599
7872
7562
7600
7873
7563
7601
7874
7564
7602
7875
7565
7603
7876
7604
7877
7567
7605
7878
7568
7606
7879
7569
7607
7880
7570
7608
7881
7571
7609
7882
7572
7610
7883
7573
7611
7884
7574
7612
7885
7575
7613
7886
7576
7614
7887
7577
7615
7888
7578
7616
7889
7579
7617
7890
7580
7618
7891
7581
7619
7892
7582
7620
7893
7583
7621
7894
7584
7622
7895
7585
7623
7896
7586
7624
7897
7587
7625
7898
7588
7626
7899
7589
7627
7900
7590
7628
7901
7591
7629
7902
7592
7630
7903
7593
7631
7904
7594
7632
7905
7595
7633
7906
7596
7634
7907
7597
7635
7908
7598
7636
7909
7599
7637
7910
7600
7638
7911
7601
7639
7912
7602
7640
7913
7603
7641
7914
7604
7642
7915
7643
7916
7606
7644
7917
7607
7645
7918
7608
7646
7919
7609
7647
7920
7610
7648
7921
7611
7649
7922
7612
7650
7923
7613
7651
7924
7614
7652
7925
7615
7653
7926
7616
7654
7927
7617
7655
7928
7618
7656
7929
7619
7657
7930
7620
7658
7931
7621
7659
7932
7622
7660
7933
7623
7661
7934
7624
7662
7935
7625
7663
7936
7626
7664
7937
7627
7665
7938
7628
7666
7939
7629
7667
7940
7630
7668
7941
7631
7669
7942
7632
7670
7943
7633
7671
7944
7634
7672
7945
7635
7673
7946
7636
7674
7947
7637
7675
7948
7638
7676
7949
7639
7677
7950
7640
7678
7951
7641
7679
7952
7642
7680
7953
7643
7681
7954
7682
7955
7645
7683
7956
7646
7684
7957
7647
7685
7958
7648
7686
7959
7649
7687
7960
7650
7688
7961
7651
7689
7962
7652
7690
7963
7653
7691
7964
7654
7692
7965
7655
7693
7966
7656
7694
7967
7657
7695
7968
7658
7696
7969
7659
7697
7970
7660
7698
7971
7661
7699
7972
7662
7700
7973
7663
7701
7974
7664
7702
7975
7665
7703
7976
7666
7704
7977
7667
7705
7978
7668
7706
7979
7669
7707
7980
7670
7708
7981
7671
7709
7982
7672
7710
7983
7673
7711
7984
7674
7712
7985
7675
7713
7986
7676
7714
7987
7677
7715
7988
7678
7716
7989
7679
7717
7990
7680
7718
7991
7681
7719
7992
7682
7720
7993
7721
7994
7684
7722
7995
7685
7723
7996
7686
7724
7997
7687
7725
7998
7688
7726
7999
7689
7727
8000
7690
7728
8001
7691
7729
8002
7692
7730
8003
7693
7731
8004
7694
7732
8005
7695
7733
8006
7696
7734
8007
7697
7735
8008
7698
7736
8009
7699
7737
8010
7700
7738
8011
7701
7739
8012
7702
7740
8013
7703
7741
8014
7704
7742
8015
7705
7743
8016
7706
7744
8017
7707
7745
8018
7708
7746
8019
7709
7747
8020
7710
7748
8021
7711
7749
8022
7712
7750
8023
7713
7751
8024
7714
7752
8025
7715
7753
8026
7716
7754
8027
7717
7755
8028
7718
7756
8029
7719
7757
8030
7720
7758
8031
7721
7759
8032
7760
8033
7723
7761
8034
7724
7762
8035
7725
7763
8036
7726
7764
8037
7727
7765
8038
7728
7766
8039
7729
7767
8040
7730
7768
8041
7731
7769
8042
7732
7770
8043
7733
7771
8044
7734
7772
8045
7735
7773
8046
7736
7774
8047
7737
7775
8048
7738
7776
8049
7739
7777
8050
7740
7778
8051
7741
7779
8052
7742
7780
8053
7743
7781
8054
7744
7782
8055
7745
7783
8056
7746
7784
8057
7747
7785
8058
7748
7786
8059
7749
7787
8060
7750
7788
8061
7751
7789
8062
7752
7790
8063
7753
7791
8064
7754
7792
8065
7755
7793
8066
7756
7794
8067
7757
7795
8068
7758
7796
8069
7759
7797
8070
7760
7798
8071
7799
8072
7762
8073
7763
8074
7764
8075
7765
8076
7766
8077
7767
8078
7768
8079
7769
8080
7770
8081
7771
8082
7772
8083
7773
8084
7774
8085
7775
8086
7776
8087
7777
8088
7778
8089
7779
8090
7780
8091
7781
8092
7782
8093
7783
8094
7784
8095
7785
8096
7786
8097
7787
8098
7788
8099
7789
8100
7790
8101
7791
8102
7792
8103
7793
8104
7794
8105
7795
8106
7796
8107
7797
8108
7798
8109
7799
8110
8111
7801
7839
8112
7802
7840
8113
7803
7841
8114
7804
7842
8115
7805
7843
8116
7806
7844
8117
7807
7845
8118
7808
7846
8119
7809
7847
8120
7810
7848
8121
7811
7849
8122
7812
7850
8123
7813
7851
8124
7814
7852
8125
7815
7853
8126
7816
7854
8127
7817
7855
8128
7818
7856
8129
7819
7857
8130
7820
7858
8131
7821
7859
8132
7822
7860
8133
7823
7861
8134
7824
7862
8135
7825
7863
8136
7826
7864
8137
7827
7865
8138
7828
7866
8139
7829
7867
8140
7830
7868
8141
7831
7869
8142
7832
7870
8143
7833
7871
8144
7834
7872
8145
7835
7873
8146
7836
7874
8147
7837
7875
8148
7838
7876
8149
7877
8150
7840
7878
8151
7841
7879
8152
7842
7880
8153
7843
7881
8154
7844
7882
8155
7845
7883
8156
7846
7884
8157
7847
7885
8158
7848
7886
8159
7849
7887
8160
7850
7888
8161
7851
7889
8162
7852
7890
8163
7853
7891
8164
7854
7892
8165
7855
7893
8166
7856
7894
8167
7857
7895
8168
7858
7896
8169
7859
7897
8170
7860
7898
8171
7861
7899
8172
7862
7900
8173
7863
7901
8174
7864
7902
8175
7865
7903
8176
7866
7904
8177
7867
7905
8178
7868
7906
8179
7869
7907
8180
7870
7908
8181
7871
7909
8182
7872
7910
8183
7873
7911
8184
7874
7912
8185
7875
7913
8186
7876
7914
8187
7877
7915
8188
7916
8189
7879
7917
8190
7880
7918
8191
7881
7919
8192
7882
7920
8193
7883
7921
8194
7884
7922
8195
7885
7923
8196
7886
7924
8197
7887
7925
8198
7888
7926
8199
7889
7927
8200
7890
7928
8201
7891
7929
8202
7892
7930
8203
7893
7931
8204
7894
7932
8205
7895
7933
8206
7896
7934
8207
7897
7935
8208
7898
7936
8209
7899
7937
8210
7900
7938
8211
7901
7939
8212
7902
7940
8213
7903
7941
8214
7904
7942
8215
7905
7943
8216
7906
7944
8217
7907
7945
8218
7908
7946
8219
7909
7947
8220
7910
7948
8221
7911
7949
8222
7912
7950
8223
7913
7951
8224
7914
7952
8225
7915
7953
8226
7916
7954
8227
7955
8228
7918
7956
8229
7919
7957
8230
7920
7958
8231
7921
7959
8232
7922
7960
8233
7923
7961
8234
7924
7962
8235
7925
7963
8236
7926
7964
8237
7927
7965
8238
7928
7966
8239
7929
7967
8240
7930
7968
8241
7931
7969
8242
7932
7970
8243
7933
7971
8244
7934
7972
8245
7935
7973
8246
7936
7974
8247
7937
7975
8248
7938
7976
8249
7939
7977
8250
7940
7978
8251
7941
7979
8252
7942
7980
8253
7943
7981
8254
7944
7982
8255
7945
7983
8256
7946
7984
8257
7947
7985
8258
7948
7986
8259
7949
7987
8260
7950
7988
8261
7951
7989
8262
7952
7990
8263
7953
7991
8264
7954
7992
8265
7955
7993
8266
7994
8267
7957
7995
8268
7958
7996
8269
7959
7997
8270
7960
7998
8271
7961
7999
8272
7962
8000
8273
7963
8001
8274
7964
8002
8275
7965
8003
8276
7966
8004
8277
7967
8005
8278
7968
8006
8279
7969
8007
8280
7970
8008
8281
7971
8009
8282
7972
8010
8283
7973
8011
8284
7974
8012
8285
7975
8013
8286
7976
8014
8287
7977
8015
8288
7978
8016
8289
7979
8017
8290
7980
8018
8291
7981
8019
8292
7982
8020
8293
7983
8021
8294
7984
8022
8295
7985
8023
8296
7986
8024
8297
7987
8025
8298
7988
8026
8299
7989
8027
8300
7990
8028
8301
7991
8029
8302
7992
8030
8303
7993
8031
8304
7994
8032
8305
8033
8306
7996
8034
8307
7997
8035
8308
7998
8036
8309
7999
8037
8310
8000
8038
8311
8001
8039
8312
8002
8040
8313
8003
8041
8314
8004
8042
8315
8005
8043
8316
8006
8044
8317
8007
8045
8318
8008
8046
8319
8009
8047
8320
8010
8048
8321
8011
8049
8322
8012
8050
8323
8013
8051
8324
8014
8052
8325
8015
8053
8326
8016
8054
8327
8017
8055
8328
8018
8056
8329
8019
8057
8330
8020
8058
8331
8021
8059
8332
8022
8060
8333
8023
8061
8334
8024
8062
8335
8025
8063
8336
8026
8064
8337
8027
8065
8338
8028
8066
8339
8029
8067
8340
8030
8068
8341
8031
8069
8342
8032
8070
8343
8033
8071
8344
8072
8345
8035
8073
8346
8036
8074
8347
8037
8075
8348
8038
8076
8349
8039
8077
8350
8040
8078
8351
8041
8079
8352
8042
8080
8353
8043
8081
8354
8044
8082
8355
8045
8083
8356
8046
8084
8357
8047
8085
8358
8048
8086
8359
8049
8087
8360
8050
8088
8361
8051
8089
8362
8052
8090
8363
8053
8091
8364
8054
8092
8365
8055
8093
8366
8056
8094
8367
8057
8095
8368
8058
8096
8369
8059
8097
8370
8060
8098
8371
8061
8099
8372
8062
8100
8373
8063
8101
8374
8064
8102
8375
8065
8103
8376
8066
8104
8377
8067
8105
8378
8068
8106
8379
8069
8107
8380
8070
8108
8381
8071
8109
8382
8072
8110
8383
8111
8384
8074
8385
8075
8386
8076
8387
8077
8388
8078
8389
8079
8390
8080
8391
8081
8392
8082
8393
8083
8394
8084
8395
8085
8396
8086
8397
8087
8398
8088
8399
8089
8400
8090
8401
8091
8402
8092
8403
8093
8404
8094
8405
8095
8406
8096
8407
8097
8408
8098
8409
8099
8410
8100
8411
8101
8412
8102
8413
8103
8414
8104
8415
8105
8416
8106
8417
8107
8418
8108
8419
8109
8420
8110
8421
8111
8422
8423
8113
8151
8424
8114
8152
8425
8115
8153
8426
8116
8154
8427
8117
8155
8428
8118
8156
8429
8119
8157
8430
8120
8158
8431
8121
8159
8432
8122
8160
8433
8123
8161
8434
8124
8162
8435
8125
8163
8436
8126
8164
8437
8127
8165
8438
8128
8166
8439
8129
8167
8440
8130
8168
8441
8131
8169
8442
8132
8170
8443
8133
8171
8444
8134
8172
8445
8135
8173
8446
8136
8174
8447
8137
8175
8448
8138
8176
8449
8139
8177
8450
8140
8178
8451
8141
8179
8452
8142
8180
8453
8143
8181
8454
8144
8182
8455
8145
8183
8456
8146
8184
8457
8147
8185
8458
8148
8186
8459
8149
8187
8460
8150
8188
8461
8189
8462
8152
8190
8463
8153
8191
8464
8154
8192
8465
8155
8193
8466
8156
8194
8467
8157
8195
8468
8158
8196
8469
8159
8197
8470
8160
8198
8471
8161
8199
8472
8162
8200
8473
8163
8201
8474
8164
8202
8475
8165
8203
8476
8166
8204
8477
8167
8205
8478
8168
8206
8479
8169
8207
8480
8170
8208
8481
8171
8209
8482
8172
8210
8483
8173
8211
8484
8174
8212
8485
8175
8213
8486
8176
8214
8487
8177
8215
8488
8178
8216
8489
8179
8217
8490
8180
8218
8491
8181
8219
8492
8182
8220
8493
8183
8221
8494
8184
8222
8495
8185
8223
8496
8186
8224
8497
8187
8225
8498
8188
8226
8499
8189
8227
8500
8228
8501
8191
8229
8502
8192
8230
8503
8193
8231
8504
8194
8232
8505
8195
8233
8506
8196
8234
8507
8197
8235
8508
8198
8236
8509
8199
8237
8510
8200
8238
8511
8201
8239
8512
8202
8240
8513
8203
8241
8514
8204
8242
8515
8205
8243
8516
8206
8244
8517
8207
8245
8518
8208
8246
8519
8209
8247
8520
8210
8248
8521
8211
8249
8522
8212
8250
8523
8213
8251
8524
8214
8252
8525
8215
8253
8526
8216
8254
8527
8217
8255
8528
8218
8256
8529
8219
8257
8530
8220
8258
8531
8221
8259
8532
8222
8260
8533
8223
8261
8534
8224
8262
8535
8225
8263
8536
8226
8264
8537
8227
8265
8538
8228
8266
8539
8267
8540
8230
8268
8541
8231
8269
8542
8232
8270
8543
8233
8271
8544
8234
8272
8545
8235
8273
8546
8236
8274
8547
8237
8275
8548
8238
8276
8549
8239
8277
8550
8240
8278
8551
8241
8279
8552
8242
8280
8553
8243
8281
8554
8244
8282
8555
8245
8283
8556
8246
8284
8557
8247
8285
8558
8248
8286
8559
8249
8287
8560
8250
8288
8561
8251
8289
8562
8252
8290
8563
8253
8291
8564
8254
8292
8565
8255
8293
8566
8256
8294
8567
8257
8295
8568
8258
8296
8569
8259
8297
8570
8260
8298
8571
8261
8299
8572
8262
8300
8573
8263
8301
8574
8264
8302
8575
8265
8303
8576
8266
8304
8577
8267
8305
8578
8306
8579
8269
8307
8580
8270
8308
8581
8271
8309
8582
8272
8310
8583
8273
8311
8584
8274
8312
8585
8275
8313
8586
8276
8314
8587
8277
8315
8588
8278
8316
8589
8279
8317
8590
8280
8318
8591
8281
8319
8592
8282
8320
8593
8283
8321
8594
8284
8322
8595
8285
8323
8596
8286
8324
8597
8287
8325
8598
8288
8326
8599
8289
8327
8600
8290
8328
8601
8291
8329
8602
8292
8330
8603
8293
8331
8604
8294
8332
8605
8295
8333
8606
8296
8334
8607
8297
8335
8608
8298
8336
8609
8299
8337
8610
8300
8338
8611
8301
8339
8612
8302
8340
8613
8303
8341
8614
8304
8342
8615
8305
8343
8616
8306
8344
8617
8345
8618
8308
8346
8619
8309
8347
8620
8310
8348
8621
8311
8349
8622
8312
8350
8623
8313
8351
8624
8314
8352
8625
8315
8353
8626
8316
8354
8627
8317
8355
8628
8318
8356
8629
8319
8357
8630
8320
8358
8631
8321
8359
8632
8322
8360
8633
8323
8361
8634
8324
8362
8635
8325
8363
8636
8326
8364
8637
8327
8365
8638
8328
8366
8639
8329
8367
8640
8330
8368
8641
8331
8369
8642
8332
8370
8643
8333
8371
8644
8334
8372
8645
8335
8373
8646
8336
8374
8647
8337
8375
8648
8338
8376
8649
8339
8377
8650
8340
8378
8651
8341
8379
8652
8342
8380
8653
8343
8381
8654
8344
8382
8655
8345
8383
8656
8384
8657
8347
8385
8658
8348
8386
8659
8349
8387
8660
8350
8388
8661
8351
8389
8662
8352
8390
8663
8353
8391
8664
8354
8392
8665
8355
8393
8666
8356
8394
8667
8357
8395
8668
8358
8396
8669
8359
8397
8670
8360
8398
8671
8361
8399
8672
8362
8400
8673
8363
8401
8674
8364
8402
8675
8365
8403
8676
8366
8404
8677
8367
8405
8678
8368
8406
8679
8369
8407
8680
8370
8408
8681
8371
8409
8682
8372
8410
8683
8373
8411
8684
8374
8412
8685
8375
8413
8686
8376
8414
8687
8377
8415
8688
8378
8416
8689
8379
8417
8690
8380
8418
8691
8381
8419
8692
8382
8420
8693
8383
8421
8694
8384
8422
8695
8423
8696
8386
8697
8387
8698
8388
8699
8389
8700
8390
8701
8391
8702
8392
8703
8393
8704
8394
8705
8395
8706
8396
8707
8397
8708
8398
8709
8399
8710
8400
8711
8401
8712
8402
8713
8403
8714
8404
8715
8405
8716
8406
8717
8407
8718
8408
8719
8409
8720
8410
8721
8411
8722
8412
8723
8413
8724
8414
8725
8415
8726
8416
8727
8417
8728
8418
8729
8419
8730
8420
8731
8421
8732
8422
8733
8423
8734
8735
8425
8463
8426
8464
8427
8465
8428
8466
8429
8467
8430
8468
8431
8469
8432
8470
8433
8471
8434
8472
8435
8473
8436
8474
8437
8475
8438
8476
8439
8477
8440
8478
8441
8479
8442
8480
8443
8481
8444
8482
8445
8483
8446
8484
8447
8485
8448
8486
8449
8487
8450
8488
8451
8489
8452
8490
8453
8491
8454
8492
8455
8493
8456
8494
8457
8495
8458
8496
8459
8497
8460
8498
8461
8499
8462
8500
8501
8464
8502
8465
8503
8466
8504
8467
8505
8468
8506
8469
8507
8470
8508
8471
8509
8472
8510
8473
8511
8474
8512
8475
8513
8476
8514
8477
8515
8478
8516
8479
8517
8480
8518
8481
8519
8482
8520
8483
8521
8484
8522
8485
8523
8486
8524
8487
8525
8488
8526
8489
8527
8490
8528
8491
8529
8492
8530
8493
8531
8494
8532
8495
8533
8496
8534
8497
8535
8498
8536
8499
8537
8500
8538
8501
8539
8540
8503
8541
8504
8542
8505
8543
8506
8544
8507
8545
8508
8546
8509
8547
8510
8548
8511
8549
8512
8550
8513
8551
8514
8552
8515
8553
8516
8554
8517
8555
8518
8556
8519
8557
8520
8558
8521
8559
8522
8560
8523
8561
8524
8562
8525
8563
8526
8564
8527
8565
8528
8566
8529
8567
8530
8568
8531
8569
8532
8570
8533
8571
8534
8572
8535
8573
8536
8574
8537
8575
8538
8576
8539
8577
8540
8578
8579
8542
8580
8543
8581
8544
8582
8545
8583
8546
8584
8547
8585
8548
8586
8549
8587
8550
8588
8551
8589
8552
8590
8553
8591
8554
8592
8555
8593
8556
8594
8557
8595
8558
8596
8559
8597
8560
8598
8561
8599
8562
8600
8563
8601
8564
8602
8565
8603
8566
8604
8567
8605
8568
8606
8569
8607
8570
8608
8571
8609
8572
8610
8573
8611
8574
8612
8575
8613
8576
8614
8577
8615
8578
8616
8579
8617
8618
8581
8619
8582
8620
8583
8621
8584
8622
8585
8623
8586
8624
8587
8625
8588
8626
8589
8627
8590
8628
8591
8629
8592
8630
8593
8631
8594
8632
8595
8633
8596
8634
8597
8635
8598
8636
8599
8637
8600
8638
8601
8639
8602
8640
8603
8641
8604
8642
8605
8643
8606
8644
8607
8645
8608
8646
8609
8647
8610
8648
8611
8649
8612
8650
8613
8651
8614
8652
8615
8653
8616
8654
8617
8655
8618
8656
8657
8620
8658
8621
8659
8622
8660
8623
8661
8624
8662
8625
8663
8626
8664
8627
8665
8628
8666
8629
8667
8630
8668
8631
8669
8632
8670
8633
8671
8634
8672
8635
8673
8636
8674
8637
8675
8638
8676
8639
8677
8640
8678
8641
8679
8642
8680
8643
8681
8644
8682
8645
8683
8646
8684
8647
8685
8648
8686
8649
8687
8650
8688
8651
8689
8652
8690
8653
8691
8654
8692
8655
8693
8656
8694
8657
8695
8696
8659
8697
8660
8698
8661
8699
8662
8700
8663
8701
8664
8702
8665
8703
8666
8704
8667
8705
8668
8706
8669
8707
8670
8708
8671
8709
8672
8710
8673
8711
8674
8712
8675
8713
8676
8714
8677
8715
8678
8716
8679
8717
8680
8718
8681
8719
8682
8720
8683
8721
8684
8722
8685
8723
8686
8724
8687
8725
8688
8726
8689
8727
8690
8728
8691
8729
8692
8730
8693
8731
8694
8732
8695
8733
8696
8734
8735
8698
8699
8700
8701
8702
8703
8704
8705
8706
8707
8708
8709
8710
8711
8712
8713
8714
8715
8716
8717
8718
8719
8720
8721
8722
8723
8724
8725
8726
8727
8728
8729
8730
8731
8732
8733
8734
8735
)
