/*--------------------------------*- C++ -*----------------------------------*\
  =========                 |
  \\      /  F ield         | OpenFOAM: The Open Source CFD Toolbox
   \\    /   O peration     | Website:  https://openfoam.org
    \\  /    A nd           | Version:  12
     \\/     M anipulation  |
\*---------------------------------------------------------------------------*/
FoamFile
{
    format      ascii;
    class       vectorField;
    location    "constant/polyMesh";
    object      points;
}
// * * * * * * * * * * * * * * * * * * * * * * * * * * * * * * * * * * * * * //


9640
(
(0.0042 1.408595462e-19 0)
(0.0042 -8.854028621e-20 0.002564102564)
(0.0042 3.300137941e-19 0.005128205128)
(0.0042 3.300137941e-19 0.007692307692)
(0.0042 3.300137941e-19 0.01025641026)
(0.0042 3.300137941e-19 0.01282051282)
(0.0042 3.300137941e-19 0.01538461538)
(0.0042 3.300137941e-19 0.01794871795)
(0.0042 3.300137941e-19 0.02051282051)
(0.0042 3.300137941e-19 0.02307692308)
(0.0042 3.300137941e-19 0.02564102564)
(0.0042 3.300137941e-19 0.02820512821)
(0.0042 3.300137941e-19 0.03076923077)
(0.0042 3.300137941e-19 0.03333333333)
(0.0042 3.300137941e-19 0.0358974359)
(0.0042 3.300137941e-19 0.03846153846)
(0.0042 3.300137941e-19 0.04102564103)
(0.0042 3.300137941e-19 0.04358974359)
(0.0042 3.300137941e-19 0.04615384615)
(0.0042 3.300137941e-19 0.04871794872)
(0.0042 3.300137941e-19 0.05128205128)
(0.0042 3.300137941e-19 0.05384615385)
(0.0042 3.300137941e-19 0.05641025641)
(0.0042 3.300137941e-19 0.05897435897)
(0.0042 3.300137941e-19 0.06153846154)
(0.0042 3.300137941e-19 0.0641025641)
(0.0042 3.300137941e-19 0.06666666667)
(0.0042 3.300137941e-19 0.06923076923)
(0.0042 3.300137941e-19 0.07179487179)
(0.0042 3.300137941e-19 0.07435897436)
(0.0042 3.300137941e-19 0.07692307692)
(0.0042 3.300137941e-19 0.07948717949)
(0.0042 3.300137941e-19 0.08205128205)
(0.0042 3.300137941e-19 0.08461538462)
(0.0042 3.300137941e-19 0.08717948718)
(0.0042 3.300137941e-19 0.08974358974)
(0.0042 3.300137941e-19 0.09230769231)
(0.0042 3.300137941e-19 0.09487179487)
(0.0042 3.300137941e-19 0.09743589744)
(0.0042 -8.854028621e-20 0.1)
(0.003675 -0.000525 0)
(0.003675 -0.000525 0.002564102564)
(0.003675 -0.000525 0.005128205128)
(0.003675 -0.000525 0.007692307692)
(0.003675 -0.000525 0.01025641026)
(0.003675 -0.000525 0.01282051282)
(0.003675 -0.000525 0.01538461538)
(0.003675 -0.000525 0.01794871795)
(0.003675 -0.000525 0.02051282051)
(0.003675 -0.000525 0.02307692308)
(0.003675 -0.000525 0.02564102564)
(0.003675 -0.000525 0.02820512821)
(0.003675 -0.000525 0.03076923077)
(0.003675 -0.000525 0.03333333333)
(0.003675 -0.000525 0.0358974359)
(0.003675 -0.000525 0.03846153846)
(0.003675 -0.000525 0.04102564103)
(0.003675 -0.000525 0.04358974359)
(0.003675 -0.000525 0.04615384615)
(0.003675 -0.000525 0.04871794872)
(0.003675 -0.000525 0.05128205128)
(0.003675 -0.000525 0.05384615385)
(0.003675 -0.000525 0.05641025641)
(0.003675 -0.000525 0.05897435897)
(0.003675 -0.000525 0.06153846154)
(0.003675 -0.000525 0.0641025641)
(0.003675 -0.000525 0.06666666667)
(0.003675 -0.000525 0.06923076923)
(0.003675 -0.000525 0.07179487179)
(0.003675 -0.000525 0.07435897436)
(0.003675 -0.000525 0.07692307692)
(0.003675 -0.000525 0.07948717949)
(0.003675 -0.000525 0.08205128205)
(0.003675 -0.000525 0.08461538462)
(0.003675 -0.000525 0.08717948718)
(0.003675 -0.000525 0.08974358974)
(0.003675 -0.000525 0.09230769231)
(0.003675 -0.000525 0.09487179487)
(0.003675 -0.000525 0.09743589744)
(0.003675 -0.000525 0.1)
(0.00315 -0.00105 0)
(0.00315 -0.00105 0.002564102564)
(0.00315 -0.00105 0.005128205128)
(0.00315 -0.00105 0.007692307692)
(0.00315 -0.00105 0.01025641026)
(0.00315 -0.00105 0.01282051282)
(0.00315 -0.00105 0.01538461538)
(0.00315 -0.00105 0.01794871795)
(0.00315 -0.00105 0.02051282051)
(0.00315 -0.00105 0.02307692308)
(0.00315 -0.00105 0.02564102564)
(0.00315 -0.00105 0.02820512821)
(0.00315 -0.00105 0.03076923077)
(0.00315 -0.00105 0.03333333333)
(0.00315 -0.00105 0.0358974359)
(0.00315 -0.00105 0.03846153846)
(0.00315 -0.00105 0.04102564103)
(0.00315 -0.00105 0.04358974359)
(0.00315 -0.00105 0.04615384615)
(0.00315 -0.00105 0.04871794872)
(0.00315 -0.00105 0.05128205128)
(0.00315 -0.00105 0.05384615385)
(0.00315 -0.00105 0.05641025641)
(0.00315 -0.00105 0.05897435897)
(0.00315 -0.00105 0.06153846154)
(0.00315 -0.00105 0.0641025641)
(0.00315 -0.00105 0.06666666667)
(0.00315 -0.00105 0.06923076923)
(0.00315 -0.00105 0.07179487179)
(0.00315 -0.00105 0.07435897436)
(0.00315 -0.00105 0.07692307692)
(0.00315 -0.00105 0.07948717949)
(0.00315 -0.00105 0.08205128205)
(0.00315 -0.00105 0.08461538462)
(0.00315 -0.00105 0.08717948718)
(0.00315 -0.00105 0.08974358974)
(0.00315 -0.00105 0.09230769231)
(0.00315 -0.00105 0.09487179487)
(0.00315 -0.00105 0.09743589744)
(0.00315 -0.00105 0.1)
(0.002625 -0.001575 0)
(0.002625 -0.001575 0.002564102564)
(0.002625 -0.001575 0.005128205128)
(0.002625 -0.001575 0.007692307692)
(0.002625 -0.001575 0.01025641026)
(0.002625 -0.001575 0.01282051282)
(0.002625 -0.001575 0.01538461538)
(0.002625 -0.001575 0.01794871795)
(0.002625 -0.001575 0.02051282051)
(0.002625 -0.001575 0.02307692308)
(0.002625 -0.001575 0.02564102564)
(0.002625 -0.001575 0.02820512821)
(0.002625 -0.001575 0.03076923077)
(0.002625 -0.001575 0.03333333333)
(0.002625 -0.001575 0.0358974359)
(0.002625 -0.001575 0.03846153846)
(0.002625 -0.001575 0.04102564103)
(0.002625 -0.001575 0.04358974359)
(0.002625 -0.001575 0.04615384615)
(0.002625 -0.001575 0.04871794872)
(0.002625 -0.001575 0.05128205128)
(0.002625 -0.001575 0.05384615385)
(0.002625 -0.001575 0.05641025641)
(0.002625 -0.001575 0.05897435897)
(0.002625 -0.001575 0.06153846154)
(0.002625 -0.001575 0.0641025641)
(0.002625 -0.001575 0.06666666667)
(0.002625 -0.001575 0.06923076923)
(0.002625 -0.001575 0.07179487179)
(0.002625 -0.001575 0.07435897436)
(0.002625 -0.001575 0.07692307692)
(0.002625 -0.001575 0.07948717949)
(0.002625 -0.001575 0.08205128205)
(0.002625 -0.001575 0.08461538462)
(0.002625 -0.001575 0.08717948718)
(0.002625 -0.001575 0.08974358974)
(0.002625 -0.001575 0.09230769231)
(0.002625 -0.001575 0.09487179487)
(0.002625 -0.001575 0.09743589744)
(0.002625 -0.001575 0.1)
(0.0021 -0.0021 0)
(0.0021 -0.0021 0.002564102564)
(0.0021 -0.0021 0.005128205128)
(0.0021 -0.0021 0.007692307692)
(0.0021 -0.0021 0.01025641026)
(0.0021 -0.0021 0.01282051282)
(0.0021 -0.0021 0.01538461538)
(0.0021 -0.0021 0.01794871795)
(0.0021 -0.0021 0.02051282051)
(0.0021 -0.0021 0.02307692308)
(0.0021 -0.0021 0.02564102564)
(0.0021 -0.0021 0.02820512821)
(0.0021 -0.0021 0.03076923077)
(0.0021 -0.0021 0.03333333333)
(0.0021 -0.0021 0.0358974359)
(0.0021 -0.0021 0.03846153846)
(0.0021 -0.0021 0.04102564103)
(0.0021 -0.0021 0.04358974359)
(0.0021 -0.0021 0.04615384615)
(0.0021 -0.0021 0.04871794872)
(0.0021 -0.0021 0.05128205128)
(0.0021 -0.0021 0.05384615385)
(0.0021 -0.0021 0.05641025641)
(0.0021 -0.0021 0.05897435897)
(0.0021 -0.0021 0.06153846154)
(0.0021 -0.0021 0.0641025641)
(0.0021 -0.0021 0.06666666667)
(0.0021 -0.0021 0.06923076923)
(0.0021 -0.0021 0.07179487179)
(0.0021 -0.0021 0.07435897436)
(0.0021 -0.0021 0.07692307692)
(0.0021 -0.0021 0.07948717949)
(0.0021 -0.0021 0.08205128205)
(0.0021 -0.0021 0.08461538462)
(0.0021 -0.0021 0.08717948718)
(0.0021 -0.0021 0.08974358974)
(0.0021 -0.0021 0.09230769231)
(0.0021 -0.0021 0.09487179487)
(0.0021 -0.0021 0.09743589744)
(0.0021 -0.0021 0.1)
(0.001575 -0.002625 0)
(0.001575 -0.002625 0.002564102564)
(0.001575 -0.002625 0.005128205128)
(0.001575 -0.002625 0.007692307692)
(0.001575 -0.002625 0.01025641026)
(0.001575 -0.002625 0.01282051282)
(0.001575 -0.002625 0.01538461538)
(0.001575 -0.002625 0.01794871795)
(0.001575 -0.002625 0.02051282051)
(0.001575 -0.002625 0.02307692308)
(0.001575 -0.002625 0.02564102564)
(0.001575 -0.002625 0.02820512821)
(0.001575 -0.002625 0.03076923077)
(0.001575 -0.002625 0.03333333333)
(0.001575 -0.002625 0.0358974359)
(0.001575 -0.002625 0.03846153846)
(0.001575 -0.002625 0.04102564103)
(0.001575 -0.002625 0.04358974359)
(0.001575 -0.002625 0.04615384615)
(0.001575 -0.002625 0.04871794872)
(0.001575 -0.002625 0.05128205128)
(0.001575 -0.002625 0.05384615385)
(0.001575 -0.002625 0.05641025641)
(0.001575 -0.002625 0.05897435897)
(0.001575 -0.002625 0.06153846154)
(0.001575 -0.002625 0.0641025641)
(0.001575 -0.002625 0.06666666667)
(0.001575 -0.002625 0.06923076923)
(0.001575 -0.002625 0.07179487179)
(0.001575 -0.002625 0.07435897436)
(0.001575 -0.002625 0.07692307692)
(0.001575 -0.002625 0.07948717949)
(0.001575 -0.002625 0.08205128205)
(0.001575 -0.002625 0.08461538462)
(0.001575 -0.002625 0.08717948718)
(0.001575 -0.002625 0.08974358974)
(0.001575 -0.002625 0.09230769231)
(0.001575 -0.002625 0.09487179487)
(0.001575 -0.002625 0.09743589744)
(0.001575 -0.002625 0.1)
(0.00105 -0.00315 0)
(0.00105 -0.00315 0.002564102564)
(0.00105 -0.00315 0.005128205128)
(0.00105 -0.00315 0.007692307692)
(0.00105 -0.00315 0.01025641026)
(0.00105 -0.00315 0.01282051282)
(0.00105 -0.00315 0.01538461538)
(0.00105 -0.00315 0.01794871795)
(0.00105 -0.00315 0.02051282051)
(0.00105 -0.00315 0.02307692308)
(0.00105 -0.00315 0.02564102564)
(0.00105 -0.00315 0.02820512821)
(0.00105 -0.00315 0.03076923077)
(0.00105 -0.00315 0.03333333333)
(0.00105 -0.00315 0.0358974359)
(0.00105 -0.00315 0.03846153846)
(0.00105 -0.00315 0.04102564103)
(0.00105 -0.00315 0.04358974359)
(0.00105 -0.00315 0.04615384615)
(0.00105 -0.00315 0.04871794872)
(0.00105 -0.00315 0.05128205128)
(0.00105 -0.00315 0.05384615385)
(0.00105 -0.00315 0.05641025641)
(0.00105 -0.00315 0.05897435897)
(0.00105 -0.00315 0.06153846154)
(0.00105 -0.00315 0.0641025641)
(0.00105 -0.00315 0.06666666667)
(0.00105 -0.00315 0.06923076923)
(0.00105 -0.00315 0.07179487179)
(0.00105 -0.00315 0.07435897436)
(0.00105 -0.00315 0.07692307692)
(0.00105 -0.00315 0.07948717949)
(0.00105 -0.00315 0.08205128205)
(0.00105 -0.00315 0.08461538462)
(0.00105 -0.00315 0.08717948718)
(0.00105 -0.00315 0.08974358974)
(0.00105 -0.00315 0.09230769231)
(0.00105 -0.00315 0.09487179487)
(0.00105 -0.00315 0.09743589744)
(0.00105 -0.00315 0.1)
(0.000525 -0.003675 0)
(0.000525 -0.003675 0.002564102564)
(0.000525 -0.003675 0.005128205128)
(0.000525 -0.003675 0.007692307692)
(0.000525 -0.003675 0.01025641026)
(0.000525 -0.003675 0.01282051282)
(0.000525 -0.003675 0.01538461538)
(0.000525 -0.003675 0.01794871795)
(0.000525 -0.003675 0.02051282051)
(0.000525 -0.003675 0.02307692308)
(0.000525 -0.003675 0.02564102564)
(0.000525 -0.003675 0.02820512821)
(0.000525 -0.003675 0.03076923077)
(0.000525 -0.003675 0.03333333333)
(0.000525 -0.003675 0.0358974359)
(0.000525 -0.003675 0.03846153846)
(0.000525 -0.003675 0.04102564103)
(0.000525 -0.003675 0.04358974359)
(0.000525 -0.003675 0.04615384615)
(0.000525 -0.003675 0.04871794872)
(0.000525 -0.003675 0.05128205128)
(0.000525 -0.003675 0.05384615385)
(0.000525 -0.003675 0.05641025641)
(0.000525 -0.003675 0.05897435897)
(0.000525 -0.003675 0.06153846154)
(0.000525 -0.003675 0.0641025641)
(0.000525 -0.003675 0.06666666667)
(0.000525 -0.003675 0.06923076923)
(0.000525 -0.003675 0.07179487179)
(0.000525 -0.003675 0.07435897436)
(0.000525 -0.003675 0.07692307692)
(0.000525 -0.003675 0.07948717949)
(0.000525 -0.003675 0.08205128205)
(0.000525 -0.003675 0.08461538462)
(0.000525 -0.003675 0.08717948718)
(0.000525 -0.003675 0.08974358974)
(0.000525 -0.003675 0.09230769231)
(0.000525 -0.003675 0.09487179487)
(0.000525 -0.003675 0.09743589744)
(0.000525 -0.003675 0.1)
(-8.681168866e-19 -0.0042 0)
(-1.157885096e-18 -0.0042 0.002564102564)
(-1.157885096e-18 -0.0042 0.005128205128)
(-1.157885096e-18 -0.0042 0.007692307692)
(-1.157885096e-18 -0.0042 0.01025641026)
(-1.157885096e-18 -0.0042 0.01282051282)
(-1.157885096e-18 -0.0042 0.01538461538)
(-1.157885096e-18 -0.0042 0.01794871795)
(-1.157885096e-18 -0.0042 0.02051282051)
(-1.157885096e-18 -0.0042 0.02307692308)
(-1.157885096e-18 -0.0042 0.02564102564)
(-1.157885096e-18 -0.0042 0.02820512821)
(-1.157885096e-18 -0.0042 0.03076923077)
(-1.157885096e-18 -0.0042 0.03333333333)
(-1.157885096e-18 -0.0042 0.0358974359)
(-1.157885096e-18 -0.0042 0.03846153846)
(-1.157885096e-18 -0.0042 0.04102564103)
(-1.157885096e-18 -0.0042 0.04358974359)
(-1.157885096e-18 -0.0042 0.04615384615)
(-1.157885096e-18 -0.0042 0.04871794872)
(-1.157885096e-18 -0.0042 0.05128205128)
(-1.157885096e-18 -0.0042 0.05384615385)
(-1.157885096e-18 -0.0042 0.05641025641)
(-1.157885096e-18 -0.0042 0.05897435897)
(-1.157885096e-18 -0.0042 0.06153846154)
(-1.157885096e-18 -0.0042 0.0641025641)
(-1.157885096e-18 -0.0042 0.06666666667)
(-1.157885096e-18 -0.0042 0.06923076923)
(-1.157885096e-18 -0.0042 0.07179487179)
(-1.157885096e-18 -0.0042 0.07435897436)
(-1.157885096e-18 -0.0042 0.07692307692)
(-1.157885096e-18 -0.0042 0.07948717949)
(-1.157885096e-18 -0.0042 0.08205128205)
(-1.157885096e-18 -0.0042 0.08461538462)
(-1.157885096e-18 -0.0042 0.08717948718)
(-1.157885096e-18 -0.0042 0.08974358974)
(-1.157885096e-18 -0.0042 0.09230769231)
(-1.157885096e-18 -0.0042 0.09487179487)
(-1.157885096e-18 -0.0042 0.09743589744)
(-1.157885096e-18 -0.0042 0.1)
(0.003675 0.000525 0)
(0.003675 0.000525 0.002564102564)
(0.003675 0.000525 0.005128205128)
(0.003675 0.000525 0.007692307692)
(0.003675 0.000525 0.01025641026)
(0.003675 0.000525 0.01282051282)
(0.003675 0.000525 0.01538461538)
(0.003675 0.000525 0.01794871795)
(0.003675 0.000525 0.02051282051)
(0.003675 0.000525 0.02307692308)
(0.003675 0.000525 0.02564102564)
(0.003675 0.000525 0.02820512821)
(0.003675 0.000525 0.03076923077)
(0.003675 0.000525 0.03333333333)
(0.003675 0.000525 0.0358974359)
(0.003675 0.000525 0.03846153846)
(0.003675 0.000525 0.04102564103)
(0.003675 0.000525 0.04358974359)
(0.003675 0.000525 0.04615384615)
(0.003675 0.000525 0.04871794872)
(0.003675 0.000525 0.05128205128)
(0.003675 0.000525 0.05384615385)
(0.003675 0.000525 0.05641025641)
(0.003675 0.000525 0.05897435897)
(0.003675 0.000525 0.06153846154)
(0.003675 0.000525 0.0641025641)
(0.003675 0.000525 0.06666666667)
(0.003675 0.000525 0.06923076923)
(0.003675 0.000525 0.07179487179)
(0.003675 0.000525 0.07435897436)
(0.003675 0.000525 0.07692307692)
(0.003675 0.000525 0.07948717949)
(0.003675 0.000525 0.08205128205)
(0.003675 0.000525 0.08461538462)
(0.003675 0.000525 0.08717948718)
(0.003675 0.000525 0.08974358974)
(0.003675 0.000525 0.09230769231)
(0.003675 0.000525 0.09487179487)
(0.003675 0.000525 0.09743589744)
(0.003675 0.000525 0.1)
(0.00315 1.110223025e-19 0)
(0.00315 -5.551115123e-20 0.002564102564)
(0.00315 4.440892099e-19 0.005128205128)
(0.00315 4.440892099e-19 0.007692307692)
(0.00315 4.440892099e-19 0.01025641026)
(0.00315 4.440892099e-19 0.01282051282)
(0.00315 4.440892099e-19 0.01538461538)
(0.00315 4.440892099e-19 0.01794871795)
(0.00315 4.440892099e-19 0.02051282051)
(0.00315 4.440892099e-19 0.02307692308)
(0.00315 4.440892099e-19 0.02564102564)
(0.00315 4.440892099e-19 0.02820512821)
(0.00315 4.440892099e-19 0.03076923077)
(0.00315 4.440892099e-19 0.03333333333)
(0.00315 4.440892099e-19 0.0358974359)
(0.00315 4.440892099e-19 0.03846153846)
(0.00315 4.440892099e-19 0.04102564103)
(0.00315 4.440892099e-19 0.04358974359)
(0.00315 4.440892099e-19 0.04615384615)
(0.00315 4.440892099e-19 0.04871794872)
(0.00315 4.440892099e-19 0.05128205128)
(0.00315 4.440892099e-19 0.05384615385)
(0.00315 4.440892099e-19 0.05641025641)
(0.00315 4.440892099e-19 0.05897435897)
(0.00315 4.440892099e-19 0.06153846154)
(0.00315 4.440892099e-19 0.0641025641)
(0.00315 4.440892099e-19 0.06666666667)
(0.00315 4.440892099e-19 0.06923076923)
(0.00315 4.440892099e-19 0.07179487179)
(0.00315 4.440892099e-19 0.07435897436)
(0.00315 4.440892099e-19 0.07692307692)
(0.00315 4.440892099e-19 0.07948717949)
(0.00315 4.440892099e-19 0.08205128205)
(0.00315 4.440892099e-19 0.08461538462)
(0.00315 4.440892099e-19 0.08717948718)
(0.00315 4.440892099e-19 0.08974358974)
(0.00315 4.440892099e-19 0.09230769231)
(0.00315 4.440892099e-19 0.09487179487)
(0.00315 4.440892099e-19 0.09743589744)
(0.00315 -5.551115123e-20 0.1)
(0.002625 -0.000525 0)
(0.002625 -0.000525 0.002564102564)
(0.002625 -0.000525 0.005128205128)
(0.002625 -0.000525 0.007692307692)
(0.002625 -0.000525 0.01025641026)
(0.002625 -0.000525 0.01282051282)
(0.002625 -0.000525 0.01538461538)
(0.002625 -0.000525 0.01794871795)
(0.002625 -0.000525 0.02051282051)
(0.002625 -0.000525 0.02307692308)
(0.002625 -0.000525 0.02564102564)
(0.002625 -0.000525 0.02820512821)
(0.002625 -0.000525 0.03076923077)
(0.002625 -0.000525 0.03333333333)
(0.002625 -0.000525 0.0358974359)
(0.002625 -0.000525 0.03846153846)
(0.002625 -0.000525 0.04102564103)
(0.002625 -0.000525 0.04358974359)
(0.002625 -0.000525 0.04615384615)
(0.002625 -0.000525 0.04871794872)
(0.002625 -0.000525 0.05128205128)
(0.002625 -0.000525 0.05384615385)
(0.002625 -0.000525 0.05641025641)
(0.002625 -0.000525 0.05897435897)
(0.002625 -0.000525 0.06153846154)
(0.002625 -0.000525 0.0641025641)
(0.002625 -0.000525 0.06666666667)
(0.002625 -0.000525 0.06923076923)
(0.002625 -0.000525 0.07179487179)
(0.002625 -0.000525 0.07435897436)
(0.002625 -0.000525 0.07692307692)
(0.002625 -0.000525 0.07948717949)
(0.002625 -0.000525 0.08205128205)
(0.002625 -0.000525 0.08461538462)
(0.002625 -0.000525 0.08717948718)
(0.002625 -0.000525 0.08974358974)
(0.002625 -0.000525 0.09230769231)
(0.002625 -0.000525 0.09487179487)
(0.002625 -0.000525 0.09743589744)
(0.002625 -0.000525 0.1)
(0.0021 -0.00105 0)
(0.0021 -0.00105 0.002564102564)
(0.0021 -0.00105 0.005128205128)
(0.0021 -0.00105 0.007692307692)
(0.0021 -0.00105 0.01025641026)
(0.0021 -0.00105 0.01282051282)
(0.0021 -0.00105 0.01538461538)
(0.0021 -0.00105 0.01794871795)
(0.0021 -0.00105 0.02051282051)
(0.0021 -0.00105 0.02307692308)
(0.0021 -0.00105 0.02564102564)
(0.0021 -0.00105 0.02820512821)
(0.0021 -0.00105 0.03076923077)
(0.0021 -0.00105 0.03333333333)
(0.0021 -0.00105 0.0358974359)
(0.0021 -0.00105 0.03846153846)
(0.0021 -0.00105 0.04102564103)
(0.0021 -0.00105 0.04358974359)
(0.0021 -0.00105 0.04615384615)
(0.0021 -0.00105 0.04871794872)
(0.0021 -0.00105 0.05128205128)
(0.0021 -0.00105 0.05384615385)
(0.0021 -0.00105 0.05641025641)
(0.0021 -0.00105 0.05897435897)
(0.0021 -0.00105 0.06153846154)
(0.0021 -0.00105 0.0641025641)
(0.0021 -0.00105 0.06666666667)
(0.0021 -0.00105 0.06923076923)
(0.0021 -0.00105 0.07179487179)
(0.0021 -0.00105 0.07435897436)
(0.0021 -0.00105 0.07692307692)
(0.0021 -0.00105 0.07948717949)
(0.0021 -0.00105 0.08205128205)
(0.0021 -0.00105 0.08461538462)
(0.0021 -0.00105 0.08717948718)
(0.0021 -0.00105 0.08974358974)
(0.0021 -0.00105 0.09230769231)
(0.0021 -0.00105 0.09487179487)
(0.0021 -0.00105 0.09743589744)
(0.0021 -0.00105 0.1)
(0.001575 -0.001575 0)
(0.001575 -0.001575 0.002564102564)
(0.001575 -0.001575 0.005128205128)
(0.001575 -0.001575 0.007692307692)
(0.001575 -0.001575 0.01025641026)
(0.001575 -0.001575 0.01282051282)
(0.001575 -0.001575 0.01538461538)
(0.001575 -0.001575 0.01794871795)
(0.001575 -0.001575 0.02051282051)
(0.001575 -0.001575 0.02307692308)
(0.001575 -0.001575 0.02564102564)
(0.001575 -0.001575 0.02820512821)
(0.001575 -0.001575 0.03076923077)
(0.001575 -0.001575 0.03333333333)
(0.001575 -0.001575 0.0358974359)
(0.001575 -0.001575 0.03846153846)
(0.001575 -0.001575 0.04102564103)
(0.001575 -0.001575 0.04358974359)
(0.001575 -0.001575 0.04615384615)
(0.001575 -0.001575 0.04871794872)
(0.001575 -0.001575 0.05128205128)
(0.001575 -0.001575 0.05384615385)
(0.001575 -0.001575 0.05641025641)
(0.001575 -0.001575 0.05897435897)
(0.001575 -0.001575 0.06153846154)
(0.001575 -0.001575 0.0641025641)
(0.001575 -0.001575 0.06666666667)
(0.001575 -0.001575 0.06923076923)
(0.001575 -0.001575 0.07179487179)
(0.001575 -0.001575 0.07435897436)
(0.001575 -0.001575 0.07692307692)
(0.001575 -0.001575 0.07948717949)
(0.001575 -0.001575 0.08205128205)
(0.001575 -0.001575 0.08461538462)
(0.001575 -0.001575 0.08717948718)
(0.001575 -0.001575 0.08974358974)
(0.001575 -0.001575 0.09230769231)
(0.001575 -0.001575 0.09487179487)
(0.001575 -0.001575 0.09743589744)
(0.001575 -0.001575 0.1)
(0.00105 -0.0021 0)
(0.00105 -0.0021 0.002564102564)
(0.00105 -0.0021 0.005128205128)
(0.00105 -0.0021 0.007692307692)
(0.00105 -0.0021 0.01025641026)
(0.00105 -0.0021 0.01282051282)
(0.00105 -0.0021 0.01538461538)
(0.00105 -0.0021 0.01794871795)
(0.00105 -0.0021 0.02051282051)
(0.00105 -0.0021 0.02307692308)
(0.00105 -0.0021 0.02564102564)
(0.00105 -0.0021 0.02820512821)
(0.00105 -0.0021 0.03076923077)
(0.00105 -0.0021 0.03333333333)
(0.00105 -0.0021 0.0358974359)
(0.00105 -0.0021 0.03846153846)
(0.00105 -0.0021 0.04102564103)
(0.00105 -0.0021 0.04358974359)
(0.00105 -0.0021 0.04615384615)
(0.00105 -0.0021 0.04871794872)
(0.00105 -0.0021 0.05128205128)
(0.00105 -0.0021 0.05384615385)
(0.00105 -0.0021 0.05641025641)
(0.00105 -0.0021 0.05897435897)
(0.00105 -0.0021 0.06153846154)
(0.00105 -0.0021 0.0641025641)
(0.00105 -0.0021 0.06666666667)
(0.00105 -0.0021 0.06923076923)
(0.00105 -0.0021 0.07179487179)
(0.00105 -0.0021 0.07435897436)
(0.00105 -0.0021 0.07692307692)
(0.00105 -0.0021 0.07948717949)
(0.00105 -0.0021 0.08205128205)
(0.00105 -0.0021 0.08461538462)
(0.00105 -0.0021 0.08717948718)
(0.00105 -0.0021 0.08974358974)
(0.00105 -0.0021 0.09230769231)
(0.00105 -0.0021 0.09487179487)
(0.00105 -0.0021 0.09743589744)
(0.00105 -0.0021 0.1)
(0.000525 -0.002625 0)
(0.000525 -0.002625 0.002564102564)
(0.000525 -0.002625 0.005128205128)
(0.000525 -0.002625 0.007692307692)
(0.000525 -0.002625 0.01025641026)
(0.000525 -0.002625 0.01282051282)
(0.000525 -0.002625 0.01538461538)
(0.000525 -0.002625 0.01794871795)
(0.000525 -0.002625 0.02051282051)
(0.000525 -0.002625 0.02307692308)
(0.000525 -0.002625 0.02564102564)
(0.000525 -0.002625 0.02820512821)
(0.000525 -0.002625 0.03076923077)
(0.000525 -0.002625 0.03333333333)
(0.000525 -0.002625 0.0358974359)
(0.000525 -0.002625 0.03846153846)
(0.000525 -0.002625 0.04102564103)
(0.000525 -0.002625 0.04358974359)
(0.000525 -0.002625 0.04615384615)
(0.000525 -0.002625 0.04871794872)
(0.000525 -0.002625 0.05128205128)
(0.000525 -0.002625 0.05384615385)
(0.000525 -0.002625 0.05641025641)
(0.000525 -0.002625 0.05897435897)
(0.000525 -0.002625 0.06153846154)
(0.000525 -0.002625 0.0641025641)
(0.000525 -0.002625 0.06666666667)
(0.000525 -0.002625 0.06923076923)
(0.000525 -0.002625 0.07179487179)
(0.000525 -0.002625 0.07435897436)
(0.000525 -0.002625 0.07692307692)
(0.000525 -0.002625 0.07948717949)
(0.000525 -0.002625 0.08205128205)
(0.000525 -0.002625 0.08461538462)
(0.000525 -0.002625 0.08717948718)
(0.000525 -0.002625 0.08974358974)
(0.000525 -0.002625 0.09230769231)
(0.000525 -0.002625 0.09487179487)
(0.000525 -0.002625 0.09743589744)
(0.000525 -0.002625 0.1)
(-6.646519913e-19 -0.00315 0)
(-1.05303923e-18 -0.00315 0.002564102564)
(-1.05303923e-18 -0.00315 0.005128205128)
(-1.05303923e-18 -0.00315 0.007692307692)
(-1.05303923e-18 -0.00315 0.01025641026)
(-1.05303923e-18 -0.00315 0.01282051282)
(-1.05303923e-18 -0.00315 0.01538461538)
(-1.05303923e-18 -0.00315 0.01794871795)
(-1.05303923e-18 -0.00315 0.02051282051)
(-1.05303923e-18 -0.00315 0.02307692308)
(-1.05303923e-18 -0.00315 0.02564102564)
(-1.05303923e-18 -0.00315 0.02820512821)
(-1.05303923e-18 -0.00315 0.03076923077)
(-1.05303923e-18 -0.00315 0.03333333333)
(-1.05303923e-18 -0.00315 0.0358974359)
(-1.05303923e-18 -0.00315 0.03846153846)
(-1.05303923e-18 -0.00315 0.04102564103)
(-1.05303923e-18 -0.00315 0.04358974359)
(-1.05303923e-18 -0.00315 0.04615384615)
(-1.05303923e-18 -0.00315 0.04871794872)
(-1.05303923e-18 -0.00315 0.05128205128)
(-1.05303923e-18 -0.00315 0.05384615385)
(-1.05303923e-18 -0.00315 0.05641025641)
(-1.05303923e-18 -0.00315 0.05897435897)
(-1.05303923e-18 -0.00315 0.06153846154)
(-1.05303923e-18 -0.00315 0.0641025641)
(-1.05303923e-18 -0.00315 0.06666666667)
(-1.05303923e-18 -0.00315 0.06923076923)
(-1.05303923e-18 -0.00315 0.07179487179)
(-1.05303923e-18 -0.00315 0.07435897436)
(-1.05303923e-18 -0.00315 0.07692307692)
(-1.05303923e-18 -0.00315 0.07948717949)
(-1.05303923e-18 -0.00315 0.08205128205)
(-1.05303923e-18 -0.00315 0.08461538462)
(-1.05303923e-18 -0.00315 0.08717948718)
(-1.05303923e-18 -0.00315 0.08974358974)
(-1.05303923e-18 -0.00315 0.09230769231)
(-1.05303923e-18 -0.00315 0.09487179487)
(-1.05303923e-18 -0.00315 0.09743589744)
(-1.05303923e-18 -0.00315 0.1)
(-0.000525 -0.003675 0)
(-0.000525 -0.003675 0.002564102564)
(-0.000525 -0.003675 0.005128205128)
(-0.000525 -0.003675 0.007692307692)
(-0.000525 -0.003675 0.01025641026)
(-0.000525 -0.003675 0.01282051282)
(-0.000525 -0.003675 0.01538461538)
(-0.000525 -0.003675 0.01794871795)
(-0.000525 -0.003675 0.02051282051)
(-0.000525 -0.003675 0.02307692308)
(-0.000525 -0.003675 0.02564102564)
(-0.000525 -0.003675 0.02820512821)
(-0.000525 -0.003675 0.03076923077)
(-0.000525 -0.003675 0.03333333333)
(-0.000525 -0.003675 0.0358974359)
(-0.000525 -0.003675 0.03846153846)
(-0.000525 -0.003675 0.04102564103)
(-0.000525 -0.003675 0.04358974359)
(-0.000525 -0.003675 0.04615384615)
(-0.000525 -0.003675 0.04871794872)
(-0.000525 -0.003675 0.05128205128)
(-0.000525 -0.003675 0.05384615385)
(-0.000525 -0.003675 0.05641025641)
(-0.000525 -0.003675 0.05897435897)
(-0.000525 -0.003675 0.06153846154)
(-0.000525 -0.003675 0.0641025641)
(-0.000525 -0.003675 0.06666666667)
(-0.000525 -0.003675 0.06923076923)
(-0.000525 -0.003675 0.07179487179)
(-0.000525 -0.003675 0.07435897436)
(-0.000525 -0.003675 0.07692307692)
(-0.000525 -0.003675 0.07948717949)
(-0.000525 -0.003675 0.08205128205)
(-0.000525 -0.003675 0.08461538462)
(-0.000525 -0.003675 0.08717948718)
(-0.000525 -0.003675 0.08974358974)
(-0.000525 -0.003675 0.09230769231)
(-0.000525 -0.003675 0.09487179487)
(-0.000525 -0.003675 0.09743589744)
(-0.000525 -0.003675 0.1)
(0.00315 0.00105 0)
(0.00315 0.00105 0.002564102564)
(0.00315 0.00105 0.005128205128)
(0.00315 0.00105 0.007692307692)
(0.00315 0.00105 0.01025641026)
(0.00315 0.00105 0.01282051282)
(0.00315 0.00105 0.01538461538)
(0.00315 0.00105 0.01794871795)
(0.00315 0.00105 0.02051282051)
(0.00315 0.00105 0.02307692308)
(0.00315 0.00105 0.02564102564)
(0.00315 0.00105 0.02820512821)
(0.00315 0.00105 0.03076923077)
(0.00315 0.00105 0.03333333333)
(0.00315 0.00105 0.0358974359)
(0.00315 0.00105 0.03846153846)
(0.00315 0.00105 0.04102564103)
(0.00315 0.00105 0.04358974359)
(0.00315 0.00105 0.04615384615)
(0.00315 0.00105 0.04871794872)
(0.00315 0.00105 0.05128205128)
(0.00315 0.00105 0.05384615385)
(0.00315 0.00105 0.05641025641)
(0.00315 0.00105 0.05897435897)
(0.00315 0.00105 0.06153846154)
(0.00315 0.00105 0.0641025641)
(0.00315 0.00105 0.06666666667)
(0.00315 0.00105 0.06923076923)
(0.00315 0.00105 0.07179487179)
(0.00315 0.00105 0.07435897436)
(0.00315 0.00105 0.07692307692)
(0.00315 0.00105 0.07948717949)
(0.00315 0.00105 0.08205128205)
(0.00315 0.00105 0.08461538462)
(0.00315 0.00105 0.08717948718)
(0.00315 0.00105 0.08974358974)
(0.00315 0.00105 0.09230769231)
(0.00315 0.00105 0.09487179487)
(0.00315 0.00105 0.09743589744)
(0.00315 0.00105 0.1)
(0.002625 0.000525 0)
(0.002625 0.000525 0.002564102564)
(0.002625 0.000525 0.005128205128)
(0.002625 0.000525 0.007692307692)
(0.002625 0.000525 0.01025641026)
(0.002625 0.000525 0.01282051282)
(0.002625 0.000525 0.01538461538)
(0.002625 0.000525 0.01794871795)
(0.002625 0.000525 0.02051282051)
(0.002625 0.000525 0.02307692308)
(0.002625 0.000525 0.02564102564)
(0.002625 0.000525 0.02820512821)
(0.002625 0.000525 0.03076923077)
(0.002625 0.000525 0.03333333333)
(0.002625 0.000525 0.0358974359)
(0.002625 0.000525 0.03846153846)
(0.002625 0.000525 0.04102564103)
(0.002625 0.000525 0.04358974359)
(0.002625 0.000525 0.04615384615)
(0.002625 0.000525 0.04871794872)
(0.002625 0.000525 0.05128205128)
(0.002625 0.000525 0.05384615385)
(0.002625 0.000525 0.05641025641)
(0.002625 0.000525 0.05897435897)
(0.002625 0.000525 0.06153846154)
(0.002625 0.000525 0.0641025641)
(0.002625 0.000525 0.06666666667)
(0.002625 0.000525 0.06923076923)
(0.002625 0.000525 0.07179487179)
(0.002625 0.000525 0.07435897436)
(0.002625 0.000525 0.07692307692)
(0.002625 0.000525 0.07948717949)
(0.002625 0.000525 0.08205128205)
(0.002625 0.000525 0.08461538462)
(0.002625 0.000525 0.08717948718)
(0.002625 0.000525 0.08974358974)
(0.002625 0.000525 0.09230769231)
(0.002625 0.000525 0.09487179487)
(0.002625 0.000525 0.09743589744)
(0.002625 0.000525 0.1)
(0.0021 1.110223025e-19 0)
(0.0021 0 0.002564102564)
(0.0021 5.551115123e-19 0.005128205128)
(0.0021 5.551115123e-19 0.007692307692)
(0.0021 5.551115123e-19 0.01025641026)
(0.0021 5.551115123e-19 0.01282051282)
(0.0021 5.551115123e-19 0.01538461538)
(0.0021 5.551115123e-19 0.01794871795)
(0.0021 5.551115123e-19 0.02051282051)
(0.0021 5.551115123e-19 0.02307692308)
(0.0021 5.551115123e-19 0.02564102564)
(0.0021 5.551115123e-19 0.02820512821)
(0.0021 5.551115123e-19 0.03076923077)
(0.0021 5.551115123e-19 0.03333333333)
(0.0021 5.551115123e-19 0.0358974359)
(0.0021 5.551115123e-19 0.03846153846)
(0.0021 5.551115123e-19 0.04102564103)
(0.0021 5.551115123e-19 0.04358974359)
(0.0021 5.551115123e-19 0.04615384615)
(0.0021 5.551115123e-19 0.04871794872)
(0.0021 5.551115123e-19 0.05128205128)
(0.0021 5.551115123e-19 0.05384615385)
(0.0021 5.551115123e-19 0.05641025641)
(0.0021 5.551115123e-19 0.05897435897)
(0.0021 5.551115123e-19 0.06153846154)
(0.0021 5.551115123e-19 0.0641025641)
(0.0021 5.551115123e-19 0.06666666667)
(0.0021 5.551115123e-19 0.06923076923)
(0.0021 5.551115123e-19 0.07179487179)
(0.0021 5.551115123e-19 0.07435897436)
(0.0021 5.551115123e-19 0.07692307692)
(0.0021 5.551115123e-19 0.07948717949)
(0.0021 5.551115123e-19 0.08205128205)
(0.0021 5.551115123e-19 0.08461538462)
(0.0021 5.551115123e-19 0.08717948718)
(0.0021 5.551115123e-19 0.08974358974)
(0.0021 5.551115123e-19 0.09230769231)
(0.0021 5.551115123e-19 0.09487179487)
(0.0021 5.551115123e-19 0.09743589744)
(0.0021 0 0.1)
(0.001575 -0.000525 0)
(0.001575 -0.000525 0.002564102564)
(0.001575 -0.000525 0.005128205128)
(0.001575 -0.000525 0.007692307692)
(0.001575 -0.000525 0.01025641026)
(0.001575 -0.000525 0.01282051282)
(0.001575 -0.000525 0.01538461538)
(0.001575 -0.000525 0.01794871795)
(0.001575 -0.000525 0.02051282051)
(0.001575 -0.000525 0.02307692308)
(0.001575 -0.000525 0.02564102564)
(0.001575 -0.000525 0.02820512821)
(0.001575 -0.000525 0.03076923077)
(0.001575 -0.000525 0.03333333333)
(0.001575 -0.000525 0.0358974359)
(0.001575 -0.000525 0.03846153846)
(0.001575 -0.000525 0.04102564103)
(0.001575 -0.000525 0.04358974359)
(0.001575 -0.000525 0.04615384615)
(0.001575 -0.000525 0.04871794872)
(0.001575 -0.000525 0.05128205128)
(0.001575 -0.000525 0.05384615385)
(0.001575 -0.000525 0.05641025641)
(0.001575 -0.000525 0.05897435897)
(0.001575 -0.000525 0.06153846154)
(0.001575 -0.000525 0.0641025641)
(0.001575 -0.000525 0.06666666667)
(0.001575 -0.000525 0.06923076923)
(0.001575 -0.000525 0.07179487179)
(0.001575 -0.000525 0.07435897436)
(0.001575 -0.000525 0.07692307692)
(0.001575 -0.000525 0.07948717949)
(0.001575 -0.000525 0.08205128205)
(0.001575 -0.000525 0.08461538462)
(0.001575 -0.000525 0.08717948718)
(0.001575 -0.000525 0.08974358974)
(0.001575 -0.000525 0.09230769231)
(0.001575 -0.000525 0.09487179487)
(0.001575 -0.000525 0.09743589744)
(0.001575 -0.000525 0.1)
(0.00105 -0.00105 0)
(0.00105 -0.00105 0.002564102564)
(0.00105 -0.00105 0.005128205128)
(0.00105 -0.00105 0.007692307692)
(0.00105 -0.00105 0.01025641026)
(0.00105 -0.00105 0.01282051282)
(0.00105 -0.00105 0.01538461538)
(0.00105 -0.00105 0.01794871795)
(0.00105 -0.00105 0.02051282051)
(0.00105 -0.00105 0.02307692308)
(0.00105 -0.00105 0.02564102564)
(0.00105 -0.00105 0.02820512821)
(0.00105 -0.00105 0.03076923077)
(0.00105 -0.00105 0.03333333333)
(0.00105 -0.00105 0.0358974359)
(0.00105 -0.00105 0.03846153846)
(0.00105 -0.00105 0.04102564103)
(0.00105 -0.00105 0.04358974359)
(0.00105 -0.00105 0.04615384615)
(0.00105 -0.00105 0.04871794872)
(0.00105 -0.00105 0.05128205128)
(0.00105 -0.00105 0.05384615385)
(0.00105 -0.00105 0.05641025641)
(0.00105 -0.00105 0.05897435897)
(0.00105 -0.00105 0.06153846154)
(0.00105 -0.00105 0.0641025641)
(0.00105 -0.00105 0.06666666667)
(0.00105 -0.00105 0.06923076923)
(0.00105 -0.00105 0.07179487179)
(0.00105 -0.00105 0.07435897436)
(0.00105 -0.00105 0.07692307692)
(0.00105 -0.00105 0.07948717949)
(0.00105 -0.00105 0.08205128205)
(0.00105 -0.00105 0.08461538462)
(0.00105 -0.00105 0.08717948718)
(0.00105 -0.00105 0.08974358974)
(0.00105 -0.00105 0.09230769231)
(0.00105 -0.00105 0.09487179487)
(0.00105 -0.00105 0.09743589744)
(0.00105 -0.00105 0.1)
(0.000525 -0.001575 0)
(0.000525 -0.001575 0.002564102564)
(0.000525 -0.001575 0.005128205128)
(0.000525 -0.001575 0.007692307692)
(0.000525 -0.001575 0.01025641026)
(0.000525 -0.001575 0.01282051282)
(0.000525 -0.001575 0.01538461538)
(0.000525 -0.001575 0.01794871795)
(0.000525 -0.001575 0.02051282051)
(0.000525 -0.001575 0.02307692308)
(0.000525 -0.001575 0.02564102564)
(0.000525 -0.001575 0.02820512821)
(0.000525 -0.001575 0.03076923077)
(0.000525 -0.001575 0.03333333333)
(0.000525 -0.001575 0.0358974359)
(0.000525 -0.001575 0.03846153846)
(0.000525 -0.001575 0.04102564103)
(0.000525 -0.001575 0.04358974359)
(0.000525 -0.001575 0.04615384615)
(0.000525 -0.001575 0.04871794872)
(0.000525 -0.001575 0.05128205128)
(0.000525 -0.001575 0.05384615385)
(0.000525 -0.001575 0.05641025641)
(0.000525 -0.001575 0.05897435897)
(0.000525 -0.001575 0.06153846154)
(0.000525 -0.001575 0.0641025641)
(0.000525 -0.001575 0.06666666667)
(0.000525 -0.001575 0.06923076923)
(0.000525 -0.001575 0.07179487179)
(0.000525 -0.001575 0.07435897436)
(0.000525 -0.001575 0.07692307692)
(0.000525 -0.001575 0.07948717949)
(0.000525 -0.001575 0.08205128205)
(0.000525 -0.001575 0.08461538462)
(0.000525 -0.001575 0.08717948718)
(0.000525 -0.001575 0.08974358974)
(0.000525 -0.001575 0.09230769231)
(0.000525 -0.001575 0.09487179487)
(0.000525 -0.001575 0.09743589744)
(0.000525 -0.001575 0.1)
(-4.883157487e-19 -0.0021 0)
(-8.733549714e-19 -0.0021 0.002564102564)
(-8.733549714e-19 -0.0021 0.005128205128)
(-8.733549714e-19 -0.0021 0.007692307692)
(-8.733549714e-19 -0.0021 0.01025641026)
(-8.733549714e-19 -0.0021 0.01282051282)
(-8.733549714e-19 -0.0021 0.01538461538)
(-8.733549714e-19 -0.0021 0.01794871795)
(-8.733549714e-19 -0.0021 0.02051282051)
(-8.733549714e-19 -0.0021 0.02307692308)
(-8.733549714e-19 -0.0021 0.02564102564)
(-8.733549714e-19 -0.0021 0.02820512821)
(-8.733549714e-19 -0.0021 0.03076923077)
(-8.733549714e-19 -0.0021 0.03333333333)
(-8.733549714e-19 -0.0021 0.0358974359)
(-8.733549714e-19 -0.0021 0.03846153846)
(-8.733549714e-19 -0.0021 0.04102564103)
(-8.733549714e-19 -0.0021 0.04358974359)
(-8.733549714e-19 -0.0021 0.04615384615)
(-8.733549714e-19 -0.0021 0.04871794872)
(-8.733549714e-19 -0.0021 0.05128205128)
(-8.733549714e-19 -0.0021 0.05384615385)
(-8.733549714e-19 -0.0021 0.05641025641)
(-8.733549714e-19 -0.0021 0.05897435897)
(-8.733549714e-19 -0.0021 0.06153846154)
(-8.733549714e-19 -0.0021 0.0641025641)
(-8.733549714e-19 -0.0021 0.06666666667)
(-8.733549714e-19 -0.0021 0.06923076923)
(-8.733549714e-19 -0.0021 0.07179487179)
(-8.733549714e-19 -0.0021 0.07435897436)
(-8.733549714e-19 -0.0021 0.07692307692)
(-8.733549714e-19 -0.0021 0.07948717949)
(-8.733549714e-19 -0.0021 0.08205128205)
(-8.733549714e-19 -0.0021 0.08461538462)
(-8.733549714e-19 -0.0021 0.08717948718)
(-8.733549714e-19 -0.0021 0.08974358974)
(-8.733549714e-19 -0.0021 0.09230769231)
(-8.733549714e-19 -0.0021 0.09487179487)
(-8.733549714e-19 -0.0021 0.09743589744)
(-8.733549714e-19 -0.0021 0.1)
(-0.000525 -0.002625 0)
(-0.000525 -0.002625 0.002564102564)
(-0.000525 -0.002625 0.005128205128)
(-0.000525 -0.002625 0.007692307692)
(-0.000525 -0.002625 0.01025641026)
(-0.000525 -0.002625 0.01282051282)
(-0.000525 -0.002625 0.01538461538)
(-0.000525 -0.002625 0.01794871795)
(-0.000525 -0.002625 0.02051282051)
(-0.000525 -0.002625 0.02307692308)
(-0.000525 -0.002625 0.02564102564)
(-0.000525 -0.002625 0.02820512821)
(-0.000525 -0.002625 0.03076923077)
(-0.000525 -0.002625 0.03333333333)
(-0.000525 -0.002625 0.0358974359)
(-0.000525 -0.002625 0.03846153846)
(-0.000525 -0.002625 0.04102564103)
(-0.000525 -0.002625 0.04358974359)
(-0.000525 -0.002625 0.04615384615)
(-0.000525 -0.002625 0.04871794872)
(-0.000525 -0.002625 0.05128205128)
(-0.000525 -0.002625 0.05384615385)
(-0.000525 -0.002625 0.05641025641)
(-0.000525 -0.002625 0.05897435897)
(-0.000525 -0.002625 0.06153846154)
(-0.000525 -0.002625 0.0641025641)
(-0.000525 -0.002625 0.06666666667)
(-0.000525 -0.002625 0.06923076923)
(-0.000525 -0.002625 0.07179487179)
(-0.000525 -0.002625 0.07435897436)
(-0.000525 -0.002625 0.07692307692)
(-0.000525 -0.002625 0.07948717949)
(-0.000525 -0.002625 0.08205128205)
(-0.000525 -0.002625 0.08461538462)
(-0.000525 -0.002625 0.08717948718)
(-0.000525 -0.002625 0.08974358974)
(-0.000525 -0.002625 0.09230769231)
(-0.000525 -0.002625 0.09487179487)
(-0.000525 -0.002625 0.09743589744)
(-0.000525 -0.002625 0.1)
(-0.00105 -0.00315 0)
(-0.00105 -0.00315 0.002564102564)
(-0.00105 -0.00315 0.005128205128)
(-0.00105 -0.00315 0.007692307692)
(-0.00105 -0.00315 0.01025641026)
(-0.00105 -0.00315 0.01282051282)
(-0.00105 -0.00315 0.01538461538)
(-0.00105 -0.00315 0.01794871795)
(-0.00105 -0.00315 0.02051282051)
(-0.00105 -0.00315 0.02307692308)
(-0.00105 -0.00315 0.02564102564)
(-0.00105 -0.00315 0.02820512821)
(-0.00105 -0.00315 0.03076923077)
(-0.00105 -0.00315 0.03333333333)
(-0.00105 -0.00315 0.0358974359)
(-0.00105 -0.00315 0.03846153846)
(-0.00105 -0.00315 0.04102564103)
(-0.00105 -0.00315 0.04358974359)
(-0.00105 -0.00315 0.04615384615)
(-0.00105 -0.00315 0.04871794872)
(-0.00105 -0.00315 0.05128205128)
(-0.00105 -0.00315 0.05384615385)
(-0.00105 -0.00315 0.05641025641)
(-0.00105 -0.00315 0.05897435897)
(-0.00105 -0.00315 0.06153846154)
(-0.00105 -0.00315 0.0641025641)
(-0.00105 -0.00315 0.06666666667)
(-0.00105 -0.00315 0.06923076923)
(-0.00105 -0.00315 0.07179487179)
(-0.00105 -0.00315 0.07435897436)
(-0.00105 -0.00315 0.07692307692)
(-0.00105 -0.00315 0.07948717949)
(-0.00105 -0.00315 0.08205128205)
(-0.00105 -0.00315 0.08461538462)
(-0.00105 -0.00315 0.08717948718)
(-0.00105 -0.00315 0.08974358974)
(-0.00105 -0.00315 0.09230769231)
(-0.00105 -0.00315 0.09487179487)
(-0.00105 -0.00315 0.09743589744)
(-0.00105 -0.00315 0.1)
(0.002625 0.001575 0)
(0.002625 0.001575 0.002564102564)
(0.002625 0.001575 0.005128205128)
(0.002625 0.001575 0.007692307692)
(0.002625 0.001575 0.01025641026)
(0.002625 0.001575 0.01282051282)
(0.002625 0.001575 0.01538461538)
(0.002625 0.001575 0.01794871795)
(0.002625 0.001575 0.02051282051)
(0.002625 0.001575 0.02307692308)
(0.002625 0.001575 0.02564102564)
(0.002625 0.001575 0.02820512821)
(0.002625 0.001575 0.03076923077)
(0.002625 0.001575 0.03333333333)
(0.002625 0.001575 0.0358974359)
(0.002625 0.001575 0.03846153846)
(0.002625 0.001575 0.04102564103)
(0.002625 0.001575 0.04358974359)
(0.002625 0.001575 0.04615384615)
(0.002625 0.001575 0.04871794872)
(0.002625 0.001575 0.05128205128)
(0.002625 0.001575 0.05384615385)
(0.002625 0.001575 0.05641025641)
(0.002625 0.001575 0.05897435897)
(0.002625 0.001575 0.06153846154)
(0.002625 0.001575 0.0641025641)
(0.002625 0.001575 0.06666666667)
(0.002625 0.001575 0.06923076923)
(0.002625 0.001575 0.07179487179)
(0.002625 0.001575 0.07435897436)
(0.002625 0.001575 0.07692307692)
(0.002625 0.001575 0.07948717949)
(0.002625 0.001575 0.08205128205)
(0.002625 0.001575 0.08461538462)
(0.002625 0.001575 0.08717948718)
(0.002625 0.001575 0.08974358974)
(0.002625 0.001575 0.09230769231)
(0.002625 0.001575 0.09487179487)
(0.002625 0.001575 0.09743589744)
(0.002625 0.001575 0.1)
(0.0021 0.00105 0)
(0.0021 0.00105 0.002564102564)
(0.0021 0.00105 0.005128205128)
(0.0021 0.00105 0.007692307692)
(0.0021 0.00105 0.01025641026)
(0.0021 0.00105 0.01282051282)
(0.0021 0.00105 0.01538461538)
(0.0021 0.00105 0.01794871795)
(0.0021 0.00105 0.02051282051)
(0.0021 0.00105 0.02307692308)
(0.0021 0.00105 0.02564102564)
(0.0021 0.00105 0.02820512821)
(0.0021 0.00105 0.03076923077)
(0.0021 0.00105 0.03333333333)
(0.0021 0.00105 0.0358974359)
(0.0021 0.00105 0.03846153846)
(0.0021 0.00105 0.04102564103)
(0.0021 0.00105 0.04358974359)
(0.0021 0.00105 0.04615384615)
(0.0021 0.00105 0.04871794872)
(0.0021 0.00105 0.05128205128)
(0.0021 0.00105 0.05384615385)
(0.0021 0.00105 0.05641025641)
(0.0021 0.00105 0.05897435897)
(0.0021 0.00105 0.06153846154)
(0.0021 0.00105 0.0641025641)
(0.0021 0.00105 0.06666666667)
(0.0021 0.00105 0.06923076923)
(0.0021 0.00105 0.07179487179)
(0.0021 0.00105 0.07435897436)
(0.0021 0.00105 0.07692307692)
(0.0021 0.00105 0.07948717949)
(0.0021 0.00105 0.08205128205)
(0.0021 0.00105 0.08461538462)
(0.0021 0.00105 0.08717948718)
(0.0021 0.00105 0.08974358974)
(0.0021 0.00105 0.09230769231)
(0.0021 0.00105 0.09487179487)
(0.0021 0.00105 0.09743589744)
(0.0021 0.00105 0.1)
(0.001575 0.000525 0)
(0.001575 0.000525 0.002564102564)
(0.001575 0.000525 0.005128205128)
(0.001575 0.000525 0.007692307692)
(0.001575 0.000525 0.01025641026)
(0.001575 0.000525 0.01282051282)
(0.001575 0.000525 0.01538461538)
(0.001575 0.000525 0.01794871795)
(0.001575 0.000525 0.02051282051)
(0.001575 0.000525 0.02307692308)
(0.001575 0.000525 0.02564102564)
(0.001575 0.000525 0.02820512821)
(0.001575 0.000525 0.03076923077)
(0.001575 0.000525 0.03333333333)
(0.001575 0.000525 0.0358974359)
(0.001575 0.000525 0.03846153846)
(0.001575 0.000525 0.04102564103)
(0.001575 0.000525 0.04358974359)
(0.001575 0.000525 0.04615384615)
(0.001575 0.000525 0.04871794872)
(0.001575 0.000525 0.05128205128)
(0.001575 0.000525 0.05384615385)
(0.001575 0.000525 0.05641025641)
(0.001575 0.000525 0.05897435897)
(0.001575 0.000525 0.06153846154)
(0.001575 0.000525 0.0641025641)
(0.001575 0.000525 0.06666666667)
(0.001575 0.000525 0.06923076923)
(0.001575 0.000525 0.07179487179)
(0.001575 0.000525 0.07435897436)
(0.001575 0.000525 0.07692307692)
(0.001575 0.000525 0.07948717949)
(0.001575 0.000525 0.08205128205)
(0.001575 0.000525 0.08461538462)
(0.001575 0.000525 0.08717948718)
(0.001575 0.000525 0.08974358974)
(0.001575 0.000525 0.09230769231)
(0.001575 0.000525 0.09487179487)
(0.001575 0.000525 0.09743589744)
(0.001575 0.000525 0.1)
(0.00105 1.110223025e-19 0)
(0.00105 2.220446049e-19 0.002564102564)
(0.00105 6.661338148e-19 0.005128205128)
(0.00105 6.661338148e-19 0.007692307692)
(0.00105 6.661338148e-19 0.01025641026)
(0.00105 6.661338148e-19 0.01282051282)
(0.00105 6.661338148e-19 0.01538461538)
(0.00105 6.661338148e-19 0.01794871795)
(0.00105 6.661338148e-19 0.02051282051)
(0.00105 6.661338148e-19 0.02307692308)
(0.00105 6.661338148e-19 0.02564102564)
(0.00105 6.661338148e-19 0.02820512821)
(0.00105 6.661338148e-19 0.03076923077)
(0.00105 6.661338148e-19 0.03333333333)
(0.00105 6.661338148e-19 0.0358974359)
(0.00105 6.661338148e-19 0.03846153846)
(0.00105 6.661338148e-19 0.04102564103)
(0.00105 6.661338148e-19 0.04358974359)
(0.00105 6.661338148e-19 0.04615384615)
(0.00105 6.661338148e-19 0.04871794872)
(0.00105 6.661338148e-19 0.05128205128)
(0.00105 6.661338148e-19 0.05384615385)
(0.00105 6.661338148e-19 0.05641025641)
(0.00105 6.661338148e-19 0.05897435897)
(0.00105 6.661338148e-19 0.06153846154)
(0.00105 6.661338148e-19 0.0641025641)
(0.00105 6.661338148e-19 0.06666666667)
(0.00105 6.661338148e-19 0.06923076923)
(0.00105 6.661338148e-19 0.07179487179)
(0.00105 6.661338148e-19 0.07435897436)
(0.00105 6.661338148e-19 0.07692307692)
(0.00105 6.661338148e-19 0.07948717949)
(0.00105 6.661338148e-19 0.08205128205)
(0.00105 6.661338148e-19 0.08461538462)
(0.00105 6.661338148e-19 0.08717948718)
(0.00105 6.661338148e-19 0.08974358974)
(0.00105 6.661338148e-19 0.09230769231)
(0.00105 6.661338148e-19 0.09487179487)
(0.00105 6.661338148e-19 0.09743589744)
(0.00105 2.220446049e-19 0.1)
(0.000525 -0.000525 0)
(0.000525 -0.000525 0.002564102564)
(0.000525 -0.000525 0.005128205128)
(0.000525 -0.000525 0.007692307692)
(0.000525 -0.000525 0.01025641026)
(0.000525 -0.000525 0.01282051282)
(0.000525 -0.000525 0.01538461538)
(0.000525 -0.000525 0.01794871795)
(0.000525 -0.000525 0.02051282051)
(0.000525 -0.000525 0.02307692308)
(0.000525 -0.000525 0.02564102564)
(0.000525 -0.000525 0.02820512821)
(0.000525 -0.000525 0.03076923077)
(0.000525 -0.000525 0.03333333333)
(0.000525 -0.000525 0.0358974359)
(0.000525 -0.000525 0.03846153846)
(0.000525 -0.000525 0.04102564103)
(0.000525 -0.000525 0.04358974359)
(0.000525 -0.000525 0.04615384615)
(0.000525 -0.000525 0.04871794872)
(0.000525 -0.000525 0.05128205128)
(0.000525 -0.000525 0.05384615385)
(0.000525 -0.000525 0.05641025641)
(0.000525 -0.000525 0.05897435897)
(0.000525 -0.000525 0.06153846154)
(0.000525 -0.000525 0.0641025641)
(0.000525 -0.000525 0.06666666667)
(0.000525 -0.000525 0.06923076923)
(0.000525 -0.000525 0.07179487179)
(0.000525 -0.000525 0.07435897436)
(0.000525 -0.000525 0.07692307692)
(0.000525 -0.000525 0.07948717949)
(0.000525 -0.000525 0.08205128205)
(0.000525 -0.000525 0.08461538462)
(0.000525 -0.000525 0.08717948718)
(0.000525 -0.000525 0.08974358974)
(0.000525 -0.000525 0.09230769231)
(0.000525 -0.000525 0.09487179487)
(0.000525 -0.000525 0.09743589744)
(0.000525 -0.000525 0.1)
(-4.501304613e-19 -0.00105 0)
(-8.963880755e-19 -0.00105 0.002564102564)
(-8.963880755e-19 -0.00105 0.005128205128)
(-8.963880755e-19 -0.00105 0.007692307692)
(-8.963880755e-19 -0.00105 0.01025641026)
(-8.963880755e-19 -0.00105 0.01282051282)
(-8.963880755e-19 -0.00105 0.01538461538)
(-8.963880755e-19 -0.00105 0.01794871795)
(-8.963880755e-19 -0.00105 0.02051282051)
(-8.963880755e-19 -0.00105 0.02307692308)
(-8.963880755e-19 -0.00105 0.02564102564)
(-8.963880755e-19 -0.00105 0.02820512821)
(-8.963880755e-19 -0.00105 0.03076923077)
(-8.963880755e-19 -0.00105 0.03333333333)
(-8.963880755e-19 -0.00105 0.0358974359)
(-8.963880755e-19 -0.00105 0.03846153846)
(-8.963880755e-19 -0.00105 0.04102564103)
(-8.963880755e-19 -0.00105 0.04358974359)
(-8.963880755e-19 -0.00105 0.04615384615)
(-8.963880755e-19 -0.00105 0.04871794872)
(-8.963880755e-19 -0.00105 0.05128205128)
(-8.963880755e-19 -0.00105 0.05384615385)
(-8.963880755e-19 -0.00105 0.05641025641)
(-8.963880755e-19 -0.00105 0.05897435897)
(-8.963880755e-19 -0.00105 0.06153846154)
(-8.963880755e-19 -0.00105 0.0641025641)
(-8.963880755e-19 -0.00105 0.06666666667)
(-8.963880755e-19 -0.00105 0.06923076923)
(-8.963880755e-19 -0.00105 0.07179487179)
(-8.963880755e-19 -0.00105 0.07435897436)
(-8.963880755e-19 -0.00105 0.07692307692)
(-8.963880755e-19 -0.00105 0.07948717949)
(-8.963880755e-19 -0.00105 0.08205128205)
(-8.963880755e-19 -0.00105 0.08461538462)
(-8.963880755e-19 -0.00105 0.08717948718)
(-8.963880755e-19 -0.00105 0.08974358974)
(-8.963880755e-19 -0.00105 0.09230769231)
(-8.963880755e-19 -0.00105 0.09487179487)
(-8.963880755e-19 -0.00105 0.09743589744)
(-8.963880755e-19 -0.00105 0.1)
(-0.000525 -0.001575 0)
(-0.000525 -0.001575 0.002564102564)
(-0.000525 -0.001575 0.005128205128)
(-0.000525 -0.001575 0.007692307692)
(-0.000525 -0.001575 0.01025641026)
(-0.000525 -0.001575 0.01282051282)
(-0.000525 -0.001575 0.01538461538)
(-0.000525 -0.001575 0.01794871795)
(-0.000525 -0.001575 0.02051282051)
(-0.000525 -0.001575 0.02307692308)
(-0.000525 -0.001575 0.02564102564)
(-0.000525 -0.001575 0.02820512821)
(-0.000525 -0.001575 0.03076923077)
(-0.000525 -0.001575 0.03333333333)
(-0.000525 -0.001575 0.0358974359)
(-0.000525 -0.001575 0.03846153846)
(-0.000525 -0.001575 0.04102564103)
(-0.000525 -0.001575 0.04358974359)
(-0.000525 -0.001575 0.04615384615)
(-0.000525 -0.001575 0.04871794872)
(-0.000525 -0.001575 0.05128205128)
(-0.000525 -0.001575 0.05384615385)
(-0.000525 -0.001575 0.05641025641)
(-0.000525 -0.001575 0.05897435897)
(-0.000525 -0.001575 0.06153846154)
(-0.000525 -0.001575 0.0641025641)
(-0.000525 -0.001575 0.06666666667)
(-0.000525 -0.001575 0.06923076923)
(-0.000525 -0.001575 0.07179487179)
(-0.000525 -0.001575 0.07435897436)
(-0.000525 -0.001575 0.07692307692)
(-0.000525 -0.001575 0.07948717949)
(-0.000525 -0.001575 0.08205128205)
(-0.000525 -0.001575 0.08461538462)
(-0.000525 -0.001575 0.08717948718)
(-0.000525 -0.001575 0.08974358974)
(-0.000525 -0.001575 0.09230769231)
(-0.000525 -0.001575 0.09487179487)
(-0.000525 -0.001575 0.09743589744)
(-0.000525 -0.001575 0.1)
(-0.00105 -0.0021 0)
(-0.00105 -0.0021 0.002564102564)
(-0.00105 -0.0021 0.005128205128)
(-0.00105 -0.0021 0.007692307692)
(-0.00105 -0.0021 0.01025641026)
(-0.00105 -0.0021 0.01282051282)
(-0.00105 -0.0021 0.01538461538)
(-0.00105 -0.0021 0.01794871795)
(-0.00105 -0.0021 0.02051282051)
(-0.00105 -0.0021 0.02307692308)
(-0.00105 -0.0021 0.02564102564)
(-0.00105 -0.0021 0.02820512821)
(-0.00105 -0.0021 0.03076923077)
(-0.00105 -0.0021 0.03333333333)
(-0.00105 -0.0021 0.0358974359)
(-0.00105 -0.0021 0.03846153846)
(-0.00105 -0.0021 0.04102564103)
(-0.00105 -0.0021 0.04358974359)
(-0.00105 -0.0021 0.04615384615)
(-0.00105 -0.0021 0.04871794872)
(-0.00105 -0.0021 0.05128205128)
(-0.00105 -0.0021 0.05384615385)
(-0.00105 -0.0021 0.05641025641)
(-0.00105 -0.0021 0.05897435897)
(-0.00105 -0.0021 0.06153846154)
(-0.00105 -0.0021 0.0641025641)
(-0.00105 -0.0021 0.06666666667)
(-0.00105 -0.0021 0.06923076923)
(-0.00105 -0.0021 0.07179487179)
(-0.00105 -0.0021 0.07435897436)
(-0.00105 -0.0021 0.07692307692)
(-0.00105 -0.0021 0.07948717949)
(-0.00105 -0.0021 0.08205128205)
(-0.00105 -0.0021 0.08461538462)
(-0.00105 -0.0021 0.08717948718)
(-0.00105 -0.0021 0.08974358974)
(-0.00105 -0.0021 0.09230769231)
(-0.00105 -0.0021 0.09487179487)
(-0.00105 -0.0021 0.09743589744)
(-0.00105 -0.0021 0.1)
(-0.001575 -0.002625 0)
(-0.001575 -0.002625 0.002564102564)
(-0.001575 -0.002625 0.005128205128)
(-0.001575 -0.002625 0.007692307692)
(-0.001575 -0.002625 0.01025641026)
(-0.001575 -0.002625 0.01282051282)
(-0.001575 -0.002625 0.01538461538)
(-0.001575 -0.002625 0.01794871795)
(-0.001575 -0.002625 0.02051282051)
(-0.001575 -0.002625 0.02307692308)
(-0.001575 -0.002625 0.02564102564)
(-0.001575 -0.002625 0.02820512821)
(-0.001575 -0.002625 0.03076923077)
(-0.001575 -0.002625 0.03333333333)
(-0.001575 -0.002625 0.0358974359)
(-0.001575 -0.002625 0.03846153846)
(-0.001575 -0.002625 0.04102564103)
(-0.001575 -0.002625 0.04358974359)
(-0.001575 -0.002625 0.04615384615)
(-0.001575 -0.002625 0.04871794872)
(-0.001575 -0.002625 0.05128205128)
(-0.001575 -0.002625 0.05384615385)
(-0.001575 -0.002625 0.05641025641)
(-0.001575 -0.002625 0.05897435897)
(-0.001575 -0.002625 0.06153846154)
(-0.001575 -0.002625 0.0641025641)
(-0.001575 -0.002625 0.06666666667)
(-0.001575 -0.002625 0.06923076923)
(-0.001575 -0.002625 0.07179487179)
(-0.001575 -0.002625 0.07435897436)
(-0.001575 -0.002625 0.07692307692)
(-0.001575 -0.002625 0.07948717949)
(-0.001575 -0.002625 0.08205128205)
(-0.001575 -0.002625 0.08461538462)
(-0.001575 -0.002625 0.08717948718)
(-0.001575 -0.002625 0.08974358974)
(-0.001575 -0.002625 0.09230769231)
(-0.001575 -0.002625 0.09487179487)
(-0.001575 -0.002625 0.09743589744)
(-0.001575 -0.002625 0.1)
(0.0021 0.0021 0)
(0.0021 0.0021 0.002564102564)
(0.0021 0.0021 0.005128205128)
(0.0021 0.0021 0.007692307692)
(0.0021 0.0021 0.01025641026)
(0.0021 0.0021 0.01282051282)
(0.0021 0.0021 0.01538461538)
(0.0021 0.0021 0.01794871795)
(0.0021 0.0021 0.02051282051)
(0.0021 0.0021 0.02307692308)
(0.0021 0.0021 0.02564102564)
(0.0021 0.0021 0.02820512821)
(0.0021 0.0021 0.03076923077)
(0.0021 0.0021 0.03333333333)
(0.0021 0.0021 0.0358974359)
(0.0021 0.0021 0.03846153846)
(0.0021 0.0021 0.04102564103)
(0.0021 0.0021 0.04358974359)
(0.0021 0.0021 0.04615384615)
(0.0021 0.0021 0.04871794872)
(0.0021 0.0021 0.05128205128)
(0.0021 0.0021 0.05384615385)
(0.0021 0.0021 0.05641025641)
(0.0021 0.0021 0.05897435897)
(0.0021 0.0021 0.06153846154)
(0.0021 0.0021 0.0641025641)
(0.0021 0.0021 0.06666666667)
(0.0021 0.0021 0.06923076923)
(0.0021 0.0021 0.07179487179)
(0.0021 0.0021 0.07435897436)
(0.0021 0.0021 0.07692307692)
(0.0021 0.0021 0.07948717949)
(0.0021 0.0021 0.08205128205)
(0.0021 0.0021 0.08461538462)
(0.0021 0.0021 0.08717948718)
(0.0021 0.0021 0.08974358974)
(0.0021 0.0021 0.09230769231)
(0.0021 0.0021 0.09487179487)
(0.0021 0.0021 0.09743589744)
(0.0021 0.0021 0.1)
(0.001575 0.001575 0)
(0.001575 0.001575 0.002564102564)
(0.001575 0.001575 0.005128205128)
(0.001575 0.001575 0.007692307692)
(0.001575 0.001575 0.01025641026)
(0.001575 0.001575 0.01282051282)
(0.001575 0.001575 0.01538461538)
(0.001575 0.001575 0.01794871795)
(0.001575 0.001575 0.02051282051)
(0.001575 0.001575 0.02307692308)
(0.001575 0.001575 0.02564102564)
(0.001575 0.001575 0.02820512821)
(0.001575 0.001575 0.03076923077)
(0.001575 0.001575 0.03333333333)
(0.001575 0.001575 0.0358974359)
(0.001575 0.001575 0.03846153846)
(0.001575 0.001575 0.04102564103)
(0.001575 0.001575 0.04358974359)
(0.001575 0.001575 0.04615384615)
(0.001575 0.001575 0.04871794872)
(0.001575 0.001575 0.05128205128)
(0.001575 0.001575 0.05384615385)
(0.001575 0.001575 0.05641025641)
(0.001575 0.001575 0.05897435897)
(0.001575 0.001575 0.06153846154)
(0.001575 0.001575 0.0641025641)
(0.001575 0.001575 0.06666666667)
(0.001575 0.001575 0.06923076923)
(0.001575 0.001575 0.07179487179)
(0.001575 0.001575 0.07435897436)
(0.001575 0.001575 0.07692307692)
(0.001575 0.001575 0.07948717949)
(0.001575 0.001575 0.08205128205)
(0.001575 0.001575 0.08461538462)
(0.001575 0.001575 0.08717948718)
(0.001575 0.001575 0.08974358974)
(0.001575 0.001575 0.09230769231)
(0.001575 0.001575 0.09487179487)
(0.001575 0.001575 0.09743589744)
(0.001575 0.001575 0.1)
(0.00105 0.00105 0)
(0.00105 0.00105 0.002564102564)
(0.00105 0.00105 0.005128205128)
(0.00105 0.00105 0.007692307692)
(0.00105 0.00105 0.01025641026)
(0.00105 0.00105 0.01282051282)
(0.00105 0.00105 0.01538461538)
(0.00105 0.00105 0.01794871795)
(0.00105 0.00105 0.02051282051)
(0.00105 0.00105 0.02307692308)
(0.00105 0.00105 0.02564102564)
(0.00105 0.00105 0.02820512821)
(0.00105 0.00105 0.03076923077)
(0.00105 0.00105 0.03333333333)
(0.00105 0.00105 0.0358974359)
(0.00105 0.00105 0.03846153846)
(0.00105 0.00105 0.04102564103)
(0.00105 0.00105 0.04358974359)
(0.00105 0.00105 0.04615384615)
(0.00105 0.00105 0.04871794872)
(0.00105 0.00105 0.05128205128)
(0.00105 0.00105 0.05384615385)
(0.00105 0.00105 0.05641025641)
(0.00105 0.00105 0.05897435897)
(0.00105 0.00105 0.06153846154)
(0.00105 0.00105 0.0641025641)
(0.00105 0.00105 0.06666666667)
(0.00105 0.00105 0.06923076923)
(0.00105 0.00105 0.07179487179)
(0.00105 0.00105 0.07435897436)
(0.00105 0.00105 0.07692307692)
(0.00105 0.00105 0.07948717949)
(0.00105 0.00105 0.08205128205)
(0.00105 0.00105 0.08461538462)
(0.00105 0.00105 0.08717948718)
(0.00105 0.00105 0.08974358974)
(0.00105 0.00105 0.09230769231)
(0.00105 0.00105 0.09487179487)
(0.00105 0.00105 0.09743589744)
(0.00105 0.00105 0.1)
(0.000525 0.000525 0)
(0.000525 0.000525 0.002564102564)
(0.000525 0.000525 0.005128205128)
(0.000525 0.000525 0.007692307692)
(0.000525 0.000525 0.01025641026)
(0.000525 0.000525 0.01282051282)
(0.000525 0.000525 0.01538461538)
(0.000525 0.000525 0.01794871795)
(0.000525 0.000525 0.02051282051)
(0.000525 0.000525 0.02307692308)
(0.000525 0.000525 0.02564102564)
(0.000525 0.000525 0.02820512821)
(0.000525 0.000525 0.03076923077)
(0.000525 0.000525 0.03333333333)
(0.000525 0.000525 0.0358974359)
(0.000525 0.000525 0.03846153846)
(0.000525 0.000525 0.04102564103)
(0.000525 0.000525 0.04358974359)
(0.000525 0.000525 0.04615384615)
(0.000525 0.000525 0.04871794872)
(0.000525 0.000525 0.05128205128)
(0.000525 0.000525 0.05384615385)
(0.000525 0.000525 0.05641025641)
(0.000525 0.000525 0.05897435897)
(0.000525 0.000525 0.06153846154)
(0.000525 0.000525 0.0641025641)
(0.000525 0.000525 0.06666666667)
(0.000525 0.000525 0.06923076923)
(0.000525 0.000525 0.07179487179)
(0.000525 0.000525 0.07435897436)
(0.000525 0.000525 0.07692307692)
(0.000525 0.000525 0.07948717949)
(0.000525 0.000525 0.08205128205)
(0.000525 0.000525 0.08461538462)
(0.000525 0.000525 0.08717948718)
(0.000525 0.000525 0.08974358974)
(0.000525 0.000525 0.09230769231)
(0.000525 0.000525 0.09487179487)
(0.000525 0.000525 0.09743589744)
(0.000525 0.000525 0.1)
(-2.170292217e-19 2.220446049e-19 0)
(-7.335604839e-19 0 0.002564102564)
(-7.335604839e-19 6.661338148e-19 0.005128205128)
(-7.335604839e-19 6.661338148e-19 0.007692307692)
(-7.335604839e-19 6.661338148e-19 0.01025641026)
(-7.335604839e-19 6.661338148e-19 0.01282051282)
(-7.335604839e-19 6.661338148e-19 0.01538461538)
(-7.335604839e-19 6.661338148e-19 0.01794871795)
(-7.335604839e-19 6.661338148e-19 0.02051282051)
(-7.335604839e-19 6.661338148e-19 0.02307692308)
(-7.335604839e-19 6.661338148e-19 0.02564102564)
(-7.335604839e-19 6.661338148e-19 0.02820512821)
(-7.335604839e-19 6.661338148e-19 0.03076923077)
(-7.335604839e-19 6.661338148e-19 0.03333333333)
(-7.335604839e-19 6.661338148e-19 0.0358974359)
(-7.335604839e-19 6.661338148e-19 0.03846153846)
(-7.335604839e-19 6.661338148e-19 0.04102564103)
(-7.335604839e-19 6.661338148e-19 0.04358974359)
(-7.335604839e-19 6.661338148e-19 0.04615384615)
(-7.335604839e-19 6.661338148e-19 0.04871794872)
(-7.335604839e-19 6.661338148e-19 0.05128205128)
(-7.335604839e-19 6.661338148e-19 0.05384615385)
(-7.335604839e-19 6.661338148e-19 0.05641025641)
(-7.335604839e-19 6.661338148e-19 0.05897435897)
(-7.335604839e-19 6.661338148e-19 0.06153846154)
(-7.335604839e-19 6.661338148e-19 0.0641025641)
(-7.335604839e-19 6.661338148e-19 0.06666666667)
(-7.335604839e-19 6.661338148e-19 0.06923076923)
(-7.335604839e-19 6.661338148e-19 0.07179487179)
(-7.335604839e-19 6.661338148e-19 0.07435897436)
(-7.335604839e-19 6.661338148e-19 0.07692307692)
(-7.335604839e-19 6.661338148e-19 0.07948717949)
(-7.335604839e-19 6.661338148e-19 0.08205128205)
(-7.335604839e-19 6.661338148e-19 0.08461538462)
(-7.335604839e-19 6.661338148e-19 0.08717948718)
(-7.335604839e-19 6.661338148e-19 0.08974358974)
(-7.335604839e-19 6.661338148e-19 0.09230769231)
(-7.335604839e-19 6.661338148e-19 0.09487179487)
(-7.335604839e-19 6.661338148e-19 0.09743589744)
(-7.335604839e-19 0 0.1)
(-0.000525 -0.000525 0)
(-0.000525 -0.000525 0.002564102564)
(-0.000525 -0.000525 0.005128205128)
(-0.000525 -0.000525 0.007692307692)
(-0.000525 -0.000525 0.01025641026)
(-0.000525 -0.000525 0.01282051282)
(-0.000525 -0.000525 0.01538461538)
(-0.000525 -0.000525 0.01794871795)
(-0.000525 -0.000525 0.02051282051)
(-0.000525 -0.000525 0.02307692308)
(-0.000525 -0.000525 0.02564102564)
(-0.000525 -0.000525 0.02820512821)
(-0.000525 -0.000525 0.03076923077)
(-0.000525 -0.000525 0.03333333333)
(-0.000525 -0.000525 0.0358974359)
(-0.000525 -0.000525 0.03846153846)
(-0.000525 -0.000525 0.04102564103)
(-0.000525 -0.000525 0.04358974359)
(-0.000525 -0.000525 0.04615384615)
(-0.000525 -0.000525 0.04871794872)
(-0.000525 -0.000525 0.05128205128)
(-0.000525 -0.000525 0.05384615385)
(-0.000525 -0.000525 0.05641025641)
(-0.000525 -0.000525 0.05897435897)
(-0.000525 -0.000525 0.06153846154)
(-0.000525 -0.000525 0.0641025641)
(-0.000525 -0.000525 0.06666666667)
(-0.000525 -0.000525 0.06923076923)
(-0.000525 -0.000525 0.07179487179)
(-0.000525 -0.000525 0.07435897436)
(-0.000525 -0.000525 0.07692307692)
(-0.000525 -0.000525 0.07948717949)
(-0.000525 -0.000525 0.08205128205)
(-0.000525 -0.000525 0.08461538462)
(-0.000525 -0.000525 0.08717948718)
(-0.000525 -0.000525 0.08974358974)
(-0.000525 -0.000525 0.09230769231)
(-0.000525 -0.000525 0.09487179487)
(-0.000525 -0.000525 0.09743589744)
(-0.000525 -0.000525 0.1)
(-0.00105 -0.00105 0)
(-0.00105 -0.00105 0.002564102564)
(-0.00105 -0.00105 0.005128205128)
(-0.00105 -0.00105 0.007692307692)
(-0.00105 -0.00105 0.01025641026)
(-0.00105 -0.00105 0.01282051282)
(-0.00105 -0.00105 0.01538461538)
(-0.00105 -0.00105 0.01794871795)
(-0.00105 -0.00105 0.02051282051)
(-0.00105 -0.00105 0.02307692308)
(-0.00105 -0.00105 0.02564102564)
(-0.00105 -0.00105 0.02820512821)
(-0.00105 -0.00105 0.03076923077)
(-0.00105 -0.00105 0.03333333333)
(-0.00105 -0.00105 0.0358974359)
(-0.00105 -0.00105 0.03846153846)
(-0.00105 -0.00105 0.04102564103)
(-0.00105 -0.00105 0.04358974359)
(-0.00105 -0.00105 0.04615384615)
(-0.00105 -0.00105 0.04871794872)
(-0.00105 -0.00105 0.05128205128)
(-0.00105 -0.00105 0.05384615385)
(-0.00105 -0.00105 0.05641025641)
(-0.00105 -0.00105 0.05897435897)
(-0.00105 -0.00105 0.06153846154)
(-0.00105 -0.00105 0.0641025641)
(-0.00105 -0.00105 0.06666666667)
(-0.00105 -0.00105 0.06923076923)
(-0.00105 -0.00105 0.07179487179)
(-0.00105 -0.00105 0.07435897436)
(-0.00105 -0.00105 0.07692307692)
(-0.00105 -0.00105 0.07948717949)
(-0.00105 -0.00105 0.08205128205)
(-0.00105 -0.00105 0.08461538462)
(-0.00105 -0.00105 0.08717948718)
(-0.00105 -0.00105 0.08974358974)
(-0.00105 -0.00105 0.09230769231)
(-0.00105 -0.00105 0.09487179487)
(-0.00105 -0.00105 0.09743589744)
(-0.00105 -0.00105 0.1)
(-0.001575 -0.001575 0)
(-0.001575 -0.001575 0.002564102564)
(-0.001575 -0.001575 0.005128205128)
(-0.001575 -0.001575 0.007692307692)
(-0.001575 -0.001575 0.01025641026)
(-0.001575 -0.001575 0.01282051282)
(-0.001575 -0.001575 0.01538461538)
(-0.001575 -0.001575 0.01794871795)
(-0.001575 -0.001575 0.02051282051)
(-0.001575 -0.001575 0.02307692308)
(-0.001575 -0.001575 0.02564102564)
(-0.001575 -0.001575 0.02820512821)
(-0.001575 -0.001575 0.03076923077)
(-0.001575 -0.001575 0.03333333333)
(-0.001575 -0.001575 0.0358974359)
(-0.001575 -0.001575 0.03846153846)
(-0.001575 -0.001575 0.04102564103)
(-0.001575 -0.001575 0.04358974359)
(-0.001575 -0.001575 0.04615384615)
(-0.001575 -0.001575 0.04871794872)
(-0.001575 -0.001575 0.05128205128)
(-0.001575 -0.001575 0.05384615385)
(-0.001575 -0.001575 0.05641025641)
(-0.001575 -0.001575 0.05897435897)
(-0.001575 -0.001575 0.06153846154)
(-0.001575 -0.001575 0.0641025641)
(-0.001575 -0.001575 0.06666666667)
(-0.001575 -0.001575 0.06923076923)
(-0.001575 -0.001575 0.07179487179)
(-0.001575 -0.001575 0.07435897436)
(-0.001575 -0.001575 0.07692307692)
(-0.001575 -0.001575 0.07948717949)
(-0.001575 -0.001575 0.08205128205)
(-0.001575 -0.001575 0.08461538462)
(-0.001575 -0.001575 0.08717948718)
(-0.001575 -0.001575 0.08974358974)
(-0.001575 -0.001575 0.09230769231)
(-0.001575 -0.001575 0.09487179487)
(-0.001575 -0.001575 0.09743589744)
(-0.001575 -0.001575 0.1)
(-0.0021 -0.0021 0)
(-0.0021 -0.0021 0.002564102564)
(-0.0021 -0.0021 0.005128205128)
(-0.0021 -0.0021 0.007692307692)
(-0.0021 -0.0021 0.01025641026)
(-0.0021 -0.0021 0.01282051282)
(-0.0021 -0.0021 0.01538461538)
(-0.0021 -0.0021 0.01794871795)
(-0.0021 -0.0021 0.02051282051)
(-0.0021 -0.0021 0.02307692308)
(-0.0021 -0.0021 0.02564102564)
(-0.0021 -0.0021 0.02820512821)
(-0.0021 -0.0021 0.03076923077)
(-0.0021 -0.0021 0.03333333333)
(-0.0021 -0.0021 0.0358974359)
(-0.0021 -0.0021 0.03846153846)
(-0.0021 -0.0021 0.04102564103)
(-0.0021 -0.0021 0.04358974359)
(-0.0021 -0.0021 0.04615384615)
(-0.0021 -0.0021 0.04871794872)
(-0.0021 -0.0021 0.05128205128)
(-0.0021 -0.0021 0.05384615385)
(-0.0021 -0.0021 0.05641025641)
(-0.0021 -0.0021 0.05897435897)
(-0.0021 -0.0021 0.06153846154)
(-0.0021 -0.0021 0.0641025641)
(-0.0021 -0.0021 0.06666666667)
(-0.0021 -0.0021 0.06923076923)
(-0.0021 -0.0021 0.07179487179)
(-0.0021 -0.0021 0.07435897436)
(-0.0021 -0.0021 0.07692307692)
(-0.0021 -0.0021 0.07948717949)
(-0.0021 -0.0021 0.08205128205)
(-0.0021 -0.0021 0.08461538462)
(-0.0021 -0.0021 0.08717948718)
(-0.0021 -0.0021 0.08974358974)
(-0.0021 -0.0021 0.09230769231)
(-0.0021 -0.0021 0.09487179487)
(-0.0021 -0.0021 0.09743589744)
(-0.0021 -0.0021 0.1)
(0.001575 0.002625 0)
(0.001575 0.002625 0.002564102564)
(0.001575 0.002625 0.005128205128)
(0.001575 0.002625 0.007692307692)
(0.001575 0.002625 0.01025641026)
(0.001575 0.002625 0.01282051282)
(0.001575 0.002625 0.01538461538)
(0.001575 0.002625 0.01794871795)
(0.001575 0.002625 0.02051282051)
(0.001575 0.002625 0.02307692308)
(0.001575 0.002625 0.02564102564)
(0.001575 0.002625 0.02820512821)
(0.001575 0.002625 0.03076923077)
(0.001575 0.002625 0.03333333333)
(0.001575 0.002625 0.0358974359)
(0.001575 0.002625 0.03846153846)
(0.001575 0.002625 0.04102564103)
(0.001575 0.002625 0.04358974359)
(0.001575 0.002625 0.04615384615)
(0.001575 0.002625 0.04871794872)
(0.001575 0.002625 0.05128205128)
(0.001575 0.002625 0.05384615385)
(0.001575 0.002625 0.05641025641)
(0.001575 0.002625 0.05897435897)
(0.001575 0.002625 0.06153846154)
(0.001575 0.002625 0.0641025641)
(0.001575 0.002625 0.06666666667)
(0.001575 0.002625 0.06923076923)
(0.001575 0.002625 0.07179487179)
(0.001575 0.002625 0.07435897436)
(0.001575 0.002625 0.07692307692)
(0.001575 0.002625 0.07948717949)
(0.001575 0.002625 0.08205128205)
(0.001575 0.002625 0.08461538462)
(0.001575 0.002625 0.08717948718)
(0.001575 0.002625 0.08974358974)
(0.001575 0.002625 0.09230769231)
(0.001575 0.002625 0.09487179487)
(0.001575 0.002625 0.09743589744)
(0.001575 0.002625 0.1)
(0.00105 0.0021 0)
(0.00105 0.0021 0.002564102564)
(0.00105 0.0021 0.005128205128)
(0.00105 0.0021 0.007692307692)
(0.00105 0.0021 0.01025641026)
(0.00105 0.0021 0.01282051282)
(0.00105 0.0021 0.01538461538)
(0.00105 0.0021 0.01794871795)
(0.00105 0.0021 0.02051282051)
(0.00105 0.0021 0.02307692308)
(0.00105 0.0021 0.02564102564)
(0.00105 0.0021 0.02820512821)
(0.00105 0.0021 0.03076923077)
(0.00105 0.0021 0.03333333333)
(0.00105 0.0021 0.0358974359)
(0.00105 0.0021 0.03846153846)
(0.00105 0.0021 0.04102564103)
(0.00105 0.0021 0.04358974359)
(0.00105 0.0021 0.04615384615)
(0.00105 0.0021 0.04871794872)
(0.00105 0.0021 0.05128205128)
(0.00105 0.0021 0.05384615385)
(0.00105 0.0021 0.05641025641)
(0.00105 0.0021 0.05897435897)
(0.00105 0.0021 0.06153846154)
(0.00105 0.0021 0.0641025641)
(0.00105 0.0021 0.06666666667)
(0.00105 0.0021 0.06923076923)
(0.00105 0.0021 0.07179487179)
(0.00105 0.0021 0.07435897436)
(0.00105 0.0021 0.07692307692)
(0.00105 0.0021 0.07948717949)
(0.00105 0.0021 0.08205128205)
(0.00105 0.0021 0.08461538462)
(0.00105 0.0021 0.08717948718)
(0.00105 0.0021 0.08974358974)
(0.00105 0.0021 0.09230769231)
(0.00105 0.0021 0.09487179487)
(0.00105 0.0021 0.09743589744)
(0.00105 0.0021 0.1)
(0.000525 0.001575 0)
(0.000525 0.001575 0.002564102564)
(0.000525 0.001575 0.005128205128)
(0.000525 0.001575 0.007692307692)
(0.000525 0.001575 0.01025641026)
(0.000525 0.001575 0.01282051282)
(0.000525 0.001575 0.01538461538)
(0.000525 0.001575 0.01794871795)
(0.000525 0.001575 0.02051282051)
(0.000525 0.001575 0.02307692308)
(0.000525 0.001575 0.02564102564)
(0.000525 0.001575 0.02820512821)
(0.000525 0.001575 0.03076923077)
(0.000525 0.001575 0.03333333333)
(0.000525 0.001575 0.0358974359)
(0.000525 0.001575 0.03846153846)
(0.000525 0.001575 0.04102564103)
(0.000525 0.001575 0.04358974359)
(0.000525 0.001575 0.04615384615)
(0.000525 0.001575 0.04871794872)
(0.000525 0.001575 0.05128205128)
(0.000525 0.001575 0.05384615385)
(0.000525 0.001575 0.05641025641)
(0.000525 0.001575 0.05897435897)
(0.000525 0.001575 0.06153846154)
(0.000525 0.001575 0.0641025641)
(0.000525 0.001575 0.06666666667)
(0.000525 0.001575 0.06923076923)
(0.000525 0.001575 0.07179487179)
(0.000525 0.001575 0.07435897436)
(0.000525 0.001575 0.07692307692)
(0.000525 0.001575 0.07948717949)
(0.000525 0.001575 0.08205128205)
(0.000525 0.001575 0.08461538462)
(0.000525 0.001575 0.08717948718)
(0.000525 0.001575 0.08974358974)
(0.000525 0.001575 0.09230769231)
(0.000525 0.001575 0.09487179487)
(0.000525 0.001575 0.09743589744)
(0.000525 0.001575 0.1)
(9.996566775e-20 0.00105 0)
(-4.95894499e-19 0.00105 0.002564102564)
(-4.95894499e-19 0.00105 0.005128205128)
(-4.95894499e-19 0.00105 0.007692307692)
(-4.95894499e-19 0.00105 0.01025641026)
(-4.95894499e-19 0.00105 0.01282051282)
(-4.95894499e-19 0.00105 0.01538461538)
(-4.95894499e-19 0.00105 0.01794871795)
(-4.95894499e-19 0.00105 0.02051282051)
(-4.95894499e-19 0.00105 0.02307692308)
(-4.95894499e-19 0.00105 0.02564102564)
(-4.95894499e-19 0.00105 0.02820512821)
(-4.95894499e-19 0.00105 0.03076923077)
(-4.95894499e-19 0.00105 0.03333333333)
(-4.95894499e-19 0.00105 0.0358974359)
(-4.95894499e-19 0.00105 0.03846153846)
(-4.95894499e-19 0.00105 0.04102564103)
(-4.95894499e-19 0.00105 0.04358974359)
(-4.95894499e-19 0.00105 0.04615384615)
(-4.95894499e-19 0.00105 0.04871794872)
(-4.95894499e-19 0.00105 0.05128205128)
(-4.95894499e-19 0.00105 0.05384615385)
(-4.95894499e-19 0.00105 0.05641025641)
(-4.95894499e-19 0.00105 0.05897435897)
(-4.95894499e-19 0.00105 0.06153846154)
(-4.95894499e-19 0.00105 0.0641025641)
(-4.95894499e-19 0.00105 0.06666666667)
(-4.95894499e-19 0.00105 0.06923076923)
(-4.95894499e-19 0.00105 0.07179487179)
(-4.95894499e-19 0.00105 0.07435897436)
(-4.95894499e-19 0.00105 0.07692307692)
(-4.95894499e-19 0.00105 0.07948717949)
(-4.95894499e-19 0.00105 0.08205128205)
(-4.95894499e-19 0.00105 0.08461538462)
(-4.95894499e-19 0.00105 0.08717948718)
(-4.95894499e-19 0.00105 0.08974358974)
(-4.95894499e-19 0.00105 0.09230769231)
(-4.95894499e-19 0.00105 0.09487179487)
(-4.95894499e-19 0.00105 0.09743589744)
(-4.95894499e-19 0.00105 0.1)
(-0.000525 0.000525 0)
(-0.000525 0.000525 0.002564102564)
(-0.000525 0.000525 0.005128205128)
(-0.000525 0.000525 0.007692307692)
(-0.000525 0.000525 0.01025641026)
(-0.000525 0.000525 0.01282051282)
(-0.000525 0.000525 0.01538461538)
(-0.000525 0.000525 0.01794871795)
(-0.000525 0.000525 0.02051282051)
(-0.000525 0.000525 0.02307692308)
(-0.000525 0.000525 0.02564102564)
(-0.000525 0.000525 0.02820512821)
(-0.000525 0.000525 0.03076923077)
(-0.000525 0.000525 0.03333333333)
(-0.000525 0.000525 0.0358974359)
(-0.000525 0.000525 0.03846153846)
(-0.000525 0.000525 0.04102564103)
(-0.000525 0.000525 0.04358974359)
(-0.000525 0.000525 0.04615384615)
(-0.000525 0.000525 0.04871794872)
(-0.000525 0.000525 0.05128205128)
(-0.000525 0.000525 0.05384615385)
(-0.000525 0.000525 0.05641025641)
(-0.000525 0.000525 0.05897435897)
(-0.000525 0.000525 0.06153846154)
(-0.000525 0.000525 0.0641025641)
(-0.000525 0.000525 0.06666666667)
(-0.000525 0.000525 0.06923076923)
(-0.000525 0.000525 0.07179487179)
(-0.000525 0.000525 0.07435897436)
(-0.000525 0.000525 0.07692307692)
(-0.000525 0.000525 0.07948717949)
(-0.000525 0.000525 0.08205128205)
(-0.000525 0.000525 0.08461538462)
(-0.000525 0.000525 0.08717948718)
(-0.000525 0.000525 0.08974358974)
(-0.000525 0.000525 0.09230769231)
(-0.000525 0.000525 0.09487179487)
(-0.000525 0.000525 0.09743589744)
(-0.000525 0.000525 0.1)
(-0.00105 2.220446049e-19 0)
(-0.00105 0 0.002564102564)
(-0.00105 6.661338148e-19 0.005128205128)
(-0.00105 6.661338148e-19 0.007692307692)
(-0.00105 6.661338148e-19 0.01025641026)
(-0.00105 6.661338148e-19 0.01282051282)
(-0.00105 6.661338148e-19 0.01538461538)
(-0.00105 6.661338148e-19 0.01794871795)
(-0.00105 6.661338148e-19 0.02051282051)
(-0.00105 6.661338148e-19 0.02307692308)
(-0.00105 6.661338148e-19 0.02564102564)
(-0.00105 6.661338148e-19 0.02820512821)
(-0.00105 6.661338148e-19 0.03076923077)
(-0.00105 6.661338148e-19 0.03333333333)
(-0.00105 6.661338148e-19 0.0358974359)
(-0.00105 6.661338148e-19 0.03846153846)
(-0.00105 6.661338148e-19 0.04102564103)
(-0.00105 6.661338148e-19 0.04358974359)
(-0.00105 6.661338148e-19 0.04615384615)
(-0.00105 6.661338148e-19 0.04871794872)
(-0.00105 6.661338148e-19 0.05128205128)
(-0.00105 6.661338148e-19 0.05384615385)
(-0.00105 6.661338148e-19 0.05641025641)
(-0.00105 6.661338148e-19 0.05897435897)
(-0.00105 6.661338148e-19 0.06153846154)
(-0.00105 6.661338148e-19 0.0641025641)
(-0.00105 6.661338148e-19 0.06666666667)
(-0.00105 6.661338148e-19 0.06923076923)
(-0.00105 6.661338148e-19 0.07179487179)
(-0.00105 6.661338148e-19 0.07435897436)
(-0.00105 6.661338148e-19 0.07692307692)
(-0.00105 6.661338148e-19 0.07948717949)
(-0.00105 6.661338148e-19 0.08205128205)
(-0.00105 6.661338148e-19 0.08461538462)
(-0.00105 6.661338148e-19 0.08717948718)
(-0.00105 6.661338148e-19 0.08974358974)
(-0.00105 6.661338148e-19 0.09230769231)
(-0.00105 6.661338148e-19 0.09487179487)
(-0.00105 6.661338148e-19 0.09743589744)
(-0.00105 0 0.1)
(-0.001575 -0.000525 0)
(-0.001575 -0.000525 0.002564102564)
(-0.001575 -0.000525 0.005128205128)
(-0.001575 -0.000525 0.007692307692)
(-0.001575 -0.000525 0.01025641026)
(-0.001575 -0.000525 0.01282051282)
(-0.001575 -0.000525 0.01538461538)
(-0.001575 -0.000525 0.01794871795)
(-0.001575 -0.000525 0.02051282051)
(-0.001575 -0.000525 0.02307692308)
(-0.001575 -0.000525 0.02564102564)
(-0.001575 -0.000525 0.02820512821)
(-0.001575 -0.000525 0.03076923077)
(-0.001575 -0.000525 0.03333333333)
(-0.001575 -0.000525 0.0358974359)
(-0.001575 -0.000525 0.03846153846)
(-0.001575 -0.000525 0.04102564103)
(-0.001575 -0.000525 0.04358974359)
(-0.001575 -0.000525 0.04615384615)
(-0.001575 -0.000525 0.04871794872)
(-0.001575 -0.000525 0.05128205128)
(-0.001575 -0.000525 0.05384615385)
(-0.001575 -0.000525 0.05641025641)
(-0.001575 -0.000525 0.05897435897)
(-0.001575 -0.000525 0.06153846154)
(-0.001575 -0.000525 0.0641025641)
(-0.001575 -0.000525 0.06666666667)
(-0.001575 -0.000525 0.06923076923)
(-0.001575 -0.000525 0.07179487179)
(-0.001575 -0.000525 0.07435897436)
(-0.001575 -0.000525 0.07692307692)
(-0.001575 -0.000525 0.07948717949)
(-0.001575 -0.000525 0.08205128205)
(-0.001575 -0.000525 0.08461538462)
(-0.001575 -0.000525 0.08717948718)
(-0.001575 -0.000525 0.08974358974)
(-0.001575 -0.000525 0.09230769231)
(-0.001575 -0.000525 0.09487179487)
(-0.001575 -0.000525 0.09743589744)
(-0.001575 -0.000525 0.1)
(-0.0021 -0.00105 0)
(-0.0021 -0.00105 0.002564102564)
(-0.0021 -0.00105 0.005128205128)
(-0.0021 -0.00105 0.007692307692)
(-0.0021 -0.00105 0.01025641026)
(-0.0021 -0.00105 0.01282051282)
(-0.0021 -0.00105 0.01538461538)
(-0.0021 -0.00105 0.01794871795)
(-0.0021 -0.00105 0.02051282051)
(-0.0021 -0.00105 0.02307692308)
(-0.0021 -0.00105 0.02564102564)
(-0.0021 -0.00105 0.02820512821)
(-0.0021 -0.00105 0.03076923077)
(-0.0021 -0.00105 0.03333333333)
(-0.0021 -0.00105 0.0358974359)
(-0.0021 -0.00105 0.03846153846)
(-0.0021 -0.00105 0.04102564103)
(-0.0021 -0.00105 0.04358974359)
(-0.0021 -0.00105 0.04615384615)
(-0.0021 -0.00105 0.04871794872)
(-0.0021 -0.00105 0.05128205128)
(-0.0021 -0.00105 0.05384615385)
(-0.0021 -0.00105 0.05641025641)
(-0.0021 -0.00105 0.05897435897)
(-0.0021 -0.00105 0.06153846154)
(-0.0021 -0.00105 0.0641025641)
(-0.0021 -0.00105 0.06666666667)
(-0.0021 -0.00105 0.06923076923)
(-0.0021 -0.00105 0.07179487179)
(-0.0021 -0.00105 0.07435897436)
(-0.0021 -0.00105 0.07692307692)
(-0.0021 -0.00105 0.07948717949)
(-0.0021 -0.00105 0.08205128205)
(-0.0021 -0.00105 0.08461538462)
(-0.0021 -0.00105 0.08717948718)
(-0.0021 -0.00105 0.08974358974)
(-0.0021 -0.00105 0.09230769231)
(-0.0021 -0.00105 0.09487179487)
(-0.0021 -0.00105 0.09743589744)
(-0.0021 -0.00105 0.1)
(-0.002625 -0.001575 0)
(-0.002625 -0.001575 0.002564102564)
(-0.002625 -0.001575 0.005128205128)
(-0.002625 -0.001575 0.007692307692)
(-0.002625 -0.001575 0.01025641026)
(-0.002625 -0.001575 0.01282051282)
(-0.002625 -0.001575 0.01538461538)
(-0.002625 -0.001575 0.01794871795)
(-0.002625 -0.001575 0.02051282051)
(-0.002625 -0.001575 0.02307692308)
(-0.002625 -0.001575 0.02564102564)
(-0.002625 -0.001575 0.02820512821)
(-0.002625 -0.001575 0.03076923077)
(-0.002625 -0.001575 0.03333333333)
(-0.002625 -0.001575 0.0358974359)
(-0.002625 -0.001575 0.03846153846)
(-0.002625 -0.001575 0.04102564103)
(-0.002625 -0.001575 0.04358974359)
(-0.002625 -0.001575 0.04615384615)
(-0.002625 -0.001575 0.04871794872)
(-0.002625 -0.001575 0.05128205128)
(-0.002625 -0.001575 0.05384615385)
(-0.002625 -0.001575 0.05641025641)
(-0.002625 -0.001575 0.05897435897)
(-0.002625 -0.001575 0.06153846154)
(-0.002625 -0.001575 0.0641025641)
(-0.002625 -0.001575 0.06666666667)
(-0.002625 -0.001575 0.06923076923)
(-0.002625 -0.001575 0.07179487179)
(-0.002625 -0.001575 0.07435897436)
(-0.002625 -0.001575 0.07692307692)
(-0.002625 -0.001575 0.07948717949)
(-0.002625 -0.001575 0.08205128205)
(-0.002625 -0.001575 0.08461538462)
(-0.002625 -0.001575 0.08717948718)
(-0.002625 -0.001575 0.08974358974)
(-0.002625 -0.001575 0.09230769231)
(-0.002625 -0.001575 0.09487179487)
(-0.002625 -0.001575 0.09743589744)
(-0.002625 -0.001575 0.1)
(0.00105 0.00315 0)
(0.00105 0.00315 0.002564102564)
(0.00105 0.00315 0.005128205128)
(0.00105 0.00315 0.007692307692)
(0.00105 0.00315 0.01025641026)
(0.00105 0.00315 0.01282051282)
(0.00105 0.00315 0.01538461538)
(0.00105 0.00315 0.01794871795)
(0.00105 0.00315 0.02051282051)
(0.00105 0.00315 0.02307692308)
(0.00105 0.00315 0.02564102564)
(0.00105 0.00315 0.02820512821)
(0.00105 0.00315 0.03076923077)
(0.00105 0.00315 0.03333333333)
(0.00105 0.00315 0.0358974359)
(0.00105 0.00315 0.03846153846)
(0.00105 0.00315 0.04102564103)
(0.00105 0.00315 0.04358974359)
(0.00105 0.00315 0.04615384615)
(0.00105 0.00315 0.04871794872)
(0.00105 0.00315 0.05128205128)
(0.00105 0.00315 0.05384615385)
(0.00105 0.00315 0.05641025641)
(0.00105 0.00315 0.05897435897)
(0.00105 0.00315 0.06153846154)
(0.00105 0.00315 0.0641025641)
(0.00105 0.00315 0.06666666667)
(0.00105 0.00315 0.06923076923)
(0.00105 0.00315 0.07179487179)
(0.00105 0.00315 0.07435897436)
(0.00105 0.00315 0.07692307692)
(0.00105 0.00315 0.07948717949)
(0.00105 0.00315 0.08205128205)
(0.00105 0.00315 0.08461538462)
(0.00105 0.00315 0.08717948718)
(0.00105 0.00315 0.08974358974)
(0.00105 0.00315 0.09230769231)
(0.00105 0.00315 0.09487179487)
(0.00105 0.00315 0.09743589744)
(0.00105 0.00315 0.1)
(0.000525 0.002625 0)
(0.000525 0.002625 0.002564102564)
(0.000525 0.002625 0.005128205128)
(0.000525 0.002625 0.007692307692)
(0.000525 0.002625 0.01025641026)
(0.000525 0.002625 0.01282051282)
(0.000525 0.002625 0.01538461538)
(0.000525 0.002625 0.01794871795)
(0.000525 0.002625 0.02051282051)
(0.000525 0.002625 0.02307692308)
(0.000525 0.002625 0.02564102564)
(0.000525 0.002625 0.02820512821)
(0.000525 0.002625 0.03076923077)
(0.000525 0.002625 0.03333333333)
(0.000525 0.002625 0.0358974359)
(0.000525 0.002625 0.03846153846)
(0.000525 0.002625 0.04102564103)
(0.000525 0.002625 0.04358974359)
(0.000525 0.002625 0.04615384615)
(0.000525 0.002625 0.04871794872)
(0.000525 0.002625 0.05128205128)
(0.000525 0.002625 0.05384615385)
(0.000525 0.002625 0.05641025641)
(0.000525 0.002625 0.05897435897)
(0.000525 0.002625 0.06153846154)
(0.000525 0.002625 0.0641025641)
(0.000525 0.002625 0.06666666667)
(0.000525 0.002625 0.06923076923)
(0.000525 0.002625 0.07179487179)
(0.000525 0.002625 0.07435897436)
(0.000525 0.002625 0.07692307692)
(0.000525 0.002625 0.07948717949)
(0.000525 0.002625 0.08205128205)
(0.000525 0.002625 0.08461538462)
(0.000525 0.002625 0.08717948718)
(0.000525 0.002625 0.08974358974)
(0.000525 0.002625 0.09230769231)
(0.000525 0.002625 0.09487179487)
(0.000525 0.002625 0.09743589744)
(0.000525 0.002625 0.1)
(5.676499705e-20 0.0021 0)
(-4.054347259e-19 0.0021 0.002564102564)
(-4.054347259e-19 0.0021 0.005128205128)
(-4.054347259e-19 0.0021 0.007692307692)
(-4.054347259e-19 0.0021 0.01025641026)
(-4.054347259e-19 0.0021 0.01282051282)
(-4.054347259e-19 0.0021 0.01538461538)
(-4.054347259e-19 0.0021 0.01794871795)
(-4.054347259e-19 0.0021 0.02051282051)
(-4.054347259e-19 0.0021 0.02307692308)
(-4.054347259e-19 0.0021 0.02564102564)
(-4.054347259e-19 0.0021 0.02820512821)
(-4.054347259e-19 0.0021 0.03076923077)
(-4.054347259e-19 0.0021 0.03333333333)
(-4.054347259e-19 0.0021 0.0358974359)
(-4.054347259e-19 0.0021 0.03846153846)
(-4.054347259e-19 0.0021 0.04102564103)
(-4.054347259e-19 0.0021 0.04358974359)
(-4.054347259e-19 0.0021 0.04615384615)
(-4.054347259e-19 0.0021 0.04871794872)
(-4.054347259e-19 0.0021 0.05128205128)
(-4.054347259e-19 0.0021 0.05384615385)
(-4.054347259e-19 0.0021 0.05641025641)
(-4.054347259e-19 0.0021 0.05897435897)
(-4.054347259e-19 0.0021 0.06153846154)
(-4.054347259e-19 0.0021 0.0641025641)
(-4.054347259e-19 0.0021 0.06666666667)
(-4.054347259e-19 0.0021 0.06923076923)
(-4.054347259e-19 0.0021 0.07179487179)
(-4.054347259e-19 0.0021 0.07435897436)
(-4.054347259e-19 0.0021 0.07692307692)
(-4.054347259e-19 0.0021 0.07948717949)
(-4.054347259e-19 0.0021 0.08205128205)
(-4.054347259e-19 0.0021 0.08461538462)
(-4.054347259e-19 0.0021 0.08717948718)
(-4.054347259e-19 0.0021 0.08974358974)
(-4.054347259e-19 0.0021 0.09230769231)
(-4.054347259e-19 0.0021 0.09487179487)
(-4.054347259e-19 0.0021 0.09743589744)
(-4.054347259e-19 0.0021 0.1)
(-0.000525 0.001575 0)
(-0.000525 0.001575 0.002564102564)
(-0.000525 0.001575 0.005128205128)
(-0.000525 0.001575 0.007692307692)
(-0.000525 0.001575 0.01025641026)
(-0.000525 0.001575 0.01282051282)
(-0.000525 0.001575 0.01538461538)
(-0.000525 0.001575 0.01794871795)
(-0.000525 0.001575 0.02051282051)
(-0.000525 0.001575 0.02307692308)
(-0.000525 0.001575 0.02564102564)
(-0.000525 0.001575 0.02820512821)
(-0.000525 0.001575 0.03076923077)
(-0.000525 0.001575 0.03333333333)
(-0.000525 0.001575 0.0358974359)
(-0.000525 0.001575 0.03846153846)
(-0.000525 0.001575 0.04102564103)
(-0.000525 0.001575 0.04358974359)
(-0.000525 0.001575 0.04615384615)
(-0.000525 0.001575 0.04871794872)
(-0.000525 0.001575 0.05128205128)
(-0.000525 0.001575 0.05384615385)
(-0.000525 0.001575 0.05641025641)
(-0.000525 0.001575 0.05897435897)
(-0.000525 0.001575 0.06153846154)
(-0.000525 0.001575 0.0641025641)
(-0.000525 0.001575 0.06666666667)
(-0.000525 0.001575 0.06923076923)
(-0.000525 0.001575 0.07179487179)
(-0.000525 0.001575 0.07435897436)
(-0.000525 0.001575 0.07692307692)
(-0.000525 0.001575 0.07948717949)
(-0.000525 0.001575 0.08205128205)
(-0.000525 0.001575 0.08461538462)
(-0.000525 0.001575 0.08717948718)
(-0.000525 0.001575 0.08974358974)
(-0.000525 0.001575 0.09230769231)
(-0.000525 0.001575 0.09487179487)
(-0.000525 0.001575 0.09743589744)
(-0.000525 0.001575 0.1)
(-0.00105 0.00105 0)
(-0.00105 0.00105 0.002564102564)
(-0.00105 0.00105 0.005128205128)
(-0.00105 0.00105 0.007692307692)
(-0.00105 0.00105 0.01025641026)
(-0.00105 0.00105 0.01282051282)
(-0.00105 0.00105 0.01538461538)
(-0.00105 0.00105 0.01794871795)
(-0.00105 0.00105 0.02051282051)
(-0.00105 0.00105 0.02307692308)
(-0.00105 0.00105 0.02564102564)
(-0.00105 0.00105 0.02820512821)
(-0.00105 0.00105 0.03076923077)
(-0.00105 0.00105 0.03333333333)
(-0.00105 0.00105 0.0358974359)
(-0.00105 0.00105 0.03846153846)
(-0.00105 0.00105 0.04102564103)
(-0.00105 0.00105 0.04358974359)
(-0.00105 0.00105 0.04615384615)
(-0.00105 0.00105 0.04871794872)
(-0.00105 0.00105 0.05128205128)
(-0.00105 0.00105 0.05384615385)
(-0.00105 0.00105 0.05641025641)
(-0.00105 0.00105 0.05897435897)
(-0.00105 0.00105 0.06153846154)
(-0.00105 0.00105 0.0641025641)
(-0.00105 0.00105 0.06666666667)
(-0.00105 0.00105 0.06923076923)
(-0.00105 0.00105 0.07179487179)
(-0.00105 0.00105 0.07435897436)
(-0.00105 0.00105 0.07692307692)
(-0.00105 0.00105 0.07948717949)
(-0.00105 0.00105 0.08205128205)
(-0.00105 0.00105 0.08461538462)
(-0.00105 0.00105 0.08717948718)
(-0.00105 0.00105 0.08974358974)
(-0.00105 0.00105 0.09230769231)
(-0.00105 0.00105 0.09487179487)
(-0.00105 0.00105 0.09743589744)
(-0.00105 0.00105 0.1)
(-0.001575 0.000525 0)
(-0.001575 0.000525 0.002564102564)
(-0.001575 0.000525 0.005128205128)
(-0.001575 0.000525 0.007692307692)
(-0.001575 0.000525 0.01025641026)
(-0.001575 0.000525 0.01282051282)
(-0.001575 0.000525 0.01538461538)
(-0.001575 0.000525 0.01794871795)
(-0.001575 0.000525 0.02051282051)
(-0.001575 0.000525 0.02307692308)
(-0.001575 0.000525 0.02564102564)
(-0.001575 0.000525 0.02820512821)
(-0.001575 0.000525 0.03076923077)
(-0.001575 0.000525 0.03333333333)
(-0.001575 0.000525 0.0358974359)
(-0.001575 0.000525 0.03846153846)
(-0.001575 0.000525 0.04102564103)
(-0.001575 0.000525 0.04358974359)
(-0.001575 0.000525 0.04615384615)
(-0.001575 0.000525 0.04871794872)
(-0.001575 0.000525 0.05128205128)
(-0.001575 0.000525 0.05384615385)
(-0.001575 0.000525 0.05641025641)
(-0.001575 0.000525 0.05897435897)
(-0.001575 0.000525 0.06153846154)
(-0.001575 0.000525 0.0641025641)
(-0.001575 0.000525 0.06666666667)
(-0.001575 0.000525 0.06923076923)
(-0.001575 0.000525 0.07179487179)
(-0.001575 0.000525 0.07435897436)
(-0.001575 0.000525 0.07692307692)
(-0.001575 0.000525 0.07948717949)
(-0.001575 0.000525 0.08205128205)
(-0.001575 0.000525 0.08461538462)
(-0.001575 0.000525 0.08717948718)
(-0.001575 0.000525 0.08974358974)
(-0.001575 0.000525 0.09230769231)
(-0.001575 0.000525 0.09487179487)
(-0.001575 0.000525 0.09743589744)
(-0.001575 0.000525 0.1)
(-0.0021 3.330669074e-19 0)
(-0.0021 2.220446049e-19 0.002564102564)
(-0.0021 7.771561172e-19 0.005128205128)
(-0.0021 7.771561172e-19 0.007692307692)
(-0.0021 7.771561172e-19 0.01025641026)
(-0.0021 7.771561172e-19 0.01282051282)
(-0.0021 7.771561172e-19 0.01538461538)
(-0.0021 7.771561172e-19 0.01794871795)
(-0.0021 7.771561172e-19 0.02051282051)
(-0.0021 7.771561172e-19 0.02307692308)
(-0.0021 7.771561172e-19 0.02564102564)
(-0.0021 7.771561172e-19 0.02820512821)
(-0.0021 7.771561172e-19 0.03076923077)
(-0.0021 7.771561172e-19 0.03333333333)
(-0.0021 7.771561172e-19 0.0358974359)
(-0.0021 7.771561172e-19 0.03846153846)
(-0.0021 7.771561172e-19 0.04102564103)
(-0.0021 7.771561172e-19 0.04358974359)
(-0.0021 7.771561172e-19 0.04615384615)
(-0.0021 7.771561172e-19 0.04871794872)
(-0.0021 7.771561172e-19 0.05128205128)
(-0.0021 7.771561172e-19 0.05384615385)
(-0.0021 7.771561172e-19 0.05641025641)
(-0.0021 7.771561172e-19 0.05897435897)
(-0.0021 7.771561172e-19 0.06153846154)
(-0.0021 7.771561172e-19 0.0641025641)
(-0.0021 7.771561172e-19 0.06666666667)
(-0.0021 7.771561172e-19 0.06923076923)
(-0.0021 7.771561172e-19 0.07179487179)
(-0.0021 7.771561172e-19 0.07435897436)
(-0.0021 7.771561172e-19 0.07692307692)
(-0.0021 7.771561172e-19 0.07948717949)
(-0.0021 7.771561172e-19 0.08205128205)
(-0.0021 7.771561172e-19 0.08461538462)
(-0.0021 7.771561172e-19 0.08717948718)
(-0.0021 7.771561172e-19 0.08974358974)
(-0.0021 7.771561172e-19 0.09230769231)
(-0.0021 7.771561172e-19 0.09487179487)
(-0.0021 7.771561172e-19 0.09743589744)
(-0.0021 2.220446049e-19 0.1)
(-0.002625 -0.000525 0)
(-0.002625 -0.000525 0.002564102564)
(-0.002625 -0.000525 0.005128205128)
(-0.002625 -0.000525 0.007692307692)
(-0.002625 -0.000525 0.01025641026)
(-0.002625 -0.000525 0.01282051282)
(-0.002625 -0.000525 0.01538461538)
(-0.002625 -0.000525 0.01794871795)
(-0.002625 -0.000525 0.02051282051)
(-0.002625 -0.000525 0.02307692308)
(-0.002625 -0.000525 0.02564102564)
(-0.002625 -0.000525 0.02820512821)
(-0.002625 -0.000525 0.03076923077)
(-0.002625 -0.000525 0.03333333333)
(-0.002625 -0.000525 0.0358974359)
(-0.002625 -0.000525 0.03846153846)
(-0.002625 -0.000525 0.04102564103)
(-0.002625 -0.000525 0.04358974359)
(-0.002625 -0.000525 0.04615384615)
(-0.002625 -0.000525 0.04871794872)
(-0.002625 -0.000525 0.05128205128)
(-0.002625 -0.000525 0.05384615385)
(-0.002625 -0.000525 0.05641025641)
(-0.002625 -0.000525 0.05897435897)
(-0.002625 -0.000525 0.06153846154)
(-0.002625 -0.000525 0.0641025641)
(-0.002625 -0.000525 0.06666666667)
(-0.002625 -0.000525 0.06923076923)
(-0.002625 -0.000525 0.07179487179)
(-0.002625 -0.000525 0.07435897436)
(-0.002625 -0.000525 0.07692307692)
(-0.002625 -0.000525 0.07948717949)
(-0.002625 -0.000525 0.08205128205)
(-0.002625 -0.000525 0.08461538462)
(-0.002625 -0.000525 0.08717948718)
(-0.002625 -0.000525 0.08974358974)
(-0.002625 -0.000525 0.09230769231)
(-0.002625 -0.000525 0.09487179487)
(-0.002625 -0.000525 0.09743589744)
(-0.002625 -0.000525 0.1)
(-0.00315 -0.00105 0)
(-0.00315 -0.00105 0.002564102564)
(-0.00315 -0.00105 0.005128205128)
(-0.00315 -0.00105 0.007692307692)
(-0.00315 -0.00105 0.01025641026)
(-0.00315 -0.00105 0.01282051282)
(-0.00315 -0.00105 0.01538461538)
(-0.00315 -0.00105 0.01794871795)
(-0.00315 -0.00105 0.02051282051)
(-0.00315 -0.00105 0.02307692308)
(-0.00315 -0.00105 0.02564102564)
(-0.00315 -0.00105 0.02820512821)
(-0.00315 -0.00105 0.03076923077)
(-0.00315 -0.00105 0.03333333333)
(-0.00315 -0.00105 0.0358974359)
(-0.00315 -0.00105 0.03846153846)
(-0.00315 -0.00105 0.04102564103)
(-0.00315 -0.00105 0.04358974359)
(-0.00315 -0.00105 0.04615384615)
(-0.00315 -0.00105 0.04871794872)
(-0.00315 -0.00105 0.05128205128)
(-0.00315 -0.00105 0.05384615385)
(-0.00315 -0.00105 0.05641025641)
(-0.00315 -0.00105 0.05897435897)
(-0.00315 -0.00105 0.06153846154)
(-0.00315 -0.00105 0.0641025641)
(-0.00315 -0.00105 0.06666666667)
(-0.00315 -0.00105 0.06923076923)
(-0.00315 -0.00105 0.07179487179)
(-0.00315 -0.00105 0.07435897436)
(-0.00315 -0.00105 0.07692307692)
(-0.00315 -0.00105 0.07948717949)
(-0.00315 -0.00105 0.08205128205)
(-0.00315 -0.00105 0.08461538462)
(-0.00315 -0.00105 0.08717948718)
(-0.00315 -0.00105 0.08974358974)
(-0.00315 -0.00105 0.09230769231)
(-0.00315 -0.00105 0.09487179487)
(-0.00315 -0.00105 0.09743589744)
(-0.00315 -0.00105 0.1)
(0.000525 0.003675 0)
(0.000525 0.003675 0.002564102564)
(0.000525 0.003675 0.005128205128)
(0.000525 0.003675 0.007692307692)
(0.000525 0.003675 0.01025641026)
(0.000525 0.003675 0.01282051282)
(0.000525 0.003675 0.01538461538)
(0.000525 0.003675 0.01794871795)
(0.000525 0.003675 0.02051282051)
(0.000525 0.003675 0.02307692308)
(0.000525 0.003675 0.02564102564)
(0.000525 0.003675 0.02820512821)
(0.000525 0.003675 0.03076923077)
(0.000525 0.003675 0.03333333333)
(0.000525 0.003675 0.0358974359)
(0.000525 0.003675 0.03846153846)
(0.000525 0.003675 0.04102564103)
(0.000525 0.003675 0.04358974359)
(0.000525 0.003675 0.04615384615)
(0.000525 0.003675 0.04871794872)
(0.000525 0.003675 0.05128205128)
(0.000525 0.003675 0.05384615385)
(0.000525 0.003675 0.05641025641)
(0.000525 0.003675 0.05897435897)
(0.000525 0.003675 0.06153846154)
(0.000525 0.003675 0.0641025641)
(0.000525 0.003675 0.06666666667)
(0.000525 0.003675 0.06923076923)
(0.000525 0.003675 0.07179487179)
(0.000525 0.003675 0.07435897436)
(0.000525 0.003675 0.07692307692)
(0.000525 0.003675 0.07948717949)
(0.000525 0.003675 0.08205128205)
(0.000525 0.003675 0.08461538462)
(0.000525 0.003675 0.08717948718)
(0.000525 0.003675 0.08974358974)
(0.000525 0.003675 0.09230769231)
(0.000525 0.003675 0.09487179487)
(0.000525 0.003675 0.09743589744)
(0.000525 0.003675 0.1)
(9.745797611e-20 0.00315 0)
(-2.956477108e-19 0.00315 0.002564102564)
(-2.956477108e-19 0.00315 0.005128205128)
(-2.956477108e-19 0.00315 0.007692307692)
(-2.956477108e-19 0.00315 0.01025641026)
(-2.956477108e-19 0.00315 0.01282051282)
(-2.956477108e-19 0.00315 0.01538461538)
(-2.956477108e-19 0.00315 0.01794871795)
(-2.956477108e-19 0.00315 0.02051282051)
(-2.956477108e-19 0.00315 0.02307692308)
(-2.956477108e-19 0.00315 0.02564102564)
(-2.956477108e-19 0.00315 0.02820512821)
(-2.956477108e-19 0.00315 0.03076923077)
(-2.956477108e-19 0.00315 0.03333333333)
(-2.956477108e-19 0.00315 0.0358974359)
(-2.956477108e-19 0.00315 0.03846153846)
(-2.956477108e-19 0.00315 0.04102564103)
(-2.956477108e-19 0.00315 0.04358974359)
(-2.956477108e-19 0.00315 0.04615384615)
(-2.956477108e-19 0.00315 0.04871794872)
(-2.956477108e-19 0.00315 0.05128205128)
(-2.956477108e-19 0.00315 0.05384615385)
(-2.956477108e-19 0.00315 0.05641025641)
(-2.956477108e-19 0.00315 0.05897435897)
(-2.956477108e-19 0.00315 0.06153846154)
(-2.956477108e-19 0.00315 0.0641025641)
(-2.956477108e-19 0.00315 0.06666666667)
(-2.956477108e-19 0.00315 0.06923076923)
(-2.956477108e-19 0.00315 0.07179487179)
(-2.956477108e-19 0.00315 0.07435897436)
(-2.956477108e-19 0.00315 0.07692307692)
(-2.956477108e-19 0.00315 0.07948717949)
(-2.956477108e-19 0.00315 0.08205128205)
(-2.956477108e-19 0.00315 0.08461538462)
(-2.956477108e-19 0.00315 0.08717948718)
(-2.956477108e-19 0.00315 0.08974358974)
(-2.956477108e-19 0.00315 0.09230769231)
(-2.956477108e-19 0.00315 0.09487179487)
(-2.956477108e-19 0.00315 0.09743589744)
(-2.956477108e-19 0.00315 0.1)
(-0.000525 0.002625 0)
(-0.000525 0.002625 0.002564102564)
(-0.000525 0.002625 0.005128205128)
(-0.000525 0.002625 0.007692307692)
(-0.000525 0.002625 0.01025641026)
(-0.000525 0.002625 0.01282051282)
(-0.000525 0.002625 0.01538461538)
(-0.000525 0.002625 0.01794871795)
(-0.000525 0.002625 0.02051282051)
(-0.000525 0.002625 0.02307692308)
(-0.000525 0.002625 0.02564102564)
(-0.000525 0.002625 0.02820512821)
(-0.000525 0.002625 0.03076923077)
(-0.000525 0.002625 0.03333333333)
(-0.000525 0.002625 0.0358974359)
(-0.000525 0.002625 0.03846153846)
(-0.000525 0.002625 0.04102564103)
(-0.000525 0.002625 0.04358974359)
(-0.000525 0.002625 0.04615384615)
(-0.000525 0.002625 0.04871794872)
(-0.000525 0.002625 0.05128205128)
(-0.000525 0.002625 0.05384615385)
(-0.000525 0.002625 0.05641025641)
(-0.000525 0.002625 0.05897435897)
(-0.000525 0.002625 0.06153846154)
(-0.000525 0.002625 0.0641025641)
(-0.000525 0.002625 0.06666666667)
(-0.000525 0.002625 0.06923076923)
(-0.000525 0.002625 0.07179487179)
(-0.000525 0.002625 0.07435897436)
(-0.000525 0.002625 0.07692307692)
(-0.000525 0.002625 0.07948717949)
(-0.000525 0.002625 0.08205128205)
(-0.000525 0.002625 0.08461538462)
(-0.000525 0.002625 0.08717948718)
(-0.000525 0.002625 0.08974358974)
(-0.000525 0.002625 0.09230769231)
(-0.000525 0.002625 0.09487179487)
(-0.000525 0.002625 0.09743589744)
(-0.000525 0.002625 0.1)
(-0.00105 0.0021 0)
(-0.00105 0.0021 0.002564102564)
(-0.00105 0.0021 0.005128205128)
(-0.00105 0.0021 0.007692307692)
(-0.00105 0.0021 0.01025641026)
(-0.00105 0.0021 0.01282051282)
(-0.00105 0.0021 0.01538461538)
(-0.00105 0.0021 0.01794871795)
(-0.00105 0.0021 0.02051282051)
(-0.00105 0.0021 0.02307692308)
(-0.00105 0.0021 0.02564102564)
(-0.00105 0.0021 0.02820512821)
(-0.00105 0.0021 0.03076923077)
(-0.00105 0.0021 0.03333333333)
(-0.00105 0.0021 0.0358974359)
(-0.00105 0.0021 0.03846153846)
(-0.00105 0.0021 0.04102564103)
(-0.00105 0.0021 0.04358974359)
(-0.00105 0.0021 0.04615384615)
(-0.00105 0.0021 0.04871794872)
(-0.00105 0.0021 0.05128205128)
(-0.00105 0.0021 0.05384615385)
(-0.00105 0.0021 0.05641025641)
(-0.00105 0.0021 0.05897435897)
(-0.00105 0.0021 0.06153846154)
(-0.00105 0.0021 0.0641025641)
(-0.00105 0.0021 0.06666666667)
(-0.00105 0.0021 0.06923076923)
(-0.00105 0.0021 0.07179487179)
(-0.00105 0.0021 0.07435897436)
(-0.00105 0.0021 0.07692307692)
(-0.00105 0.0021 0.07948717949)
(-0.00105 0.0021 0.08205128205)
(-0.00105 0.0021 0.08461538462)
(-0.00105 0.0021 0.08717948718)
(-0.00105 0.0021 0.08974358974)
(-0.00105 0.0021 0.09230769231)
(-0.00105 0.0021 0.09487179487)
(-0.00105 0.0021 0.09743589744)
(-0.00105 0.0021 0.1)
(-0.001575 0.001575 0)
(-0.001575 0.001575 0.002564102564)
(-0.001575 0.001575 0.005128205128)
(-0.001575 0.001575 0.007692307692)
(-0.001575 0.001575 0.01025641026)
(-0.001575 0.001575 0.01282051282)
(-0.001575 0.001575 0.01538461538)
(-0.001575 0.001575 0.01794871795)
(-0.001575 0.001575 0.02051282051)
(-0.001575 0.001575 0.02307692308)
(-0.001575 0.001575 0.02564102564)
(-0.001575 0.001575 0.02820512821)
(-0.001575 0.001575 0.03076923077)
(-0.001575 0.001575 0.03333333333)
(-0.001575 0.001575 0.0358974359)
(-0.001575 0.001575 0.03846153846)
(-0.001575 0.001575 0.04102564103)
(-0.001575 0.001575 0.04358974359)
(-0.001575 0.001575 0.04615384615)
(-0.001575 0.001575 0.04871794872)
(-0.001575 0.001575 0.05128205128)
(-0.001575 0.001575 0.05384615385)
(-0.001575 0.001575 0.05641025641)
(-0.001575 0.001575 0.05897435897)
(-0.001575 0.001575 0.06153846154)
(-0.001575 0.001575 0.0641025641)
(-0.001575 0.001575 0.06666666667)
(-0.001575 0.001575 0.06923076923)
(-0.001575 0.001575 0.07179487179)
(-0.001575 0.001575 0.07435897436)
(-0.001575 0.001575 0.07692307692)
(-0.001575 0.001575 0.07948717949)
(-0.001575 0.001575 0.08205128205)
(-0.001575 0.001575 0.08461538462)
(-0.001575 0.001575 0.08717948718)
(-0.001575 0.001575 0.08974358974)
(-0.001575 0.001575 0.09230769231)
(-0.001575 0.001575 0.09487179487)
(-0.001575 0.001575 0.09743589744)
(-0.001575 0.001575 0.1)
(-0.0021 0.00105 0)
(-0.0021 0.00105 0.002564102564)
(-0.0021 0.00105 0.005128205128)
(-0.0021 0.00105 0.007692307692)
(-0.0021 0.00105 0.01025641026)
(-0.0021 0.00105 0.01282051282)
(-0.0021 0.00105 0.01538461538)
(-0.0021 0.00105 0.01794871795)
(-0.0021 0.00105 0.02051282051)
(-0.0021 0.00105 0.02307692308)
(-0.0021 0.00105 0.02564102564)
(-0.0021 0.00105 0.02820512821)
(-0.0021 0.00105 0.03076923077)
(-0.0021 0.00105 0.03333333333)
(-0.0021 0.00105 0.0358974359)
(-0.0021 0.00105 0.03846153846)
(-0.0021 0.00105 0.04102564103)
(-0.0021 0.00105 0.04358974359)
(-0.0021 0.00105 0.04615384615)
(-0.0021 0.00105 0.04871794872)
(-0.0021 0.00105 0.05128205128)
(-0.0021 0.00105 0.05384615385)
(-0.0021 0.00105 0.05641025641)
(-0.0021 0.00105 0.05897435897)
(-0.0021 0.00105 0.06153846154)
(-0.0021 0.00105 0.0641025641)
(-0.0021 0.00105 0.06666666667)
(-0.0021 0.00105 0.06923076923)
(-0.0021 0.00105 0.07179487179)
(-0.0021 0.00105 0.07435897436)
(-0.0021 0.00105 0.07692307692)
(-0.0021 0.00105 0.07948717949)
(-0.0021 0.00105 0.08205128205)
(-0.0021 0.00105 0.08461538462)
(-0.0021 0.00105 0.08717948718)
(-0.0021 0.00105 0.08974358974)
(-0.0021 0.00105 0.09230769231)
(-0.0021 0.00105 0.09487179487)
(-0.0021 0.00105 0.09743589744)
(-0.0021 0.00105 0.1)
(-0.002625 0.000525 0)
(-0.002625 0.000525 0.002564102564)
(-0.002625 0.000525 0.005128205128)
(-0.002625 0.000525 0.007692307692)
(-0.002625 0.000525 0.01025641026)
(-0.002625 0.000525 0.01282051282)
(-0.002625 0.000525 0.01538461538)
(-0.002625 0.000525 0.01794871795)
(-0.002625 0.000525 0.02051282051)
(-0.002625 0.000525 0.02307692308)
(-0.002625 0.000525 0.02564102564)
(-0.002625 0.000525 0.02820512821)
(-0.002625 0.000525 0.03076923077)
(-0.002625 0.000525 0.03333333333)
(-0.002625 0.000525 0.0358974359)
(-0.002625 0.000525 0.03846153846)
(-0.002625 0.000525 0.04102564103)
(-0.002625 0.000525 0.04358974359)
(-0.002625 0.000525 0.04615384615)
(-0.002625 0.000525 0.04871794872)
(-0.002625 0.000525 0.05128205128)
(-0.002625 0.000525 0.05384615385)
(-0.002625 0.000525 0.05641025641)
(-0.002625 0.000525 0.05897435897)
(-0.002625 0.000525 0.06153846154)
(-0.002625 0.000525 0.0641025641)
(-0.002625 0.000525 0.06666666667)
(-0.002625 0.000525 0.06923076923)
(-0.002625 0.000525 0.07179487179)
(-0.002625 0.000525 0.07435897436)
(-0.002625 0.000525 0.07692307692)
(-0.002625 0.000525 0.07948717949)
(-0.002625 0.000525 0.08205128205)
(-0.002625 0.000525 0.08461538462)
(-0.002625 0.000525 0.08717948718)
(-0.002625 0.000525 0.08974358974)
(-0.002625 0.000525 0.09230769231)
(-0.002625 0.000525 0.09487179487)
(-0.002625 0.000525 0.09743589744)
(-0.002625 0.000525 0.1)
(-0.00315 4.996003611e-19 0)
(-0.00315 3.330669074e-19 0.002564102564)
(-0.00315 8.326672685e-19 0.005128205128)
(-0.00315 8.326672685e-19 0.007692307692)
(-0.00315 8.326672685e-19 0.01025641026)
(-0.00315 8.326672685e-19 0.01282051282)
(-0.00315 8.326672685e-19 0.01538461538)
(-0.00315 8.326672685e-19 0.01794871795)
(-0.00315 8.326672685e-19 0.02051282051)
(-0.00315 8.326672685e-19 0.02307692308)
(-0.00315 8.326672685e-19 0.02564102564)
(-0.00315 8.326672685e-19 0.02820512821)
(-0.00315 8.326672685e-19 0.03076923077)
(-0.00315 8.326672685e-19 0.03333333333)
(-0.00315 8.326672685e-19 0.0358974359)
(-0.00315 8.326672685e-19 0.03846153846)
(-0.00315 8.326672685e-19 0.04102564103)
(-0.00315 8.326672685e-19 0.04358974359)
(-0.00315 8.326672685e-19 0.04615384615)
(-0.00315 8.326672685e-19 0.04871794872)
(-0.00315 8.326672685e-19 0.05128205128)
(-0.00315 8.326672685e-19 0.05384615385)
(-0.00315 8.326672685e-19 0.05641025641)
(-0.00315 8.326672685e-19 0.05897435897)
(-0.00315 8.326672685e-19 0.06153846154)
(-0.00315 8.326672685e-19 0.0641025641)
(-0.00315 8.326672685e-19 0.06666666667)
(-0.00315 8.326672685e-19 0.06923076923)
(-0.00315 8.326672685e-19 0.07179487179)
(-0.00315 8.326672685e-19 0.07435897436)
(-0.00315 8.326672685e-19 0.07692307692)
(-0.00315 8.326672685e-19 0.07948717949)
(-0.00315 8.326672685e-19 0.08205128205)
(-0.00315 8.326672685e-19 0.08461538462)
(-0.00315 8.326672685e-19 0.08717948718)
(-0.00315 8.326672685e-19 0.08974358974)
(-0.00315 8.326672685e-19 0.09230769231)
(-0.00315 8.326672685e-19 0.09487179487)
(-0.00315 8.326672685e-19 0.09743589744)
(-0.00315 3.330669074e-19 0.1)
(-0.003675 -0.000525 0)
(-0.003675 -0.000525 0.002564102564)
(-0.003675 -0.000525 0.005128205128)
(-0.003675 -0.000525 0.007692307692)
(-0.003675 -0.000525 0.01025641026)
(-0.003675 -0.000525 0.01282051282)
(-0.003675 -0.000525 0.01538461538)
(-0.003675 -0.000525 0.01794871795)
(-0.003675 -0.000525 0.02051282051)
(-0.003675 -0.000525 0.02307692308)
(-0.003675 -0.000525 0.02564102564)
(-0.003675 -0.000525 0.02820512821)
(-0.003675 -0.000525 0.03076923077)
(-0.003675 -0.000525 0.03333333333)
(-0.003675 -0.000525 0.0358974359)
(-0.003675 -0.000525 0.03846153846)
(-0.003675 -0.000525 0.04102564103)
(-0.003675 -0.000525 0.04358974359)
(-0.003675 -0.000525 0.04615384615)
(-0.003675 -0.000525 0.04871794872)
(-0.003675 -0.000525 0.05128205128)
(-0.003675 -0.000525 0.05384615385)
(-0.003675 -0.000525 0.05641025641)
(-0.003675 -0.000525 0.05897435897)
(-0.003675 -0.000525 0.06153846154)
(-0.003675 -0.000525 0.0641025641)
(-0.003675 -0.000525 0.06666666667)
(-0.003675 -0.000525 0.06923076923)
(-0.003675 -0.000525 0.07179487179)
(-0.003675 -0.000525 0.07435897436)
(-0.003675 -0.000525 0.07692307692)
(-0.003675 -0.000525 0.07948717949)
(-0.003675 -0.000525 0.08205128205)
(-0.003675 -0.000525 0.08461538462)
(-0.003675 -0.000525 0.08717948718)
(-0.003675 -0.000525 0.08974358974)
(-0.003675 -0.000525 0.09230769231)
(-0.003675 -0.000525 0.09487179487)
(-0.003675 -0.000525 0.09743589744)
(-0.003675 -0.000525 0.1)
(1.605864247e-19 0.0042 0)
(-1.291817847e-19 0.0042 0.002564102564)
(-1.291817847e-19 0.0042 0.005128205128)
(-1.291817847e-19 0.0042 0.007692307692)
(-1.291817847e-19 0.0042 0.01025641026)
(-1.291817847e-19 0.0042 0.01282051282)
(-1.291817847e-19 0.0042 0.01538461538)
(-1.291817847e-19 0.0042 0.01794871795)
(-1.291817847e-19 0.0042 0.02051282051)
(-1.291817847e-19 0.0042 0.02307692308)
(-1.291817847e-19 0.0042 0.02564102564)
(-1.291817847e-19 0.0042 0.02820512821)
(-1.291817847e-19 0.0042 0.03076923077)
(-1.291817847e-19 0.0042 0.03333333333)
(-1.291817847e-19 0.0042 0.0358974359)
(-1.291817847e-19 0.0042 0.03846153846)
(-1.291817847e-19 0.0042 0.04102564103)
(-1.291817847e-19 0.0042 0.04358974359)
(-1.291817847e-19 0.0042 0.04615384615)
(-1.291817847e-19 0.0042 0.04871794872)
(-1.291817847e-19 0.0042 0.05128205128)
(-1.291817847e-19 0.0042 0.05384615385)
(-1.291817847e-19 0.0042 0.05641025641)
(-1.291817847e-19 0.0042 0.05897435897)
(-1.291817847e-19 0.0042 0.06153846154)
(-1.291817847e-19 0.0042 0.0641025641)
(-1.291817847e-19 0.0042 0.06666666667)
(-1.291817847e-19 0.0042 0.06923076923)
(-1.291817847e-19 0.0042 0.07179487179)
(-1.291817847e-19 0.0042 0.07435897436)
(-1.291817847e-19 0.0042 0.07692307692)
(-1.291817847e-19 0.0042 0.07948717949)
(-1.291817847e-19 0.0042 0.08205128205)
(-1.291817847e-19 0.0042 0.08461538462)
(-1.291817847e-19 0.0042 0.08717948718)
(-1.291817847e-19 0.0042 0.08974358974)
(-1.291817847e-19 0.0042 0.09230769231)
(-1.291817847e-19 0.0042 0.09487179487)
(-1.291817847e-19 0.0042 0.09743589744)
(-1.291817847e-19 0.0042 0.1)
(-0.000525 0.003675 0)
(-0.000525 0.003675 0.002564102564)
(-0.000525 0.003675 0.005128205128)
(-0.000525 0.003675 0.007692307692)
(-0.000525 0.003675 0.01025641026)
(-0.000525 0.003675 0.01282051282)
(-0.000525 0.003675 0.01538461538)
(-0.000525 0.003675 0.01794871795)
(-0.000525 0.003675 0.02051282051)
(-0.000525 0.003675 0.02307692308)
(-0.000525 0.003675 0.02564102564)
(-0.000525 0.003675 0.02820512821)
(-0.000525 0.003675 0.03076923077)
(-0.000525 0.003675 0.03333333333)
(-0.000525 0.003675 0.0358974359)
(-0.000525 0.003675 0.03846153846)
(-0.000525 0.003675 0.04102564103)
(-0.000525 0.003675 0.04358974359)
(-0.000525 0.003675 0.04615384615)
(-0.000525 0.003675 0.04871794872)
(-0.000525 0.003675 0.05128205128)
(-0.000525 0.003675 0.05384615385)
(-0.000525 0.003675 0.05641025641)
(-0.000525 0.003675 0.05897435897)
(-0.000525 0.003675 0.06153846154)
(-0.000525 0.003675 0.0641025641)
(-0.000525 0.003675 0.06666666667)
(-0.000525 0.003675 0.06923076923)
(-0.000525 0.003675 0.07179487179)
(-0.000525 0.003675 0.07435897436)
(-0.000525 0.003675 0.07692307692)
(-0.000525 0.003675 0.07948717949)
(-0.000525 0.003675 0.08205128205)
(-0.000525 0.003675 0.08461538462)
(-0.000525 0.003675 0.08717948718)
(-0.000525 0.003675 0.08974358974)
(-0.000525 0.003675 0.09230769231)
(-0.000525 0.003675 0.09487179487)
(-0.000525 0.003675 0.09743589744)
(-0.000525 0.003675 0.1)
(-0.00105 0.00315 0)
(-0.00105 0.00315 0.002564102564)
(-0.00105 0.00315 0.005128205128)
(-0.00105 0.00315 0.007692307692)
(-0.00105 0.00315 0.01025641026)
(-0.00105 0.00315 0.01282051282)
(-0.00105 0.00315 0.01538461538)
(-0.00105 0.00315 0.01794871795)
(-0.00105 0.00315 0.02051282051)
(-0.00105 0.00315 0.02307692308)
(-0.00105 0.00315 0.02564102564)
(-0.00105 0.00315 0.02820512821)
(-0.00105 0.00315 0.03076923077)
(-0.00105 0.00315 0.03333333333)
(-0.00105 0.00315 0.0358974359)
(-0.00105 0.00315 0.03846153846)
(-0.00105 0.00315 0.04102564103)
(-0.00105 0.00315 0.04358974359)
(-0.00105 0.00315 0.04615384615)
(-0.00105 0.00315 0.04871794872)
(-0.00105 0.00315 0.05128205128)
(-0.00105 0.00315 0.05384615385)
(-0.00105 0.00315 0.05641025641)
(-0.00105 0.00315 0.05897435897)
(-0.00105 0.00315 0.06153846154)
(-0.00105 0.00315 0.0641025641)
(-0.00105 0.00315 0.06666666667)
(-0.00105 0.00315 0.06923076923)
(-0.00105 0.00315 0.07179487179)
(-0.00105 0.00315 0.07435897436)
(-0.00105 0.00315 0.07692307692)
(-0.00105 0.00315 0.07948717949)
(-0.00105 0.00315 0.08205128205)
(-0.00105 0.00315 0.08461538462)
(-0.00105 0.00315 0.08717948718)
(-0.00105 0.00315 0.08974358974)
(-0.00105 0.00315 0.09230769231)
(-0.00105 0.00315 0.09487179487)
(-0.00105 0.00315 0.09743589744)
(-0.00105 0.00315 0.1)
(-0.001575 0.002625 0)
(-0.001575 0.002625 0.002564102564)
(-0.001575 0.002625 0.005128205128)
(-0.001575 0.002625 0.007692307692)
(-0.001575 0.002625 0.01025641026)
(-0.001575 0.002625 0.01282051282)
(-0.001575 0.002625 0.01538461538)
(-0.001575 0.002625 0.01794871795)
(-0.001575 0.002625 0.02051282051)
(-0.001575 0.002625 0.02307692308)
(-0.001575 0.002625 0.02564102564)
(-0.001575 0.002625 0.02820512821)
(-0.001575 0.002625 0.03076923077)
(-0.001575 0.002625 0.03333333333)
(-0.001575 0.002625 0.0358974359)
(-0.001575 0.002625 0.03846153846)
(-0.001575 0.002625 0.04102564103)
(-0.001575 0.002625 0.04358974359)
(-0.001575 0.002625 0.04615384615)
(-0.001575 0.002625 0.04871794872)
(-0.001575 0.002625 0.05128205128)
(-0.001575 0.002625 0.05384615385)
(-0.001575 0.002625 0.05641025641)
(-0.001575 0.002625 0.05897435897)
(-0.001575 0.002625 0.06153846154)
(-0.001575 0.002625 0.0641025641)
(-0.001575 0.002625 0.06666666667)
(-0.001575 0.002625 0.06923076923)
(-0.001575 0.002625 0.07179487179)
(-0.001575 0.002625 0.07435897436)
(-0.001575 0.002625 0.07692307692)
(-0.001575 0.002625 0.07948717949)
(-0.001575 0.002625 0.08205128205)
(-0.001575 0.002625 0.08461538462)
(-0.001575 0.002625 0.08717948718)
(-0.001575 0.002625 0.08974358974)
(-0.001575 0.002625 0.09230769231)
(-0.001575 0.002625 0.09487179487)
(-0.001575 0.002625 0.09743589744)
(-0.001575 0.002625 0.1)
(-0.0021 0.0021 0)
(-0.0021 0.0021 0.002564102564)
(-0.0021 0.0021 0.005128205128)
(-0.0021 0.0021 0.007692307692)
(-0.0021 0.0021 0.01025641026)
(-0.0021 0.0021 0.01282051282)
(-0.0021 0.0021 0.01538461538)
(-0.0021 0.0021 0.01794871795)
(-0.0021 0.0021 0.02051282051)
(-0.0021 0.0021 0.02307692308)
(-0.0021 0.0021 0.02564102564)
(-0.0021 0.0021 0.02820512821)
(-0.0021 0.0021 0.03076923077)
(-0.0021 0.0021 0.03333333333)
(-0.0021 0.0021 0.0358974359)
(-0.0021 0.0021 0.03846153846)
(-0.0021 0.0021 0.04102564103)
(-0.0021 0.0021 0.04358974359)
(-0.0021 0.0021 0.04615384615)
(-0.0021 0.0021 0.04871794872)
(-0.0021 0.0021 0.05128205128)
(-0.0021 0.0021 0.05384615385)
(-0.0021 0.0021 0.05641025641)
(-0.0021 0.0021 0.05897435897)
(-0.0021 0.0021 0.06153846154)
(-0.0021 0.0021 0.0641025641)
(-0.0021 0.0021 0.06666666667)
(-0.0021 0.0021 0.06923076923)
(-0.0021 0.0021 0.07179487179)
(-0.0021 0.0021 0.07435897436)
(-0.0021 0.0021 0.07692307692)
(-0.0021 0.0021 0.07948717949)
(-0.0021 0.0021 0.08205128205)
(-0.0021 0.0021 0.08461538462)
(-0.0021 0.0021 0.08717948718)
(-0.0021 0.0021 0.08974358974)
(-0.0021 0.0021 0.09230769231)
(-0.0021 0.0021 0.09487179487)
(-0.0021 0.0021 0.09743589744)
(-0.0021 0.0021 0.1)
(-0.002625 0.001575 0)
(-0.002625 0.001575 0.002564102564)
(-0.002625 0.001575 0.005128205128)
(-0.002625 0.001575 0.007692307692)
(-0.002625 0.001575 0.01025641026)
(-0.002625 0.001575 0.01282051282)
(-0.002625 0.001575 0.01538461538)
(-0.002625 0.001575 0.01794871795)
(-0.002625 0.001575 0.02051282051)
(-0.002625 0.001575 0.02307692308)
(-0.002625 0.001575 0.02564102564)
(-0.002625 0.001575 0.02820512821)
(-0.002625 0.001575 0.03076923077)
(-0.002625 0.001575 0.03333333333)
(-0.002625 0.001575 0.0358974359)
(-0.002625 0.001575 0.03846153846)
(-0.002625 0.001575 0.04102564103)
(-0.002625 0.001575 0.04358974359)
(-0.002625 0.001575 0.04615384615)
(-0.002625 0.001575 0.04871794872)
(-0.002625 0.001575 0.05128205128)
(-0.002625 0.001575 0.05384615385)
(-0.002625 0.001575 0.05641025641)
(-0.002625 0.001575 0.05897435897)
(-0.002625 0.001575 0.06153846154)
(-0.002625 0.001575 0.0641025641)
(-0.002625 0.001575 0.06666666667)
(-0.002625 0.001575 0.06923076923)
(-0.002625 0.001575 0.07179487179)
(-0.002625 0.001575 0.07435897436)
(-0.002625 0.001575 0.07692307692)
(-0.002625 0.001575 0.07948717949)
(-0.002625 0.001575 0.08205128205)
(-0.002625 0.001575 0.08461538462)
(-0.002625 0.001575 0.08717948718)
(-0.002625 0.001575 0.08974358974)
(-0.002625 0.001575 0.09230769231)
(-0.002625 0.001575 0.09487179487)
(-0.002625 0.001575 0.09743589744)
(-0.002625 0.001575 0.1)
(-0.00315 0.00105 0)
(-0.00315 0.00105 0.002564102564)
(-0.00315 0.00105 0.005128205128)
(-0.00315 0.00105 0.007692307692)
(-0.00315 0.00105 0.01025641026)
(-0.00315 0.00105 0.01282051282)
(-0.00315 0.00105 0.01538461538)
(-0.00315 0.00105 0.01794871795)
(-0.00315 0.00105 0.02051282051)
(-0.00315 0.00105 0.02307692308)
(-0.00315 0.00105 0.02564102564)
(-0.00315 0.00105 0.02820512821)
(-0.00315 0.00105 0.03076923077)
(-0.00315 0.00105 0.03333333333)
(-0.00315 0.00105 0.0358974359)
(-0.00315 0.00105 0.03846153846)
(-0.00315 0.00105 0.04102564103)
(-0.00315 0.00105 0.04358974359)
(-0.00315 0.00105 0.04615384615)
(-0.00315 0.00105 0.04871794872)
(-0.00315 0.00105 0.05128205128)
(-0.00315 0.00105 0.05384615385)
(-0.00315 0.00105 0.05641025641)
(-0.00315 0.00105 0.05897435897)
(-0.00315 0.00105 0.06153846154)
(-0.00315 0.00105 0.0641025641)
(-0.00315 0.00105 0.06666666667)
(-0.00315 0.00105 0.06923076923)
(-0.00315 0.00105 0.07179487179)
(-0.00315 0.00105 0.07435897436)
(-0.00315 0.00105 0.07692307692)
(-0.00315 0.00105 0.07948717949)
(-0.00315 0.00105 0.08205128205)
(-0.00315 0.00105 0.08461538462)
(-0.00315 0.00105 0.08717948718)
(-0.00315 0.00105 0.08974358974)
(-0.00315 0.00105 0.09230769231)
(-0.00315 0.00105 0.09487179487)
(-0.00315 0.00105 0.09743589744)
(-0.00315 0.00105 0.1)
(-0.003675 0.000525 0)
(-0.003675 0.000525 0.002564102564)
(-0.003675 0.000525 0.005128205128)
(-0.003675 0.000525 0.007692307692)
(-0.003675 0.000525 0.01025641026)
(-0.003675 0.000525 0.01282051282)
(-0.003675 0.000525 0.01538461538)
(-0.003675 0.000525 0.01794871795)
(-0.003675 0.000525 0.02051282051)
(-0.003675 0.000525 0.02307692308)
(-0.003675 0.000525 0.02564102564)
(-0.003675 0.000525 0.02820512821)
(-0.003675 0.000525 0.03076923077)
(-0.003675 0.000525 0.03333333333)
(-0.003675 0.000525 0.0358974359)
(-0.003675 0.000525 0.03846153846)
(-0.003675 0.000525 0.04102564103)
(-0.003675 0.000525 0.04358974359)
(-0.003675 0.000525 0.04615384615)
(-0.003675 0.000525 0.04871794872)
(-0.003675 0.000525 0.05128205128)
(-0.003675 0.000525 0.05384615385)
(-0.003675 0.000525 0.05641025641)
(-0.003675 0.000525 0.05897435897)
(-0.003675 0.000525 0.06153846154)
(-0.003675 0.000525 0.0641025641)
(-0.003675 0.000525 0.06666666667)
(-0.003675 0.000525 0.06923076923)
(-0.003675 0.000525 0.07179487179)
(-0.003675 0.000525 0.07435897436)
(-0.003675 0.000525 0.07692307692)
(-0.003675 0.000525 0.07948717949)
(-0.003675 0.000525 0.08205128205)
(-0.003675 0.000525 0.08461538462)
(-0.003675 0.000525 0.08717948718)
(-0.003675 0.000525 0.08974358974)
(-0.003675 0.000525 0.09230769231)
(-0.003675 0.000525 0.09487179487)
(-0.003675 0.000525 0.09743589744)
(-0.003675 0.000525 0.1)
(-0.0042 6.552112019e-19 0)
(-0.0042 4.258113694e-19 0.002564102564)
(-0.0042 8.443654497e-19 0.005128205128)
(-0.0042 8.443654497e-19 0.007692307692)
(-0.0042 8.443654497e-19 0.01025641026)
(-0.0042 8.443654497e-19 0.01282051282)
(-0.0042 8.443654497e-19 0.01538461538)
(-0.0042 8.443654497e-19 0.01794871795)
(-0.0042 8.443654497e-19 0.02051282051)
(-0.0042 8.443654497e-19 0.02307692308)
(-0.0042 8.443654497e-19 0.02564102564)
(-0.0042 8.443654497e-19 0.02820512821)
(-0.0042 8.443654497e-19 0.03076923077)
(-0.0042 8.443654497e-19 0.03333333333)
(-0.0042 8.443654497e-19 0.0358974359)
(-0.0042 8.443654497e-19 0.03846153846)
(-0.0042 8.443654497e-19 0.04102564103)
(-0.0042 8.443654497e-19 0.04358974359)
(-0.0042 8.443654497e-19 0.04615384615)
(-0.0042 8.443654497e-19 0.04871794872)
(-0.0042 8.443654497e-19 0.05128205128)
(-0.0042 8.443654497e-19 0.05384615385)
(-0.0042 8.443654497e-19 0.05641025641)
(-0.0042 8.443654497e-19 0.05897435897)
(-0.0042 8.443654497e-19 0.06153846154)
(-0.0042 8.443654497e-19 0.0641025641)
(-0.0042 8.443654497e-19 0.06666666667)
(-0.0042 8.443654497e-19 0.06923076923)
(-0.0042 8.443654497e-19 0.07179487179)
(-0.0042 8.443654497e-19 0.07435897436)
(-0.0042 8.443654497e-19 0.07692307692)
(-0.0042 8.443654497e-19 0.07948717949)
(-0.0042 8.443654497e-19 0.08205128205)
(-0.0042 8.443654497e-19 0.08461538462)
(-0.0042 8.443654497e-19 0.08717948718)
(-0.0042 8.443654497e-19 0.08974358974)
(-0.0042 8.443654497e-19 0.09230769231)
(-0.0042 8.443654497e-19 0.09487179487)
(-0.0042 8.443654497e-19 0.09743589744)
(-0.0042 4.258113694e-19 0.1)
(0.00536 1.12687637e-19 0)
(0.00536 -7.083222897e-20 0.002564102564)
(0.00536 2.640110353e-19 0.005128205128)
(0.00536 2.640110353e-19 0.007692307692)
(0.00536 2.640110353e-19 0.01025641026)
(0.00536 2.640110353e-19 0.01282051282)
(0.00536 2.640110353e-19 0.01538461538)
(0.00536 2.640110353e-19 0.01794871795)
(0.00536 2.640110353e-19 0.02051282051)
(0.00536 2.640110353e-19 0.02307692308)
(0.00536 2.640110353e-19 0.02564102564)
(0.00536 2.640110353e-19 0.02820512821)
(0.00536 2.640110353e-19 0.03076923077)
(0.00536 2.640110353e-19 0.03333333333)
(0.00536 2.640110353e-19 0.0358974359)
(0.00536 2.640110353e-19 0.03846153846)
(0.00536 2.640110353e-19 0.04102564103)
(0.00536 2.640110353e-19 0.04358974359)
(0.00536 2.640110353e-19 0.04615384615)
(0.00536 2.640110353e-19 0.04871794872)
(0.00536 2.640110353e-19 0.05128205128)
(0.00536 2.640110353e-19 0.05384615385)
(0.00536 2.640110353e-19 0.05641025641)
(0.00536 2.640110353e-19 0.05897435897)
(0.00536 2.640110353e-19 0.06153846154)
(0.00536 2.640110353e-19 0.0641025641)
(0.00536 2.640110353e-19 0.06666666667)
(0.00536 2.640110353e-19 0.06923076923)
(0.00536 2.640110353e-19 0.07179487179)
(0.00536 2.640110353e-19 0.07435897436)
(0.00536 2.640110353e-19 0.07692307692)
(0.00536 2.640110353e-19 0.07948717949)
(0.00536 2.640110353e-19 0.08205128205)
(0.00536 2.640110353e-19 0.08461538462)
(0.00536 2.640110353e-19 0.08717948718)
(0.00536 2.640110353e-19 0.08974358974)
(0.00536 2.640110353e-19 0.09230769231)
(0.00536 2.640110353e-19 0.09487179487)
(0.00536 2.640110353e-19 0.09743589744)
(0.00536 -7.083222897e-20 0.1)
(0.004901570561 0.000810180644 0)
(0.004901570561 0.000810180644 0.002564102564)
(0.004901570561 0.000810180644 0.005128205128)
(0.004901570561 0.000810180644 0.007692307692)
(0.004901570561 0.000810180644 0.01025641026)
(0.004901570561 0.000810180644 0.01282051282)
(0.004901570561 0.000810180644 0.01538461538)
(0.004901570561 0.000810180644 0.01794871795)
(0.004901570561 0.000810180644 0.02051282051)
(0.004901570561 0.000810180644 0.02307692308)
(0.004901570561 0.000810180644 0.02564102564)
(0.004901570561 0.000810180644 0.02820512821)
(0.004901570561 0.000810180644 0.03076923077)
(0.004901570561 0.000810180644 0.03333333333)
(0.004901570561 0.000810180644 0.0358974359)
(0.004901570561 0.000810180644 0.03846153846)
(0.004901570561 0.000810180644 0.04102564103)
(0.004901570561 0.000810180644 0.04358974359)
(0.004901570561 0.000810180644 0.04615384615)
(0.004901570561 0.000810180644 0.04871794872)
(0.004901570561 0.000810180644 0.05128205128)
(0.004901570561 0.000810180644 0.05384615385)
(0.004901570561 0.000810180644 0.05641025641)
(0.004901570561 0.000810180644 0.05897435897)
(0.004901570561 0.000810180644 0.06153846154)
(0.004901570561 0.000810180644 0.0641025641)
(0.004901570561 0.000810180644 0.06666666667)
(0.004901570561 0.000810180644 0.06923076923)
(0.004901570561 0.000810180644 0.07179487179)
(0.004901570561 0.000810180644 0.07435897436)
(0.004901570561 0.000810180644 0.07692307692)
(0.004901570561 0.000810180644 0.07948717949)
(0.004901570561 0.000810180644 0.08205128205)
(0.004901570561 0.000810180644 0.08461538462)
(0.004901570561 0.000810180644 0.08717948718)
(0.004901570561 0.000810180644 0.08974358974)
(0.004901570561 0.000810180644 0.09230769231)
(0.004901570561 0.000810180644 0.09487179487)
(0.004901570561 0.000810180644 0.09743589744)
(0.004901570561 0.000810180644 0.1)
(0.004367759065 0.001605366865 0)
(0.004367759065 0.001605366865 0.002564102564)
(0.004367759065 0.001605366865 0.005128205128)
(0.004367759065 0.001605366865 0.007692307692)
(0.004367759065 0.001605366865 0.01025641026)
(0.004367759065 0.001605366865 0.01282051282)
(0.004367759065 0.001605366865 0.01538461538)
(0.004367759065 0.001605366865 0.01794871795)
(0.004367759065 0.001605366865 0.02051282051)
(0.004367759065 0.001605366865 0.02307692308)
(0.004367759065 0.001605366865 0.02564102564)
(0.004367759065 0.001605366865 0.02820512821)
(0.004367759065 0.001605366865 0.03076923077)
(0.004367759065 0.001605366865 0.03333333333)
(0.004367759065 0.001605366865 0.0358974359)
(0.004367759065 0.001605366865 0.03846153846)
(0.004367759065 0.001605366865 0.04102564103)
(0.004367759065 0.001605366865 0.04358974359)
(0.004367759065 0.001605366865 0.04615384615)
(0.004367759065 0.001605366865 0.04871794872)
(0.004367759065 0.001605366865 0.05128205128)
(0.004367759065 0.001605366865 0.05384615385)
(0.004367759065 0.001605366865 0.05641025641)
(0.004367759065 0.001605366865 0.05897435897)
(0.004367759065 0.001605366865 0.06153846154)
(0.004367759065 0.001605366865 0.0641025641)
(0.004367759065 0.001605366865 0.06666666667)
(0.004367759065 0.001605366865 0.06923076923)
(0.004367759065 0.001605366865 0.07179487179)
(0.004367759065 0.001605366865 0.07435897436)
(0.004367759065 0.001605366865 0.07692307692)
(0.004367759065 0.001605366865 0.07948717949)
(0.004367759065 0.001605366865 0.08205128205)
(0.004367759065 0.001605366865 0.08461538462)
(0.004367759065 0.001605366865 0.08717948718)
(0.004367759065 0.001605366865 0.08974358974)
(0.004367759065 0.001605366865 0.09230769231)
(0.004367759065 0.001605366865 0.09487179487)
(0.004367759065 0.001605366865 0.09743589744)
(0.004367759065 0.001605366865 0.1)
(0.003762939225 0.002371140466 0)
(0.003762939225 0.002371140466 0.002564102564)
(0.003762939225 0.002371140466 0.005128205128)
(0.003762939225 0.002371140466 0.007692307692)
(0.003762939225 0.002371140466 0.01025641026)
(0.003762939225 0.002371140466 0.01282051282)
(0.003762939225 0.002371140466 0.01538461538)
(0.003762939225 0.002371140466 0.01794871795)
(0.003762939225 0.002371140466 0.02051282051)
(0.003762939225 0.002371140466 0.02307692308)
(0.003762939225 0.002371140466 0.02564102564)
(0.003762939225 0.002371140466 0.02820512821)
(0.003762939225 0.002371140466 0.03076923077)
(0.003762939225 0.002371140466 0.03333333333)
(0.003762939225 0.002371140466 0.0358974359)
(0.003762939225 0.002371140466 0.03846153846)
(0.003762939225 0.002371140466 0.04102564103)
(0.003762939225 0.002371140466 0.04358974359)
(0.003762939225 0.002371140466 0.04615384615)
(0.003762939225 0.002371140466 0.04871794872)
(0.003762939225 0.002371140466 0.05128205128)
(0.003762939225 0.002371140466 0.05384615385)
(0.003762939225 0.002371140466 0.05641025641)
(0.003762939225 0.002371140466 0.05897435897)
(0.003762939225 0.002371140466 0.06153846154)
(0.003762939225 0.002371140466 0.0641025641)
(0.003762939225 0.002371140466 0.06666666667)
(0.003762939225 0.002371140466 0.06923076923)
(0.003762939225 0.002371140466 0.07179487179)
(0.003762939225 0.002371140466 0.07435897436)
(0.003762939225 0.002371140466 0.07692307692)
(0.003762939225 0.002371140466 0.07948717949)
(0.003762939225 0.002371140466 0.08205128205)
(0.003762939225 0.002371140466 0.08461538462)
(0.003762939225 0.002371140466 0.08717948718)
(0.003762939225 0.002371140466 0.08974358974)
(0.003762939225 0.002371140466 0.09230769231)
(0.003762939225 0.002371140466 0.09487179487)
(0.003762939225 0.002371140466 0.09743589744)
(0.003762939225 0.002371140466 0.1)
(0.003094213562 0.003094213562 0)
(0.003094213562 0.003094213562 0.002564102564)
(0.003094213562 0.003094213562 0.005128205128)
(0.003094213562 0.003094213562 0.007692307692)
(0.003094213562 0.003094213562 0.01025641026)
(0.003094213562 0.003094213562 0.01282051282)
(0.003094213562 0.003094213562 0.01538461538)
(0.003094213562 0.003094213562 0.01794871795)
(0.003094213562 0.003094213562 0.02051282051)
(0.003094213562 0.003094213562 0.02307692308)
(0.003094213562 0.003094213562 0.02564102564)
(0.003094213562 0.003094213562 0.02820512821)
(0.003094213562 0.003094213562 0.03076923077)
(0.003094213562 0.003094213562 0.03333333333)
(0.003094213562 0.003094213562 0.0358974359)
(0.003094213562 0.003094213562 0.03846153846)
(0.003094213562 0.003094213562 0.04102564103)
(0.003094213562 0.003094213562 0.04358974359)
(0.003094213562 0.003094213562 0.04615384615)
(0.003094213562 0.003094213562 0.04871794872)
(0.003094213562 0.003094213562 0.05128205128)
(0.003094213562 0.003094213562 0.05384615385)
(0.003094213562 0.003094213562 0.05641025641)
(0.003094213562 0.003094213562 0.05897435897)
(0.003094213562 0.003094213562 0.06153846154)
(0.003094213562 0.003094213562 0.0641025641)
(0.003094213562 0.003094213562 0.06666666667)
(0.003094213562 0.003094213562 0.06923076923)
(0.003094213562 0.003094213562 0.07179487179)
(0.003094213562 0.003094213562 0.07435897436)
(0.003094213562 0.003094213562 0.07692307692)
(0.003094213562 0.003094213562 0.07948717949)
(0.003094213562 0.003094213562 0.08205128205)
(0.003094213562 0.003094213562 0.08461538462)
(0.003094213562 0.003094213562 0.08717948718)
(0.003094213562 0.003094213562 0.08974358974)
(0.003094213562 0.003094213562 0.09230769231)
(0.003094213562 0.003094213562 0.09487179487)
(0.003094213562 0.003094213562 0.09743589744)
(0.003094213562 0.003094213562 0.1)
(0.002371140466 0.003762939225 0)
(0.002371140466 0.003762939225 0.002564102564)
(0.002371140466 0.003762939225 0.005128205128)
(0.002371140466 0.003762939225 0.007692307692)
(0.002371140466 0.003762939225 0.01025641026)
(0.002371140466 0.003762939225 0.01282051282)
(0.002371140466 0.003762939225 0.01538461538)
(0.002371140466 0.003762939225 0.01794871795)
(0.002371140466 0.003762939225 0.02051282051)
(0.002371140466 0.003762939225 0.02307692308)
(0.002371140466 0.003762939225 0.02564102564)
(0.002371140466 0.003762939225 0.02820512821)
(0.002371140466 0.003762939225 0.03076923077)
(0.002371140466 0.003762939225 0.03333333333)
(0.002371140466 0.003762939225 0.0358974359)
(0.002371140466 0.003762939225 0.03846153846)
(0.002371140466 0.003762939225 0.04102564103)
(0.002371140466 0.003762939225 0.04358974359)
(0.002371140466 0.003762939225 0.04615384615)
(0.002371140466 0.003762939225 0.04871794872)
(0.002371140466 0.003762939225 0.05128205128)
(0.002371140466 0.003762939225 0.05384615385)
(0.002371140466 0.003762939225 0.05641025641)
(0.002371140466 0.003762939225 0.05897435897)
(0.002371140466 0.003762939225 0.06153846154)
(0.002371140466 0.003762939225 0.0641025641)
(0.002371140466 0.003762939225 0.06666666667)
(0.002371140466 0.003762939225 0.06923076923)
(0.002371140466 0.003762939225 0.07179487179)
(0.002371140466 0.003762939225 0.07435897436)
(0.002371140466 0.003762939225 0.07692307692)
(0.002371140466 0.003762939225 0.07948717949)
(0.002371140466 0.003762939225 0.08205128205)
(0.002371140466 0.003762939225 0.08461538462)
(0.002371140466 0.003762939225 0.08717948718)
(0.002371140466 0.003762939225 0.08974358974)
(0.002371140466 0.003762939225 0.09230769231)
(0.002371140466 0.003762939225 0.09487179487)
(0.002371140466 0.003762939225 0.09743589744)
(0.002371140466 0.003762939225 0.1)
(0.001605366865 0.004367759065 0)
(0.001605366865 0.004367759065 0.002564102564)
(0.001605366865 0.004367759065 0.005128205128)
(0.001605366865 0.004367759065 0.007692307692)
(0.001605366865 0.004367759065 0.01025641026)
(0.001605366865 0.004367759065 0.01282051282)
(0.001605366865 0.004367759065 0.01538461538)
(0.001605366865 0.004367759065 0.01794871795)
(0.001605366865 0.004367759065 0.02051282051)
(0.001605366865 0.004367759065 0.02307692308)
(0.001605366865 0.004367759065 0.02564102564)
(0.001605366865 0.004367759065 0.02820512821)
(0.001605366865 0.004367759065 0.03076923077)
(0.001605366865 0.004367759065 0.03333333333)
(0.001605366865 0.004367759065 0.0358974359)
(0.001605366865 0.004367759065 0.03846153846)
(0.001605366865 0.004367759065 0.04102564103)
(0.001605366865 0.004367759065 0.04358974359)
(0.001605366865 0.004367759065 0.04615384615)
(0.001605366865 0.004367759065 0.04871794872)
(0.001605366865 0.004367759065 0.05128205128)
(0.001605366865 0.004367759065 0.05384615385)
(0.001605366865 0.004367759065 0.05641025641)
(0.001605366865 0.004367759065 0.05897435897)
(0.001605366865 0.004367759065 0.06153846154)
(0.001605366865 0.004367759065 0.0641025641)
(0.001605366865 0.004367759065 0.06666666667)
(0.001605366865 0.004367759065 0.06923076923)
(0.001605366865 0.004367759065 0.07179487179)
(0.001605366865 0.004367759065 0.07435897436)
(0.001605366865 0.004367759065 0.07692307692)
(0.001605366865 0.004367759065 0.07948717949)
(0.001605366865 0.004367759065 0.08205128205)
(0.001605366865 0.004367759065 0.08461538462)
(0.001605366865 0.004367759065 0.08717948718)
(0.001605366865 0.004367759065 0.08974358974)
(0.001605366865 0.004367759065 0.09230769231)
(0.001605366865 0.004367759065 0.09487179487)
(0.001605366865 0.004367759065 0.09743589744)
(0.001605366865 0.004367759065 0.1)
(0.000810180644 0.004901570561 0)
(0.000810180644 0.004901570561 0.002564102564)
(0.000810180644 0.004901570561 0.005128205128)
(0.000810180644 0.004901570561 0.007692307692)
(0.000810180644 0.004901570561 0.01025641026)
(0.000810180644 0.004901570561 0.01282051282)
(0.000810180644 0.004901570561 0.01538461538)
(0.000810180644 0.004901570561 0.01794871795)
(0.000810180644 0.004901570561 0.02051282051)
(0.000810180644 0.004901570561 0.02307692308)
(0.000810180644 0.004901570561 0.02564102564)
(0.000810180644 0.004901570561 0.02820512821)
(0.000810180644 0.004901570561 0.03076923077)
(0.000810180644 0.004901570561 0.03333333333)
(0.000810180644 0.004901570561 0.0358974359)
(0.000810180644 0.004901570561 0.03846153846)
(0.000810180644 0.004901570561 0.04102564103)
(0.000810180644 0.004901570561 0.04358974359)
(0.000810180644 0.004901570561 0.04615384615)
(0.000810180644 0.004901570561 0.04871794872)
(0.000810180644 0.004901570561 0.05128205128)
(0.000810180644 0.004901570561 0.05384615385)
(0.000810180644 0.004901570561 0.05641025641)
(0.000810180644 0.004901570561 0.05897435897)
(0.000810180644 0.004901570561 0.06153846154)
(0.000810180644 0.004901570561 0.0641025641)
(0.000810180644 0.004901570561 0.06666666667)
(0.000810180644 0.004901570561 0.06923076923)
(0.000810180644 0.004901570561 0.07179487179)
(0.000810180644 0.004901570561 0.07435897436)
(0.000810180644 0.004901570561 0.07692307692)
(0.000810180644 0.004901570561 0.07948717949)
(0.000810180644 0.004901570561 0.08205128205)
(0.000810180644 0.004901570561 0.08461538462)
(0.000810180644 0.004901570561 0.08717948718)
(0.000810180644 0.004901570561 0.08974358974)
(0.000810180644 0.004901570561 0.09230769231)
(0.000810180644 0.004901570561 0.09487179487)
(0.000810180644 0.004901570561 0.09743589744)
(0.000810180644 0.004901570561 0.1)
(2.509338197e-19 0.00536 0)
(1.911925212e-20 0.00536 0.002564102564)
(1.911925212e-20 0.00536 0.005128205128)
(1.911925212e-20 0.00536 0.007692307692)
(1.911925212e-20 0.00536 0.01025641026)
(1.911925212e-20 0.00536 0.01282051282)
(1.911925212e-20 0.00536 0.01538461538)
(1.911925212e-20 0.00536 0.01794871795)
(1.911925212e-20 0.00536 0.02051282051)
(1.911925212e-20 0.00536 0.02307692308)
(1.911925212e-20 0.00536 0.02564102564)
(1.911925212e-20 0.00536 0.02820512821)
(1.911925212e-20 0.00536 0.03076923077)
(1.911925212e-20 0.00536 0.03333333333)
(1.911925212e-20 0.00536 0.0358974359)
(1.911925212e-20 0.00536 0.03846153846)
(1.911925212e-20 0.00536 0.04102564103)
(1.911925212e-20 0.00536 0.04358974359)
(1.911925212e-20 0.00536 0.04615384615)
(1.911925212e-20 0.00536 0.04871794872)
(1.911925212e-20 0.00536 0.05128205128)
(1.911925212e-20 0.00536 0.05384615385)
(1.911925212e-20 0.00536 0.05641025641)
(1.911925212e-20 0.00536 0.05897435897)
(1.911925212e-20 0.00536 0.06153846154)
(1.911925212e-20 0.00536 0.0641025641)
(1.911925212e-20 0.00536 0.06666666667)
(1.911925212e-20 0.00536 0.06923076923)
(1.911925212e-20 0.00536 0.07179487179)
(1.911925212e-20 0.00536 0.07435897436)
(1.911925212e-20 0.00536 0.07692307692)
(1.911925212e-20 0.00536 0.07948717949)
(1.911925212e-20 0.00536 0.08205128205)
(1.911925212e-20 0.00536 0.08461538462)
(1.911925212e-20 0.00536 0.08717948718)
(1.911925212e-20 0.00536 0.08974358974)
(1.911925212e-20 0.00536 0.09230769231)
(1.911925212e-20 0.00536 0.09487179487)
(1.911925212e-20 0.00536 0.09743589744)
(1.911925212e-20 0.00536 0.1)
(0.00652 8.451572775e-20 0)
(0.00652 -5.312417173e-20 0.002564102564)
(0.00652 1.980082764e-19 0.005128205128)
(0.00652 1.980082764e-19 0.007692307692)
(0.00652 1.980082764e-19 0.01025641026)
(0.00652 1.980082764e-19 0.01282051282)
(0.00652 1.980082764e-19 0.01538461538)
(0.00652 1.980082764e-19 0.01794871795)
(0.00652 1.980082764e-19 0.02051282051)
(0.00652 1.980082764e-19 0.02307692308)
(0.00652 1.980082764e-19 0.02564102564)
(0.00652 1.980082764e-19 0.02820512821)
(0.00652 1.980082764e-19 0.03076923077)
(0.00652 1.980082764e-19 0.03333333333)
(0.00652 1.980082764e-19 0.0358974359)
(0.00652 1.980082764e-19 0.03846153846)
(0.00652 1.980082764e-19 0.04102564103)
(0.00652 1.980082764e-19 0.04358974359)
(0.00652 1.980082764e-19 0.04615384615)
(0.00652 1.980082764e-19 0.04871794872)
(0.00652 1.980082764e-19 0.05128205128)
(0.00652 1.980082764e-19 0.05384615385)
(0.00652 1.980082764e-19 0.05641025641)
(0.00652 1.980082764e-19 0.05897435897)
(0.00652 1.980082764e-19 0.06153846154)
(0.00652 1.980082764e-19 0.0641025641)
(0.00652 1.980082764e-19 0.06666666667)
(0.00652 1.980082764e-19 0.06923076923)
(0.00652 1.980082764e-19 0.07179487179)
(0.00652 1.980082764e-19 0.07435897436)
(0.00652 1.980082764e-19 0.07692307692)
(0.00652 1.980082764e-19 0.07948717949)
(0.00652 1.980082764e-19 0.08205128205)
(0.00652 1.980082764e-19 0.08461538462)
(0.00652 1.980082764e-19 0.08717948718)
(0.00652 1.980082764e-19 0.08974358974)
(0.00652 1.980082764e-19 0.09230769231)
(0.00652 1.980082764e-19 0.09487179487)
(0.00652 1.980082764e-19 0.09743589744)
(0.00652 -5.312417173e-20 0.1)
(0.006128141122 0.001095361288 0)
(0.006128141122 0.001095361288 0.002564102564)
(0.006128141122 0.001095361288 0.005128205128)
(0.006128141122 0.001095361288 0.007692307692)
(0.006128141122 0.001095361288 0.01025641026)
(0.006128141122 0.001095361288 0.01282051282)
(0.006128141122 0.001095361288 0.01538461538)
(0.006128141122 0.001095361288 0.01794871795)
(0.006128141122 0.001095361288 0.02051282051)
(0.006128141122 0.001095361288 0.02307692308)
(0.006128141122 0.001095361288 0.02564102564)
(0.006128141122 0.001095361288 0.02820512821)
(0.006128141122 0.001095361288 0.03076923077)
(0.006128141122 0.001095361288 0.03333333333)
(0.006128141122 0.001095361288 0.0358974359)
(0.006128141122 0.001095361288 0.03846153846)
(0.006128141122 0.001095361288 0.04102564103)
(0.006128141122 0.001095361288 0.04358974359)
(0.006128141122 0.001095361288 0.04615384615)
(0.006128141122 0.001095361288 0.04871794872)
(0.006128141122 0.001095361288 0.05128205128)
(0.006128141122 0.001095361288 0.05384615385)
(0.006128141122 0.001095361288 0.05641025641)
(0.006128141122 0.001095361288 0.05897435897)
(0.006128141122 0.001095361288 0.06153846154)
(0.006128141122 0.001095361288 0.0641025641)
(0.006128141122 0.001095361288 0.06666666667)
(0.006128141122 0.001095361288 0.06923076923)
(0.006128141122 0.001095361288 0.07179487179)
(0.006128141122 0.001095361288 0.07435897436)
(0.006128141122 0.001095361288 0.07692307692)
(0.006128141122 0.001095361288 0.07948717949)
(0.006128141122 0.001095361288 0.08205128205)
(0.006128141122 0.001095361288 0.08461538462)
(0.006128141122 0.001095361288 0.08717948718)
(0.006128141122 0.001095361288 0.08974358974)
(0.006128141122 0.001095361288 0.09230769231)
(0.006128141122 0.001095361288 0.09487179487)
(0.006128141122 0.001095361288 0.09743589744)
(0.006128141122 0.001095361288 0.1)
(0.00558551813 0.002160733729 0)
(0.00558551813 0.002160733729 0.002564102564)
(0.00558551813 0.002160733729 0.005128205128)
(0.00558551813 0.002160733729 0.007692307692)
(0.00558551813 0.002160733729 0.01025641026)
(0.00558551813 0.002160733729 0.01282051282)
(0.00558551813 0.002160733729 0.01538461538)
(0.00558551813 0.002160733729 0.01794871795)
(0.00558551813 0.002160733729 0.02051282051)
(0.00558551813 0.002160733729 0.02307692308)
(0.00558551813 0.002160733729 0.02564102564)
(0.00558551813 0.002160733729 0.02820512821)
(0.00558551813 0.002160733729 0.03076923077)
(0.00558551813 0.002160733729 0.03333333333)
(0.00558551813 0.002160733729 0.0358974359)
(0.00558551813 0.002160733729 0.03846153846)
(0.00558551813 0.002160733729 0.04102564103)
(0.00558551813 0.002160733729 0.04358974359)
(0.00558551813 0.002160733729 0.04615384615)
(0.00558551813 0.002160733729 0.04871794872)
(0.00558551813 0.002160733729 0.05128205128)
(0.00558551813 0.002160733729 0.05384615385)
(0.00558551813 0.002160733729 0.05641025641)
(0.00558551813 0.002160733729 0.05897435897)
(0.00558551813 0.002160733729 0.06153846154)
(0.00558551813 0.002160733729 0.0641025641)
(0.00558551813 0.002160733729 0.06666666667)
(0.00558551813 0.002160733729 0.06923076923)
(0.00558551813 0.002160733729 0.07179487179)
(0.00558551813 0.002160733729 0.07435897436)
(0.00558551813 0.002160733729 0.07692307692)
(0.00558551813 0.002160733729 0.07948717949)
(0.00558551813 0.002160733729 0.08205128205)
(0.00558551813 0.002160733729 0.08461538462)
(0.00558551813 0.002160733729 0.08717948718)
(0.00558551813 0.002160733729 0.08974358974)
(0.00558551813 0.002160733729 0.09230769231)
(0.00558551813 0.002160733729 0.09487179487)
(0.00558551813 0.002160733729 0.09743589744)
(0.00558551813 0.002160733729 0.1)
(0.004900878449 0.003167280932 0)
(0.004900878449 0.003167280932 0.002564102564)
(0.004900878449 0.003167280932 0.005128205128)
(0.004900878449 0.003167280932 0.007692307692)
(0.004900878449 0.003167280932 0.01025641026)
(0.004900878449 0.003167280932 0.01282051282)
(0.004900878449 0.003167280932 0.01538461538)
(0.004900878449 0.003167280932 0.01794871795)
(0.004900878449 0.003167280932 0.02051282051)
(0.004900878449 0.003167280932 0.02307692308)
(0.004900878449 0.003167280932 0.02564102564)
(0.004900878449 0.003167280932 0.02820512821)
(0.004900878449 0.003167280932 0.03076923077)
(0.004900878449 0.003167280932 0.03333333333)
(0.004900878449 0.003167280932 0.0358974359)
(0.004900878449 0.003167280932 0.03846153846)
(0.004900878449 0.003167280932 0.04102564103)
(0.004900878449 0.003167280932 0.04358974359)
(0.004900878449 0.003167280932 0.04615384615)
(0.004900878449 0.003167280932 0.04871794872)
(0.004900878449 0.003167280932 0.05128205128)
(0.004900878449 0.003167280932 0.05384615385)
(0.004900878449 0.003167280932 0.05641025641)
(0.004900878449 0.003167280932 0.05897435897)
(0.004900878449 0.003167280932 0.06153846154)
(0.004900878449 0.003167280932 0.0641025641)
(0.004900878449 0.003167280932 0.06666666667)
(0.004900878449 0.003167280932 0.06923076923)
(0.004900878449 0.003167280932 0.07179487179)
(0.004900878449 0.003167280932 0.07435897436)
(0.004900878449 0.003167280932 0.07692307692)
(0.004900878449 0.003167280932 0.07948717949)
(0.004900878449 0.003167280932 0.08205128205)
(0.004900878449 0.003167280932 0.08461538462)
(0.004900878449 0.003167280932 0.08717948718)
(0.004900878449 0.003167280932 0.08974358974)
(0.004900878449 0.003167280932 0.09230769231)
(0.004900878449 0.003167280932 0.09487179487)
(0.004900878449 0.003167280932 0.09743589744)
(0.004900878449 0.003167280932 0.1)
(0.004088427125 0.004088427125 0)
(0.004088427125 0.004088427125 0.002564102564)
(0.004088427125 0.004088427125 0.005128205128)
(0.004088427125 0.004088427125 0.007692307692)
(0.004088427125 0.004088427125 0.01025641026)
(0.004088427125 0.004088427125 0.01282051282)
(0.004088427125 0.004088427125 0.01538461538)
(0.004088427125 0.004088427125 0.01794871795)
(0.004088427125 0.004088427125 0.02051282051)
(0.004088427125 0.004088427125 0.02307692308)
(0.004088427125 0.004088427125 0.02564102564)
(0.004088427125 0.004088427125 0.02820512821)
(0.004088427125 0.004088427125 0.03076923077)
(0.004088427125 0.004088427125 0.03333333333)
(0.004088427125 0.004088427125 0.0358974359)
(0.004088427125 0.004088427125 0.03846153846)
(0.004088427125 0.004088427125 0.04102564103)
(0.004088427125 0.004088427125 0.04358974359)
(0.004088427125 0.004088427125 0.04615384615)
(0.004088427125 0.004088427125 0.04871794872)
(0.004088427125 0.004088427125 0.05128205128)
(0.004088427125 0.004088427125 0.05384615385)
(0.004088427125 0.004088427125 0.05641025641)
(0.004088427125 0.004088427125 0.05897435897)
(0.004088427125 0.004088427125 0.06153846154)
(0.004088427125 0.004088427125 0.0641025641)
(0.004088427125 0.004088427125 0.06666666667)
(0.004088427125 0.004088427125 0.06923076923)
(0.004088427125 0.004088427125 0.07179487179)
(0.004088427125 0.004088427125 0.07435897436)
(0.004088427125 0.004088427125 0.07692307692)
(0.004088427125 0.004088427125 0.07948717949)
(0.004088427125 0.004088427125 0.08205128205)
(0.004088427125 0.004088427125 0.08461538462)
(0.004088427125 0.004088427125 0.08717948718)
(0.004088427125 0.004088427125 0.08974358974)
(0.004088427125 0.004088427125 0.09230769231)
(0.004088427125 0.004088427125 0.09487179487)
(0.004088427125 0.004088427125 0.09743589744)
(0.004088427125 0.004088427125 0.1)
(0.003167280932 0.004900878449 0)
(0.003167280932 0.004900878449 0.002564102564)
(0.003167280932 0.004900878449 0.005128205128)
(0.003167280932 0.004900878449 0.007692307692)
(0.003167280932 0.004900878449 0.01025641026)
(0.003167280932 0.004900878449 0.01282051282)
(0.003167280932 0.004900878449 0.01538461538)
(0.003167280932 0.004900878449 0.01794871795)
(0.003167280932 0.004900878449 0.02051282051)
(0.003167280932 0.004900878449 0.02307692308)
(0.003167280932 0.004900878449 0.02564102564)
(0.003167280932 0.004900878449 0.02820512821)
(0.003167280932 0.004900878449 0.03076923077)
(0.003167280932 0.004900878449 0.03333333333)
(0.003167280932 0.004900878449 0.0358974359)
(0.003167280932 0.004900878449 0.03846153846)
(0.003167280932 0.004900878449 0.04102564103)
(0.003167280932 0.004900878449 0.04358974359)
(0.003167280932 0.004900878449 0.04615384615)
(0.003167280932 0.004900878449 0.04871794872)
(0.003167280932 0.004900878449 0.05128205128)
(0.003167280932 0.004900878449 0.05384615385)
(0.003167280932 0.004900878449 0.05641025641)
(0.003167280932 0.004900878449 0.05897435897)
(0.003167280932 0.004900878449 0.06153846154)
(0.003167280932 0.004900878449 0.0641025641)
(0.003167280932 0.004900878449 0.06666666667)
(0.003167280932 0.004900878449 0.06923076923)
(0.003167280932 0.004900878449 0.07179487179)
(0.003167280932 0.004900878449 0.07435897436)
(0.003167280932 0.004900878449 0.07692307692)
(0.003167280932 0.004900878449 0.07948717949)
(0.003167280932 0.004900878449 0.08205128205)
(0.003167280932 0.004900878449 0.08461538462)
(0.003167280932 0.004900878449 0.08717948718)
(0.003167280932 0.004900878449 0.08974358974)
(0.003167280932 0.004900878449 0.09230769231)
(0.003167280932 0.004900878449 0.09487179487)
(0.003167280932 0.004900878449 0.09743589744)
(0.003167280932 0.004900878449 0.1)
(0.002160733729 0.00558551813 0)
(0.002160733729 0.00558551813 0.002564102564)
(0.002160733729 0.00558551813 0.005128205128)
(0.002160733729 0.00558551813 0.007692307692)
(0.002160733729 0.00558551813 0.01025641026)
(0.002160733729 0.00558551813 0.01282051282)
(0.002160733729 0.00558551813 0.01538461538)
(0.002160733729 0.00558551813 0.01794871795)
(0.002160733729 0.00558551813 0.02051282051)
(0.002160733729 0.00558551813 0.02307692308)
(0.002160733729 0.00558551813 0.02564102564)
(0.002160733729 0.00558551813 0.02820512821)
(0.002160733729 0.00558551813 0.03076923077)
(0.002160733729 0.00558551813 0.03333333333)
(0.002160733729 0.00558551813 0.0358974359)
(0.002160733729 0.00558551813 0.03846153846)
(0.002160733729 0.00558551813 0.04102564103)
(0.002160733729 0.00558551813 0.04358974359)
(0.002160733729 0.00558551813 0.04615384615)
(0.002160733729 0.00558551813 0.04871794872)
(0.002160733729 0.00558551813 0.05128205128)
(0.002160733729 0.00558551813 0.05384615385)
(0.002160733729 0.00558551813 0.05641025641)
(0.002160733729 0.00558551813 0.05897435897)
(0.002160733729 0.00558551813 0.06153846154)
(0.002160733729 0.00558551813 0.0641025641)
(0.002160733729 0.00558551813 0.06666666667)
(0.002160733729 0.00558551813 0.06923076923)
(0.002160733729 0.00558551813 0.07179487179)
(0.002160733729 0.00558551813 0.07435897436)
(0.002160733729 0.00558551813 0.07692307692)
(0.002160733729 0.00558551813 0.07948717949)
(0.002160733729 0.00558551813 0.08205128205)
(0.002160733729 0.00558551813 0.08461538462)
(0.002160733729 0.00558551813 0.08717948718)
(0.002160733729 0.00558551813 0.08974358974)
(0.002160733729 0.00558551813 0.09230769231)
(0.002160733729 0.00558551813 0.09487179487)
(0.002160733729 0.00558551813 0.09743589744)
(0.002160733729 0.00558551813 0.1)
(0.001095361288 0.006128141122 0)
(0.001095361288 0.006128141122 0.002564102564)
(0.001095361288 0.006128141122 0.005128205128)
(0.001095361288 0.006128141122 0.007692307692)
(0.001095361288 0.006128141122 0.01025641026)
(0.001095361288 0.006128141122 0.01282051282)
(0.001095361288 0.006128141122 0.01538461538)
(0.001095361288 0.006128141122 0.01794871795)
(0.001095361288 0.006128141122 0.02051282051)
(0.001095361288 0.006128141122 0.02307692308)
(0.001095361288 0.006128141122 0.02564102564)
(0.001095361288 0.006128141122 0.02820512821)
(0.001095361288 0.006128141122 0.03076923077)
(0.001095361288 0.006128141122 0.03333333333)
(0.001095361288 0.006128141122 0.0358974359)
(0.001095361288 0.006128141122 0.03846153846)
(0.001095361288 0.006128141122 0.04102564103)
(0.001095361288 0.006128141122 0.04358974359)
(0.001095361288 0.006128141122 0.04615384615)
(0.001095361288 0.006128141122 0.04871794872)
(0.001095361288 0.006128141122 0.05128205128)
(0.001095361288 0.006128141122 0.05384615385)
(0.001095361288 0.006128141122 0.05641025641)
(0.001095361288 0.006128141122 0.05897435897)
(0.001095361288 0.006128141122 0.06153846154)
(0.001095361288 0.006128141122 0.0641025641)
(0.001095361288 0.006128141122 0.06666666667)
(0.001095361288 0.006128141122 0.06923076923)
(0.001095361288 0.006128141122 0.07179487179)
(0.001095361288 0.006128141122 0.07435897436)
(0.001095361288 0.006128141122 0.07692307692)
(0.001095361288 0.006128141122 0.07948717949)
(0.001095361288 0.006128141122 0.08205128205)
(0.001095361288 0.006128141122 0.08461538462)
(0.001095361288 0.006128141122 0.08717948718)
(0.001095361288 0.006128141122 0.08974358974)
(0.001095361288 0.006128141122 0.09230769231)
(0.001095361288 0.006128141122 0.09487179487)
(0.001095361288 0.006128141122 0.09743589744)
(0.001095361288 0.006128141122 0.1)
(3.412812146e-19 0.00652 0)
(1.67420289e-19 0.00652 0.002564102564)
(1.67420289e-19 0.00652 0.005128205128)
(1.67420289e-19 0.00652 0.007692307692)
(1.67420289e-19 0.00652 0.01025641026)
(1.67420289e-19 0.00652 0.01282051282)
(1.67420289e-19 0.00652 0.01538461538)
(1.67420289e-19 0.00652 0.01794871795)
(1.67420289e-19 0.00652 0.02051282051)
(1.67420289e-19 0.00652 0.02307692308)
(1.67420289e-19 0.00652 0.02564102564)
(1.67420289e-19 0.00652 0.02820512821)
(1.67420289e-19 0.00652 0.03076923077)
(1.67420289e-19 0.00652 0.03333333333)
(1.67420289e-19 0.00652 0.0358974359)
(1.67420289e-19 0.00652 0.03846153846)
(1.67420289e-19 0.00652 0.04102564103)
(1.67420289e-19 0.00652 0.04358974359)
(1.67420289e-19 0.00652 0.04615384615)
(1.67420289e-19 0.00652 0.04871794872)
(1.67420289e-19 0.00652 0.05128205128)
(1.67420289e-19 0.00652 0.05384615385)
(1.67420289e-19 0.00652 0.05641025641)
(1.67420289e-19 0.00652 0.05897435897)
(1.67420289e-19 0.00652 0.06153846154)
(1.67420289e-19 0.00652 0.0641025641)
(1.67420289e-19 0.00652 0.06666666667)
(1.67420289e-19 0.00652 0.06923076923)
(1.67420289e-19 0.00652 0.07179487179)
(1.67420289e-19 0.00652 0.07435897436)
(1.67420289e-19 0.00652 0.07692307692)
(1.67420289e-19 0.00652 0.07948717949)
(1.67420289e-19 0.00652 0.08205128205)
(1.67420289e-19 0.00652 0.08461538462)
(1.67420289e-19 0.00652 0.08717948718)
(1.67420289e-19 0.00652 0.08974358974)
(1.67420289e-19 0.00652 0.09230769231)
(1.67420289e-19 0.00652 0.09487179487)
(1.67420289e-19 0.00652 0.09743589744)
(1.67420289e-19 0.00652 0.1)
(0.00768 5.63438185e-20 0)
(0.00768 -3.541611449e-20 0.002564102564)
(0.00768 1.320055176e-19 0.005128205128)
(0.00768 1.320055176e-19 0.007692307692)
(0.00768 1.320055176e-19 0.01025641026)
(0.00768 1.320055176e-19 0.01282051282)
(0.00768 1.320055176e-19 0.01538461538)
(0.00768 1.320055176e-19 0.01794871795)
(0.00768 1.320055176e-19 0.02051282051)
(0.00768 1.320055176e-19 0.02307692308)
(0.00768 1.320055176e-19 0.02564102564)
(0.00768 1.320055176e-19 0.02820512821)
(0.00768 1.320055176e-19 0.03076923077)
(0.00768 1.320055176e-19 0.03333333333)
(0.00768 1.320055176e-19 0.0358974359)
(0.00768 1.320055176e-19 0.03846153846)
(0.00768 1.320055176e-19 0.04102564103)
(0.00768 1.320055176e-19 0.04358974359)
(0.00768 1.320055176e-19 0.04615384615)
(0.00768 1.320055176e-19 0.04871794872)
(0.00768 1.320055176e-19 0.05128205128)
(0.00768 1.320055176e-19 0.05384615385)
(0.00768 1.320055176e-19 0.05641025641)
(0.00768 1.320055176e-19 0.05897435897)
(0.00768 1.320055176e-19 0.06153846154)
(0.00768 1.320055176e-19 0.0641025641)
(0.00768 1.320055176e-19 0.06666666667)
(0.00768 1.320055176e-19 0.06923076923)
(0.00768 1.320055176e-19 0.07179487179)
(0.00768 1.320055176e-19 0.07435897436)
(0.00768 1.320055176e-19 0.07692307692)
(0.00768 1.320055176e-19 0.07948717949)
(0.00768 1.320055176e-19 0.08205128205)
(0.00768 1.320055176e-19 0.08461538462)
(0.00768 1.320055176e-19 0.08717948718)
(0.00768 1.320055176e-19 0.08974358974)
(0.00768 1.320055176e-19 0.09230769231)
(0.00768 1.320055176e-19 0.09487179487)
(0.00768 1.320055176e-19 0.09743589744)
(0.00768 -3.541611449e-20 0.1)
(0.007354711682 0.001380541932 0)
(0.007354711682 0.001380541932 0.002564102564)
(0.007354711682 0.001380541932 0.005128205128)
(0.007354711682 0.001380541932 0.007692307692)
(0.007354711682 0.001380541932 0.01025641026)
(0.007354711682 0.001380541932 0.01282051282)
(0.007354711682 0.001380541932 0.01538461538)
(0.007354711682 0.001380541932 0.01794871795)
(0.007354711682 0.001380541932 0.02051282051)
(0.007354711682 0.001380541932 0.02307692308)
(0.007354711682 0.001380541932 0.02564102564)
(0.007354711682 0.001380541932 0.02820512821)
(0.007354711682 0.001380541932 0.03076923077)
(0.007354711682 0.001380541932 0.03333333333)
(0.007354711682 0.001380541932 0.0358974359)
(0.007354711682 0.001380541932 0.03846153846)
(0.007354711682 0.001380541932 0.04102564103)
(0.007354711682 0.001380541932 0.04358974359)
(0.007354711682 0.001380541932 0.04615384615)
(0.007354711682 0.001380541932 0.04871794872)
(0.007354711682 0.001380541932 0.05128205128)
(0.007354711682 0.001380541932 0.05384615385)
(0.007354711682 0.001380541932 0.05641025641)
(0.007354711682 0.001380541932 0.05897435897)
(0.007354711682 0.001380541932 0.06153846154)
(0.007354711682 0.001380541932 0.0641025641)
(0.007354711682 0.001380541932 0.06666666667)
(0.007354711682 0.001380541932 0.06923076923)
(0.007354711682 0.001380541932 0.07179487179)
(0.007354711682 0.001380541932 0.07435897436)
(0.007354711682 0.001380541932 0.07692307692)
(0.007354711682 0.001380541932 0.07948717949)
(0.007354711682 0.001380541932 0.08205128205)
(0.007354711682 0.001380541932 0.08461538462)
(0.007354711682 0.001380541932 0.08717948718)
(0.007354711682 0.001380541932 0.08974358974)
(0.007354711682 0.001380541932 0.09230769231)
(0.007354711682 0.001380541932 0.09487179487)
(0.007354711682 0.001380541932 0.09743589744)
(0.007354711682 0.001380541932 0.1)
(0.006803277195 0.002716100594 0)
(0.006803277195 0.002716100594 0.002564102564)
(0.006803277195 0.002716100594 0.005128205128)
(0.006803277195 0.002716100594 0.007692307692)
(0.006803277195 0.002716100594 0.01025641026)
(0.006803277195 0.002716100594 0.01282051282)
(0.006803277195 0.002716100594 0.01538461538)
(0.006803277195 0.002716100594 0.01794871795)
(0.006803277195 0.002716100594 0.02051282051)
(0.006803277195 0.002716100594 0.02307692308)
(0.006803277195 0.002716100594 0.02564102564)
(0.006803277195 0.002716100594 0.02820512821)
(0.006803277195 0.002716100594 0.03076923077)
(0.006803277195 0.002716100594 0.03333333333)
(0.006803277195 0.002716100594 0.0358974359)
(0.006803277195 0.002716100594 0.03846153846)
(0.006803277195 0.002716100594 0.04102564103)
(0.006803277195 0.002716100594 0.04358974359)
(0.006803277195 0.002716100594 0.04615384615)
(0.006803277195 0.002716100594 0.04871794872)
(0.006803277195 0.002716100594 0.05128205128)
(0.006803277195 0.002716100594 0.05384615385)
(0.006803277195 0.002716100594 0.05641025641)
(0.006803277195 0.002716100594 0.05897435897)
(0.006803277195 0.002716100594 0.06153846154)
(0.006803277195 0.002716100594 0.0641025641)
(0.006803277195 0.002716100594 0.06666666667)
(0.006803277195 0.002716100594 0.06923076923)
(0.006803277195 0.002716100594 0.07179487179)
(0.006803277195 0.002716100594 0.07435897436)
(0.006803277195 0.002716100594 0.07692307692)
(0.006803277195 0.002716100594 0.07948717949)
(0.006803277195 0.002716100594 0.08205128205)
(0.006803277195 0.002716100594 0.08461538462)
(0.006803277195 0.002716100594 0.08717948718)
(0.006803277195 0.002716100594 0.08974358974)
(0.006803277195 0.002716100594 0.09230769231)
(0.006803277195 0.002716100594 0.09487179487)
(0.006803277195 0.002716100594 0.09743589744)
(0.006803277195 0.002716100594 0.1)
(0.006038817674 0.003963421398 0)
(0.006038817674 0.003963421398 0.002564102564)
(0.006038817674 0.003963421398 0.005128205128)
(0.006038817674 0.003963421398 0.007692307692)
(0.006038817674 0.003963421398 0.01025641026)
(0.006038817674 0.003963421398 0.01282051282)
(0.006038817674 0.003963421398 0.01538461538)
(0.006038817674 0.003963421398 0.01794871795)
(0.006038817674 0.003963421398 0.02051282051)
(0.006038817674 0.003963421398 0.02307692308)
(0.006038817674 0.003963421398 0.02564102564)
(0.006038817674 0.003963421398 0.02820512821)
(0.006038817674 0.003963421398 0.03076923077)
(0.006038817674 0.003963421398 0.03333333333)
(0.006038817674 0.003963421398 0.0358974359)
(0.006038817674 0.003963421398 0.03846153846)
(0.006038817674 0.003963421398 0.04102564103)
(0.006038817674 0.003963421398 0.04358974359)
(0.006038817674 0.003963421398 0.04615384615)
(0.006038817674 0.003963421398 0.04871794872)
(0.006038817674 0.003963421398 0.05128205128)
(0.006038817674 0.003963421398 0.05384615385)
(0.006038817674 0.003963421398 0.05641025641)
(0.006038817674 0.003963421398 0.05897435897)
(0.006038817674 0.003963421398 0.06153846154)
(0.006038817674 0.003963421398 0.0641025641)
(0.006038817674 0.003963421398 0.06666666667)
(0.006038817674 0.003963421398 0.06923076923)
(0.006038817674 0.003963421398 0.07179487179)
(0.006038817674 0.003963421398 0.07435897436)
(0.006038817674 0.003963421398 0.07692307692)
(0.006038817674 0.003963421398 0.07948717949)
(0.006038817674 0.003963421398 0.08205128205)
(0.006038817674 0.003963421398 0.08461538462)
(0.006038817674 0.003963421398 0.08717948718)
(0.006038817674 0.003963421398 0.08974358974)
(0.006038817674 0.003963421398 0.09230769231)
(0.006038817674 0.003963421398 0.09487179487)
(0.006038817674 0.003963421398 0.09743589744)
(0.006038817674 0.003963421398 0.1)
(0.005082640687 0.005082640687 0)
(0.005082640687 0.005082640687 0.002564102564)
(0.005082640687 0.005082640687 0.005128205128)
(0.005082640687 0.005082640687 0.007692307692)
(0.005082640687 0.005082640687 0.01025641026)
(0.005082640687 0.005082640687 0.01282051282)
(0.005082640687 0.005082640687 0.01538461538)
(0.005082640687 0.005082640687 0.01794871795)
(0.005082640687 0.005082640687 0.02051282051)
(0.005082640687 0.005082640687 0.02307692308)
(0.005082640687 0.005082640687 0.02564102564)
(0.005082640687 0.005082640687 0.02820512821)
(0.005082640687 0.005082640687 0.03076923077)
(0.005082640687 0.005082640687 0.03333333333)
(0.005082640687 0.005082640687 0.0358974359)
(0.005082640687 0.005082640687 0.03846153846)
(0.005082640687 0.005082640687 0.04102564103)
(0.005082640687 0.005082640687 0.04358974359)
(0.005082640687 0.005082640687 0.04615384615)
(0.005082640687 0.005082640687 0.04871794872)
(0.005082640687 0.005082640687 0.05128205128)
(0.005082640687 0.005082640687 0.05384615385)
(0.005082640687 0.005082640687 0.05641025641)
(0.005082640687 0.005082640687 0.05897435897)
(0.005082640687 0.005082640687 0.06153846154)
(0.005082640687 0.005082640687 0.0641025641)
(0.005082640687 0.005082640687 0.06666666667)
(0.005082640687 0.005082640687 0.06923076923)
(0.005082640687 0.005082640687 0.07179487179)
(0.005082640687 0.005082640687 0.07435897436)
(0.005082640687 0.005082640687 0.07692307692)
(0.005082640687 0.005082640687 0.07948717949)
(0.005082640687 0.005082640687 0.08205128205)
(0.005082640687 0.005082640687 0.08461538462)
(0.005082640687 0.005082640687 0.08717948718)
(0.005082640687 0.005082640687 0.08974358974)
(0.005082640687 0.005082640687 0.09230769231)
(0.005082640687 0.005082640687 0.09487179487)
(0.005082640687 0.005082640687 0.09743589744)
(0.005082640687 0.005082640687 0.1)
(0.003963421398 0.006038817674 0)
(0.003963421398 0.006038817674 0.002564102564)
(0.003963421398 0.006038817674 0.005128205128)
(0.003963421398 0.006038817674 0.007692307692)
(0.003963421398 0.006038817674 0.01025641026)
(0.003963421398 0.006038817674 0.01282051282)
(0.003963421398 0.006038817674 0.01538461538)
(0.003963421398 0.006038817674 0.01794871795)
(0.003963421398 0.006038817674 0.02051282051)
(0.003963421398 0.006038817674 0.02307692308)
(0.003963421398 0.006038817674 0.02564102564)
(0.003963421398 0.006038817674 0.02820512821)
(0.003963421398 0.006038817674 0.03076923077)
(0.003963421398 0.006038817674 0.03333333333)
(0.003963421398 0.006038817674 0.0358974359)
(0.003963421398 0.006038817674 0.03846153846)
(0.003963421398 0.006038817674 0.04102564103)
(0.003963421398 0.006038817674 0.04358974359)
(0.003963421398 0.006038817674 0.04615384615)
(0.003963421398 0.006038817674 0.04871794872)
(0.003963421398 0.006038817674 0.05128205128)
(0.003963421398 0.006038817674 0.05384615385)
(0.003963421398 0.006038817674 0.05641025641)
(0.003963421398 0.006038817674 0.05897435897)
(0.003963421398 0.006038817674 0.06153846154)
(0.003963421398 0.006038817674 0.0641025641)
(0.003963421398 0.006038817674 0.06666666667)
(0.003963421398 0.006038817674 0.06923076923)
(0.003963421398 0.006038817674 0.07179487179)
(0.003963421398 0.006038817674 0.07435897436)
(0.003963421398 0.006038817674 0.07692307692)
(0.003963421398 0.006038817674 0.07948717949)
(0.003963421398 0.006038817674 0.08205128205)
(0.003963421398 0.006038817674 0.08461538462)
(0.003963421398 0.006038817674 0.08717948718)
(0.003963421398 0.006038817674 0.08974358974)
(0.003963421398 0.006038817674 0.09230769231)
(0.003963421398 0.006038817674 0.09487179487)
(0.003963421398 0.006038817674 0.09743589744)
(0.003963421398 0.006038817674 0.1)
(0.002716100594 0.006803277195 0)
(0.002716100594 0.006803277195 0.002564102564)
(0.002716100594 0.006803277195 0.005128205128)
(0.002716100594 0.006803277195 0.007692307692)
(0.002716100594 0.006803277195 0.01025641026)
(0.002716100594 0.006803277195 0.01282051282)
(0.002716100594 0.006803277195 0.01538461538)
(0.002716100594 0.006803277195 0.01794871795)
(0.002716100594 0.006803277195 0.02051282051)
(0.002716100594 0.006803277195 0.02307692308)
(0.002716100594 0.006803277195 0.02564102564)
(0.002716100594 0.006803277195 0.02820512821)
(0.002716100594 0.006803277195 0.03076923077)
(0.002716100594 0.006803277195 0.03333333333)
(0.002716100594 0.006803277195 0.0358974359)
(0.002716100594 0.006803277195 0.03846153846)
(0.002716100594 0.006803277195 0.04102564103)
(0.002716100594 0.006803277195 0.04358974359)
(0.002716100594 0.006803277195 0.04615384615)
(0.002716100594 0.006803277195 0.04871794872)
(0.002716100594 0.006803277195 0.05128205128)
(0.002716100594 0.006803277195 0.05384615385)
(0.002716100594 0.006803277195 0.05641025641)
(0.002716100594 0.006803277195 0.05897435897)
(0.002716100594 0.006803277195 0.06153846154)
(0.002716100594 0.006803277195 0.0641025641)
(0.002716100594 0.006803277195 0.06666666667)
(0.002716100594 0.006803277195 0.06923076923)
(0.002716100594 0.006803277195 0.07179487179)
(0.002716100594 0.006803277195 0.07435897436)
(0.002716100594 0.006803277195 0.07692307692)
(0.002716100594 0.006803277195 0.07948717949)
(0.002716100594 0.006803277195 0.08205128205)
(0.002716100594 0.006803277195 0.08461538462)
(0.002716100594 0.006803277195 0.08717948718)
(0.002716100594 0.006803277195 0.08974358974)
(0.002716100594 0.006803277195 0.09230769231)
(0.002716100594 0.006803277195 0.09487179487)
(0.002716100594 0.006803277195 0.09743589744)
(0.002716100594 0.006803277195 0.1)
(0.001380541932 0.007354711682 0)
(0.001380541932 0.007354711682 0.002564102564)
(0.001380541932 0.007354711682 0.005128205128)
(0.001380541932 0.007354711682 0.007692307692)
(0.001380541932 0.007354711682 0.01025641026)
(0.001380541932 0.007354711682 0.01282051282)
(0.001380541932 0.007354711682 0.01538461538)
(0.001380541932 0.007354711682 0.01794871795)
(0.001380541932 0.007354711682 0.02051282051)
(0.001380541932 0.007354711682 0.02307692308)
(0.001380541932 0.007354711682 0.02564102564)
(0.001380541932 0.007354711682 0.02820512821)
(0.001380541932 0.007354711682 0.03076923077)
(0.001380541932 0.007354711682 0.03333333333)
(0.001380541932 0.007354711682 0.0358974359)
(0.001380541932 0.007354711682 0.03846153846)
(0.001380541932 0.007354711682 0.04102564103)
(0.001380541932 0.007354711682 0.04358974359)
(0.001380541932 0.007354711682 0.04615384615)
(0.001380541932 0.007354711682 0.04871794872)
(0.001380541932 0.007354711682 0.05128205128)
(0.001380541932 0.007354711682 0.05384615385)
(0.001380541932 0.007354711682 0.05641025641)
(0.001380541932 0.007354711682 0.05897435897)
(0.001380541932 0.007354711682 0.06153846154)
(0.001380541932 0.007354711682 0.0641025641)
(0.001380541932 0.007354711682 0.06666666667)
(0.001380541932 0.007354711682 0.06923076923)
(0.001380541932 0.007354711682 0.07179487179)
(0.001380541932 0.007354711682 0.07435897436)
(0.001380541932 0.007354711682 0.07692307692)
(0.001380541932 0.007354711682 0.07948717949)
(0.001380541932 0.007354711682 0.08205128205)
(0.001380541932 0.007354711682 0.08461538462)
(0.001380541932 0.007354711682 0.08717948718)
(0.001380541932 0.007354711682 0.08974358974)
(0.001380541932 0.007354711682 0.09230769231)
(0.001380541932 0.007354711682 0.09487179487)
(0.001380541932 0.007354711682 0.09743589744)
(0.001380541932 0.007354711682 0.1)
(4.316286096e-19 0.00768 0)
(3.157213258e-19 0.00768 0.002564102564)
(3.157213258e-19 0.00768 0.005128205128)
(3.157213258e-19 0.00768 0.007692307692)
(3.157213258e-19 0.00768 0.01025641026)
(3.157213258e-19 0.00768 0.01282051282)
(3.157213258e-19 0.00768 0.01538461538)
(3.157213258e-19 0.00768 0.01794871795)
(3.157213258e-19 0.00768 0.02051282051)
(3.157213258e-19 0.00768 0.02307692308)
(3.157213258e-19 0.00768 0.02564102564)
(3.157213258e-19 0.00768 0.02820512821)
(3.157213258e-19 0.00768 0.03076923077)
(3.157213258e-19 0.00768 0.03333333333)
(3.157213258e-19 0.00768 0.0358974359)
(3.157213258e-19 0.00768 0.03846153846)
(3.157213258e-19 0.00768 0.04102564103)
(3.157213258e-19 0.00768 0.04358974359)
(3.157213258e-19 0.00768 0.04615384615)
(3.157213258e-19 0.00768 0.04871794872)
(3.157213258e-19 0.00768 0.05128205128)
(3.157213258e-19 0.00768 0.05384615385)
(3.157213258e-19 0.00768 0.05641025641)
(3.157213258e-19 0.00768 0.05897435897)
(3.157213258e-19 0.00768 0.06153846154)
(3.157213258e-19 0.00768 0.0641025641)
(3.157213258e-19 0.00768 0.06666666667)
(3.157213258e-19 0.00768 0.06923076923)
(3.157213258e-19 0.00768 0.07179487179)
(3.157213258e-19 0.00768 0.07435897436)
(3.157213258e-19 0.00768 0.07692307692)
(3.157213258e-19 0.00768 0.07948717949)
(3.157213258e-19 0.00768 0.08205128205)
(3.157213258e-19 0.00768 0.08461538462)
(3.157213258e-19 0.00768 0.08717948718)
(3.157213258e-19 0.00768 0.08974358974)
(3.157213258e-19 0.00768 0.09230769231)
(3.157213258e-19 0.00768 0.09487179487)
(3.157213258e-19 0.00768 0.09743589744)
(3.157213258e-19 0.00768 0.1)
(0.00884 2.817190925e-20 0)
(0.00884 -1.770805724e-20 0.002564102564)
(0.00884 6.600275881e-20 0.005128205128)
(0.00884 6.600275881e-20 0.007692307692)
(0.00884 6.600275881e-20 0.01025641026)
(0.00884 6.600275881e-20 0.01282051282)
(0.00884 6.600275881e-20 0.01538461538)
(0.00884 6.600275881e-20 0.01794871795)
(0.00884 6.600275881e-20 0.02051282051)
(0.00884 6.600275881e-20 0.02307692308)
(0.00884 6.600275881e-20 0.02564102564)
(0.00884 6.600275881e-20 0.02820512821)
(0.00884 6.600275881e-20 0.03076923077)
(0.00884 6.600275881e-20 0.03333333333)
(0.00884 6.600275881e-20 0.0358974359)
(0.00884 6.600275881e-20 0.03846153846)
(0.00884 6.600275881e-20 0.04102564103)
(0.00884 6.600275881e-20 0.04358974359)
(0.00884 6.600275881e-20 0.04615384615)
(0.00884 6.600275881e-20 0.04871794872)
(0.00884 6.600275881e-20 0.05128205128)
(0.00884 6.600275881e-20 0.05384615385)
(0.00884 6.600275881e-20 0.05641025641)
(0.00884 6.600275881e-20 0.05897435897)
(0.00884 6.600275881e-20 0.06153846154)
(0.00884 6.600275881e-20 0.0641025641)
(0.00884 6.600275881e-20 0.06666666667)
(0.00884 6.600275881e-20 0.06923076923)
(0.00884 6.600275881e-20 0.07179487179)
(0.00884 6.600275881e-20 0.07435897436)
(0.00884 6.600275881e-20 0.07692307692)
(0.00884 6.600275881e-20 0.07948717949)
(0.00884 6.600275881e-20 0.08205128205)
(0.00884 6.600275881e-20 0.08461538462)
(0.00884 6.600275881e-20 0.08717948718)
(0.00884 6.600275881e-20 0.08974358974)
(0.00884 6.600275881e-20 0.09230769231)
(0.00884 6.600275881e-20 0.09487179487)
(0.00884 6.600275881e-20 0.09743589744)
(0.00884 -1.770805724e-20 0.1)
(0.008581282243 0.001665722576 0)
(0.008581282243 0.001665722576 0.002564102564)
(0.008581282243 0.001665722576 0.005128205128)
(0.008581282243 0.001665722576 0.007692307692)
(0.008581282243 0.001665722576 0.01025641026)
(0.008581282243 0.001665722576 0.01282051282)
(0.008581282243 0.001665722576 0.01538461538)
(0.008581282243 0.001665722576 0.01794871795)
(0.008581282243 0.001665722576 0.02051282051)
(0.008581282243 0.001665722576 0.02307692308)
(0.008581282243 0.001665722576 0.02564102564)
(0.008581282243 0.001665722576 0.02820512821)
(0.008581282243 0.001665722576 0.03076923077)
(0.008581282243 0.001665722576 0.03333333333)
(0.008581282243 0.001665722576 0.0358974359)
(0.008581282243 0.001665722576 0.03846153846)
(0.008581282243 0.001665722576 0.04102564103)
(0.008581282243 0.001665722576 0.04358974359)
(0.008581282243 0.001665722576 0.04615384615)
(0.008581282243 0.001665722576 0.04871794872)
(0.008581282243 0.001665722576 0.05128205128)
(0.008581282243 0.001665722576 0.05384615385)
(0.008581282243 0.001665722576 0.05641025641)
(0.008581282243 0.001665722576 0.05897435897)
(0.008581282243 0.001665722576 0.06153846154)
(0.008581282243 0.001665722576 0.0641025641)
(0.008581282243 0.001665722576 0.06666666667)
(0.008581282243 0.001665722576 0.06923076923)
(0.008581282243 0.001665722576 0.07179487179)
(0.008581282243 0.001665722576 0.07435897436)
(0.008581282243 0.001665722576 0.07692307692)
(0.008581282243 0.001665722576 0.07948717949)
(0.008581282243 0.001665722576 0.08205128205)
(0.008581282243 0.001665722576 0.08461538462)
(0.008581282243 0.001665722576 0.08717948718)
(0.008581282243 0.001665722576 0.08974358974)
(0.008581282243 0.001665722576 0.09230769231)
(0.008581282243 0.001665722576 0.09487179487)
(0.008581282243 0.001665722576 0.09743589744)
(0.008581282243 0.001665722576 0.1)
(0.00802103626 0.003271467459 0)
(0.00802103626 0.003271467459 0.002564102564)
(0.00802103626 0.003271467459 0.005128205128)
(0.00802103626 0.003271467459 0.007692307692)
(0.00802103626 0.003271467459 0.01025641026)
(0.00802103626 0.003271467459 0.01282051282)
(0.00802103626 0.003271467459 0.01538461538)
(0.00802103626 0.003271467459 0.01794871795)
(0.00802103626 0.003271467459 0.02051282051)
(0.00802103626 0.003271467459 0.02307692308)
(0.00802103626 0.003271467459 0.02564102564)
(0.00802103626 0.003271467459 0.02820512821)
(0.00802103626 0.003271467459 0.03076923077)
(0.00802103626 0.003271467459 0.03333333333)
(0.00802103626 0.003271467459 0.0358974359)
(0.00802103626 0.003271467459 0.03846153846)
(0.00802103626 0.003271467459 0.04102564103)
(0.00802103626 0.003271467459 0.04358974359)
(0.00802103626 0.003271467459 0.04615384615)
(0.00802103626 0.003271467459 0.04871794872)
(0.00802103626 0.003271467459 0.05128205128)
(0.00802103626 0.003271467459 0.05384615385)
(0.00802103626 0.003271467459 0.05641025641)
(0.00802103626 0.003271467459 0.05897435897)
(0.00802103626 0.003271467459 0.06153846154)
(0.00802103626 0.003271467459 0.0641025641)
(0.00802103626 0.003271467459 0.06666666667)
(0.00802103626 0.003271467459 0.06923076923)
(0.00802103626 0.003271467459 0.07179487179)
(0.00802103626 0.003271467459 0.07435897436)
(0.00802103626 0.003271467459 0.07692307692)
(0.00802103626 0.003271467459 0.07948717949)
(0.00802103626 0.003271467459 0.08205128205)
(0.00802103626 0.003271467459 0.08461538462)
(0.00802103626 0.003271467459 0.08717948718)
(0.00802103626 0.003271467459 0.08974358974)
(0.00802103626 0.003271467459 0.09230769231)
(0.00802103626 0.003271467459 0.09487179487)
(0.00802103626 0.003271467459 0.09743589744)
(0.00802103626 0.003271467459 0.1)
(0.007176756898 0.004759561864 0)
(0.007176756898 0.004759561864 0.002564102564)
(0.007176756898 0.004759561864 0.005128205128)
(0.007176756898 0.004759561864 0.007692307692)
(0.007176756898 0.004759561864 0.01025641026)
(0.007176756898 0.004759561864 0.01282051282)
(0.007176756898 0.004759561864 0.01538461538)
(0.007176756898 0.004759561864 0.01794871795)
(0.007176756898 0.004759561864 0.02051282051)
(0.007176756898 0.004759561864 0.02307692308)
(0.007176756898 0.004759561864 0.02564102564)
(0.007176756898 0.004759561864 0.02820512821)
(0.007176756898 0.004759561864 0.03076923077)
(0.007176756898 0.004759561864 0.03333333333)
(0.007176756898 0.004759561864 0.0358974359)
(0.007176756898 0.004759561864 0.03846153846)
(0.007176756898 0.004759561864 0.04102564103)
(0.007176756898 0.004759561864 0.04358974359)
(0.007176756898 0.004759561864 0.04615384615)
(0.007176756898 0.004759561864 0.04871794872)
(0.007176756898 0.004759561864 0.05128205128)
(0.007176756898 0.004759561864 0.05384615385)
(0.007176756898 0.004759561864 0.05641025641)
(0.007176756898 0.004759561864 0.05897435897)
(0.007176756898 0.004759561864 0.06153846154)
(0.007176756898 0.004759561864 0.0641025641)
(0.007176756898 0.004759561864 0.06666666667)
(0.007176756898 0.004759561864 0.06923076923)
(0.007176756898 0.004759561864 0.07179487179)
(0.007176756898 0.004759561864 0.07435897436)
(0.007176756898 0.004759561864 0.07692307692)
(0.007176756898 0.004759561864 0.07948717949)
(0.007176756898 0.004759561864 0.08205128205)
(0.007176756898 0.004759561864 0.08461538462)
(0.007176756898 0.004759561864 0.08717948718)
(0.007176756898 0.004759561864 0.08974358974)
(0.007176756898 0.004759561864 0.09230769231)
(0.007176756898 0.004759561864 0.09487179487)
(0.007176756898 0.004759561864 0.09743589744)
(0.007176756898 0.004759561864 0.1)
(0.006076854249 0.006076854249 0)
(0.006076854249 0.006076854249 0.002564102564)
(0.006076854249 0.006076854249 0.005128205128)
(0.006076854249 0.006076854249 0.007692307692)
(0.006076854249 0.006076854249 0.01025641026)
(0.006076854249 0.006076854249 0.01282051282)
(0.006076854249 0.006076854249 0.01538461538)
(0.006076854249 0.006076854249 0.01794871795)
(0.006076854249 0.006076854249 0.02051282051)
(0.006076854249 0.006076854249 0.02307692308)
(0.006076854249 0.006076854249 0.02564102564)
(0.006076854249 0.006076854249 0.02820512821)
(0.006076854249 0.006076854249 0.03076923077)
(0.006076854249 0.006076854249 0.03333333333)
(0.006076854249 0.006076854249 0.0358974359)
(0.006076854249 0.006076854249 0.03846153846)
(0.006076854249 0.006076854249 0.04102564103)
(0.006076854249 0.006076854249 0.04358974359)
(0.006076854249 0.006076854249 0.04615384615)
(0.006076854249 0.006076854249 0.04871794872)
(0.006076854249 0.006076854249 0.05128205128)
(0.006076854249 0.006076854249 0.05384615385)
(0.006076854249 0.006076854249 0.05641025641)
(0.006076854249 0.006076854249 0.05897435897)
(0.006076854249 0.006076854249 0.06153846154)
(0.006076854249 0.006076854249 0.0641025641)
(0.006076854249 0.006076854249 0.06666666667)
(0.006076854249 0.006076854249 0.06923076923)
(0.006076854249 0.006076854249 0.07179487179)
(0.006076854249 0.006076854249 0.07435897436)
(0.006076854249 0.006076854249 0.07692307692)
(0.006076854249 0.006076854249 0.07948717949)
(0.006076854249 0.006076854249 0.08205128205)
(0.006076854249 0.006076854249 0.08461538462)
(0.006076854249 0.006076854249 0.08717948718)
(0.006076854249 0.006076854249 0.08974358974)
(0.006076854249 0.006076854249 0.09230769231)
(0.006076854249 0.006076854249 0.09487179487)
(0.006076854249 0.006076854249 0.09743589744)
(0.006076854249 0.006076854249 0.1)
(0.004759561864 0.007176756898 0)
(0.004759561864 0.007176756898 0.002564102564)
(0.004759561864 0.007176756898 0.005128205128)
(0.004759561864 0.007176756898 0.007692307692)
(0.004759561864 0.007176756898 0.01025641026)
(0.004759561864 0.007176756898 0.01282051282)
(0.004759561864 0.007176756898 0.01538461538)
(0.004759561864 0.007176756898 0.01794871795)
(0.004759561864 0.007176756898 0.02051282051)
(0.004759561864 0.007176756898 0.02307692308)
(0.004759561864 0.007176756898 0.02564102564)
(0.004759561864 0.007176756898 0.02820512821)
(0.004759561864 0.007176756898 0.03076923077)
(0.004759561864 0.007176756898 0.03333333333)
(0.004759561864 0.007176756898 0.0358974359)
(0.004759561864 0.007176756898 0.03846153846)
(0.004759561864 0.007176756898 0.04102564103)
(0.004759561864 0.007176756898 0.04358974359)
(0.004759561864 0.007176756898 0.04615384615)
(0.004759561864 0.007176756898 0.04871794872)
(0.004759561864 0.007176756898 0.05128205128)
(0.004759561864 0.007176756898 0.05384615385)
(0.004759561864 0.007176756898 0.05641025641)
(0.004759561864 0.007176756898 0.05897435897)
(0.004759561864 0.007176756898 0.06153846154)
(0.004759561864 0.007176756898 0.0641025641)
(0.004759561864 0.007176756898 0.06666666667)
(0.004759561864 0.007176756898 0.06923076923)
(0.004759561864 0.007176756898 0.07179487179)
(0.004759561864 0.007176756898 0.07435897436)
(0.004759561864 0.007176756898 0.07692307692)
(0.004759561864 0.007176756898 0.07948717949)
(0.004759561864 0.007176756898 0.08205128205)
(0.004759561864 0.007176756898 0.08461538462)
(0.004759561864 0.007176756898 0.08717948718)
(0.004759561864 0.007176756898 0.08974358974)
(0.004759561864 0.007176756898 0.09230769231)
(0.004759561864 0.007176756898 0.09487179487)
(0.004759561864 0.007176756898 0.09743589744)
(0.004759561864 0.007176756898 0.1)
(0.003271467459 0.00802103626 0)
(0.003271467459 0.00802103626 0.002564102564)
(0.003271467459 0.00802103626 0.005128205128)
(0.003271467459 0.00802103626 0.007692307692)
(0.003271467459 0.00802103626 0.01025641026)
(0.003271467459 0.00802103626 0.01282051282)
(0.003271467459 0.00802103626 0.01538461538)
(0.003271467459 0.00802103626 0.01794871795)
(0.003271467459 0.00802103626 0.02051282051)
(0.003271467459 0.00802103626 0.02307692308)
(0.003271467459 0.00802103626 0.02564102564)
(0.003271467459 0.00802103626 0.02820512821)
(0.003271467459 0.00802103626 0.03076923077)
(0.003271467459 0.00802103626 0.03333333333)
(0.003271467459 0.00802103626 0.0358974359)
(0.003271467459 0.00802103626 0.03846153846)
(0.003271467459 0.00802103626 0.04102564103)
(0.003271467459 0.00802103626 0.04358974359)
(0.003271467459 0.00802103626 0.04615384615)
(0.003271467459 0.00802103626 0.04871794872)
(0.003271467459 0.00802103626 0.05128205128)
(0.003271467459 0.00802103626 0.05384615385)
(0.003271467459 0.00802103626 0.05641025641)
(0.003271467459 0.00802103626 0.05897435897)
(0.003271467459 0.00802103626 0.06153846154)
(0.003271467459 0.00802103626 0.0641025641)
(0.003271467459 0.00802103626 0.06666666667)
(0.003271467459 0.00802103626 0.06923076923)
(0.003271467459 0.00802103626 0.07179487179)
(0.003271467459 0.00802103626 0.07435897436)
(0.003271467459 0.00802103626 0.07692307692)
(0.003271467459 0.00802103626 0.07948717949)
(0.003271467459 0.00802103626 0.08205128205)
(0.003271467459 0.00802103626 0.08461538462)
(0.003271467459 0.00802103626 0.08717948718)
(0.003271467459 0.00802103626 0.08974358974)
(0.003271467459 0.00802103626 0.09230769231)
(0.003271467459 0.00802103626 0.09487179487)
(0.003271467459 0.00802103626 0.09743589744)
(0.003271467459 0.00802103626 0.1)
(0.001665722576 0.008581282243 0)
(0.001665722576 0.008581282243 0.002564102564)
(0.001665722576 0.008581282243 0.005128205128)
(0.001665722576 0.008581282243 0.007692307692)
(0.001665722576 0.008581282243 0.01025641026)
(0.001665722576 0.008581282243 0.01282051282)
(0.001665722576 0.008581282243 0.01538461538)
(0.001665722576 0.008581282243 0.01794871795)
(0.001665722576 0.008581282243 0.02051282051)
(0.001665722576 0.008581282243 0.02307692308)
(0.001665722576 0.008581282243 0.02564102564)
(0.001665722576 0.008581282243 0.02820512821)
(0.001665722576 0.008581282243 0.03076923077)
(0.001665722576 0.008581282243 0.03333333333)
(0.001665722576 0.008581282243 0.0358974359)
(0.001665722576 0.008581282243 0.03846153846)
(0.001665722576 0.008581282243 0.04102564103)
(0.001665722576 0.008581282243 0.04358974359)
(0.001665722576 0.008581282243 0.04615384615)
(0.001665722576 0.008581282243 0.04871794872)
(0.001665722576 0.008581282243 0.05128205128)
(0.001665722576 0.008581282243 0.05384615385)
(0.001665722576 0.008581282243 0.05641025641)
(0.001665722576 0.008581282243 0.05897435897)
(0.001665722576 0.008581282243 0.06153846154)
(0.001665722576 0.008581282243 0.0641025641)
(0.001665722576 0.008581282243 0.06666666667)
(0.001665722576 0.008581282243 0.06923076923)
(0.001665722576 0.008581282243 0.07179487179)
(0.001665722576 0.008581282243 0.07435897436)
(0.001665722576 0.008581282243 0.07692307692)
(0.001665722576 0.008581282243 0.07948717949)
(0.001665722576 0.008581282243 0.08205128205)
(0.001665722576 0.008581282243 0.08461538462)
(0.001665722576 0.008581282243 0.08717948718)
(0.001665722576 0.008581282243 0.08974358974)
(0.001665722576 0.008581282243 0.09230769231)
(0.001665722576 0.008581282243 0.09487179487)
(0.001665722576 0.008581282243 0.09743589744)
(0.001665722576 0.008581282243 0.1)
(5.219760046e-19 0.00884 0)
(4.640223627e-19 0.00884 0.002564102564)
(4.640223627e-19 0.00884 0.005128205128)
(4.640223627e-19 0.00884 0.007692307692)
(4.640223627e-19 0.00884 0.01025641026)
(4.640223627e-19 0.00884 0.01282051282)
(4.640223627e-19 0.00884 0.01538461538)
(4.640223627e-19 0.00884 0.01794871795)
(4.640223627e-19 0.00884 0.02051282051)
(4.640223627e-19 0.00884 0.02307692308)
(4.640223627e-19 0.00884 0.02564102564)
(4.640223627e-19 0.00884 0.02820512821)
(4.640223627e-19 0.00884 0.03076923077)
(4.640223627e-19 0.00884 0.03333333333)
(4.640223627e-19 0.00884 0.0358974359)
(4.640223627e-19 0.00884 0.03846153846)
(4.640223627e-19 0.00884 0.04102564103)
(4.640223627e-19 0.00884 0.04358974359)
(4.640223627e-19 0.00884 0.04615384615)
(4.640223627e-19 0.00884 0.04871794872)
(4.640223627e-19 0.00884 0.05128205128)
(4.640223627e-19 0.00884 0.05384615385)
(4.640223627e-19 0.00884 0.05641025641)
(4.640223627e-19 0.00884 0.05897435897)
(4.640223627e-19 0.00884 0.06153846154)
(4.640223627e-19 0.00884 0.0641025641)
(4.640223627e-19 0.00884 0.06666666667)
(4.640223627e-19 0.00884 0.06923076923)
(4.640223627e-19 0.00884 0.07179487179)
(4.640223627e-19 0.00884 0.07435897436)
(4.640223627e-19 0.00884 0.07692307692)
(4.640223627e-19 0.00884 0.07948717949)
(4.640223627e-19 0.00884 0.08205128205)
(4.640223627e-19 0.00884 0.08461538462)
(4.640223627e-19 0.00884 0.08717948718)
(4.640223627e-19 0.00884 0.08974358974)
(4.640223627e-19 0.00884 0.09230769231)
(4.640223627e-19 0.00884 0.09487179487)
(4.640223627e-19 0.00884 0.09743589744)
(4.640223627e-19 0.00884 0.1)
(0.01 0 0)
(0.01 0 0.002564102564)
(0.01 0 0.005128205128)
(0.01 0 0.007692307692)
(0.01 0 0.01025641026)
(0.01 0 0.01282051282)
(0.01 0 0.01538461538)
(0.01 0 0.01794871795)
(0.01 0 0.02051282051)
(0.01 0 0.02307692308)
(0.01 0 0.02564102564)
(0.01 0 0.02820512821)
(0.01 0 0.03076923077)
(0.01 0 0.03333333333)
(0.01 0 0.0358974359)
(0.01 0 0.03846153846)
(0.01 0 0.04102564103)
(0.01 0 0.04358974359)
(0.01 0 0.04615384615)
(0.01 0 0.04871794872)
(0.01 0 0.05128205128)
(0.01 0 0.05384615385)
(0.01 0 0.05641025641)
(0.01 0 0.05897435897)
(0.01 0 0.06153846154)
(0.01 0 0.0641025641)
(0.01 0 0.06666666667)
(0.01 0 0.06923076923)
(0.01 0 0.07179487179)
(0.01 0 0.07435897436)
(0.01 0 0.07692307692)
(0.01 0 0.07948717949)
(0.01 0 0.08205128205)
(0.01 0 0.08461538462)
(0.01 0 0.08717948718)
(0.01 0 0.08974358974)
(0.01 0 0.09230769231)
(0.01 0 0.09487179487)
(0.01 0 0.09743589744)
(0.01 0 0.1)
(0.009807852804 0.00195090322 0)
(0.009807852804 0.00195090322 0.002564102564)
(0.009807852804 0.00195090322 0.005128205128)
(0.009807852804 0.00195090322 0.007692307692)
(0.009807852804 0.00195090322 0.01025641026)
(0.009807852804 0.00195090322 0.01282051282)
(0.009807852804 0.00195090322 0.01538461538)
(0.009807852804 0.00195090322 0.01794871795)
(0.009807852804 0.00195090322 0.02051282051)
(0.009807852804 0.00195090322 0.02307692308)
(0.009807852804 0.00195090322 0.02564102564)
(0.009807852804 0.00195090322 0.02820512821)
(0.009807852804 0.00195090322 0.03076923077)
(0.009807852804 0.00195090322 0.03333333333)
(0.009807852804 0.00195090322 0.0358974359)
(0.009807852804 0.00195090322 0.03846153846)
(0.009807852804 0.00195090322 0.04102564103)
(0.009807852804 0.00195090322 0.04358974359)
(0.009807852804 0.00195090322 0.04615384615)
(0.009807852804 0.00195090322 0.04871794872)
(0.009807852804 0.00195090322 0.05128205128)
(0.009807852804 0.00195090322 0.05384615385)
(0.009807852804 0.00195090322 0.05641025641)
(0.009807852804 0.00195090322 0.05897435897)
(0.009807852804 0.00195090322 0.06153846154)
(0.009807852804 0.00195090322 0.0641025641)
(0.009807852804 0.00195090322 0.06666666667)
(0.009807852804 0.00195090322 0.06923076923)
(0.009807852804 0.00195090322 0.07179487179)
(0.009807852804 0.00195090322 0.07435897436)
(0.009807852804 0.00195090322 0.07692307692)
(0.009807852804 0.00195090322 0.07948717949)
(0.009807852804 0.00195090322 0.08205128205)
(0.009807852804 0.00195090322 0.08461538462)
(0.009807852804 0.00195090322 0.08717948718)
(0.009807852804 0.00195090322 0.08974358974)
(0.009807852804 0.00195090322 0.09230769231)
(0.009807852804 0.00195090322 0.09487179487)
(0.009807852804 0.00195090322 0.09743589744)
(0.009807852804 0.00195090322 0.1)
(0.009238795325 0.003826834324 0)
(0.009238795325 0.003826834324 0.002564102564)
(0.009238795325 0.003826834324 0.005128205128)
(0.009238795325 0.003826834324 0.007692307692)
(0.009238795325 0.003826834324 0.01025641026)
(0.009238795325 0.003826834324 0.01282051282)
(0.009238795325 0.003826834324 0.01538461538)
(0.009238795325 0.003826834324 0.01794871795)
(0.009238795325 0.003826834324 0.02051282051)
(0.009238795325 0.003826834324 0.02307692308)
(0.009238795325 0.003826834324 0.02564102564)
(0.009238795325 0.003826834324 0.02820512821)
(0.009238795325 0.003826834324 0.03076923077)
(0.009238795325 0.003826834324 0.03333333333)
(0.009238795325 0.003826834324 0.0358974359)
(0.009238795325 0.003826834324 0.03846153846)
(0.009238795325 0.003826834324 0.04102564103)
(0.009238795325 0.003826834324 0.04358974359)
(0.009238795325 0.003826834324 0.04615384615)
(0.009238795325 0.003826834324 0.04871794872)
(0.009238795325 0.003826834324 0.05128205128)
(0.009238795325 0.003826834324 0.05384615385)
(0.009238795325 0.003826834324 0.05641025641)
(0.009238795325 0.003826834324 0.05897435897)
(0.009238795325 0.003826834324 0.06153846154)
(0.009238795325 0.003826834324 0.0641025641)
(0.009238795325 0.003826834324 0.06666666667)
(0.009238795325 0.003826834324 0.06923076923)
(0.009238795325 0.003826834324 0.07179487179)
(0.009238795325 0.003826834324 0.07435897436)
(0.009238795325 0.003826834324 0.07692307692)
(0.009238795325 0.003826834324 0.07948717949)
(0.009238795325 0.003826834324 0.08205128205)
(0.009238795325 0.003826834324 0.08461538462)
(0.009238795325 0.003826834324 0.08717948718)
(0.009238795325 0.003826834324 0.08974358974)
(0.009238795325 0.003826834324 0.09230769231)
(0.009238795325 0.003826834324 0.09487179487)
(0.009238795325 0.003826834324 0.09743589744)
(0.009238795325 0.003826834324 0.1)
(0.008314696123 0.00555570233 0)
(0.008314696123 0.00555570233 0.002564102564)
(0.008314696123 0.00555570233 0.005128205128)
(0.008314696123 0.00555570233 0.007692307692)
(0.008314696123 0.00555570233 0.01025641026)
(0.008314696123 0.00555570233 0.01282051282)
(0.008314696123 0.00555570233 0.01538461538)
(0.008314696123 0.00555570233 0.01794871795)
(0.008314696123 0.00555570233 0.02051282051)
(0.008314696123 0.00555570233 0.02307692308)
(0.008314696123 0.00555570233 0.02564102564)
(0.008314696123 0.00555570233 0.02820512821)
(0.008314696123 0.00555570233 0.03076923077)
(0.008314696123 0.00555570233 0.03333333333)
(0.008314696123 0.00555570233 0.0358974359)
(0.008314696123 0.00555570233 0.03846153846)
(0.008314696123 0.00555570233 0.04102564103)
(0.008314696123 0.00555570233 0.04358974359)
(0.008314696123 0.00555570233 0.04615384615)
(0.008314696123 0.00555570233 0.04871794872)
(0.008314696123 0.00555570233 0.05128205128)
(0.008314696123 0.00555570233 0.05384615385)
(0.008314696123 0.00555570233 0.05641025641)
(0.008314696123 0.00555570233 0.05897435897)
(0.008314696123 0.00555570233 0.06153846154)
(0.008314696123 0.00555570233 0.0641025641)
(0.008314696123 0.00555570233 0.06666666667)
(0.008314696123 0.00555570233 0.06923076923)
(0.008314696123 0.00555570233 0.07179487179)
(0.008314696123 0.00555570233 0.07435897436)
(0.008314696123 0.00555570233 0.07692307692)
(0.008314696123 0.00555570233 0.07948717949)
(0.008314696123 0.00555570233 0.08205128205)
(0.008314696123 0.00555570233 0.08461538462)
(0.008314696123 0.00555570233 0.08717948718)
(0.008314696123 0.00555570233 0.08974358974)
(0.008314696123 0.00555570233 0.09230769231)
(0.008314696123 0.00555570233 0.09487179487)
(0.008314696123 0.00555570233 0.09743589744)
(0.008314696123 0.00555570233 0.1)
(0.007071067812 0.007071067812 0)
(0.007071067812 0.007071067812 0.002564102564)
(0.007071067812 0.007071067812 0.005128205128)
(0.007071067812 0.007071067812 0.007692307692)
(0.007071067812 0.007071067812 0.01025641026)
(0.007071067812 0.007071067812 0.01282051282)
(0.007071067812 0.007071067812 0.01538461538)
(0.007071067812 0.007071067812 0.01794871795)
(0.007071067812 0.007071067812 0.02051282051)
(0.007071067812 0.007071067812 0.02307692308)
(0.007071067812 0.007071067812 0.02564102564)
(0.007071067812 0.007071067812 0.02820512821)
(0.007071067812 0.007071067812 0.03076923077)
(0.007071067812 0.007071067812 0.03333333333)
(0.007071067812 0.007071067812 0.0358974359)
(0.007071067812 0.007071067812 0.03846153846)
(0.007071067812 0.007071067812 0.04102564103)
(0.007071067812 0.007071067812 0.04358974359)
(0.007071067812 0.007071067812 0.04615384615)
(0.007071067812 0.007071067812 0.04871794872)
(0.007071067812 0.007071067812 0.05128205128)
(0.007071067812 0.007071067812 0.05384615385)
(0.007071067812 0.007071067812 0.05641025641)
(0.007071067812 0.007071067812 0.05897435897)
(0.007071067812 0.007071067812 0.06153846154)
(0.007071067812 0.007071067812 0.0641025641)
(0.007071067812 0.007071067812 0.06666666667)
(0.007071067812 0.007071067812 0.06923076923)
(0.007071067812 0.007071067812 0.07179487179)
(0.007071067812 0.007071067812 0.07435897436)
(0.007071067812 0.007071067812 0.07692307692)
(0.007071067812 0.007071067812 0.07948717949)
(0.007071067812 0.007071067812 0.08205128205)
(0.007071067812 0.007071067812 0.08461538462)
(0.007071067812 0.007071067812 0.08717948718)
(0.007071067812 0.007071067812 0.08974358974)
(0.007071067812 0.007071067812 0.09230769231)
(0.007071067812 0.007071067812 0.09487179487)
(0.007071067812 0.007071067812 0.09743589744)
(0.007071067812 0.007071067812 0.1)
(0.00555570233 0.008314696123 0)
(0.00555570233 0.008314696123 0.002564102564)
(0.00555570233 0.008314696123 0.005128205128)
(0.00555570233 0.008314696123 0.007692307692)
(0.00555570233 0.008314696123 0.01025641026)
(0.00555570233 0.008314696123 0.01282051282)
(0.00555570233 0.008314696123 0.01538461538)
(0.00555570233 0.008314696123 0.01794871795)
(0.00555570233 0.008314696123 0.02051282051)
(0.00555570233 0.008314696123 0.02307692308)
(0.00555570233 0.008314696123 0.02564102564)
(0.00555570233 0.008314696123 0.02820512821)
(0.00555570233 0.008314696123 0.03076923077)
(0.00555570233 0.008314696123 0.03333333333)
(0.00555570233 0.008314696123 0.0358974359)
(0.00555570233 0.008314696123 0.03846153846)
(0.00555570233 0.008314696123 0.04102564103)
(0.00555570233 0.008314696123 0.04358974359)
(0.00555570233 0.008314696123 0.04615384615)
(0.00555570233 0.008314696123 0.04871794872)
(0.00555570233 0.008314696123 0.05128205128)
(0.00555570233 0.008314696123 0.05384615385)
(0.00555570233 0.008314696123 0.05641025641)
(0.00555570233 0.008314696123 0.05897435897)
(0.00555570233 0.008314696123 0.06153846154)
(0.00555570233 0.008314696123 0.0641025641)
(0.00555570233 0.008314696123 0.06666666667)
(0.00555570233 0.008314696123 0.06923076923)
(0.00555570233 0.008314696123 0.07179487179)
(0.00555570233 0.008314696123 0.07435897436)
(0.00555570233 0.008314696123 0.07692307692)
(0.00555570233 0.008314696123 0.07948717949)
(0.00555570233 0.008314696123 0.08205128205)
(0.00555570233 0.008314696123 0.08461538462)
(0.00555570233 0.008314696123 0.08717948718)
(0.00555570233 0.008314696123 0.08974358974)
(0.00555570233 0.008314696123 0.09230769231)
(0.00555570233 0.008314696123 0.09487179487)
(0.00555570233 0.008314696123 0.09743589744)
(0.00555570233 0.008314696123 0.1)
(0.003826834324 0.009238795325 0)
(0.003826834324 0.009238795325 0.002564102564)
(0.003826834324 0.009238795325 0.005128205128)
(0.003826834324 0.009238795325 0.007692307692)
(0.003826834324 0.009238795325 0.01025641026)
(0.003826834324 0.009238795325 0.01282051282)
(0.003826834324 0.009238795325 0.01538461538)
(0.003826834324 0.009238795325 0.01794871795)
(0.003826834324 0.009238795325 0.02051282051)
(0.003826834324 0.009238795325 0.02307692308)
(0.003826834324 0.009238795325 0.02564102564)
(0.003826834324 0.009238795325 0.02820512821)
(0.003826834324 0.009238795325 0.03076923077)
(0.003826834324 0.009238795325 0.03333333333)
(0.003826834324 0.009238795325 0.0358974359)
(0.003826834324 0.009238795325 0.03846153846)
(0.003826834324 0.009238795325 0.04102564103)
(0.003826834324 0.009238795325 0.04358974359)
(0.003826834324 0.009238795325 0.04615384615)
(0.003826834324 0.009238795325 0.04871794872)
(0.003826834324 0.009238795325 0.05128205128)
(0.003826834324 0.009238795325 0.05384615385)
(0.003826834324 0.009238795325 0.05641025641)
(0.003826834324 0.009238795325 0.05897435897)
(0.003826834324 0.009238795325 0.06153846154)
(0.003826834324 0.009238795325 0.0641025641)
(0.003826834324 0.009238795325 0.06666666667)
(0.003826834324 0.009238795325 0.06923076923)
(0.003826834324 0.009238795325 0.07179487179)
(0.003826834324 0.009238795325 0.07435897436)
(0.003826834324 0.009238795325 0.07692307692)
(0.003826834324 0.009238795325 0.07948717949)
(0.003826834324 0.009238795325 0.08205128205)
(0.003826834324 0.009238795325 0.08461538462)
(0.003826834324 0.009238795325 0.08717948718)
(0.003826834324 0.009238795325 0.08974358974)
(0.003826834324 0.009238795325 0.09230769231)
(0.003826834324 0.009238795325 0.09487179487)
(0.003826834324 0.009238795325 0.09743589744)
(0.003826834324 0.009238795325 0.1)
(0.00195090322 0.009807852804 0)
(0.00195090322 0.009807852804 0.002564102564)
(0.00195090322 0.009807852804 0.005128205128)
(0.00195090322 0.009807852804 0.007692307692)
(0.00195090322 0.009807852804 0.01025641026)
(0.00195090322 0.009807852804 0.01282051282)
(0.00195090322 0.009807852804 0.01538461538)
(0.00195090322 0.009807852804 0.01794871795)
(0.00195090322 0.009807852804 0.02051282051)
(0.00195090322 0.009807852804 0.02307692308)
(0.00195090322 0.009807852804 0.02564102564)
(0.00195090322 0.009807852804 0.02820512821)
(0.00195090322 0.009807852804 0.03076923077)
(0.00195090322 0.009807852804 0.03333333333)
(0.00195090322 0.009807852804 0.0358974359)
(0.00195090322 0.009807852804 0.03846153846)
(0.00195090322 0.009807852804 0.04102564103)
(0.00195090322 0.009807852804 0.04358974359)
(0.00195090322 0.009807852804 0.04615384615)
(0.00195090322 0.009807852804 0.04871794872)
(0.00195090322 0.009807852804 0.05128205128)
(0.00195090322 0.009807852804 0.05384615385)
(0.00195090322 0.009807852804 0.05641025641)
(0.00195090322 0.009807852804 0.05897435897)
(0.00195090322 0.009807852804 0.06153846154)
(0.00195090322 0.009807852804 0.0641025641)
(0.00195090322 0.009807852804 0.06666666667)
(0.00195090322 0.009807852804 0.06923076923)
(0.00195090322 0.009807852804 0.07179487179)
(0.00195090322 0.009807852804 0.07435897436)
(0.00195090322 0.009807852804 0.07692307692)
(0.00195090322 0.009807852804 0.07948717949)
(0.00195090322 0.009807852804 0.08205128205)
(0.00195090322 0.009807852804 0.08461538462)
(0.00195090322 0.009807852804 0.08717948718)
(0.00195090322 0.009807852804 0.08974358974)
(0.00195090322 0.009807852804 0.09230769231)
(0.00195090322 0.009807852804 0.09487179487)
(0.00195090322 0.009807852804 0.09743589744)
(0.00195090322 0.009807852804 0.1)
(6.123233996e-19 0.01 0)
(6.123233996e-19 0.01 0.002564102564)
(6.123233996e-19 0.01 0.005128205128)
(6.123233996e-19 0.01 0.007692307692)
(6.123233996e-19 0.01 0.01025641026)
(6.123233996e-19 0.01 0.01282051282)
(6.123233996e-19 0.01 0.01538461538)
(6.123233996e-19 0.01 0.01794871795)
(6.123233996e-19 0.01 0.02051282051)
(6.123233996e-19 0.01 0.02307692308)
(6.123233996e-19 0.01 0.02564102564)
(6.123233996e-19 0.01 0.02820512821)
(6.123233996e-19 0.01 0.03076923077)
(6.123233996e-19 0.01 0.03333333333)
(6.123233996e-19 0.01 0.0358974359)
(6.123233996e-19 0.01 0.03846153846)
(6.123233996e-19 0.01 0.04102564103)
(6.123233996e-19 0.01 0.04358974359)
(6.123233996e-19 0.01 0.04615384615)
(6.123233996e-19 0.01 0.04871794872)
(6.123233996e-19 0.01 0.05128205128)
(6.123233996e-19 0.01 0.05384615385)
(6.123233996e-19 0.01 0.05641025641)
(6.123233996e-19 0.01 0.05897435897)
(6.123233996e-19 0.01 0.06153846154)
(6.123233996e-19 0.01 0.0641025641)
(6.123233996e-19 0.01 0.06666666667)
(6.123233996e-19 0.01 0.06923076923)
(6.123233996e-19 0.01 0.07179487179)
(6.123233996e-19 0.01 0.07435897436)
(6.123233996e-19 0.01 0.07692307692)
(6.123233996e-19 0.01 0.07948717949)
(6.123233996e-19 0.01 0.08205128205)
(6.123233996e-19 0.01 0.08461538462)
(6.123233996e-19 0.01 0.08717948718)
(6.123233996e-19 0.01 0.08974358974)
(6.123233996e-19 0.01 0.09230769231)
(6.123233996e-19 0.01 0.09487179487)
(6.123233996e-19 0.01 0.09743589744)
(6.123233996e-19 0.01 0.1)
(-0.000810180644 0.004901570561 0)
(-0.000810180644 0.004901570561 0.002564102564)
(-0.000810180644 0.004901570561 0.005128205128)
(-0.000810180644 0.004901570561 0.007692307692)
(-0.000810180644 0.004901570561 0.01025641026)
(-0.000810180644 0.004901570561 0.01282051282)
(-0.000810180644 0.004901570561 0.01538461538)
(-0.000810180644 0.004901570561 0.01794871795)
(-0.000810180644 0.004901570561 0.02051282051)
(-0.000810180644 0.004901570561 0.02307692308)
(-0.000810180644 0.004901570561 0.02564102564)
(-0.000810180644 0.004901570561 0.02820512821)
(-0.000810180644 0.004901570561 0.03076923077)
(-0.000810180644 0.004901570561 0.03333333333)
(-0.000810180644 0.004901570561 0.0358974359)
(-0.000810180644 0.004901570561 0.03846153846)
(-0.000810180644 0.004901570561 0.04102564103)
(-0.000810180644 0.004901570561 0.04358974359)
(-0.000810180644 0.004901570561 0.04615384615)
(-0.000810180644 0.004901570561 0.04871794872)
(-0.000810180644 0.004901570561 0.05128205128)
(-0.000810180644 0.004901570561 0.05384615385)
(-0.000810180644 0.004901570561 0.05641025641)
(-0.000810180644 0.004901570561 0.05897435897)
(-0.000810180644 0.004901570561 0.06153846154)
(-0.000810180644 0.004901570561 0.0641025641)
(-0.000810180644 0.004901570561 0.06666666667)
(-0.000810180644 0.004901570561 0.06923076923)
(-0.000810180644 0.004901570561 0.07179487179)
(-0.000810180644 0.004901570561 0.07435897436)
(-0.000810180644 0.004901570561 0.07692307692)
(-0.000810180644 0.004901570561 0.07948717949)
(-0.000810180644 0.004901570561 0.08205128205)
(-0.000810180644 0.004901570561 0.08461538462)
(-0.000810180644 0.004901570561 0.08717948718)
(-0.000810180644 0.004901570561 0.08974358974)
(-0.000810180644 0.004901570561 0.09230769231)
(-0.000810180644 0.004901570561 0.09487179487)
(-0.000810180644 0.004901570561 0.09743589744)
(-0.000810180644 0.004901570561 0.1)
(-0.001605366865 0.004367759065 0)
(-0.001605366865 0.004367759065 0.002564102564)
(-0.001605366865 0.004367759065 0.005128205128)
(-0.001605366865 0.004367759065 0.007692307692)
(-0.001605366865 0.004367759065 0.01025641026)
(-0.001605366865 0.004367759065 0.01282051282)
(-0.001605366865 0.004367759065 0.01538461538)
(-0.001605366865 0.004367759065 0.01794871795)
(-0.001605366865 0.004367759065 0.02051282051)
(-0.001605366865 0.004367759065 0.02307692308)
(-0.001605366865 0.004367759065 0.02564102564)
(-0.001605366865 0.004367759065 0.02820512821)
(-0.001605366865 0.004367759065 0.03076923077)
(-0.001605366865 0.004367759065 0.03333333333)
(-0.001605366865 0.004367759065 0.0358974359)
(-0.001605366865 0.004367759065 0.03846153846)
(-0.001605366865 0.004367759065 0.04102564103)
(-0.001605366865 0.004367759065 0.04358974359)
(-0.001605366865 0.004367759065 0.04615384615)
(-0.001605366865 0.004367759065 0.04871794872)
(-0.001605366865 0.004367759065 0.05128205128)
(-0.001605366865 0.004367759065 0.05384615385)
(-0.001605366865 0.004367759065 0.05641025641)
(-0.001605366865 0.004367759065 0.05897435897)
(-0.001605366865 0.004367759065 0.06153846154)
(-0.001605366865 0.004367759065 0.0641025641)
(-0.001605366865 0.004367759065 0.06666666667)
(-0.001605366865 0.004367759065 0.06923076923)
(-0.001605366865 0.004367759065 0.07179487179)
(-0.001605366865 0.004367759065 0.07435897436)
(-0.001605366865 0.004367759065 0.07692307692)
(-0.001605366865 0.004367759065 0.07948717949)
(-0.001605366865 0.004367759065 0.08205128205)
(-0.001605366865 0.004367759065 0.08461538462)
(-0.001605366865 0.004367759065 0.08717948718)
(-0.001605366865 0.004367759065 0.08974358974)
(-0.001605366865 0.004367759065 0.09230769231)
(-0.001605366865 0.004367759065 0.09487179487)
(-0.001605366865 0.004367759065 0.09743589744)
(-0.001605366865 0.004367759065 0.1)
(-0.002371140466 0.003762939225 0)
(-0.002371140466 0.003762939225 0.002564102564)
(-0.002371140466 0.003762939225 0.005128205128)
(-0.002371140466 0.003762939225 0.007692307692)
(-0.002371140466 0.003762939225 0.01025641026)
(-0.002371140466 0.003762939225 0.01282051282)
(-0.002371140466 0.003762939225 0.01538461538)
(-0.002371140466 0.003762939225 0.01794871795)
(-0.002371140466 0.003762939225 0.02051282051)
(-0.002371140466 0.003762939225 0.02307692308)
(-0.002371140466 0.003762939225 0.02564102564)
(-0.002371140466 0.003762939225 0.02820512821)
(-0.002371140466 0.003762939225 0.03076923077)
(-0.002371140466 0.003762939225 0.03333333333)
(-0.002371140466 0.003762939225 0.0358974359)
(-0.002371140466 0.003762939225 0.03846153846)
(-0.002371140466 0.003762939225 0.04102564103)
(-0.002371140466 0.003762939225 0.04358974359)
(-0.002371140466 0.003762939225 0.04615384615)
(-0.002371140466 0.003762939225 0.04871794872)
(-0.002371140466 0.003762939225 0.05128205128)
(-0.002371140466 0.003762939225 0.05384615385)
(-0.002371140466 0.003762939225 0.05641025641)
(-0.002371140466 0.003762939225 0.05897435897)
(-0.002371140466 0.003762939225 0.06153846154)
(-0.002371140466 0.003762939225 0.0641025641)
(-0.002371140466 0.003762939225 0.06666666667)
(-0.002371140466 0.003762939225 0.06923076923)
(-0.002371140466 0.003762939225 0.07179487179)
(-0.002371140466 0.003762939225 0.07435897436)
(-0.002371140466 0.003762939225 0.07692307692)
(-0.002371140466 0.003762939225 0.07948717949)
(-0.002371140466 0.003762939225 0.08205128205)
(-0.002371140466 0.003762939225 0.08461538462)
(-0.002371140466 0.003762939225 0.08717948718)
(-0.002371140466 0.003762939225 0.08974358974)
(-0.002371140466 0.003762939225 0.09230769231)
(-0.002371140466 0.003762939225 0.09487179487)
(-0.002371140466 0.003762939225 0.09743589744)
(-0.002371140466 0.003762939225 0.1)
(-0.003094213562 0.003094213562 0)
(-0.003094213562 0.003094213562 0.002564102564)
(-0.003094213562 0.003094213562 0.005128205128)
(-0.003094213562 0.003094213562 0.007692307692)
(-0.003094213562 0.003094213562 0.01025641026)
(-0.003094213562 0.003094213562 0.01282051282)
(-0.003094213562 0.003094213562 0.01538461538)
(-0.003094213562 0.003094213562 0.01794871795)
(-0.003094213562 0.003094213562 0.02051282051)
(-0.003094213562 0.003094213562 0.02307692308)
(-0.003094213562 0.003094213562 0.02564102564)
(-0.003094213562 0.003094213562 0.02820512821)
(-0.003094213562 0.003094213562 0.03076923077)
(-0.003094213562 0.003094213562 0.03333333333)
(-0.003094213562 0.003094213562 0.0358974359)
(-0.003094213562 0.003094213562 0.03846153846)
(-0.003094213562 0.003094213562 0.04102564103)
(-0.003094213562 0.003094213562 0.04358974359)
(-0.003094213562 0.003094213562 0.04615384615)
(-0.003094213562 0.003094213562 0.04871794872)
(-0.003094213562 0.003094213562 0.05128205128)
(-0.003094213562 0.003094213562 0.05384615385)
(-0.003094213562 0.003094213562 0.05641025641)
(-0.003094213562 0.003094213562 0.05897435897)
(-0.003094213562 0.003094213562 0.06153846154)
(-0.003094213562 0.003094213562 0.0641025641)
(-0.003094213562 0.003094213562 0.06666666667)
(-0.003094213562 0.003094213562 0.06923076923)
(-0.003094213562 0.003094213562 0.07179487179)
(-0.003094213562 0.003094213562 0.07435897436)
(-0.003094213562 0.003094213562 0.07692307692)
(-0.003094213562 0.003094213562 0.07948717949)
(-0.003094213562 0.003094213562 0.08205128205)
(-0.003094213562 0.003094213562 0.08461538462)
(-0.003094213562 0.003094213562 0.08717948718)
(-0.003094213562 0.003094213562 0.08974358974)
(-0.003094213562 0.003094213562 0.09230769231)
(-0.003094213562 0.003094213562 0.09487179487)
(-0.003094213562 0.003094213562 0.09743589744)
(-0.003094213562 0.003094213562 0.1)
(-0.003762939225 0.002371140466 0)
(-0.003762939225 0.002371140466 0.002564102564)
(-0.003762939225 0.002371140466 0.005128205128)
(-0.003762939225 0.002371140466 0.007692307692)
(-0.003762939225 0.002371140466 0.01025641026)
(-0.003762939225 0.002371140466 0.01282051282)
(-0.003762939225 0.002371140466 0.01538461538)
(-0.003762939225 0.002371140466 0.01794871795)
(-0.003762939225 0.002371140466 0.02051282051)
(-0.003762939225 0.002371140466 0.02307692308)
(-0.003762939225 0.002371140466 0.02564102564)
(-0.003762939225 0.002371140466 0.02820512821)
(-0.003762939225 0.002371140466 0.03076923077)
(-0.003762939225 0.002371140466 0.03333333333)
(-0.003762939225 0.002371140466 0.0358974359)
(-0.003762939225 0.002371140466 0.03846153846)
(-0.003762939225 0.002371140466 0.04102564103)
(-0.003762939225 0.002371140466 0.04358974359)
(-0.003762939225 0.002371140466 0.04615384615)
(-0.003762939225 0.002371140466 0.04871794872)
(-0.003762939225 0.002371140466 0.05128205128)
(-0.003762939225 0.002371140466 0.05384615385)
(-0.003762939225 0.002371140466 0.05641025641)
(-0.003762939225 0.002371140466 0.05897435897)
(-0.003762939225 0.002371140466 0.06153846154)
(-0.003762939225 0.002371140466 0.0641025641)
(-0.003762939225 0.002371140466 0.06666666667)
(-0.003762939225 0.002371140466 0.06923076923)
(-0.003762939225 0.002371140466 0.07179487179)
(-0.003762939225 0.002371140466 0.07435897436)
(-0.003762939225 0.002371140466 0.07692307692)
(-0.003762939225 0.002371140466 0.07948717949)
(-0.003762939225 0.002371140466 0.08205128205)
(-0.003762939225 0.002371140466 0.08461538462)
(-0.003762939225 0.002371140466 0.08717948718)
(-0.003762939225 0.002371140466 0.08974358974)
(-0.003762939225 0.002371140466 0.09230769231)
(-0.003762939225 0.002371140466 0.09487179487)
(-0.003762939225 0.002371140466 0.09743589744)
(-0.003762939225 0.002371140466 0.1)
(-0.004367759065 0.001605366865 0)
(-0.004367759065 0.001605366865 0.002564102564)
(-0.004367759065 0.001605366865 0.005128205128)
(-0.004367759065 0.001605366865 0.007692307692)
(-0.004367759065 0.001605366865 0.01025641026)
(-0.004367759065 0.001605366865 0.01282051282)
(-0.004367759065 0.001605366865 0.01538461538)
(-0.004367759065 0.001605366865 0.01794871795)
(-0.004367759065 0.001605366865 0.02051282051)
(-0.004367759065 0.001605366865 0.02307692308)
(-0.004367759065 0.001605366865 0.02564102564)
(-0.004367759065 0.001605366865 0.02820512821)
(-0.004367759065 0.001605366865 0.03076923077)
(-0.004367759065 0.001605366865 0.03333333333)
(-0.004367759065 0.001605366865 0.0358974359)
(-0.004367759065 0.001605366865 0.03846153846)
(-0.004367759065 0.001605366865 0.04102564103)
(-0.004367759065 0.001605366865 0.04358974359)
(-0.004367759065 0.001605366865 0.04615384615)
(-0.004367759065 0.001605366865 0.04871794872)
(-0.004367759065 0.001605366865 0.05128205128)
(-0.004367759065 0.001605366865 0.05384615385)
(-0.004367759065 0.001605366865 0.05641025641)
(-0.004367759065 0.001605366865 0.05897435897)
(-0.004367759065 0.001605366865 0.06153846154)
(-0.004367759065 0.001605366865 0.0641025641)
(-0.004367759065 0.001605366865 0.06666666667)
(-0.004367759065 0.001605366865 0.06923076923)
(-0.004367759065 0.001605366865 0.07179487179)
(-0.004367759065 0.001605366865 0.07435897436)
(-0.004367759065 0.001605366865 0.07692307692)
(-0.004367759065 0.001605366865 0.07948717949)
(-0.004367759065 0.001605366865 0.08205128205)
(-0.004367759065 0.001605366865 0.08461538462)
(-0.004367759065 0.001605366865 0.08717948718)
(-0.004367759065 0.001605366865 0.08974358974)
(-0.004367759065 0.001605366865 0.09230769231)
(-0.004367759065 0.001605366865 0.09487179487)
(-0.004367759065 0.001605366865 0.09743589744)
(-0.004367759065 0.001605366865 0.1)
(-0.004901570561 0.000810180644 0)
(-0.004901570561 0.000810180644 0.002564102564)
(-0.004901570561 0.000810180644 0.005128205128)
(-0.004901570561 0.000810180644 0.007692307692)
(-0.004901570561 0.000810180644 0.01025641026)
(-0.004901570561 0.000810180644 0.01282051282)
(-0.004901570561 0.000810180644 0.01538461538)
(-0.004901570561 0.000810180644 0.01794871795)
(-0.004901570561 0.000810180644 0.02051282051)
(-0.004901570561 0.000810180644 0.02307692308)
(-0.004901570561 0.000810180644 0.02564102564)
(-0.004901570561 0.000810180644 0.02820512821)
(-0.004901570561 0.000810180644 0.03076923077)
(-0.004901570561 0.000810180644 0.03333333333)
(-0.004901570561 0.000810180644 0.0358974359)
(-0.004901570561 0.000810180644 0.03846153846)
(-0.004901570561 0.000810180644 0.04102564103)
(-0.004901570561 0.000810180644 0.04358974359)
(-0.004901570561 0.000810180644 0.04615384615)
(-0.004901570561 0.000810180644 0.04871794872)
(-0.004901570561 0.000810180644 0.05128205128)
(-0.004901570561 0.000810180644 0.05384615385)
(-0.004901570561 0.000810180644 0.05641025641)
(-0.004901570561 0.000810180644 0.05897435897)
(-0.004901570561 0.000810180644 0.06153846154)
(-0.004901570561 0.000810180644 0.0641025641)
(-0.004901570561 0.000810180644 0.06666666667)
(-0.004901570561 0.000810180644 0.06923076923)
(-0.004901570561 0.000810180644 0.07179487179)
(-0.004901570561 0.000810180644 0.07435897436)
(-0.004901570561 0.000810180644 0.07692307692)
(-0.004901570561 0.000810180644 0.07948717949)
(-0.004901570561 0.000810180644 0.08205128205)
(-0.004901570561 0.000810180644 0.08461538462)
(-0.004901570561 0.000810180644 0.08717948718)
(-0.004901570561 0.000810180644 0.08974358974)
(-0.004901570561 0.000810180644 0.09230769231)
(-0.004901570561 0.000810180644 0.09487179487)
(-0.004901570561 0.000810180644 0.09743589744)
(-0.004901570561 0.000810180644 0.1)
(-0.00536 7.690983213e-19 0)
(-0.00536 5.855784554e-19 0.002564102564)
(-0.00536 9.204217196e-19 0.005128205128)
(-0.00536 9.204217196e-19 0.007692307692)
(-0.00536 9.204217196e-19 0.01025641026)
(-0.00536 9.204217196e-19 0.01282051282)
(-0.00536 9.204217196e-19 0.01538461538)
(-0.00536 9.204217196e-19 0.01794871795)
(-0.00536 9.204217196e-19 0.02051282051)
(-0.00536 9.204217196e-19 0.02307692308)
(-0.00536 9.204217196e-19 0.02564102564)
(-0.00536 9.204217196e-19 0.02820512821)
(-0.00536 9.204217196e-19 0.03076923077)
(-0.00536 9.204217196e-19 0.03333333333)
(-0.00536 9.204217196e-19 0.0358974359)
(-0.00536 9.204217196e-19 0.03846153846)
(-0.00536 9.204217196e-19 0.04102564103)
(-0.00536 9.204217196e-19 0.04358974359)
(-0.00536 9.204217196e-19 0.04615384615)
(-0.00536 9.204217196e-19 0.04871794872)
(-0.00536 9.204217196e-19 0.05128205128)
(-0.00536 9.204217196e-19 0.05384615385)
(-0.00536 9.204217196e-19 0.05641025641)
(-0.00536 9.204217196e-19 0.05897435897)
(-0.00536 9.204217196e-19 0.06153846154)
(-0.00536 9.204217196e-19 0.0641025641)
(-0.00536 9.204217196e-19 0.06666666667)
(-0.00536 9.204217196e-19 0.06923076923)
(-0.00536 9.204217196e-19 0.07179487179)
(-0.00536 9.204217196e-19 0.07435897436)
(-0.00536 9.204217196e-19 0.07692307692)
(-0.00536 9.204217196e-19 0.07948717949)
(-0.00536 9.204217196e-19 0.08205128205)
(-0.00536 9.204217196e-19 0.08461538462)
(-0.00536 9.204217196e-19 0.08717948718)
(-0.00536 9.204217196e-19 0.08974358974)
(-0.00536 9.204217196e-19 0.09230769231)
(-0.00536 9.204217196e-19 0.09487179487)
(-0.00536 9.204217196e-19 0.09743589744)
(-0.00536 5.855784554e-19 0.1)
(-0.001095361288 0.006128141122 0)
(-0.001095361288 0.006128141122 0.002564102564)
(-0.001095361288 0.006128141122 0.005128205128)
(-0.001095361288 0.006128141122 0.007692307692)
(-0.001095361288 0.006128141122 0.01025641026)
(-0.001095361288 0.006128141122 0.01282051282)
(-0.001095361288 0.006128141122 0.01538461538)
(-0.001095361288 0.006128141122 0.01794871795)
(-0.001095361288 0.006128141122 0.02051282051)
(-0.001095361288 0.006128141122 0.02307692308)
(-0.001095361288 0.006128141122 0.02564102564)
(-0.001095361288 0.006128141122 0.02820512821)
(-0.001095361288 0.006128141122 0.03076923077)
(-0.001095361288 0.006128141122 0.03333333333)
(-0.001095361288 0.006128141122 0.0358974359)
(-0.001095361288 0.006128141122 0.03846153846)
(-0.001095361288 0.006128141122 0.04102564103)
(-0.001095361288 0.006128141122 0.04358974359)
(-0.001095361288 0.006128141122 0.04615384615)
(-0.001095361288 0.006128141122 0.04871794872)
(-0.001095361288 0.006128141122 0.05128205128)
(-0.001095361288 0.006128141122 0.05384615385)
(-0.001095361288 0.006128141122 0.05641025641)
(-0.001095361288 0.006128141122 0.05897435897)
(-0.001095361288 0.006128141122 0.06153846154)
(-0.001095361288 0.006128141122 0.0641025641)
(-0.001095361288 0.006128141122 0.06666666667)
(-0.001095361288 0.006128141122 0.06923076923)
(-0.001095361288 0.006128141122 0.07179487179)
(-0.001095361288 0.006128141122 0.07435897436)
(-0.001095361288 0.006128141122 0.07692307692)
(-0.001095361288 0.006128141122 0.07948717949)
(-0.001095361288 0.006128141122 0.08205128205)
(-0.001095361288 0.006128141122 0.08461538462)
(-0.001095361288 0.006128141122 0.08717948718)
(-0.001095361288 0.006128141122 0.08974358974)
(-0.001095361288 0.006128141122 0.09230769231)
(-0.001095361288 0.006128141122 0.09487179487)
(-0.001095361288 0.006128141122 0.09743589744)
(-0.001095361288 0.006128141122 0.1)
(-0.002160733729 0.00558551813 0)
(-0.002160733729 0.00558551813 0.002564102564)
(-0.002160733729 0.00558551813 0.005128205128)
(-0.002160733729 0.00558551813 0.007692307692)
(-0.002160733729 0.00558551813 0.01025641026)
(-0.002160733729 0.00558551813 0.01282051282)
(-0.002160733729 0.00558551813 0.01538461538)
(-0.002160733729 0.00558551813 0.01794871795)
(-0.002160733729 0.00558551813 0.02051282051)
(-0.002160733729 0.00558551813 0.02307692308)
(-0.002160733729 0.00558551813 0.02564102564)
(-0.002160733729 0.00558551813 0.02820512821)
(-0.002160733729 0.00558551813 0.03076923077)
(-0.002160733729 0.00558551813 0.03333333333)
(-0.002160733729 0.00558551813 0.0358974359)
(-0.002160733729 0.00558551813 0.03846153846)
(-0.002160733729 0.00558551813 0.04102564103)
(-0.002160733729 0.00558551813 0.04358974359)
(-0.002160733729 0.00558551813 0.04615384615)
(-0.002160733729 0.00558551813 0.04871794872)
(-0.002160733729 0.00558551813 0.05128205128)
(-0.002160733729 0.00558551813 0.05384615385)
(-0.002160733729 0.00558551813 0.05641025641)
(-0.002160733729 0.00558551813 0.05897435897)
(-0.002160733729 0.00558551813 0.06153846154)
(-0.002160733729 0.00558551813 0.0641025641)
(-0.002160733729 0.00558551813 0.06666666667)
(-0.002160733729 0.00558551813 0.06923076923)
(-0.002160733729 0.00558551813 0.07179487179)
(-0.002160733729 0.00558551813 0.07435897436)
(-0.002160733729 0.00558551813 0.07692307692)
(-0.002160733729 0.00558551813 0.07948717949)
(-0.002160733729 0.00558551813 0.08205128205)
(-0.002160733729 0.00558551813 0.08461538462)
(-0.002160733729 0.00558551813 0.08717948718)
(-0.002160733729 0.00558551813 0.08974358974)
(-0.002160733729 0.00558551813 0.09230769231)
(-0.002160733729 0.00558551813 0.09487179487)
(-0.002160733729 0.00558551813 0.09743589744)
(-0.002160733729 0.00558551813 0.1)
(-0.003167280932 0.004900878449 0)
(-0.003167280932 0.004900878449 0.002564102564)
(-0.003167280932 0.004900878449 0.005128205128)
(-0.003167280932 0.004900878449 0.007692307692)
(-0.003167280932 0.004900878449 0.01025641026)
(-0.003167280932 0.004900878449 0.01282051282)
(-0.003167280932 0.004900878449 0.01538461538)
(-0.003167280932 0.004900878449 0.01794871795)
(-0.003167280932 0.004900878449 0.02051282051)
(-0.003167280932 0.004900878449 0.02307692308)
(-0.003167280932 0.004900878449 0.02564102564)
(-0.003167280932 0.004900878449 0.02820512821)
(-0.003167280932 0.004900878449 0.03076923077)
(-0.003167280932 0.004900878449 0.03333333333)
(-0.003167280932 0.004900878449 0.0358974359)
(-0.003167280932 0.004900878449 0.03846153846)
(-0.003167280932 0.004900878449 0.04102564103)
(-0.003167280932 0.004900878449 0.04358974359)
(-0.003167280932 0.004900878449 0.04615384615)
(-0.003167280932 0.004900878449 0.04871794872)
(-0.003167280932 0.004900878449 0.05128205128)
(-0.003167280932 0.004900878449 0.05384615385)
(-0.003167280932 0.004900878449 0.05641025641)
(-0.003167280932 0.004900878449 0.05897435897)
(-0.003167280932 0.004900878449 0.06153846154)
(-0.003167280932 0.004900878449 0.0641025641)
(-0.003167280932 0.004900878449 0.06666666667)
(-0.003167280932 0.004900878449 0.06923076923)
(-0.003167280932 0.004900878449 0.07179487179)
(-0.003167280932 0.004900878449 0.07435897436)
(-0.003167280932 0.004900878449 0.07692307692)
(-0.003167280932 0.004900878449 0.07948717949)
(-0.003167280932 0.004900878449 0.08205128205)
(-0.003167280932 0.004900878449 0.08461538462)
(-0.003167280932 0.004900878449 0.08717948718)
(-0.003167280932 0.004900878449 0.08974358974)
(-0.003167280932 0.004900878449 0.09230769231)
(-0.003167280932 0.004900878449 0.09487179487)
(-0.003167280932 0.004900878449 0.09743589744)
(-0.003167280932 0.004900878449 0.1)
(-0.004088427125 0.004088427125 0)
(-0.004088427125 0.004088427125 0.002564102564)
(-0.004088427125 0.004088427125 0.005128205128)
(-0.004088427125 0.004088427125 0.007692307692)
(-0.004088427125 0.004088427125 0.01025641026)
(-0.004088427125 0.004088427125 0.01282051282)
(-0.004088427125 0.004088427125 0.01538461538)
(-0.004088427125 0.004088427125 0.01794871795)
(-0.004088427125 0.004088427125 0.02051282051)
(-0.004088427125 0.004088427125 0.02307692308)
(-0.004088427125 0.004088427125 0.02564102564)
(-0.004088427125 0.004088427125 0.02820512821)
(-0.004088427125 0.004088427125 0.03076923077)
(-0.004088427125 0.004088427125 0.03333333333)
(-0.004088427125 0.004088427125 0.0358974359)
(-0.004088427125 0.004088427125 0.03846153846)
(-0.004088427125 0.004088427125 0.04102564103)
(-0.004088427125 0.004088427125 0.04358974359)
(-0.004088427125 0.004088427125 0.04615384615)
(-0.004088427125 0.004088427125 0.04871794872)
(-0.004088427125 0.004088427125 0.05128205128)
(-0.004088427125 0.004088427125 0.05384615385)
(-0.004088427125 0.004088427125 0.05641025641)
(-0.004088427125 0.004088427125 0.05897435897)
(-0.004088427125 0.004088427125 0.06153846154)
(-0.004088427125 0.004088427125 0.0641025641)
(-0.004088427125 0.004088427125 0.06666666667)
(-0.004088427125 0.004088427125 0.06923076923)
(-0.004088427125 0.004088427125 0.07179487179)
(-0.004088427125 0.004088427125 0.07435897436)
(-0.004088427125 0.004088427125 0.07692307692)
(-0.004088427125 0.004088427125 0.07948717949)
(-0.004088427125 0.004088427125 0.08205128205)
(-0.004088427125 0.004088427125 0.08461538462)
(-0.004088427125 0.004088427125 0.08717948718)
(-0.004088427125 0.004088427125 0.08974358974)
(-0.004088427125 0.004088427125 0.09230769231)
(-0.004088427125 0.004088427125 0.09487179487)
(-0.004088427125 0.004088427125 0.09743589744)
(-0.004088427125 0.004088427125 0.1)
(-0.004900878449 0.003167280932 0)
(-0.004900878449 0.003167280932 0.002564102564)
(-0.004900878449 0.003167280932 0.005128205128)
(-0.004900878449 0.003167280932 0.007692307692)
(-0.004900878449 0.003167280932 0.01025641026)
(-0.004900878449 0.003167280932 0.01282051282)
(-0.004900878449 0.003167280932 0.01538461538)
(-0.004900878449 0.003167280932 0.01794871795)
(-0.004900878449 0.003167280932 0.02051282051)
(-0.004900878449 0.003167280932 0.02307692308)
(-0.004900878449 0.003167280932 0.02564102564)
(-0.004900878449 0.003167280932 0.02820512821)
(-0.004900878449 0.003167280932 0.03076923077)
(-0.004900878449 0.003167280932 0.03333333333)
(-0.004900878449 0.003167280932 0.0358974359)
(-0.004900878449 0.003167280932 0.03846153846)
(-0.004900878449 0.003167280932 0.04102564103)
(-0.004900878449 0.003167280932 0.04358974359)
(-0.004900878449 0.003167280932 0.04615384615)
(-0.004900878449 0.003167280932 0.04871794872)
(-0.004900878449 0.003167280932 0.05128205128)
(-0.004900878449 0.003167280932 0.05384615385)
(-0.004900878449 0.003167280932 0.05641025641)
(-0.004900878449 0.003167280932 0.05897435897)
(-0.004900878449 0.003167280932 0.06153846154)
(-0.004900878449 0.003167280932 0.0641025641)
(-0.004900878449 0.003167280932 0.06666666667)
(-0.004900878449 0.003167280932 0.06923076923)
(-0.004900878449 0.003167280932 0.07179487179)
(-0.004900878449 0.003167280932 0.07435897436)
(-0.004900878449 0.003167280932 0.07692307692)
(-0.004900878449 0.003167280932 0.07948717949)
(-0.004900878449 0.003167280932 0.08205128205)
(-0.004900878449 0.003167280932 0.08461538462)
(-0.004900878449 0.003167280932 0.08717948718)
(-0.004900878449 0.003167280932 0.08974358974)
(-0.004900878449 0.003167280932 0.09230769231)
(-0.004900878449 0.003167280932 0.09487179487)
(-0.004900878449 0.003167280932 0.09743589744)
(-0.004900878449 0.003167280932 0.1)
(-0.00558551813 0.002160733729 0)
(-0.00558551813 0.002160733729 0.002564102564)
(-0.00558551813 0.002160733729 0.005128205128)
(-0.00558551813 0.002160733729 0.007692307692)
(-0.00558551813 0.002160733729 0.01025641026)
(-0.00558551813 0.002160733729 0.01282051282)
(-0.00558551813 0.002160733729 0.01538461538)
(-0.00558551813 0.002160733729 0.01794871795)
(-0.00558551813 0.002160733729 0.02051282051)
(-0.00558551813 0.002160733729 0.02307692308)
(-0.00558551813 0.002160733729 0.02564102564)
(-0.00558551813 0.002160733729 0.02820512821)
(-0.00558551813 0.002160733729 0.03076923077)
(-0.00558551813 0.002160733729 0.03333333333)
(-0.00558551813 0.002160733729 0.0358974359)
(-0.00558551813 0.002160733729 0.03846153846)
(-0.00558551813 0.002160733729 0.04102564103)
(-0.00558551813 0.002160733729 0.04358974359)
(-0.00558551813 0.002160733729 0.04615384615)
(-0.00558551813 0.002160733729 0.04871794872)
(-0.00558551813 0.002160733729 0.05128205128)
(-0.00558551813 0.002160733729 0.05384615385)
(-0.00558551813 0.002160733729 0.05641025641)
(-0.00558551813 0.002160733729 0.05897435897)
(-0.00558551813 0.002160733729 0.06153846154)
(-0.00558551813 0.002160733729 0.0641025641)
(-0.00558551813 0.002160733729 0.06666666667)
(-0.00558551813 0.002160733729 0.06923076923)
(-0.00558551813 0.002160733729 0.07179487179)
(-0.00558551813 0.002160733729 0.07435897436)
(-0.00558551813 0.002160733729 0.07692307692)
(-0.00558551813 0.002160733729 0.07948717949)
(-0.00558551813 0.002160733729 0.08205128205)
(-0.00558551813 0.002160733729 0.08461538462)
(-0.00558551813 0.002160733729 0.08717948718)
(-0.00558551813 0.002160733729 0.08974358974)
(-0.00558551813 0.002160733729 0.09230769231)
(-0.00558551813 0.002160733729 0.09487179487)
(-0.00558551813 0.002160733729 0.09743589744)
(-0.00558551813 0.002160733729 0.1)
(-0.006128141122 0.001095361288 0)
(-0.006128141122 0.001095361288 0.002564102564)
(-0.006128141122 0.001095361288 0.005128205128)
(-0.006128141122 0.001095361288 0.007692307692)
(-0.006128141122 0.001095361288 0.01025641026)
(-0.006128141122 0.001095361288 0.01282051282)
(-0.006128141122 0.001095361288 0.01538461538)
(-0.006128141122 0.001095361288 0.01794871795)
(-0.006128141122 0.001095361288 0.02051282051)
(-0.006128141122 0.001095361288 0.02307692308)
(-0.006128141122 0.001095361288 0.02564102564)
(-0.006128141122 0.001095361288 0.02820512821)
(-0.006128141122 0.001095361288 0.03076923077)
(-0.006128141122 0.001095361288 0.03333333333)
(-0.006128141122 0.001095361288 0.0358974359)
(-0.006128141122 0.001095361288 0.03846153846)
(-0.006128141122 0.001095361288 0.04102564103)
(-0.006128141122 0.001095361288 0.04358974359)
(-0.006128141122 0.001095361288 0.04615384615)
(-0.006128141122 0.001095361288 0.04871794872)
(-0.006128141122 0.001095361288 0.05128205128)
(-0.006128141122 0.001095361288 0.05384615385)
(-0.006128141122 0.001095361288 0.05641025641)
(-0.006128141122 0.001095361288 0.05897435897)
(-0.006128141122 0.001095361288 0.06153846154)
(-0.006128141122 0.001095361288 0.0641025641)
(-0.006128141122 0.001095361288 0.06666666667)
(-0.006128141122 0.001095361288 0.06923076923)
(-0.006128141122 0.001095361288 0.07179487179)
(-0.006128141122 0.001095361288 0.07435897436)
(-0.006128141122 0.001095361288 0.07692307692)
(-0.006128141122 0.001095361288 0.07948717949)
(-0.006128141122 0.001095361288 0.08205128205)
(-0.006128141122 0.001095361288 0.08461538462)
(-0.006128141122 0.001095361288 0.08717948718)
(-0.006128141122 0.001095361288 0.08974358974)
(-0.006128141122 0.001095361288 0.09230769231)
(-0.006128141122 0.001095361288 0.09487179487)
(-0.006128141122 0.001095361288 0.09743589744)
(-0.006128141122 0.001095361288 0.1)
(-0.00652 8.829854408e-19 0)
(-0.00652 7.453455413e-19 0.002564102564)
(-0.00652 9.964779895e-19 0.005128205128)
(-0.00652 9.964779895e-19 0.007692307692)
(-0.00652 9.964779895e-19 0.01025641026)
(-0.00652 9.964779895e-19 0.01282051282)
(-0.00652 9.964779895e-19 0.01538461538)
(-0.00652 9.964779895e-19 0.01794871795)
(-0.00652 9.964779895e-19 0.02051282051)
(-0.00652 9.964779895e-19 0.02307692308)
(-0.00652 9.964779895e-19 0.02564102564)
(-0.00652 9.964779895e-19 0.02820512821)
(-0.00652 9.964779895e-19 0.03076923077)
(-0.00652 9.964779895e-19 0.03333333333)
(-0.00652 9.964779895e-19 0.0358974359)
(-0.00652 9.964779895e-19 0.03846153846)
(-0.00652 9.964779895e-19 0.04102564103)
(-0.00652 9.964779895e-19 0.04358974359)
(-0.00652 9.964779895e-19 0.04615384615)
(-0.00652 9.964779895e-19 0.04871794872)
(-0.00652 9.964779895e-19 0.05128205128)
(-0.00652 9.964779895e-19 0.05384615385)
(-0.00652 9.964779895e-19 0.05641025641)
(-0.00652 9.964779895e-19 0.05897435897)
(-0.00652 9.964779895e-19 0.06153846154)
(-0.00652 9.964779895e-19 0.0641025641)
(-0.00652 9.964779895e-19 0.06666666667)
(-0.00652 9.964779895e-19 0.06923076923)
(-0.00652 9.964779895e-19 0.07179487179)
(-0.00652 9.964779895e-19 0.07435897436)
(-0.00652 9.964779895e-19 0.07692307692)
(-0.00652 9.964779895e-19 0.07948717949)
(-0.00652 9.964779895e-19 0.08205128205)
(-0.00652 9.964779895e-19 0.08461538462)
(-0.00652 9.964779895e-19 0.08717948718)
(-0.00652 9.964779895e-19 0.08974358974)
(-0.00652 9.964779895e-19 0.09230769231)
(-0.00652 9.964779895e-19 0.09487179487)
(-0.00652 9.964779895e-19 0.09743589744)
(-0.00652 7.453455413e-19 0.1)
(-0.001380541932 0.007354711682 0)
(-0.001380541932 0.007354711682 0.002564102564)
(-0.001380541932 0.007354711682 0.005128205128)
(-0.001380541932 0.007354711682 0.007692307692)
(-0.001380541932 0.007354711682 0.01025641026)
(-0.001380541932 0.007354711682 0.01282051282)
(-0.001380541932 0.007354711682 0.01538461538)
(-0.001380541932 0.007354711682 0.01794871795)
(-0.001380541932 0.007354711682 0.02051282051)
(-0.001380541932 0.007354711682 0.02307692308)
(-0.001380541932 0.007354711682 0.02564102564)
(-0.001380541932 0.007354711682 0.02820512821)
(-0.001380541932 0.007354711682 0.03076923077)
(-0.001380541932 0.007354711682 0.03333333333)
(-0.001380541932 0.007354711682 0.0358974359)
(-0.001380541932 0.007354711682 0.03846153846)
(-0.001380541932 0.007354711682 0.04102564103)
(-0.001380541932 0.007354711682 0.04358974359)
(-0.001380541932 0.007354711682 0.04615384615)
(-0.001380541932 0.007354711682 0.04871794872)
(-0.001380541932 0.007354711682 0.05128205128)
(-0.001380541932 0.007354711682 0.05384615385)
(-0.001380541932 0.007354711682 0.05641025641)
(-0.001380541932 0.007354711682 0.05897435897)
(-0.001380541932 0.007354711682 0.06153846154)
(-0.001380541932 0.007354711682 0.0641025641)
(-0.001380541932 0.007354711682 0.06666666667)
(-0.001380541932 0.007354711682 0.06923076923)
(-0.001380541932 0.007354711682 0.07179487179)
(-0.001380541932 0.007354711682 0.07435897436)
(-0.001380541932 0.007354711682 0.07692307692)
(-0.001380541932 0.007354711682 0.07948717949)
(-0.001380541932 0.007354711682 0.08205128205)
(-0.001380541932 0.007354711682 0.08461538462)
(-0.001380541932 0.007354711682 0.08717948718)
(-0.001380541932 0.007354711682 0.08974358974)
(-0.001380541932 0.007354711682 0.09230769231)
(-0.001380541932 0.007354711682 0.09487179487)
(-0.001380541932 0.007354711682 0.09743589744)
(-0.001380541932 0.007354711682 0.1)
(-0.002716100594 0.006803277195 0)
(-0.002716100594 0.006803277195 0.002564102564)
(-0.002716100594 0.006803277195 0.005128205128)
(-0.002716100594 0.006803277195 0.007692307692)
(-0.002716100594 0.006803277195 0.01025641026)
(-0.002716100594 0.006803277195 0.01282051282)
(-0.002716100594 0.006803277195 0.01538461538)
(-0.002716100594 0.006803277195 0.01794871795)
(-0.002716100594 0.006803277195 0.02051282051)
(-0.002716100594 0.006803277195 0.02307692308)
(-0.002716100594 0.006803277195 0.02564102564)
(-0.002716100594 0.006803277195 0.02820512821)
(-0.002716100594 0.006803277195 0.03076923077)
(-0.002716100594 0.006803277195 0.03333333333)
(-0.002716100594 0.006803277195 0.0358974359)
(-0.002716100594 0.006803277195 0.03846153846)
(-0.002716100594 0.006803277195 0.04102564103)
(-0.002716100594 0.006803277195 0.04358974359)
(-0.002716100594 0.006803277195 0.04615384615)
(-0.002716100594 0.006803277195 0.04871794872)
(-0.002716100594 0.006803277195 0.05128205128)
(-0.002716100594 0.006803277195 0.05384615385)
(-0.002716100594 0.006803277195 0.05641025641)
(-0.002716100594 0.006803277195 0.05897435897)
(-0.002716100594 0.006803277195 0.06153846154)
(-0.002716100594 0.006803277195 0.0641025641)
(-0.002716100594 0.006803277195 0.06666666667)
(-0.002716100594 0.006803277195 0.06923076923)
(-0.002716100594 0.006803277195 0.07179487179)
(-0.002716100594 0.006803277195 0.07435897436)
(-0.002716100594 0.006803277195 0.07692307692)
(-0.002716100594 0.006803277195 0.07948717949)
(-0.002716100594 0.006803277195 0.08205128205)
(-0.002716100594 0.006803277195 0.08461538462)
(-0.002716100594 0.006803277195 0.08717948718)
(-0.002716100594 0.006803277195 0.08974358974)
(-0.002716100594 0.006803277195 0.09230769231)
(-0.002716100594 0.006803277195 0.09487179487)
(-0.002716100594 0.006803277195 0.09743589744)
(-0.002716100594 0.006803277195 0.1)
(-0.003963421398 0.006038817674 0)
(-0.003963421398 0.006038817674 0.002564102564)
(-0.003963421398 0.006038817674 0.005128205128)
(-0.003963421398 0.006038817674 0.007692307692)
(-0.003963421398 0.006038817674 0.01025641026)
(-0.003963421398 0.006038817674 0.01282051282)
(-0.003963421398 0.006038817674 0.01538461538)
(-0.003963421398 0.006038817674 0.01794871795)
(-0.003963421398 0.006038817674 0.02051282051)
(-0.003963421398 0.006038817674 0.02307692308)
(-0.003963421398 0.006038817674 0.02564102564)
(-0.003963421398 0.006038817674 0.02820512821)
(-0.003963421398 0.006038817674 0.03076923077)
(-0.003963421398 0.006038817674 0.03333333333)
(-0.003963421398 0.006038817674 0.0358974359)
(-0.003963421398 0.006038817674 0.03846153846)
(-0.003963421398 0.006038817674 0.04102564103)
(-0.003963421398 0.006038817674 0.04358974359)
(-0.003963421398 0.006038817674 0.04615384615)
(-0.003963421398 0.006038817674 0.04871794872)
(-0.003963421398 0.006038817674 0.05128205128)
(-0.003963421398 0.006038817674 0.05384615385)
(-0.003963421398 0.006038817674 0.05641025641)
(-0.003963421398 0.006038817674 0.05897435897)
(-0.003963421398 0.006038817674 0.06153846154)
(-0.003963421398 0.006038817674 0.0641025641)
(-0.003963421398 0.006038817674 0.06666666667)
(-0.003963421398 0.006038817674 0.06923076923)
(-0.003963421398 0.006038817674 0.07179487179)
(-0.003963421398 0.006038817674 0.07435897436)
(-0.003963421398 0.006038817674 0.07692307692)
(-0.003963421398 0.006038817674 0.07948717949)
(-0.003963421398 0.006038817674 0.08205128205)
(-0.003963421398 0.006038817674 0.08461538462)
(-0.003963421398 0.006038817674 0.08717948718)
(-0.003963421398 0.006038817674 0.08974358974)
(-0.003963421398 0.006038817674 0.09230769231)
(-0.003963421398 0.006038817674 0.09487179487)
(-0.003963421398 0.006038817674 0.09743589744)
(-0.003963421398 0.006038817674 0.1)
(-0.005082640687 0.005082640687 0)
(-0.005082640687 0.005082640687 0.002564102564)
(-0.005082640687 0.005082640687 0.005128205128)
(-0.005082640687 0.005082640687 0.007692307692)
(-0.005082640687 0.005082640687 0.01025641026)
(-0.005082640687 0.005082640687 0.01282051282)
(-0.005082640687 0.005082640687 0.01538461538)
(-0.005082640687 0.005082640687 0.01794871795)
(-0.005082640687 0.005082640687 0.02051282051)
(-0.005082640687 0.005082640687 0.02307692308)
(-0.005082640687 0.005082640687 0.02564102564)
(-0.005082640687 0.005082640687 0.02820512821)
(-0.005082640687 0.005082640687 0.03076923077)
(-0.005082640687 0.005082640687 0.03333333333)
(-0.005082640687 0.005082640687 0.0358974359)
(-0.005082640687 0.005082640687 0.03846153846)
(-0.005082640687 0.005082640687 0.04102564103)
(-0.005082640687 0.005082640687 0.04358974359)
(-0.005082640687 0.005082640687 0.04615384615)
(-0.005082640687 0.005082640687 0.04871794872)
(-0.005082640687 0.005082640687 0.05128205128)
(-0.005082640687 0.005082640687 0.05384615385)
(-0.005082640687 0.005082640687 0.05641025641)
(-0.005082640687 0.005082640687 0.05897435897)
(-0.005082640687 0.005082640687 0.06153846154)
(-0.005082640687 0.005082640687 0.0641025641)
(-0.005082640687 0.005082640687 0.06666666667)
(-0.005082640687 0.005082640687 0.06923076923)
(-0.005082640687 0.005082640687 0.07179487179)
(-0.005082640687 0.005082640687 0.07435897436)
(-0.005082640687 0.005082640687 0.07692307692)
(-0.005082640687 0.005082640687 0.07948717949)
(-0.005082640687 0.005082640687 0.08205128205)
(-0.005082640687 0.005082640687 0.08461538462)
(-0.005082640687 0.005082640687 0.08717948718)
(-0.005082640687 0.005082640687 0.08974358974)
(-0.005082640687 0.005082640687 0.09230769231)
(-0.005082640687 0.005082640687 0.09487179487)
(-0.005082640687 0.005082640687 0.09743589744)
(-0.005082640687 0.005082640687 0.1)
(-0.006038817674 0.003963421398 0)
(-0.006038817674 0.003963421398 0.002564102564)
(-0.006038817674 0.003963421398 0.005128205128)
(-0.006038817674 0.003963421398 0.007692307692)
(-0.006038817674 0.003963421398 0.01025641026)
(-0.006038817674 0.003963421398 0.01282051282)
(-0.006038817674 0.003963421398 0.01538461538)
(-0.006038817674 0.003963421398 0.01794871795)
(-0.006038817674 0.003963421398 0.02051282051)
(-0.006038817674 0.003963421398 0.02307692308)
(-0.006038817674 0.003963421398 0.02564102564)
(-0.006038817674 0.003963421398 0.02820512821)
(-0.006038817674 0.003963421398 0.03076923077)
(-0.006038817674 0.003963421398 0.03333333333)
(-0.006038817674 0.003963421398 0.0358974359)
(-0.006038817674 0.003963421398 0.03846153846)
(-0.006038817674 0.003963421398 0.04102564103)
(-0.006038817674 0.003963421398 0.04358974359)
(-0.006038817674 0.003963421398 0.04615384615)
(-0.006038817674 0.003963421398 0.04871794872)
(-0.006038817674 0.003963421398 0.05128205128)
(-0.006038817674 0.003963421398 0.05384615385)
(-0.006038817674 0.003963421398 0.05641025641)
(-0.006038817674 0.003963421398 0.05897435897)
(-0.006038817674 0.003963421398 0.06153846154)
(-0.006038817674 0.003963421398 0.0641025641)
(-0.006038817674 0.003963421398 0.06666666667)
(-0.006038817674 0.003963421398 0.06923076923)
(-0.006038817674 0.003963421398 0.07179487179)
(-0.006038817674 0.003963421398 0.07435897436)
(-0.006038817674 0.003963421398 0.07692307692)
(-0.006038817674 0.003963421398 0.07948717949)
(-0.006038817674 0.003963421398 0.08205128205)
(-0.006038817674 0.003963421398 0.08461538462)
(-0.006038817674 0.003963421398 0.08717948718)
(-0.006038817674 0.003963421398 0.08974358974)
(-0.006038817674 0.003963421398 0.09230769231)
(-0.006038817674 0.003963421398 0.09487179487)
(-0.006038817674 0.003963421398 0.09743589744)
(-0.006038817674 0.003963421398 0.1)
(-0.006803277195 0.002716100594 0)
(-0.006803277195 0.002716100594 0.002564102564)
(-0.006803277195 0.002716100594 0.005128205128)
(-0.006803277195 0.002716100594 0.007692307692)
(-0.006803277195 0.002716100594 0.01025641026)
(-0.006803277195 0.002716100594 0.01282051282)
(-0.006803277195 0.002716100594 0.01538461538)
(-0.006803277195 0.002716100594 0.01794871795)
(-0.006803277195 0.002716100594 0.02051282051)
(-0.006803277195 0.002716100594 0.02307692308)
(-0.006803277195 0.002716100594 0.02564102564)
(-0.006803277195 0.002716100594 0.02820512821)
(-0.006803277195 0.002716100594 0.03076923077)
(-0.006803277195 0.002716100594 0.03333333333)
(-0.006803277195 0.002716100594 0.0358974359)
(-0.006803277195 0.002716100594 0.03846153846)
(-0.006803277195 0.002716100594 0.04102564103)
(-0.006803277195 0.002716100594 0.04358974359)
(-0.006803277195 0.002716100594 0.04615384615)
(-0.006803277195 0.002716100594 0.04871794872)
(-0.006803277195 0.002716100594 0.05128205128)
(-0.006803277195 0.002716100594 0.05384615385)
(-0.006803277195 0.002716100594 0.05641025641)
(-0.006803277195 0.002716100594 0.05897435897)
(-0.006803277195 0.002716100594 0.06153846154)
(-0.006803277195 0.002716100594 0.0641025641)
(-0.006803277195 0.002716100594 0.06666666667)
(-0.006803277195 0.002716100594 0.06923076923)
(-0.006803277195 0.002716100594 0.07179487179)
(-0.006803277195 0.002716100594 0.07435897436)
(-0.006803277195 0.002716100594 0.07692307692)
(-0.006803277195 0.002716100594 0.07948717949)
(-0.006803277195 0.002716100594 0.08205128205)
(-0.006803277195 0.002716100594 0.08461538462)
(-0.006803277195 0.002716100594 0.08717948718)
(-0.006803277195 0.002716100594 0.08974358974)
(-0.006803277195 0.002716100594 0.09230769231)
(-0.006803277195 0.002716100594 0.09487179487)
(-0.006803277195 0.002716100594 0.09743589744)
(-0.006803277195 0.002716100594 0.1)
(-0.007354711682 0.001380541932 0)
(-0.007354711682 0.001380541932 0.002564102564)
(-0.007354711682 0.001380541932 0.005128205128)
(-0.007354711682 0.001380541932 0.007692307692)
(-0.007354711682 0.001380541932 0.01025641026)
(-0.007354711682 0.001380541932 0.01282051282)
(-0.007354711682 0.001380541932 0.01538461538)
(-0.007354711682 0.001380541932 0.01794871795)
(-0.007354711682 0.001380541932 0.02051282051)
(-0.007354711682 0.001380541932 0.02307692308)
(-0.007354711682 0.001380541932 0.02564102564)
(-0.007354711682 0.001380541932 0.02820512821)
(-0.007354711682 0.001380541932 0.03076923077)
(-0.007354711682 0.001380541932 0.03333333333)
(-0.007354711682 0.001380541932 0.0358974359)
(-0.007354711682 0.001380541932 0.03846153846)
(-0.007354711682 0.001380541932 0.04102564103)
(-0.007354711682 0.001380541932 0.04358974359)
(-0.007354711682 0.001380541932 0.04615384615)
(-0.007354711682 0.001380541932 0.04871794872)
(-0.007354711682 0.001380541932 0.05128205128)
(-0.007354711682 0.001380541932 0.05384615385)
(-0.007354711682 0.001380541932 0.05641025641)
(-0.007354711682 0.001380541932 0.05897435897)
(-0.007354711682 0.001380541932 0.06153846154)
(-0.007354711682 0.001380541932 0.0641025641)
(-0.007354711682 0.001380541932 0.06666666667)
(-0.007354711682 0.001380541932 0.06923076923)
(-0.007354711682 0.001380541932 0.07179487179)
(-0.007354711682 0.001380541932 0.07435897436)
(-0.007354711682 0.001380541932 0.07692307692)
(-0.007354711682 0.001380541932 0.07948717949)
(-0.007354711682 0.001380541932 0.08205128205)
(-0.007354711682 0.001380541932 0.08461538462)
(-0.007354711682 0.001380541932 0.08717948718)
(-0.007354711682 0.001380541932 0.08974358974)
(-0.007354711682 0.001380541932 0.09230769231)
(-0.007354711682 0.001380541932 0.09487179487)
(-0.007354711682 0.001380541932 0.09743589744)
(-0.007354711682 0.001380541932 0.1)
(-0.00768 9.968725602e-19 0)
(-0.00768 9.051126273e-19 0.002564102564)
(-0.00768 1.072534259e-18 0.005128205128)
(-0.00768 1.072534259e-18 0.007692307692)
(-0.00768 1.072534259e-18 0.01025641026)
(-0.00768 1.072534259e-18 0.01282051282)
(-0.00768 1.072534259e-18 0.01538461538)
(-0.00768 1.072534259e-18 0.01794871795)
(-0.00768 1.072534259e-18 0.02051282051)
(-0.00768 1.072534259e-18 0.02307692308)
(-0.00768 1.072534259e-18 0.02564102564)
(-0.00768 1.072534259e-18 0.02820512821)
(-0.00768 1.072534259e-18 0.03076923077)
(-0.00768 1.072534259e-18 0.03333333333)
(-0.00768 1.072534259e-18 0.0358974359)
(-0.00768 1.072534259e-18 0.03846153846)
(-0.00768 1.072534259e-18 0.04102564103)
(-0.00768 1.072534259e-18 0.04358974359)
(-0.00768 1.072534259e-18 0.04615384615)
(-0.00768 1.072534259e-18 0.04871794872)
(-0.00768 1.072534259e-18 0.05128205128)
(-0.00768 1.072534259e-18 0.05384615385)
(-0.00768 1.072534259e-18 0.05641025641)
(-0.00768 1.072534259e-18 0.05897435897)
(-0.00768 1.072534259e-18 0.06153846154)
(-0.00768 1.072534259e-18 0.0641025641)
(-0.00768 1.072534259e-18 0.06666666667)
(-0.00768 1.072534259e-18 0.06923076923)
(-0.00768 1.072534259e-18 0.07179487179)
(-0.00768 1.072534259e-18 0.07435897436)
(-0.00768 1.072534259e-18 0.07692307692)
(-0.00768 1.072534259e-18 0.07948717949)
(-0.00768 1.072534259e-18 0.08205128205)
(-0.00768 1.072534259e-18 0.08461538462)
(-0.00768 1.072534259e-18 0.08717948718)
(-0.00768 1.072534259e-18 0.08974358974)
(-0.00768 1.072534259e-18 0.09230769231)
(-0.00768 1.072534259e-18 0.09487179487)
(-0.00768 1.072534259e-18 0.09743589744)
(-0.00768 9.051126273e-19 0.1)
(-0.001665722576 0.008581282243 0)
(-0.001665722576 0.008581282243 0.002564102564)
(-0.001665722576 0.008581282243 0.005128205128)
(-0.001665722576 0.008581282243 0.007692307692)
(-0.001665722576 0.008581282243 0.01025641026)
(-0.001665722576 0.008581282243 0.01282051282)
(-0.001665722576 0.008581282243 0.01538461538)
(-0.001665722576 0.008581282243 0.01794871795)
(-0.001665722576 0.008581282243 0.02051282051)
(-0.001665722576 0.008581282243 0.02307692308)
(-0.001665722576 0.008581282243 0.02564102564)
(-0.001665722576 0.008581282243 0.02820512821)
(-0.001665722576 0.008581282243 0.03076923077)
(-0.001665722576 0.008581282243 0.03333333333)
(-0.001665722576 0.008581282243 0.0358974359)
(-0.001665722576 0.008581282243 0.03846153846)
(-0.001665722576 0.008581282243 0.04102564103)
(-0.001665722576 0.008581282243 0.04358974359)
(-0.001665722576 0.008581282243 0.04615384615)
(-0.001665722576 0.008581282243 0.04871794872)
(-0.001665722576 0.008581282243 0.05128205128)
(-0.001665722576 0.008581282243 0.05384615385)
(-0.001665722576 0.008581282243 0.05641025641)
(-0.001665722576 0.008581282243 0.05897435897)
(-0.001665722576 0.008581282243 0.06153846154)
(-0.001665722576 0.008581282243 0.0641025641)
(-0.001665722576 0.008581282243 0.06666666667)
(-0.001665722576 0.008581282243 0.06923076923)
(-0.001665722576 0.008581282243 0.07179487179)
(-0.001665722576 0.008581282243 0.07435897436)
(-0.001665722576 0.008581282243 0.07692307692)
(-0.001665722576 0.008581282243 0.07948717949)
(-0.001665722576 0.008581282243 0.08205128205)
(-0.001665722576 0.008581282243 0.08461538462)
(-0.001665722576 0.008581282243 0.08717948718)
(-0.001665722576 0.008581282243 0.08974358974)
(-0.001665722576 0.008581282243 0.09230769231)
(-0.001665722576 0.008581282243 0.09487179487)
(-0.001665722576 0.008581282243 0.09743589744)
(-0.001665722576 0.008581282243 0.1)
(-0.003271467459 0.00802103626 0)
(-0.003271467459 0.00802103626 0.002564102564)
(-0.003271467459 0.00802103626 0.005128205128)
(-0.003271467459 0.00802103626 0.007692307692)
(-0.003271467459 0.00802103626 0.01025641026)
(-0.003271467459 0.00802103626 0.01282051282)
(-0.003271467459 0.00802103626 0.01538461538)
(-0.003271467459 0.00802103626 0.01794871795)
(-0.003271467459 0.00802103626 0.02051282051)
(-0.003271467459 0.00802103626 0.02307692308)
(-0.003271467459 0.00802103626 0.02564102564)
(-0.003271467459 0.00802103626 0.02820512821)
(-0.003271467459 0.00802103626 0.03076923077)
(-0.003271467459 0.00802103626 0.03333333333)
(-0.003271467459 0.00802103626 0.0358974359)
(-0.003271467459 0.00802103626 0.03846153846)
(-0.003271467459 0.00802103626 0.04102564103)
(-0.003271467459 0.00802103626 0.04358974359)
(-0.003271467459 0.00802103626 0.04615384615)
(-0.003271467459 0.00802103626 0.04871794872)
(-0.003271467459 0.00802103626 0.05128205128)
(-0.003271467459 0.00802103626 0.05384615385)
(-0.003271467459 0.00802103626 0.05641025641)
(-0.003271467459 0.00802103626 0.05897435897)
(-0.003271467459 0.00802103626 0.06153846154)
(-0.003271467459 0.00802103626 0.0641025641)
(-0.003271467459 0.00802103626 0.06666666667)
(-0.003271467459 0.00802103626 0.06923076923)
(-0.003271467459 0.00802103626 0.07179487179)
(-0.003271467459 0.00802103626 0.07435897436)
(-0.003271467459 0.00802103626 0.07692307692)
(-0.003271467459 0.00802103626 0.07948717949)
(-0.003271467459 0.00802103626 0.08205128205)
(-0.003271467459 0.00802103626 0.08461538462)
(-0.003271467459 0.00802103626 0.08717948718)
(-0.003271467459 0.00802103626 0.08974358974)
(-0.003271467459 0.00802103626 0.09230769231)
(-0.003271467459 0.00802103626 0.09487179487)
(-0.003271467459 0.00802103626 0.09743589744)
(-0.003271467459 0.00802103626 0.1)
(-0.004759561864 0.007176756898 0)
(-0.004759561864 0.007176756898 0.002564102564)
(-0.004759561864 0.007176756898 0.005128205128)
(-0.004759561864 0.007176756898 0.007692307692)
(-0.004759561864 0.007176756898 0.01025641026)
(-0.004759561864 0.007176756898 0.01282051282)
(-0.004759561864 0.007176756898 0.01538461538)
(-0.004759561864 0.007176756898 0.01794871795)
(-0.004759561864 0.007176756898 0.02051282051)
(-0.004759561864 0.007176756898 0.02307692308)
(-0.004759561864 0.007176756898 0.02564102564)
(-0.004759561864 0.007176756898 0.02820512821)
(-0.004759561864 0.007176756898 0.03076923077)
(-0.004759561864 0.007176756898 0.03333333333)
(-0.004759561864 0.007176756898 0.0358974359)
(-0.004759561864 0.007176756898 0.03846153846)
(-0.004759561864 0.007176756898 0.04102564103)
(-0.004759561864 0.007176756898 0.04358974359)
(-0.004759561864 0.007176756898 0.04615384615)
(-0.004759561864 0.007176756898 0.04871794872)
(-0.004759561864 0.007176756898 0.05128205128)
(-0.004759561864 0.007176756898 0.05384615385)
(-0.004759561864 0.007176756898 0.05641025641)
(-0.004759561864 0.007176756898 0.05897435897)
(-0.004759561864 0.007176756898 0.06153846154)
(-0.004759561864 0.007176756898 0.0641025641)
(-0.004759561864 0.007176756898 0.06666666667)
(-0.004759561864 0.007176756898 0.06923076923)
(-0.004759561864 0.007176756898 0.07179487179)
(-0.004759561864 0.007176756898 0.07435897436)
(-0.004759561864 0.007176756898 0.07692307692)
(-0.004759561864 0.007176756898 0.07948717949)
(-0.004759561864 0.007176756898 0.08205128205)
(-0.004759561864 0.007176756898 0.08461538462)
(-0.004759561864 0.007176756898 0.08717948718)
(-0.004759561864 0.007176756898 0.08974358974)
(-0.004759561864 0.007176756898 0.09230769231)
(-0.004759561864 0.007176756898 0.09487179487)
(-0.004759561864 0.007176756898 0.09743589744)
(-0.004759561864 0.007176756898 0.1)
(-0.006076854249 0.006076854249 0)
(-0.006076854249 0.006076854249 0.002564102564)
(-0.006076854249 0.006076854249 0.005128205128)
(-0.006076854249 0.006076854249 0.007692307692)
(-0.006076854249 0.006076854249 0.01025641026)
(-0.006076854249 0.006076854249 0.01282051282)
(-0.006076854249 0.006076854249 0.01538461538)
(-0.006076854249 0.006076854249 0.01794871795)
(-0.006076854249 0.006076854249 0.02051282051)
(-0.006076854249 0.006076854249 0.02307692308)
(-0.006076854249 0.006076854249 0.02564102564)
(-0.006076854249 0.006076854249 0.02820512821)
(-0.006076854249 0.006076854249 0.03076923077)
(-0.006076854249 0.006076854249 0.03333333333)
(-0.006076854249 0.006076854249 0.0358974359)
(-0.006076854249 0.006076854249 0.03846153846)
(-0.006076854249 0.006076854249 0.04102564103)
(-0.006076854249 0.006076854249 0.04358974359)
(-0.006076854249 0.006076854249 0.04615384615)
(-0.006076854249 0.006076854249 0.04871794872)
(-0.006076854249 0.006076854249 0.05128205128)
(-0.006076854249 0.006076854249 0.05384615385)
(-0.006076854249 0.006076854249 0.05641025641)
(-0.006076854249 0.006076854249 0.05897435897)
(-0.006076854249 0.006076854249 0.06153846154)
(-0.006076854249 0.006076854249 0.0641025641)
(-0.006076854249 0.006076854249 0.06666666667)
(-0.006076854249 0.006076854249 0.06923076923)
(-0.006076854249 0.006076854249 0.07179487179)
(-0.006076854249 0.006076854249 0.07435897436)
(-0.006076854249 0.006076854249 0.07692307692)
(-0.006076854249 0.006076854249 0.07948717949)
(-0.006076854249 0.006076854249 0.08205128205)
(-0.006076854249 0.006076854249 0.08461538462)
(-0.006076854249 0.006076854249 0.08717948718)
(-0.006076854249 0.006076854249 0.08974358974)
(-0.006076854249 0.006076854249 0.09230769231)
(-0.006076854249 0.006076854249 0.09487179487)
(-0.006076854249 0.006076854249 0.09743589744)
(-0.006076854249 0.006076854249 0.1)
(-0.007176756898 0.004759561864 0)
(-0.007176756898 0.004759561864 0.002564102564)
(-0.007176756898 0.004759561864 0.005128205128)
(-0.007176756898 0.004759561864 0.007692307692)
(-0.007176756898 0.004759561864 0.01025641026)
(-0.007176756898 0.004759561864 0.01282051282)
(-0.007176756898 0.004759561864 0.01538461538)
(-0.007176756898 0.004759561864 0.01794871795)
(-0.007176756898 0.004759561864 0.02051282051)
(-0.007176756898 0.004759561864 0.02307692308)
(-0.007176756898 0.004759561864 0.02564102564)
(-0.007176756898 0.004759561864 0.02820512821)
(-0.007176756898 0.004759561864 0.03076923077)
(-0.007176756898 0.004759561864 0.03333333333)
(-0.007176756898 0.004759561864 0.0358974359)
(-0.007176756898 0.004759561864 0.03846153846)
(-0.007176756898 0.004759561864 0.04102564103)
(-0.007176756898 0.004759561864 0.04358974359)
(-0.007176756898 0.004759561864 0.04615384615)
(-0.007176756898 0.004759561864 0.04871794872)
(-0.007176756898 0.004759561864 0.05128205128)
(-0.007176756898 0.004759561864 0.05384615385)
(-0.007176756898 0.004759561864 0.05641025641)
(-0.007176756898 0.004759561864 0.05897435897)
(-0.007176756898 0.004759561864 0.06153846154)
(-0.007176756898 0.004759561864 0.0641025641)
(-0.007176756898 0.004759561864 0.06666666667)
(-0.007176756898 0.004759561864 0.06923076923)
(-0.007176756898 0.004759561864 0.07179487179)
(-0.007176756898 0.004759561864 0.07435897436)
(-0.007176756898 0.004759561864 0.07692307692)
(-0.007176756898 0.004759561864 0.07948717949)
(-0.007176756898 0.004759561864 0.08205128205)
(-0.007176756898 0.004759561864 0.08461538462)
(-0.007176756898 0.004759561864 0.08717948718)
(-0.007176756898 0.004759561864 0.08974358974)
(-0.007176756898 0.004759561864 0.09230769231)
(-0.007176756898 0.004759561864 0.09487179487)
(-0.007176756898 0.004759561864 0.09743589744)
(-0.007176756898 0.004759561864 0.1)
(-0.00802103626 0.003271467459 0)
(-0.00802103626 0.003271467459 0.002564102564)
(-0.00802103626 0.003271467459 0.005128205128)
(-0.00802103626 0.003271467459 0.007692307692)
(-0.00802103626 0.003271467459 0.01025641026)
(-0.00802103626 0.003271467459 0.01282051282)
(-0.00802103626 0.003271467459 0.01538461538)
(-0.00802103626 0.003271467459 0.01794871795)
(-0.00802103626 0.003271467459 0.02051282051)
(-0.00802103626 0.003271467459 0.02307692308)
(-0.00802103626 0.003271467459 0.02564102564)
(-0.00802103626 0.003271467459 0.02820512821)
(-0.00802103626 0.003271467459 0.03076923077)
(-0.00802103626 0.003271467459 0.03333333333)
(-0.00802103626 0.003271467459 0.0358974359)
(-0.00802103626 0.003271467459 0.03846153846)
(-0.00802103626 0.003271467459 0.04102564103)
(-0.00802103626 0.003271467459 0.04358974359)
(-0.00802103626 0.003271467459 0.04615384615)
(-0.00802103626 0.003271467459 0.04871794872)
(-0.00802103626 0.003271467459 0.05128205128)
(-0.00802103626 0.003271467459 0.05384615385)
(-0.00802103626 0.003271467459 0.05641025641)
(-0.00802103626 0.003271467459 0.05897435897)
(-0.00802103626 0.003271467459 0.06153846154)
(-0.00802103626 0.003271467459 0.0641025641)
(-0.00802103626 0.003271467459 0.06666666667)
(-0.00802103626 0.003271467459 0.06923076923)
(-0.00802103626 0.003271467459 0.07179487179)
(-0.00802103626 0.003271467459 0.07435897436)
(-0.00802103626 0.003271467459 0.07692307692)
(-0.00802103626 0.003271467459 0.07948717949)
(-0.00802103626 0.003271467459 0.08205128205)
(-0.00802103626 0.003271467459 0.08461538462)
(-0.00802103626 0.003271467459 0.08717948718)
(-0.00802103626 0.003271467459 0.08974358974)
(-0.00802103626 0.003271467459 0.09230769231)
(-0.00802103626 0.003271467459 0.09487179487)
(-0.00802103626 0.003271467459 0.09743589744)
(-0.00802103626 0.003271467459 0.1)
(-0.008581282243 0.001665722576 0)
(-0.008581282243 0.001665722576 0.002564102564)
(-0.008581282243 0.001665722576 0.005128205128)
(-0.008581282243 0.001665722576 0.007692307692)
(-0.008581282243 0.001665722576 0.01025641026)
(-0.008581282243 0.001665722576 0.01282051282)
(-0.008581282243 0.001665722576 0.01538461538)
(-0.008581282243 0.001665722576 0.01794871795)
(-0.008581282243 0.001665722576 0.02051282051)
(-0.008581282243 0.001665722576 0.02307692308)
(-0.008581282243 0.001665722576 0.02564102564)
(-0.008581282243 0.001665722576 0.02820512821)
(-0.008581282243 0.001665722576 0.03076923077)
(-0.008581282243 0.001665722576 0.03333333333)
(-0.008581282243 0.001665722576 0.0358974359)
(-0.008581282243 0.001665722576 0.03846153846)
(-0.008581282243 0.001665722576 0.04102564103)
(-0.008581282243 0.001665722576 0.04358974359)
(-0.008581282243 0.001665722576 0.04615384615)
(-0.008581282243 0.001665722576 0.04871794872)
(-0.008581282243 0.001665722576 0.05128205128)
(-0.008581282243 0.001665722576 0.05384615385)
(-0.008581282243 0.001665722576 0.05641025641)
(-0.008581282243 0.001665722576 0.05897435897)
(-0.008581282243 0.001665722576 0.06153846154)
(-0.008581282243 0.001665722576 0.0641025641)
(-0.008581282243 0.001665722576 0.06666666667)
(-0.008581282243 0.001665722576 0.06923076923)
(-0.008581282243 0.001665722576 0.07179487179)
(-0.008581282243 0.001665722576 0.07435897436)
(-0.008581282243 0.001665722576 0.07692307692)
(-0.008581282243 0.001665722576 0.07948717949)
(-0.008581282243 0.001665722576 0.08205128205)
(-0.008581282243 0.001665722576 0.08461538462)
(-0.008581282243 0.001665722576 0.08717948718)
(-0.008581282243 0.001665722576 0.08974358974)
(-0.008581282243 0.001665722576 0.09230769231)
(-0.008581282243 0.001665722576 0.09487179487)
(-0.008581282243 0.001665722576 0.09743589744)
(-0.008581282243 0.001665722576 0.1)
(-0.00884 1.11075968e-18 0)
(-0.00884 1.064879713e-18 0.002564102564)
(-0.00884 1.148590529e-18 0.005128205128)
(-0.00884 1.148590529e-18 0.007692307692)
(-0.00884 1.148590529e-18 0.01025641026)
(-0.00884 1.148590529e-18 0.01282051282)
(-0.00884 1.148590529e-18 0.01538461538)
(-0.00884 1.148590529e-18 0.01794871795)
(-0.00884 1.148590529e-18 0.02051282051)
(-0.00884 1.148590529e-18 0.02307692308)
(-0.00884 1.148590529e-18 0.02564102564)
(-0.00884 1.148590529e-18 0.02820512821)
(-0.00884 1.148590529e-18 0.03076923077)
(-0.00884 1.148590529e-18 0.03333333333)
(-0.00884 1.148590529e-18 0.0358974359)
(-0.00884 1.148590529e-18 0.03846153846)
(-0.00884 1.148590529e-18 0.04102564103)
(-0.00884 1.148590529e-18 0.04358974359)
(-0.00884 1.148590529e-18 0.04615384615)
(-0.00884 1.148590529e-18 0.04871794872)
(-0.00884 1.148590529e-18 0.05128205128)
(-0.00884 1.148590529e-18 0.05384615385)
(-0.00884 1.148590529e-18 0.05641025641)
(-0.00884 1.148590529e-18 0.05897435897)
(-0.00884 1.148590529e-18 0.06153846154)
(-0.00884 1.148590529e-18 0.0641025641)
(-0.00884 1.148590529e-18 0.06666666667)
(-0.00884 1.148590529e-18 0.06923076923)
(-0.00884 1.148590529e-18 0.07179487179)
(-0.00884 1.148590529e-18 0.07435897436)
(-0.00884 1.148590529e-18 0.07692307692)
(-0.00884 1.148590529e-18 0.07948717949)
(-0.00884 1.148590529e-18 0.08205128205)
(-0.00884 1.148590529e-18 0.08461538462)
(-0.00884 1.148590529e-18 0.08717948718)
(-0.00884 1.148590529e-18 0.08974358974)
(-0.00884 1.148590529e-18 0.09230769231)
(-0.00884 1.148590529e-18 0.09487179487)
(-0.00884 1.148590529e-18 0.09743589744)
(-0.00884 1.064879713e-18 0.1)
(-0.00195090322 0.009807852804 0)
(-0.00195090322 0.009807852804 0.002564102564)
(-0.00195090322 0.009807852804 0.005128205128)
(-0.00195090322 0.009807852804 0.007692307692)
(-0.00195090322 0.009807852804 0.01025641026)
(-0.00195090322 0.009807852804 0.01282051282)
(-0.00195090322 0.009807852804 0.01538461538)
(-0.00195090322 0.009807852804 0.01794871795)
(-0.00195090322 0.009807852804 0.02051282051)
(-0.00195090322 0.009807852804 0.02307692308)
(-0.00195090322 0.009807852804 0.02564102564)
(-0.00195090322 0.009807852804 0.02820512821)
(-0.00195090322 0.009807852804 0.03076923077)
(-0.00195090322 0.009807852804 0.03333333333)
(-0.00195090322 0.009807852804 0.0358974359)
(-0.00195090322 0.009807852804 0.03846153846)
(-0.00195090322 0.009807852804 0.04102564103)
(-0.00195090322 0.009807852804 0.04358974359)
(-0.00195090322 0.009807852804 0.04615384615)
(-0.00195090322 0.009807852804 0.04871794872)
(-0.00195090322 0.009807852804 0.05128205128)
(-0.00195090322 0.009807852804 0.05384615385)
(-0.00195090322 0.009807852804 0.05641025641)
(-0.00195090322 0.009807852804 0.05897435897)
(-0.00195090322 0.009807852804 0.06153846154)
(-0.00195090322 0.009807852804 0.0641025641)
(-0.00195090322 0.009807852804 0.06666666667)
(-0.00195090322 0.009807852804 0.06923076923)
(-0.00195090322 0.009807852804 0.07179487179)
(-0.00195090322 0.009807852804 0.07435897436)
(-0.00195090322 0.009807852804 0.07692307692)
(-0.00195090322 0.009807852804 0.07948717949)
(-0.00195090322 0.009807852804 0.08205128205)
(-0.00195090322 0.009807852804 0.08461538462)
(-0.00195090322 0.009807852804 0.08717948718)
(-0.00195090322 0.009807852804 0.08974358974)
(-0.00195090322 0.009807852804 0.09230769231)
(-0.00195090322 0.009807852804 0.09487179487)
(-0.00195090322 0.009807852804 0.09743589744)
(-0.00195090322 0.009807852804 0.1)
(-0.003826834324 0.009238795325 0)
(-0.003826834324 0.009238795325 0.002564102564)
(-0.003826834324 0.009238795325 0.005128205128)
(-0.003826834324 0.009238795325 0.007692307692)
(-0.003826834324 0.009238795325 0.01025641026)
(-0.003826834324 0.009238795325 0.01282051282)
(-0.003826834324 0.009238795325 0.01538461538)
(-0.003826834324 0.009238795325 0.01794871795)
(-0.003826834324 0.009238795325 0.02051282051)
(-0.003826834324 0.009238795325 0.02307692308)
(-0.003826834324 0.009238795325 0.02564102564)
(-0.003826834324 0.009238795325 0.02820512821)
(-0.003826834324 0.009238795325 0.03076923077)
(-0.003826834324 0.009238795325 0.03333333333)
(-0.003826834324 0.009238795325 0.0358974359)
(-0.003826834324 0.009238795325 0.03846153846)
(-0.003826834324 0.009238795325 0.04102564103)
(-0.003826834324 0.009238795325 0.04358974359)
(-0.003826834324 0.009238795325 0.04615384615)
(-0.003826834324 0.009238795325 0.04871794872)
(-0.003826834324 0.009238795325 0.05128205128)
(-0.003826834324 0.009238795325 0.05384615385)
(-0.003826834324 0.009238795325 0.05641025641)
(-0.003826834324 0.009238795325 0.05897435897)
(-0.003826834324 0.009238795325 0.06153846154)
(-0.003826834324 0.009238795325 0.0641025641)
(-0.003826834324 0.009238795325 0.06666666667)
(-0.003826834324 0.009238795325 0.06923076923)
(-0.003826834324 0.009238795325 0.07179487179)
(-0.003826834324 0.009238795325 0.07435897436)
(-0.003826834324 0.009238795325 0.07692307692)
(-0.003826834324 0.009238795325 0.07948717949)
(-0.003826834324 0.009238795325 0.08205128205)
(-0.003826834324 0.009238795325 0.08461538462)
(-0.003826834324 0.009238795325 0.08717948718)
(-0.003826834324 0.009238795325 0.08974358974)
(-0.003826834324 0.009238795325 0.09230769231)
(-0.003826834324 0.009238795325 0.09487179487)
(-0.003826834324 0.009238795325 0.09743589744)
(-0.003826834324 0.009238795325 0.1)
(-0.00555570233 0.008314696123 0)
(-0.00555570233 0.008314696123 0.002564102564)
(-0.00555570233 0.008314696123 0.005128205128)
(-0.00555570233 0.008314696123 0.007692307692)
(-0.00555570233 0.008314696123 0.01025641026)
(-0.00555570233 0.008314696123 0.01282051282)
(-0.00555570233 0.008314696123 0.01538461538)
(-0.00555570233 0.008314696123 0.01794871795)
(-0.00555570233 0.008314696123 0.02051282051)
(-0.00555570233 0.008314696123 0.02307692308)
(-0.00555570233 0.008314696123 0.02564102564)
(-0.00555570233 0.008314696123 0.02820512821)
(-0.00555570233 0.008314696123 0.03076923077)
(-0.00555570233 0.008314696123 0.03333333333)
(-0.00555570233 0.008314696123 0.0358974359)
(-0.00555570233 0.008314696123 0.03846153846)
(-0.00555570233 0.008314696123 0.04102564103)
(-0.00555570233 0.008314696123 0.04358974359)
(-0.00555570233 0.008314696123 0.04615384615)
(-0.00555570233 0.008314696123 0.04871794872)
(-0.00555570233 0.008314696123 0.05128205128)
(-0.00555570233 0.008314696123 0.05384615385)
(-0.00555570233 0.008314696123 0.05641025641)
(-0.00555570233 0.008314696123 0.05897435897)
(-0.00555570233 0.008314696123 0.06153846154)
(-0.00555570233 0.008314696123 0.0641025641)
(-0.00555570233 0.008314696123 0.06666666667)
(-0.00555570233 0.008314696123 0.06923076923)
(-0.00555570233 0.008314696123 0.07179487179)
(-0.00555570233 0.008314696123 0.07435897436)
(-0.00555570233 0.008314696123 0.07692307692)
(-0.00555570233 0.008314696123 0.07948717949)
(-0.00555570233 0.008314696123 0.08205128205)
(-0.00555570233 0.008314696123 0.08461538462)
(-0.00555570233 0.008314696123 0.08717948718)
(-0.00555570233 0.008314696123 0.08974358974)
(-0.00555570233 0.008314696123 0.09230769231)
(-0.00555570233 0.008314696123 0.09487179487)
(-0.00555570233 0.008314696123 0.09743589744)
(-0.00555570233 0.008314696123 0.1)
(-0.007071067812 0.007071067812 0)
(-0.007071067812 0.007071067812 0.002564102564)
(-0.007071067812 0.007071067812 0.005128205128)
(-0.007071067812 0.007071067812 0.007692307692)
(-0.007071067812 0.007071067812 0.01025641026)
(-0.007071067812 0.007071067812 0.01282051282)
(-0.007071067812 0.007071067812 0.01538461538)
(-0.007071067812 0.007071067812 0.01794871795)
(-0.007071067812 0.007071067812 0.02051282051)
(-0.007071067812 0.007071067812 0.02307692308)
(-0.007071067812 0.007071067812 0.02564102564)
(-0.007071067812 0.007071067812 0.02820512821)
(-0.007071067812 0.007071067812 0.03076923077)
(-0.007071067812 0.007071067812 0.03333333333)
(-0.007071067812 0.007071067812 0.0358974359)
(-0.007071067812 0.007071067812 0.03846153846)
(-0.007071067812 0.007071067812 0.04102564103)
(-0.007071067812 0.007071067812 0.04358974359)
(-0.007071067812 0.007071067812 0.04615384615)
(-0.007071067812 0.007071067812 0.04871794872)
(-0.007071067812 0.007071067812 0.05128205128)
(-0.007071067812 0.007071067812 0.05384615385)
(-0.007071067812 0.007071067812 0.05641025641)
(-0.007071067812 0.007071067812 0.05897435897)
(-0.007071067812 0.007071067812 0.06153846154)
(-0.007071067812 0.007071067812 0.0641025641)
(-0.007071067812 0.007071067812 0.06666666667)
(-0.007071067812 0.007071067812 0.06923076923)
(-0.007071067812 0.007071067812 0.07179487179)
(-0.007071067812 0.007071067812 0.07435897436)
(-0.007071067812 0.007071067812 0.07692307692)
(-0.007071067812 0.007071067812 0.07948717949)
(-0.007071067812 0.007071067812 0.08205128205)
(-0.007071067812 0.007071067812 0.08461538462)
(-0.007071067812 0.007071067812 0.08717948718)
(-0.007071067812 0.007071067812 0.08974358974)
(-0.007071067812 0.007071067812 0.09230769231)
(-0.007071067812 0.007071067812 0.09487179487)
(-0.007071067812 0.007071067812 0.09743589744)
(-0.007071067812 0.007071067812 0.1)
(-0.008314696123 0.00555570233 0)
(-0.008314696123 0.00555570233 0.002564102564)
(-0.008314696123 0.00555570233 0.005128205128)
(-0.008314696123 0.00555570233 0.007692307692)
(-0.008314696123 0.00555570233 0.01025641026)
(-0.008314696123 0.00555570233 0.01282051282)
(-0.008314696123 0.00555570233 0.01538461538)
(-0.008314696123 0.00555570233 0.01794871795)
(-0.008314696123 0.00555570233 0.02051282051)
(-0.008314696123 0.00555570233 0.02307692308)
(-0.008314696123 0.00555570233 0.02564102564)
(-0.008314696123 0.00555570233 0.02820512821)
(-0.008314696123 0.00555570233 0.03076923077)
(-0.008314696123 0.00555570233 0.03333333333)
(-0.008314696123 0.00555570233 0.0358974359)
(-0.008314696123 0.00555570233 0.03846153846)
(-0.008314696123 0.00555570233 0.04102564103)
(-0.008314696123 0.00555570233 0.04358974359)
(-0.008314696123 0.00555570233 0.04615384615)
(-0.008314696123 0.00555570233 0.04871794872)
(-0.008314696123 0.00555570233 0.05128205128)
(-0.008314696123 0.00555570233 0.05384615385)
(-0.008314696123 0.00555570233 0.05641025641)
(-0.008314696123 0.00555570233 0.05897435897)
(-0.008314696123 0.00555570233 0.06153846154)
(-0.008314696123 0.00555570233 0.0641025641)
(-0.008314696123 0.00555570233 0.06666666667)
(-0.008314696123 0.00555570233 0.06923076923)
(-0.008314696123 0.00555570233 0.07179487179)
(-0.008314696123 0.00555570233 0.07435897436)
(-0.008314696123 0.00555570233 0.07692307692)
(-0.008314696123 0.00555570233 0.07948717949)
(-0.008314696123 0.00555570233 0.08205128205)
(-0.008314696123 0.00555570233 0.08461538462)
(-0.008314696123 0.00555570233 0.08717948718)
(-0.008314696123 0.00555570233 0.08974358974)
(-0.008314696123 0.00555570233 0.09230769231)
(-0.008314696123 0.00555570233 0.09487179487)
(-0.008314696123 0.00555570233 0.09743589744)
(-0.008314696123 0.00555570233 0.1)
(-0.009238795325 0.003826834324 0)
(-0.009238795325 0.003826834324 0.002564102564)
(-0.009238795325 0.003826834324 0.005128205128)
(-0.009238795325 0.003826834324 0.007692307692)
(-0.009238795325 0.003826834324 0.01025641026)
(-0.009238795325 0.003826834324 0.01282051282)
(-0.009238795325 0.003826834324 0.01538461538)
(-0.009238795325 0.003826834324 0.01794871795)
(-0.009238795325 0.003826834324 0.02051282051)
(-0.009238795325 0.003826834324 0.02307692308)
(-0.009238795325 0.003826834324 0.02564102564)
(-0.009238795325 0.003826834324 0.02820512821)
(-0.009238795325 0.003826834324 0.03076923077)
(-0.009238795325 0.003826834324 0.03333333333)
(-0.009238795325 0.003826834324 0.0358974359)
(-0.009238795325 0.003826834324 0.03846153846)
(-0.009238795325 0.003826834324 0.04102564103)
(-0.009238795325 0.003826834324 0.04358974359)
(-0.009238795325 0.003826834324 0.04615384615)
(-0.009238795325 0.003826834324 0.04871794872)
(-0.009238795325 0.003826834324 0.05128205128)
(-0.009238795325 0.003826834324 0.05384615385)
(-0.009238795325 0.003826834324 0.05641025641)
(-0.009238795325 0.003826834324 0.05897435897)
(-0.009238795325 0.003826834324 0.06153846154)
(-0.009238795325 0.003826834324 0.0641025641)
(-0.009238795325 0.003826834324 0.06666666667)
(-0.009238795325 0.003826834324 0.06923076923)
(-0.009238795325 0.003826834324 0.07179487179)
(-0.009238795325 0.003826834324 0.07435897436)
(-0.009238795325 0.003826834324 0.07692307692)
(-0.009238795325 0.003826834324 0.07948717949)
(-0.009238795325 0.003826834324 0.08205128205)
(-0.009238795325 0.003826834324 0.08461538462)
(-0.009238795325 0.003826834324 0.08717948718)
(-0.009238795325 0.003826834324 0.08974358974)
(-0.009238795325 0.003826834324 0.09230769231)
(-0.009238795325 0.003826834324 0.09487179487)
(-0.009238795325 0.003826834324 0.09743589744)
(-0.009238795325 0.003826834324 0.1)
(-0.009807852804 0.00195090322 0)
(-0.009807852804 0.00195090322 0.002564102564)
(-0.009807852804 0.00195090322 0.005128205128)
(-0.009807852804 0.00195090322 0.007692307692)
(-0.009807852804 0.00195090322 0.01025641026)
(-0.009807852804 0.00195090322 0.01282051282)
(-0.009807852804 0.00195090322 0.01538461538)
(-0.009807852804 0.00195090322 0.01794871795)
(-0.009807852804 0.00195090322 0.02051282051)
(-0.009807852804 0.00195090322 0.02307692308)
(-0.009807852804 0.00195090322 0.02564102564)
(-0.009807852804 0.00195090322 0.02820512821)
(-0.009807852804 0.00195090322 0.03076923077)
(-0.009807852804 0.00195090322 0.03333333333)
(-0.009807852804 0.00195090322 0.0358974359)
(-0.009807852804 0.00195090322 0.03846153846)
(-0.009807852804 0.00195090322 0.04102564103)
(-0.009807852804 0.00195090322 0.04358974359)
(-0.009807852804 0.00195090322 0.04615384615)
(-0.009807852804 0.00195090322 0.04871794872)
(-0.009807852804 0.00195090322 0.05128205128)
(-0.009807852804 0.00195090322 0.05384615385)
(-0.009807852804 0.00195090322 0.05641025641)
(-0.009807852804 0.00195090322 0.05897435897)
(-0.009807852804 0.00195090322 0.06153846154)
(-0.009807852804 0.00195090322 0.0641025641)
(-0.009807852804 0.00195090322 0.06666666667)
(-0.009807852804 0.00195090322 0.06923076923)
(-0.009807852804 0.00195090322 0.07179487179)
(-0.009807852804 0.00195090322 0.07435897436)
(-0.009807852804 0.00195090322 0.07692307692)
(-0.009807852804 0.00195090322 0.07948717949)
(-0.009807852804 0.00195090322 0.08205128205)
(-0.009807852804 0.00195090322 0.08461538462)
(-0.009807852804 0.00195090322 0.08717948718)
(-0.009807852804 0.00195090322 0.08974358974)
(-0.009807852804 0.00195090322 0.09230769231)
(-0.009807852804 0.00195090322 0.09487179487)
(-0.009807852804 0.00195090322 0.09743589744)
(-0.009807852804 0.00195090322 0.1)
(-0.01 1.224646799e-18 0)
(-0.01 1.224646799e-18 0.002564102564)
(-0.01 1.224646799e-18 0.005128205128)
(-0.01 1.224646799e-18 0.007692307692)
(-0.01 1.224646799e-18 0.01025641026)
(-0.01 1.224646799e-18 0.01282051282)
(-0.01 1.224646799e-18 0.01538461538)
(-0.01 1.224646799e-18 0.01794871795)
(-0.01 1.224646799e-18 0.02051282051)
(-0.01 1.224646799e-18 0.02307692308)
(-0.01 1.224646799e-18 0.02564102564)
(-0.01 1.224646799e-18 0.02820512821)
(-0.01 1.224646799e-18 0.03076923077)
(-0.01 1.224646799e-18 0.03333333333)
(-0.01 1.224646799e-18 0.0358974359)
(-0.01 1.224646799e-18 0.03846153846)
(-0.01 1.224646799e-18 0.04102564103)
(-0.01 1.224646799e-18 0.04358974359)
(-0.01 1.224646799e-18 0.04615384615)
(-0.01 1.224646799e-18 0.04871794872)
(-0.01 1.224646799e-18 0.05128205128)
(-0.01 1.224646799e-18 0.05384615385)
(-0.01 1.224646799e-18 0.05641025641)
(-0.01 1.224646799e-18 0.05897435897)
(-0.01 1.224646799e-18 0.06153846154)
(-0.01 1.224646799e-18 0.0641025641)
(-0.01 1.224646799e-18 0.06666666667)
(-0.01 1.224646799e-18 0.06923076923)
(-0.01 1.224646799e-18 0.07179487179)
(-0.01 1.224646799e-18 0.07435897436)
(-0.01 1.224646799e-18 0.07692307692)
(-0.01 1.224646799e-18 0.07948717949)
(-0.01 1.224646799e-18 0.08205128205)
(-0.01 1.224646799e-18 0.08461538462)
(-0.01 1.224646799e-18 0.08717948718)
(-0.01 1.224646799e-18 0.08974358974)
(-0.01 1.224646799e-18 0.09230769231)
(-0.01 1.224646799e-18 0.09487179487)
(-0.01 1.224646799e-18 0.09743589744)
(-0.01 1.224646799e-18 0.1)
(-0.004901570561 -0.000810180644 0)
(-0.004901570561 -0.000810180644 0.002564102564)
(-0.004901570561 -0.000810180644 0.005128205128)
(-0.004901570561 -0.000810180644 0.007692307692)
(-0.004901570561 -0.000810180644 0.01025641026)
(-0.004901570561 -0.000810180644 0.01282051282)
(-0.004901570561 -0.000810180644 0.01538461538)
(-0.004901570561 -0.000810180644 0.01794871795)
(-0.004901570561 -0.000810180644 0.02051282051)
(-0.004901570561 -0.000810180644 0.02307692308)
(-0.004901570561 -0.000810180644 0.02564102564)
(-0.004901570561 -0.000810180644 0.02820512821)
(-0.004901570561 -0.000810180644 0.03076923077)
(-0.004901570561 -0.000810180644 0.03333333333)
(-0.004901570561 -0.000810180644 0.0358974359)
(-0.004901570561 -0.000810180644 0.03846153846)
(-0.004901570561 -0.000810180644 0.04102564103)
(-0.004901570561 -0.000810180644 0.04358974359)
(-0.004901570561 -0.000810180644 0.04615384615)
(-0.004901570561 -0.000810180644 0.04871794872)
(-0.004901570561 -0.000810180644 0.05128205128)
(-0.004901570561 -0.000810180644 0.05384615385)
(-0.004901570561 -0.000810180644 0.05641025641)
(-0.004901570561 -0.000810180644 0.05897435897)
(-0.004901570561 -0.000810180644 0.06153846154)
(-0.004901570561 -0.000810180644 0.0641025641)
(-0.004901570561 -0.000810180644 0.06666666667)
(-0.004901570561 -0.000810180644 0.06923076923)
(-0.004901570561 -0.000810180644 0.07179487179)
(-0.004901570561 -0.000810180644 0.07435897436)
(-0.004901570561 -0.000810180644 0.07692307692)
(-0.004901570561 -0.000810180644 0.07948717949)
(-0.004901570561 -0.000810180644 0.08205128205)
(-0.004901570561 -0.000810180644 0.08461538462)
(-0.004901570561 -0.000810180644 0.08717948718)
(-0.004901570561 -0.000810180644 0.08974358974)
(-0.004901570561 -0.000810180644 0.09230769231)
(-0.004901570561 -0.000810180644 0.09487179487)
(-0.004901570561 -0.000810180644 0.09743589744)
(-0.004901570561 -0.000810180644 0.1)
(-0.004367759065 -0.001605366865 0)
(-0.004367759065 -0.001605366865 0.002564102564)
(-0.004367759065 -0.001605366865 0.005128205128)
(-0.004367759065 -0.001605366865 0.007692307692)
(-0.004367759065 -0.001605366865 0.01025641026)
(-0.004367759065 -0.001605366865 0.01282051282)
(-0.004367759065 -0.001605366865 0.01538461538)
(-0.004367759065 -0.001605366865 0.01794871795)
(-0.004367759065 -0.001605366865 0.02051282051)
(-0.004367759065 -0.001605366865 0.02307692308)
(-0.004367759065 -0.001605366865 0.02564102564)
(-0.004367759065 -0.001605366865 0.02820512821)
(-0.004367759065 -0.001605366865 0.03076923077)
(-0.004367759065 -0.001605366865 0.03333333333)
(-0.004367759065 -0.001605366865 0.0358974359)
(-0.004367759065 -0.001605366865 0.03846153846)
(-0.004367759065 -0.001605366865 0.04102564103)
(-0.004367759065 -0.001605366865 0.04358974359)
(-0.004367759065 -0.001605366865 0.04615384615)
(-0.004367759065 -0.001605366865 0.04871794872)
(-0.004367759065 -0.001605366865 0.05128205128)
(-0.004367759065 -0.001605366865 0.05384615385)
(-0.004367759065 -0.001605366865 0.05641025641)
(-0.004367759065 -0.001605366865 0.05897435897)
(-0.004367759065 -0.001605366865 0.06153846154)
(-0.004367759065 -0.001605366865 0.0641025641)
(-0.004367759065 -0.001605366865 0.06666666667)
(-0.004367759065 -0.001605366865 0.06923076923)
(-0.004367759065 -0.001605366865 0.07179487179)
(-0.004367759065 -0.001605366865 0.07435897436)
(-0.004367759065 -0.001605366865 0.07692307692)
(-0.004367759065 -0.001605366865 0.07948717949)
(-0.004367759065 -0.001605366865 0.08205128205)
(-0.004367759065 -0.001605366865 0.08461538462)
(-0.004367759065 -0.001605366865 0.08717948718)
(-0.004367759065 -0.001605366865 0.08974358974)
(-0.004367759065 -0.001605366865 0.09230769231)
(-0.004367759065 -0.001605366865 0.09487179487)
(-0.004367759065 -0.001605366865 0.09743589744)
(-0.004367759065 -0.001605366865 0.1)
(-0.003762939225 -0.002371140466 0)
(-0.003762939225 -0.002371140466 0.002564102564)
(-0.003762939225 -0.002371140466 0.005128205128)
(-0.003762939225 -0.002371140466 0.007692307692)
(-0.003762939225 -0.002371140466 0.01025641026)
(-0.003762939225 -0.002371140466 0.01282051282)
(-0.003762939225 -0.002371140466 0.01538461538)
(-0.003762939225 -0.002371140466 0.01794871795)
(-0.003762939225 -0.002371140466 0.02051282051)
(-0.003762939225 -0.002371140466 0.02307692308)
(-0.003762939225 -0.002371140466 0.02564102564)
(-0.003762939225 -0.002371140466 0.02820512821)
(-0.003762939225 -0.002371140466 0.03076923077)
(-0.003762939225 -0.002371140466 0.03333333333)
(-0.003762939225 -0.002371140466 0.0358974359)
(-0.003762939225 -0.002371140466 0.03846153846)
(-0.003762939225 -0.002371140466 0.04102564103)
(-0.003762939225 -0.002371140466 0.04358974359)
(-0.003762939225 -0.002371140466 0.04615384615)
(-0.003762939225 -0.002371140466 0.04871794872)
(-0.003762939225 -0.002371140466 0.05128205128)
(-0.003762939225 -0.002371140466 0.05384615385)
(-0.003762939225 -0.002371140466 0.05641025641)
(-0.003762939225 -0.002371140466 0.05897435897)
(-0.003762939225 -0.002371140466 0.06153846154)
(-0.003762939225 -0.002371140466 0.0641025641)
(-0.003762939225 -0.002371140466 0.06666666667)
(-0.003762939225 -0.002371140466 0.06923076923)
(-0.003762939225 -0.002371140466 0.07179487179)
(-0.003762939225 -0.002371140466 0.07435897436)
(-0.003762939225 -0.002371140466 0.07692307692)
(-0.003762939225 -0.002371140466 0.07948717949)
(-0.003762939225 -0.002371140466 0.08205128205)
(-0.003762939225 -0.002371140466 0.08461538462)
(-0.003762939225 -0.002371140466 0.08717948718)
(-0.003762939225 -0.002371140466 0.08974358974)
(-0.003762939225 -0.002371140466 0.09230769231)
(-0.003762939225 -0.002371140466 0.09487179487)
(-0.003762939225 -0.002371140466 0.09743589744)
(-0.003762939225 -0.002371140466 0.1)
(-0.003094213562 -0.003094213562 0)
(-0.003094213562 -0.003094213562 0.002564102564)
(-0.003094213562 -0.003094213562 0.005128205128)
(-0.003094213562 -0.003094213562 0.007692307692)
(-0.003094213562 -0.003094213562 0.01025641026)
(-0.003094213562 -0.003094213562 0.01282051282)
(-0.003094213562 -0.003094213562 0.01538461538)
(-0.003094213562 -0.003094213562 0.01794871795)
(-0.003094213562 -0.003094213562 0.02051282051)
(-0.003094213562 -0.003094213562 0.02307692308)
(-0.003094213562 -0.003094213562 0.02564102564)
(-0.003094213562 -0.003094213562 0.02820512821)
(-0.003094213562 -0.003094213562 0.03076923077)
(-0.003094213562 -0.003094213562 0.03333333333)
(-0.003094213562 -0.003094213562 0.0358974359)
(-0.003094213562 -0.003094213562 0.03846153846)
(-0.003094213562 -0.003094213562 0.04102564103)
(-0.003094213562 -0.003094213562 0.04358974359)
(-0.003094213562 -0.003094213562 0.04615384615)
(-0.003094213562 -0.003094213562 0.04871794872)
(-0.003094213562 -0.003094213562 0.05128205128)
(-0.003094213562 -0.003094213562 0.05384615385)
(-0.003094213562 -0.003094213562 0.05641025641)
(-0.003094213562 -0.003094213562 0.05897435897)
(-0.003094213562 -0.003094213562 0.06153846154)
(-0.003094213562 -0.003094213562 0.0641025641)
(-0.003094213562 -0.003094213562 0.06666666667)
(-0.003094213562 -0.003094213562 0.06923076923)
(-0.003094213562 -0.003094213562 0.07179487179)
(-0.003094213562 -0.003094213562 0.07435897436)
(-0.003094213562 -0.003094213562 0.07692307692)
(-0.003094213562 -0.003094213562 0.07948717949)
(-0.003094213562 -0.003094213562 0.08205128205)
(-0.003094213562 -0.003094213562 0.08461538462)
(-0.003094213562 -0.003094213562 0.08717948718)
(-0.003094213562 -0.003094213562 0.08974358974)
(-0.003094213562 -0.003094213562 0.09230769231)
(-0.003094213562 -0.003094213562 0.09487179487)
(-0.003094213562 -0.003094213562 0.09743589744)
(-0.003094213562 -0.003094213562 0.1)
(-0.002371140466 -0.003762939225 0)
(-0.002371140466 -0.003762939225 0.002564102564)
(-0.002371140466 -0.003762939225 0.005128205128)
(-0.002371140466 -0.003762939225 0.007692307692)
(-0.002371140466 -0.003762939225 0.01025641026)
(-0.002371140466 -0.003762939225 0.01282051282)
(-0.002371140466 -0.003762939225 0.01538461538)
(-0.002371140466 -0.003762939225 0.01794871795)
(-0.002371140466 -0.003762939225 0.02051282051)
(-0.002371140466 -0.003762939225 0.02307692308)
(-0.002371140466 -0.003762939225 0.02564102564)
(-0.002371140466 -0.003762939225 0.02820512821)
(-0.002371140466 -0.003762939225 0.03076923077)
(-0.002371140466 -0.003762939225 0.03333333333)
(-0.002371140466 -0.003762939225 0.0358974359)
(-0.002371140466 -0.003762939225 0.03846153846)
(-0.002371140466 -0.003762939225 0.04102564103)
(-0.002371140466 -0.003762939225 0.04358974359)
(-0.002371140466 -0.003762939225 0.04615384615)
(-0.002371140466 -0.003762939225 0.04871794872)
(-0.002371140466 -0.003762939225 0.05128205128)
(-0.002371140466 -0.003762939225 0.05384615385)
(-0.002371140466 -0.003762939225 0.05641025641)
(-0.002371140466 -0.003762939225 0.05897435897)
(-0.002371140466 -0.003762939225 0.06153846154)
(-0.002371140466 -0.003762939225 0.0641025641)
(-0.002371140466 -0.003762939225 0.06666666667)
(-0.002371140466 -0.003762939225 0.06923076923)
(-0.002371140466 -0.003762939225 0.07179487179)
(-0.002371140466 -0.003762939225 0.07435897436)
(-0.002371140466 -0.003762939225 0.07692307692)
(-0.002371140466 -0.003762939225 0.07948717949)
(-0.002371140466 -0.003762939225 0.08205128205)
(-0.002371140466 -0.003762939225 0.08461538462)
(-0.002371140466 -0.003762939225 0.08717948718)
(-0.002371140466 -0.003762939225 0.08974358974)
(-0.002371140466 -0.003762939225 0.09230769231)
(-0.002371140466 -0.003762939225 0.09487179487)
(-0.002371140466 -0.003762939225 0.09743589744)
(-0.002371140466 -0.003762939225 0.1)
(-0.001605366865 -0.004367759065 0)
(-0.001605366865 -0.004367759065 0.002564102564)
(-0.001605366865 -0.004367759065 0.005128205128)
(-0.001605366865 -0.004367759065 0.007692307692)
(-0.001605366865 -0.004367759065 0.01025641026)
(-0.001605366865 -0.004367759065 0.01282051282)
(-0.001605366865 -0.004367759065 0.01538461538)
(-0.001605366865 -0.004367759065 0.01794871795)
(-0.001605366865 -0.004367759065 0.02051282051)
(-0.001605366865 -0.004367759065 0.02307692308)
(-0.001605366865 -0.004367759065 0.02564102564)
(-0.001605366865 -0.004367759065 0.02820512821)
(-0.001605366865 -0.004367759065 0.03076923077)
(-0.001605366865 -0.004367759065 0.03333333333)
(-0.001605366865 -0.004367759065 0.0358974359)
(-0.001605366865 -0.004367759065 0.03846153846)
(-0.001605366865 -0.004367759065 0.04102564103)
(-0.001605366865 -0.004367759065 0.04358974359)
(-0.001605366865 -0.004367759065 0.04615384615)
(-0.001605366865 -0.004367759065 0.04871794872)
(-0.001605366865 -0.004367759065 0.05128205128)
(-0.001605366865 -0.004367759065 0.05384615385)
(-0.001605366865 -0.004367759065 0.05641025641)
(-0.001605366865 -0.004367759065 0.05897435897)
(-0.001605366865 -0.004367759065 0.06153846154)
(-0.001605366865 -0.004367759065 0.0641025641)
(-0.001605366865 -0.004367759065 0.06666666667)
(-0.001605366865 -0.004367759065 0.06923076923)
(-0.001605366865 -0.004367759065 0.07179487179)
(-0.001605366865 -0.004367759065 0.07435897436)
(-0.001605366865 -0.004367759065 0.07692307692)
(-0.001605366865 -0.004367759065 0.07948717949)
(-0.001605366865 -0.004367759065 0.08205128205)
(-0.001605366865 -0.004367759065 0.08461538462)
(-0.001605366865 -0.004367759065 0.08717948718)
(-0.001605366865 -0.004367759065 0.08974358974)
(-0.001605366865 -0.004367759065 0.09230769231)
(-0.001605366865 -0.004367759065 0.09487179487)
(-0.001605366865 -0.004367759065 0.09743589744)
(-0.001605366865 -0.004367759065 0.1)
(-0.000810180644 -0.004901570561 0)
(-0.000810180644 -0.004901570561 0.002564102564)
(-0.000810180644 -0.004901570561 0.005128205128)
(-0.000810180644 -0.004901570561 0.007692307692)
(-0.000810180644 -0.004901570561 0.01025641026)
(-0.000810180644 -0.004901570561 0.01282051282)
(-0.000810180644 -0.004901570561 0.01538461538)
(-0.000810180644 -0.004901570561 0.01794871795)
(-0.000810180644 -0.004901570561 0.02051282051)
(-0.000810180644 -0.004901570561 0.02307692308)
(-0.000810180644 -0.004901570561 0.02564102564)
(-0.000810180644 -0.004901570561 0.02820512821)
(-0.000810180644 -0.004901570561 0.03076923077)
(-0.000810180644 -0.004901570561 0.03333333333)
(-0.000810180644 -0.004901570561 0.0358974359)
(-0.000810180644 -0.004901570561 0.03846153846)
(-0.000810180644 -0.004901570561 0.04102564103)
(-0.000810180644 -0.004901570561 0.04358974359)
(-0.000810180644 -0.004901570561 0.04615384615)
(-0.000810180644 -0.004901570561 0.04871794872)
(-0.000810180644 -0.004901570561 0.05128205128)
(-0.000810180644 -0.004901570561 0.05384615385)
(-0.000810180644 -0.004901570561 0.05641025641)
(-0.000810180644 -0.004901570561 0.05897435897)
(-0.000810180644 -0.004901570561 0.06153846154)
(-0.000810180644 -0.004901570561 0.0641025641)
(-0.000810180644 -0.004901570561 0.06666666667)
(-0.000810180644 -0.004901570561 0.06923076923)
(-0.000810180644 -0.004901570561 0.07179487179)
(-0.000810180644 -0.004901570561 0.07435897436)
(-0.000810180644 -0.004901570561 0.07692307692)
(-0.000810180644 -0.004901570561 0.07948717949)
(-0.000810180644 -0.004901570561 0.08205128205)
(-0.000810180644 -0.004901570561 0.08461538462)
(-0.000810180644 -0.004901570561 0.08717948718)
(-0.000810180644 -0.004901570561 0.08974358974)
(-0.000810180644 -0.004901570561 0.09230769231)
(-0.000810180644 -0.004901570561 0.09487179487)
(-0.000810180644 -0.004901570561 0.09743589744)
(-0.000810180644 -0.004901570561 0.1)
(-1.061887549e-18 -0.00536 0)
(-1.293702117e-18 -0.00536 0.002564102564)
(-1.293702117e-18 -0.00536 0.005128205128)
(-1.293702117e-18 -0.00536 0.007692307692)
(-1.293702117e-18 -0.00536 0.01025641026)
(-1.293702117e-18 -0.00536 0.01282051282)
(-1.293702117e-18 -0.00536 0.01538461538)
(-1.293702117e-18 -0.00536 0.01794871795)
(-1.293702117e-18 -0.00536 0.02051282051)
(-1.293702117e-18 -0.00536 0.02307692308)
(-1.293702117e-18 -0.00536 0.02564102564)
(-1.293702117e-18 -0.00536 0.02820512821)
(-1.293702117e-18 -0.00536 0.03076923077)
(-1.293702117e-18 -0.00536 0.03333333333)
(-1.293702117e-18 -0.00536 0.0358974359)
(-1.293702117e-18 -0.00536 0.03846153846)
(-1.293702117e-18 -0.00536 0.04102564103)
(-1.293702117e-18 -0.00536 0.04358974359)
(-1.293702117e-18 -0.00536 0.04615384615)
(-1.293702117e-18 -0.00536 0.04871794872)
(-1.293702117e-18 -0.00536 0.05128205128)
(-1.293702117e-18 -0.00536 0.05384615385)
(-1.293702117e-18 -0.00536 0.05641025641)
(-1.293702117e-18 -0.00536 0.05897435897)
(-1.293702117e-18 -0.00536 0.06153846154)
(-1.293702117e-18 -0.00536 0.0641025641)
(-1.293702117e-18 -0.00536 0.06666666667)
(-1.293702117e-18 -0.00536 0.06923076923)
(-1.293702117e-18 -0.00536 0.07179487179)
(-1.293702117e-18 -0.00536 0.07435897436)
(-1.293702117e-18 -0.00536 0.07692307692)
(-1.293702117e-18 -0.00536 0.07948717949)
(-1.293702117e-18 -0.00536 0.08205128205)
(-1.293702117e-18 -0.00536 0.08461538462)
(-1.293702117e-18 -0.00536 0.08717948718)
(-1.293702117e-18 -0.00536 0.08974358974)
(-1.293702117e-18 -0.00536 0.09230769231)
(-1.293702117e-18 -0.00536 0.09487179487)
(-1.293702117e-18 -0.00536 0.09743589744)
(-1.293702117e-18 -0.00536 0.1)
(-0.006128141122 -0.001095361288 0)
(-0.006128141122 -0.001095361288 0.002564102564)
(-0.006128141122 -0.001095361288 0.005128205128)
(-0.006128141122 -0.001095361288 0.007692307692)
(-0.006128141122 -0.001095361288 0.01025641026)
(-0.006128141122 -0.001095361288 0.01282051282)
(-0.006128141122 -0.001095361288 0.01538461538)
(-0.006128141122 -0.001095361288 0.01794871795)
(-0.006128141122 -0.001095361288 0.02051282051)
(-0.006128141122 -0.001095361288 0.02307692308)
(-0.006128141122 -0.001095361288 0.02564102564)
(-0.006128141122 -0.001095361288 0.02820512821)
(-0.006128141122 -0.001095361288 0.03076923077)
(-0.006128141122 -0.001095361288 0.03333333333)
(-0.006128141122 -0.001095361288 0.0358974359)
(-0.006128141122 -0.001095361288 0.03846153846)
(-0.006128141122 -0.001095361288 0.04102564103)
(-0.006128141122 -0.001095361288 0.04358974359)
(-0.006128141122 -0.001095361288 0.04615384615)
(-0.006128141122 -0.001095361288 0.04871794872)
(-0.006128141122 -0.001095361288 0.05128205128)
(-0.006128141122 -0.001095361288 0.05384615385)
(-0.006128141122 -0.001095361288 0.05641025641)
(-0.006128141122 -0.001095361288 0.05897435897)
(-0.006128141122 -0.001095361288 0.06153846154)
(-0.006128141122 -0.001095361288 0.0641025641)
(-0.006128141122 -0.001095361288 0.06666666667)
(-0.006128141122 -0.001095361288 0.06923076923)
(-0.006128141122 -0.001095361288 0.07179487179)
(-0.006128141122 -0.001095361288 0.07435897436)
(-0.006128141122 -0.001095361288 0.07692307692)
(-0.006128141122 -0.001095361288 0.07948717949)
(-0.006128141122 -0.001095361288 0.08205128205)
(-0.006128141122 -0.001095361288 0.08461538462)
(-0.006128141122 -0.001095361288 0.08717948718)
(-0.006128141122 -0.001095361288 0.08974358974)
(-0.006128141122 -0.001095361288 0.09230769231)
(-0.006128141122 -0.001095361288 0.09487179487)
(-0.006128141122 -0.001095361288 0.09743589744)
(-0.006128141122 -0.001095361288 0.1)
(-0.00558551813 -0.002160733729 0)
(-0.00558551813 -0.002160733729 0.002564102564)
(-0.00558551813 -0.002160733729 0.005128205128)
(-0.00558551813 -0.002160733729 0.007692307692)
(-0.00558551813 -0.002160733729 0.01025641026)
(-0.00558551813 -0.002160733729 0.01282051282)
(-0.00558551813 -0.002160733729 0.01538461538)
(-0.00558551813 -0.002160733729 0.01794871795)
(-0.00558551813 -0.002160733729 0.02051282051)
(-0.00558551813 -0.002160733729 0.02307692308)
(-0.00558551813 -0.002160733729 0.02564102564)
(-0.00558551813 -0.002160733729 0.02820512821)
(-0.00558551813 -0.002160733729 0.03076923077)
(-0.00558551813 -0.002160733729 0.03333333333)
(-0.00558551813 -0.002160733729 0.0358974359)
(-0.00558551813 -0.002160733729 0.03846153846)
(-0.00558551813 -0.002160733729 0.04102564103)
(-0.00558551813 -0.002160733729 0.04358974359)
(-0.00558551813 -0.002160733729 0.04615384615)
(-0.00558551813 -0.002160733729 0.04871794872)
(-0.00558551813 -0.002160733729 0.05128205128)
(-0.00558551813 -0.002160733729 0.05384615385)
(-0.00558551813 -0.002160733729 0.05641025641)
(-0.00558551813 -0.002160733729 0.05897435897)
(-0.00558551813 -0.002160733729 0.06153846154)
(-0.00558551813 -0.002160733729 0.0641025641)
(-0.00558551813 -0.002160733729 0.06666666667)
(-0.00558551813 -0.002160733729 0.06923076923)
(-0.00558551813 -0.002160733729 0.07179487179)
(-0.00558551813 -0.002160733729 0.07435897436)
(-0.00558551813 -0.002160733729 0.07692307692)
(-0.00558551813 -0.002160733729 0.07948717949)
(-0.00558551813 -0.002160733729 0.08205128205)
(-0.00558551813 -0.002160733729 0.08461538462)
(-0.00558551813 -0.002160733729 0.08717948718)
(-0.00558551813 -0.002160733729 0.08974358974)
(-0.00558551813 -0.002160733729 0.09230769231)
(-0.00558551813 -0.002160733729 0.09487179487)
(-0.00558551813 -0.002160733729 0.09743589744)
(-0.00558551813 -0.002160733729 0.1)
(-0.004900878449 -0.003167280932 0)
(-0.004900878449 -0.003167280932 0.002564102564)
(-0.004900878449 -0.003167280932 0.005128205128)
(-0.004900878449 -0.003167280932 0.007692307692)
(-0.004900878449 -0.003167280932 0.01025641026)
(-0.004900878449 -0.003167280932 0.01282051282)
(-0.004900878449 -0.003167280932 0.01538461538)
(-0.004900878449 -0.003167280932 0.01794871795)
(-0.004900878449 -0.003167280932 0.02051282051)
(-0.004900878449 -0.003167280932 0.02307692308)
(-0.004900878449 -0.003167280932 0.02564102564)
(-0.004900878449 -0.003167280932 0.02820512821)
(-0.004900878449 -0.003167280932 0.03076923077)
(-0.004900878449 -0.003167280932 0.03333333333)
(-0.004900878449 -0.003167280932 0.0358974359)
(-0.004900878449 -0.003167280932 0.03846153846)
(-0.004900878449 -0.003167280932 0.04102564103)
(-0.004900878449 -0.003167280932 0.04358974359)
(-0.004900878449 -0.003167280932 0.04615384615)
(-0.004900878449 -0.003167280932 0.04871794872)
(-0.004900878449 -0.003167280932 0.05128205128)
(-0.004900878449 -0.003167280932 0.05384615385)
(-0.004900878449 -0.003167280932 0.05641025641)
(-0.004900878449 -0.003167280932 0.05897435897)
(-0.004900878449 -0.003167280932 0.06153846154)
(-0.004900878449 -0.003167280932 0.0641025641)
(-0.004900878449 -0.003167280932 0.06666666667)
(-0.004900878449 -0.003167280932 0.06923076923)
(-0.004900878449 -0.003167280932 0.07179487179)
(-0.004900878449 -0.003167280932 0.07435897436)
(-0.004900878449 -0.003167280932 0.07692307692)
(-0.004900878449 -0.003167280932 0.07948717949)
(-0.004900878449 -0.003167280932 0.08205128205)
(-0.004900878449 -0.003167280932 0.08461538462)
(-0.004900878449 -0.003167280932 0.08717948718)
(-0.004900878449 -0.003167280932 0.08974358974)
(-0.004900878449 -0.003167280932 0.09230769231)
(-0.004900878449 -0.003167280932 0.09487179487)
(-0.004900878449 -0.003167280932 0.09743589744)
(-0.004900878449 -0.003167280932 0.1)
(-0.004088427125 -0.004088427125 0)
(-0.004088427125 -0.004088427125 0.002564102564)
(-0.004088427125 -0.004088427125 0.005128205128)
(-0.004088427125 -0.004088427125 0.007692307692)
(-0.004088427125 -0.004088427125 0.01025641026)
(-0.004088427125 -0.004088427125 0.01282051282)
(-0.004088427125 -0.004088427125 0.01538461538)
(-0.004088427125 -0.004088427125 0.01794871795)
(-0.004088427125 -0.004088427125 0.02051282051)
(-0.004088427125 -0.004088427125 0.02307692308)
(-0.004088427125 -0.004088427125 0.02564102564)
(-0.004088427125 -0.004088427125 0.02820512821)
(-0.004088427125 -0.004088427125 0.03076923077)
(-0.004088427125 -0.004088427125 0.03333333333)
(-0.004088427125 -0.004088427125 0.0358974359)
(-0.004088427125 -0.004088427125 0.03846153846)
(-0.004088427125 -0.004088427125 0.04102564103)
(-0.004088427125 -0.004088427125 0.04358974359)
(-0.004088427125 -0.004088427125 0.04615384615)
(-0.004088427125 -0.004088427125 0.04871794872)
(-0.004088427125 -0.004088427125 0.05128205128)
(-0.004088427125 -0.004088427125 0.05384615385)
(-0.004088427125 -0.004088427125 0.05641025641)
(-0.004088427125 -0.004088427125 0.05897435897)
(-0.004088427125 -0.004088427125 0.06153846154)
(-0.004088427125 -0.004088427125 0.0641025641)
(-0.004088427125 -0.004088427125 0.06666666667)
(-0.004088427125 -0.004088427125 0.06923076923)
(-0.004088427125 -0.004088427125 0.07179487179)
(-0.004088427125 -0.004088427125 0.07435897436)
(-0.004088427125 -0.004088427125 0.07692307692)
(-0.004088427125 -0.004088427125 0.07948717949)
(-0.004088427125 -0.004088427125 0.08205128205)
(-0.004088427125 -0.004088427125 0.08461538462)
(-0.004088427125 -0.004088427125 0.08717948718)
(-0.004088427125 -0.004088427125 0.08974358974)
(-0.004088427125 -0.004088427125 0.09230769231)
(-0.004088427125 -0.004088427125 0.09487179487)
(-0.004088427125 -0.004088427125 0.09743589744)
(-0.004088427125 -0.004088427125 0.1)
(-0.003167280932 -0.004900878449 0)
(-0.003167280932 -0.004900878449 0.002564102564)
(-0.003167280932 -0.004900878449 0.005128205128)
(-0.003167280932 -0.004900878449 0.007692307692)
(-0.003167280932 -0.004900878449 0.01025641026)
(-0.003167280932 -0.004900878449 0.01282051282)
(-0.003167280932 -0.004900878449 0.01538461538)
(-0.003167280932 -0.004900878449 0.01794871795)
(-0.003167280932 -0.004900878449 0.02051282051)
(-0.003167280932 -0.004900878449 0.02307692308)
(-0.003167280932 -0.004900878449 0.02564102564)
(-0.003167280932 -0.004900878449 0.02820512821)
(-0.003167280932 -0.004900878449 0.03076923077)
(-0.003167280932 -0.004900878449 0.03333333333)
(-0.003167280932 -0.004900878449 0.0358974359)
(-0.003167280932 -0.004900878449 0.03846153846)
(-0.003167280932 -0.004900878449 0.04102564103)
(-0.003167280932 -0.004900878449 0.04358974359)
(-0.003167280932 -0.004900878449 0.04615384615)
(-0.003167280932 -0.004900878449 0.04871794872)
(-0.003167280932 -0.004900878449 0.05128205128)
(-0.003167280932 -0.004900878449 0.05384615385)
(-0.003167280932 -0.004900878449 0.05641025641)
(-0.003167280932 -0.004900878449 0.05897435897)
(-0.003167280932 -0.004900878449 0.06153846154)
(-0.003167280932 -0.004900878449 0.0641025641)
(-0.003167280932 -0.004900878449 0.06666666667)
(-0.003167280932 -0.004900878449 0.06923076923)
(-0.003167280932 -0.004900878449 0.07179487179)
(-0.003167280932 -0.004900878449 0.07435897436)
(-0.003167280932 -0.004900878449 0.07692307692)
(-0.003167280932 -0.004900878449 0.07948717949)
(-0.003167280932 -0.004900878449 0.08205128205)
(-0.003167280932 -0.004900878449 0.08461538462)
(-0.003167280932 -0.004900878449 0.08717948718)
(-0.003167280932 -0.004900878449 0.08974358974)
(-0.003167280932 -0.004900878449 0.09230769231)
(-0.003167280932 -0.004900878449 0.09487179487)
(-0.003167280932 -0.004900878449 0.09743589744)
(-0.003167280932 -0.004900878449 0.1)
(-0.002160733729 -0.00558551813 0)
(-0.002160733729 -0.00558551813 0.002564102564)
(-0.002160733729 -0.00558551813 0.005128205128)
(-0.002160733729 -0.00558551813 0.007692307692)
(-0.002160733729 -0.00558551813 0.01025641026)
(-0.002160733729 -0.00558551813 0.01282051282)
(-0.002160733729 -0.00558551813 0.01538461538)
(-0.002160733729 -0.00558551813 0.01794871795)
(-0.002160733729 -0.00558551813 0.02051282051)
(-0.002160733729 -0.00558551813 0.02307692308)
(-0.002160733729 -0.00558551813 0.02564102564)
(-0.002160733729 -0.00558551813 0.02820512821)
(-0.002160733729 -0.00558551813 0.03076923077)
(-0.002160733729 -0.00558551813 0.03333333333)
(-0.002160733729 -0.00558551813 0.0358974359)
(-0.002160733729 -0.00558551813 0.03846153846)
(-0.002160733729 -0.00558551813 0.04102564103)
(-0.002160733729 -0.00558551813 0.04358974359)
(-0.002160733729 -0.00558551813 0.04615384615)
(-0.002160733729 -0.00558551813 0.04871794872)
(-0.002160733729 -0.00558551813 0.05128205128)
(-0.002160733729 -0.00558551813 0.05384615385)
(-0.002160733729 -0.00558551813 0.05641025641)
(-0.002160733729 -0.00558551813 0.05897435897)
(-0.002160733729 -0.00558551813 0.06153846154)
(-0.002160733729 -0.00558551813 0.0641025641)
(-0.002160733729 -0.00558551813 0.06666666667)
(-0.002160733729 -0.00558551813 0.06923076923)
(-0.002160733729 -0.00558551813 0.07179487179)
(-0.002160733729 -0.00558551813 0.07435897436)
(-0.002160733729 -0.00558551813 0.07692307692)
(-0.002160733729 -0.00558551813 0.07948717949)
(-0.002160733729 -0.00558551813 0.08205128205)
(-0.002160733729 -0.00558551813 0.08461538462)
(-0.002160733729 -0.00558551813 0.08717948718)
(-0.002160733729 -0.00558551813 0.08974358974)
(-0.002160733729 -0.00558551813 0.09230769231)
(-0.002160733729 -0.00558551813 0.09487179487)
(-0.002160733729 -0.00558551813 0.09743589744)
(-0.002160733729 -0.00558551813 0.1)
(-0.001095361288 -0.006128141122 0)
(-0.001095361288 -0.006128141122 0.002564102564)
(-0.001095361288 -0.006128141122 0.005128205128)
(-0.001095361288 -0.006128141122 0.007692307692)
(-0.001095361288 -0.006128141122 0.01025641026)
(-0.001095361288 -0.006128141122 0.01282051282)
(-0.001095361288 -0.006128141122 0.01538461538)
(-0.001095361288 -0.006128141122 0.01794871795)
(-0.001095361288 -0.006128141122 0.02051282051)
(-0.001095361288 -0.006128141122 0.02307692308)
(-0.001095361288 -0.006128141122 0.02564102564)
(-0.001095361288 -0.006128141122 0.02820512821)
(-0.001095361288 -0.006128141122 0.03076923077)
(-0.001095361288 -0.006128141122 0.03333333333)
(-0.001095361288 -0.006128141122 0.0358974359)
(-0.001095361288 -0.006128141122 0.03846153846)
(-0.001095361288 -0.006128141122 0.04102564103)
(-0.001095361288 -0.006128141122 0.04358974359)
(-0.001095361288 -0.006128141122 0.04615384615)
(-0.001095361288 -0.006128141122 0.04871794872)
(-0.001095361288 -0.006128141122 0.05128205128)
(-0.001095361288 -0.006128141122 0.05384615385)
(-0.001095361288 -0.006128141122 0.05641025641)
(-0.001095361288 -0.006128141122 0.05897435897)
(-0.001095361288 -0.006128141122 0.06153846154)
(-0.001095361288 -0.006128141122 0.0641025641)
(-0.001095361288 -0.006128141122 0.06666666667)
(-0.001095361288 -0.006128141122 0.06923076923)
(-0.001095361288 -0.006128141122 0.07179487179)
(-0.001095361288 -0.006128141122 0.07435897436)
(-0.001095361288 -0.006128141122 0.07692307692)
(-0.001095361288 -0.006128141122 0.07948717949)
(-0.001095361288 -0.006128141122 0.08205128205)
(-0.001095361288 -0.006128141122 0.08461538462)
(-0.001095361288 -0.006128141122 0.08717948718)
(-0.001095361288 -0.006128141122 0.08974358974)
(-0.001095361288 -0.006128141122 0.09230769231)
(-0.001095361288 -0.006128141122 0.09487179487)
(-0.001095361288 -0.006128141122 0.09743589744)
(-0.001095361288 -0.006128141122 0.1)
(-1.255658211e-18 -0.00652 0)
(-1.429519137e-18 -0.00652 0.002564102564)
(-1.429519137e-18 -0.00652 0.005128205128)
(-1.429519137e-18 -0.00652 0.007692307692)
(-1.429519137e-18 -0.00652 0.01025641026)
(-1.429519137e-18 -0.00652 0.01282051282)
(-1.429519137e-18 -0.00652 0.01538461538)
(-1.429519137e-18 -0.00652 0.01794871795)
(-1.429519137e-18 -0.00652 0.02051282051)
(-1.429519137e-18 -0.00652 0.02307692308)
(-1.429519137e-18 -0.00652 0.02564102564)
(-1.429519137e-18 -0.00652 0.02820512821)
(-1.429519137e-18 -0.00652 0.03076923077)
(-1.429519137e-18 -0.00652 0.03333333333)
(-1.429519137e-18 -0.00652 0.0358974359)
(-1.429519137e-18 -0.00652 0.03846153846)
(-1.429519137e-18 -0.00652 0.04102564103)
(-1.429519137e-18 -0.00652 0.04358974359)
(-1.429519137e-18 -0.00652 0.04615384615)
(-1.429519137e-18 -0.00652 0.04871794872)
(-1.429519137e-18 -0.00652 0.05128205128)
(-1.429519137e-18 -0.00652 0.05384615385)
(-1.429519137e-18 -0.00652 0.05641025641)
(-1.429519137e-18 -0.00652 0.05897435897)
(-1.429519137e-18 -0.00652 0.06153846154)
(-1.429519137e-18 -0.00652 0.0641025641)
(-1.429519137e-18 -0.00652 0.06666666667)
(-1.429519137e-18 -0.00652 0.06923076923)
(-1.429519137e-18 -0.00652 0.07179487179)
(-1.429519137e-18 -0.00652 0.07435897436)
(-1.429519137e-18 -0.00652 0.07692307692)
(-1.429519137e-18 -0.00652 0.07948717949)
(-1.429519137e-18 -0.00652 0.08205128205)
(-1.429519137e-18 -0.00652 0.08461538462)
(-1.429519137e-18 -0.00652 0.08717948718)
(-1.429519137e-18 -0.00652 0.08974358974)
(-1.429519137e-18 -0.00652 0.09230769231)
(-1.429519137e-18 -0.00652 0.09487179487)
(-1.429519137e-18 -0.00652 0.09743589744)
(-1.429519137e-18 -0.00652 0.1)
(-0.007354711682 -0.001380541932 0)
(-0.007354711682 -0.001380541932 0.002564102564)
(-0.007354711682 -0.001380541932 0.005128205128)
(-0.007354711682 -0.001380541932 0.007692307692)
(-0.007354711682 -0.001380541932 0.01025641026)
(-0.007354711682 -0.001380541932 0.01282051282)
(-0.007354711682 -0.001380541932 0.01538461538)
(-0.007354711682 -0.001380541932 0.01794871795)
(-0.007354711682 -0.001380541932 0.02051282051)
(-0.007354711682 -0.001380541932 0.02307692308)
(-0.007354711682 -0.001380541932 0.02564102564)
(-0.007354711682 -0.001380541932 0.02820512821)
(-0.007354711682 -0.001380541932 0.03076923077)
(-0.007354711682 -0.001380541932 0.03333333333)
(-0.007354711682 -0.001380541932 0.0358974359)
(-0.007354711682 -0.001380541932 0.03846153846)
(-0.007354711682 -0.001380541932 0.04102564103)
(-0.007354711682 -0.001380541932 0.04358974359)
(-0.007354711682 -0.001380541932 0.04615384615)
(-0.007354711682 -0.001380541932 0.04871794872)
(-0.007354711682 -0.001380541932 0.05128205128)
(-0.007354711682 -0.001380541932 0.05384615385)
(-0.007354711682 -0.001380541932 0.05641025641)
(-0.007354711682 -0.001380541932 0.05897435897)
(-0.007354711682 -0.001380541932 0.06153846154)
(-0.007354711682 -0.001380541932 0.0641025641)
(-0.007354711682 -0.001380541932 0.06666666667)
(-0.007354711682 -0.001380541932 0.06923076923)
(-0.007354711682 -0.001380541932 0.07179487179)
(-0.007354711682 -0.001380541932 0.07435897436)
(-0.007354711682 -0.001380541932 0.07692307692)
(-0.007354711682 -0.001380541932 0.07948717949)
(-0.007354711682 -0.001380541932 0.08205128205)
(-0.007354711682 -0.001380541932 0.08461538462)
(-0.007354711682 -0.001380541932 0.08717948718)
(-0.007354711682 -0.001380541932 0.08974358974)
(-0.007354711682 -0.001380541932 0.09230769231)
(-0.007354711682 -0.001380541932 0.09487179487)
(-0.007354711682 -0.001380541932 0.09743589744)
(-0.007354711682 -0.001380541932 0.1)
(-0.006803277195 -0.002716100594 0)
(-0.006803277195 -0.002716100594 0.002564102564)
(-0.006803277195 -0.002716100594 0.005128205128)
(-0.006803277195 -0.002716100594 0.007692307692)
(-0.006803277195 -0.002716100594 0.01025641026)
(-0.006803277195 -0.002716100594 0.01282051282)
(-0.006803277195 -0.002716100594 0.01538461538)
(-0.006803277195 -0.002716100594 0.01794871795)
(-0.006803277195 -0.002716100594 0.02051282051)
(-0.006803277195 -0.002716100594 0.02307692308)
(-0.006803277195 -0.002716100594 0.02564102564)
(-0.006803277195 -0.002716100594 0.02820512821)
(-0.006803277195 -0.002716100594 0.03076923077)
(-0.006803277195 -0.002716100594 0.03333333333)
(-0.006803277195 -0.002716100594 0.0358974359)
(-0.006803277195 -0.002716100594 0.03846153846)
(-0.006803277195 -0.002716100594 0.04102564103)
(-0.006803277195 -0.002716100594 0.04358974359)
(-0.006803277195 -0.002716100594 0.04615384615)
(-0.006803277195 -0.002716100594 0.04871794872)
(-0.006803277195 -0.002716100594 0.05128205128)
(-0.006803277195 -0.002716100594 0.05384615385)
(-0.006803277195 -0.002716100594 0.05641025641)
(-0.006803277195 -0.002716100594 0.05897435897)
(-0.006803277195 -0.002716100594 0.06153846154)
(-0.006803277195 -0.002716100594 0.0641025641)
(-0.006803277195 -0.002716100594 0.06666666667)
(-0.006803277195 -0.002716100594 0.06923076923)
(-0.006803277195 -0.002716100594 0.07179487179)
(-0.006803277195 -0.002716100594 0.07435897436)
(-0.006803277195 -0.002716100594 0.07692307692)
(-0.006803277195 -0.002716100594 0.07948717949)
(-0.006803277195 -0.002716100594 0.08205128205)
(-0.006803277195 -0.002716100594 0.08461538462)
(-0.006803277195 -0.002716100594 0.08717948718)
(-0.006803277195 -0.002716100594 0.08974358974)
(-0.006803277195 -0.002716100594 0.09230769231)
(-0.006803277195 -0.002716100594 0.09487179487)
(-0.006803277195 -0.002716100594 0.09743589744)
(-0.006803277195 -0.002716100594 0.1)
(-0.006038817674 -0.003963421398 0)
(-0.006038817674 -0.003963421398 0.002564102564)
(-0.006038817674 -0.003963421398 0.005128205128)
(-0.006038817674 -0.003963421398 0.007692307692)
(-0.006038817674 -0.003963421398 0.01025641026)
(-0.006038817674 -0.003963421398 0.01282051282)
(-0.006038817674 -0.003963421398 0.01538461538)
(-0.006038817674 -0.003963421398 0.01794871795)
(-0.006038817674 -0.003963421398 0.02051282051)
(-0.006038817674 -0.003963421398 0.02307692308)
(-0.006038817674 -0.003963421398 0.02564102564)
(-0.006038817674 -0.003963421398 0.02820512821)
(-0.006038817674 -0.003963421398 0.03076923077)
(-0.006038817674 -0.003963421398 0.03333333333)
(-0.006038817674 -0.003963421398 0.0358974359)
(-0.006038817674 -0.003963421398 0.03846153846)
(-0.006038817674 -0.003963421398 0.04102564103)
(-0.006038817674 -0.003963421398 0.04358974359)
(-0.006038817674 -0.003963421398 0.04615384615)
(-0.006038817674 -0.003963421398 0.04871794872)
(-0.006038817674 -0.003963421398 0.05128205128)
(-0.006038817674 -0.003963421398 0.05384615385)
(-0.006038817674 -0.003963421398 0.05641025641)
(-0.006038817674 -0.003963421398 0.05897435897)
(-0.006038817674 -0.003963421398 0.06153846154)
(-0.006038817674 -0.003963421398 0.0641025641)
(-0.006038817674 -0.003963421398 0.06666666667)
(-0.006038817674 -0.003963421398 0.06923076923)
(-0.006038817674 -0.003963421398 0.07179487179)
(-0.006038817674 -0.003963421398 0.07435897436)
(-0.006038817674 -0.003963421398 0.07692307692)
(-0.006038817674 -0.003963421398 0.07948717949)
(-0.006038817674 -0.003963421398 0.08205128205)
(-0.006038817674 -0.003963421398 0.08461538462)
(-0.006038817674 -0.003963421398 0.08717948718)
(-0.006038817674 -0.003963421398 0.08974358974)
(-0.006038817674 -0.003963421398 0.09230769231)
(-0.006038817674 -0.003963421398 0.09487179487)
(-0.006038817674 -0.003963421398 0.09743589744)
(-0.006038817674 -0.003963421398 0.1)
(-0.005082640687 -0.005082640687 0)
(-0.005082640687 -0.005082640687 0.002564102564)
(-0.005082640687 -0.005082640687 0.005128205128)
(-0.005082640687 -0.005082640687 0.007692307692)
(-0.005082640687 -0.005082640687 0.01025641026)
(-0.005082640687 -0.005082640687 0.01282051282)
(-0.005082640687 -0.005082640687 0.01538461538)
(-0.005082640687 -0.005082640687 0.01794871795)
(-0.005082640687 -0.005082640687 0.02051282051)
(-0.005082640687 -0.005082640687 0.02307692308)
(-0.005082640687 -0.005082640687 0.02564102564)
(-0.005082640687 -0.005082640687 0.02820512821)
(-0.005082640687 -0.005082640687 0.03076923077)
(-0.005082640687 -0.005082640687 0.03333333333)
(-0.005082640687 -0.005082640687 0.0358974359)
(-0.005082640687 -0.005082640687 0.03846153846)
(-0.005082640687 -0.005082640687 0.04102564103)
(-0.005082640687 -0.005082640687 0.04358974359)
(-0.005082640687 -0.005082640687 0.04615384615)
(-0.005082640687 -0.005082640687 0.04871794872)
(-0.005082640687 -0.005082640687 0.05128205128)
(-0.005082640687 -0.005082640687 0.05384615385)
(-0.005082640687 -0.005082640687 0.05641025641)
(-0.005082640687 -0.005082640687 0.05897435897)
(-0.005082640687 -0.005082640687 0.06153846154)
(-0.005082640687 -0.005082640687 0.0641025641)
(-0.005082640687 -0.005082640687 0.06666666667)
(-0.005082640687 -0.005082640687 0.06923076923)
(-0.005082640687 -0.005082640687 0.07179487179)
(-0.005082640687 -0.005082640687 0.07435897436)
(-0.005082640687 -0.005082640687 0.07692307692)
(-0.005082640687 -0.005082640687 0.07948717949)
(-0.005082640687 -0.005082640687 0.08205128205)
(-0.005082640687 -0.005082640687 0.08461538462)
(-0.005082640687 -0.005082640687 0.08717948718)
(-0.005082640687 -0.005082640687 0.08974358974)
(-0.005082640687 -0.005082640687 0.09230769231)
(-0.005082640687 -0.005082640687 0.09487179487)
(-0.005082640687 -0.005082640687 0.09743589744)
(-0.005082640687 -0.005082640687 0.1)
(-0.003963421398 -0.006038817674 0)
(-0.003963421398 -0.006038817674 0.002564102564)
(-0.003963421398 -0.006038817674 0.005128205128)
(-0.003963421398 -0.006038817674 0.007692307692)
(-0.003963421398 -0.006038817674 0.01025641026)
(-0.003963421398 -0.006038817674 0.01282051282)
(-0.003963421398 -0.006038817674 0.01538461538)
(-0.003963421398 -0.006038817674 0.01794871795)
(-0.003963421398 -0.006038817674 0.02051282051)
(-0.003963421398 -0.006038817674 0.02307692308)
(-0.003963421398 -0.006038817674 0.02564102564)
(-0.003963421398 -0.006038817674 0.02820512821)
(-0.003963421398 -0.006038817674 0.03076923077)
(-0.003963421398 -0.006038817674 0.03333333333)
(-0.003963421398 -0.006038817674 0.0358974359)
(-0.003963421398 -0.006038817674 0.03846153846)
(-0.003963421398 -0.006038817674 0.04102564103)
(-0.003963421398 -0.006038817674 0.04358974359)
(-0.003963421398 -0.006038817674 0.04615384615)
(-0.003963421398 -0.006038817674 0.04871794872)
(-0.003963421398 -0.006038817674 0.05128205128)
(-0.003963421398 -0.006038817674 0.05384615385)
(-0.003963421398 -0.006038817674 0.05641025641)
(-0.003963421398 -0.006038817674 0.05897435897)
(-0.003963421398 -0.006038817674 0.06153846154)
(-0.003963421398 -0.006038817674 0.0641025641)
(-0.003963421398 -0.006038817674 0.06666666667)
(-0.003963421398 -0.006038817674 0.06923076923)
(-0.003963421398 -0.006038817674 0.07179487179)
(-0.003963421398 -0.006038817674 0.07435897436)
(-0.003963421398 -0.006038817674 0.07692307692)
(-0.003963421398 -0.006038817674 0.07948717949)
(-0.003963421398 -0.006038817674 0.08205128205)
(-0.003963421398 -0.006038817674 0.08461538462)
(-0.003963421398 -0.006038817674 0.08717948718)
(-0.003963421398 -0.006038817674 0.08974358974)
(-0.003963421398 -0.006038817674 0.09230769231)
(-0.003963421398 -0.006038817674 0.09487179487)
(-0.003963421398 -0.006038817674 0.09743589744)
(-0.003963421398 -0.006038817674 0.1)
(-0.002716100594 -0.006803277195 0)
(-0.002716100594 -0.006803277195 0.002564102564)
(-0.002716100594 -0.006803277195 0.005128205128)
(-0.002716100594 -0.006803277195 0.007692307692)
(-0.002716100594 -0.006803277195 0.01025641026)
(-0.002716100594 -0.006803277195 0.01282051282)
(-0.002716100594 -0.006803277195 0.01538461538)
(-0.002716100594 -0.006803277195 0.01794871795)
(-0.002716100594 -0.006803277195 0.02051282051)
(-0.002716100594 -0.006803277195 0.02307692308)
(-0.002716100594 -0.006803277195 0.02564102564)
(-0.002716100594 -0.006803277195 0.02820512821)
(-0.002716100594 -0.006803277195 0.03076923077)
(-0.002716100594 -0.006803277195 0.03333333333)
(-0.002716100594 -0.006803277195 0.0358974359)
(-0.002716100594 -0.006803277195 0.03846153846)
(-0.002716100594 -0.006803277195 0.04102564103)
(-0.002716100594 -0.006803277195 0.04358974359)
(-0.002716100594 -0.006803277195 0.04615384615)
(-0.002716100594 -0.006803277195 0.04871794872)
(-0.002716100594 -0.006803277195 0.05128205128)
(-0.002716100594 -0.006803277195 0.05384615385)
(-0.002716100594 -0.006803277195 0.05641025641)
(-0.002716100594 -0.006803277195 0.05897435897)
(-0.002716100594 -0.006803277195 0.06153846154)
(-0.002716100594 -0.006803277195 0.0641025641)
(-0.002716100594 -0.006803277195 0.06666666667)
(-0.002716100594 -0.006803277195 0.06923076923)
(-0.002716100594 -0.006803277195 0.07179487179)
(-0.002716100594 -0.006803277195 0.07435897436)
(-0.002716100594 -0.006803277195 0.07692307692)
(-0.002716100594 -0.006803277195 0.07948717949)
(-0.002716100594 -0.006803277195 0.08205128205)
(-0.002716100594 -0.006803277195 0.08461538462)
(-0.002716100594 -0.006803277195 0.08717948718)
(-0.002716100594 -0.006803277195 0.08974358974)
(-0.002716100594 -0.006803277195 0.09230769231)
(-0.002716100594 -0.006803277195 0.09487179487)
(-0.002716100594 -0.006803277195 0.09743589744)
(-0.002716100594 -0.006803277195 0.1)
(-0.001380541932 -0.007354711682 0)
(-0.001380541932 -0.007354711682 0.002564102564)
(-0.001380541932 -0.007354711682 0.005128205128)
(-0.001380541932 -0.007354711682 0.007692307692)
(-0.001380541932 -0.007354711682 0.01025641026)
(-0.001380541932 -0.007354711682 0.01282051282)
(-0.001380541932 -0.007354711682 0.01538461538)
(-0.001380541932 -0.007354711682 0.01794871795)
(-0.001380541932 -0.007354711682 0.02051282051)
(-0.001380541932 -0.007354711682 0.02307692308)
(-0.001380541932 -0.007354711682 0.02564102564)
(-0.001380541932 -0.007354711682 0.02820512821)
(-0.001380541932 -0.007354711682 0.03076923077)
(-0.001380541932 -0.007354711682 0.03333333333)
(-0.001380541932 -0.007354711682 0.0358974359)
(-0.001380541932 -0.007354711682 0.03846153846)
(-0.001380541932 -0.007354711682 0.04102564103)
(-0.001380541932 -0.007354711682 0.04358974359)
(-0.001380541932 -0.007354711682 0.04615384615)
(-0.001380541932 -0.007354711682 0.04871794872)
(-0.001380541932 -0.007354711682 0.05128205128)
(-0.001380541932 -0.007354711682 0.05384615385)
(-0.001380541932 -0.007354711682 0.05641025641)
(-0.001380541932 -0.007354711682 0.05897435897)
(-0.001380541932 -0.007354711682 0.06153846154)
(-0.001380541932 -0.007354711682 0.0641025641)
(-0.001380541932 -0.007354711682 0.06666666667)
(-0.001380541932 -0.007354711682 0.06923076923)
(-0.001380541932 -0.007354711682 0.07179487179)
(-0.001380541932 -0.007354711682 0.07435897436)
(-0.001380541932 -0.007354711682 0.07692307692)
(-0.001380541932 -0.007354711682 0.07948717949)
(-0.001380541932 -0.007354711682 0.08205128205)
(-0.001380541932 -0.007354711682 0.08461538462)
(-0.001380541932 -0.007354711682 0.08717948718)
(-0.001380541932 -0.007354711682 0.08974358974)
(-0.001380541932 -0.007354711682 0.09230769231)
(-0.001380541932 -0.007354711682 0.09487179487)
(-0.001380541932 -0.007354711682 0.09743589744)
(-0.001380541932 -0.007354711682 0.1)
(-1.449428874e-18 -0.00768 0)
(-1.565336158e-18 -0.00768 0.002564102564)
(-1.565336158e-18 -0.00768 0.005128205128)
(-1.565336158e-18 -0.00768 0.007692307692)
(-1.565336158e-18 -0.00768 0.01025641026)
(-1.565336158e-18 -0.00768 0.01282051282)
(-1.565336158e-18 -0.00768 0.01538461538)
(-1.565336158e-18 -0.00768 0.01794871795)
(-1.565336158e-18 -0.00768 0.02051282051)
(-1.565336158e-18 -0.00768 0.02307692308)
(-1.565336158e-18 -0.00768 0.02564102564)
(-1.565336158e-18 -0.00768 0.02820512821)
(-1.565336158e-18 -0.00768 0.03076923077)
(-1.565336158e-18 -0.00768 0.03333333333)
(-1.565336158e-18 -0.00768 0.0358974359)
(-1.565336158e-18 -0.00768 0.03846153846)
(-1.565336158e-18 -0.00768 0.04102564103)
(-1.565336158e-18 -0.00768 0.04358974359)
(-1.565336158e-18 -0.00768 0.04615384615)
(-1.565336158e-18 -0.00768 0.04871794872)
(-1.565336158e-18 -0.00768 0.05128205128)
(-1.565336158e-18 -0.00768 0.05384615385)
(-1.565336158e-18 -0.00768 0.05641025641)
(-1.565336158e-18 -0.00768 0.05897435897)
(-1.565336158e-18 -0.00768 0.06153846154)
(-1.565336158e-18 -0.00768 0.0641025641)
(-1.565336158e-18 -0.00768 0.06666666667)
(-1.565336158e-18 -0.00768 0.06923076923)
(-1.565336158e-18 -0.00768 0.07179487179)
(-1.565336158e-18 -0.00768 0.07435897436)
(-1.565336158e-18 -0.00768 0.07692307692)
(-1.565336158e-18 -0.00768 0.07948717949)
(-1.565336158e-18 -0.00768 0.08205128205)
(-1.565336158e-18 -0.00768 0.08461538462)
(-1.565336158e-18 -0.00768 0.08717948718)
(-1.565336158e-18 -0.00768 0.08974358974)
(-1.565336158e-18 -0.00768 0.09230769231)
(-1.565336158e-18 -0.00768 0.09487179487)
(-1.565336158e-18 -0.00768 0.09743589744)
(-1.565336158e-18 -0.00768 0.1)
(-0.008581282243 -0.001665722576 0)
(-0.008581282243 -0.001665722576 0.002564102564)
(-0.008581282243 -0.001665722576 0.005128205128)
(-0.008581282243 -0.001665722576 0.007692307692)
(-0.008581282243 -0.001665722576 0.01025641026)
(-0.008581282243 -0.001665722576 0.01282051282)
(-0.008581282243 -0.001665722576 0.01538461538)
(-0.008581282243 -0.001665722576 0.01794871795)
(-0.008581282243 -0.001665722576 0.02051282051)
(-0.008581282243 -0.001665722576 0.02307692308)
(-0.008581282243 -0.001665722576 0.02564102564)
(-0.008581282243 -0.001665722576 0.02820512821)
(-0.008581282243 -0.001665722576 0.03076923077)
(-0.008581282243 -0.001665722576 0.03333333333)
(-0.008581282243 -0.001665722576 0.0358974359)
(-0.008581282243 -0.001665722576 0.03846153846)
(-0.008581282243 -0.001665722576 0.04102564103)
(-0.008581282243 -0.001665722576 0.04358974359)
(-0.008581282243 -0.001665722576 0.04615384615)
(-0.008581282243 -0.001665722576 0.04871794872)
(-0.008581282243 -0.001665722576 0.05128205128)
(-0.008581282243 -0.001665722576 0.05384615385)
(-0.008581282243 -0.001665722576 0.05641025641)
(-0.008581282243 -0.001665722576 0.05897435897)
(-0.008581282243 -0.001665722576 0.06153846154)
(-0.008581282243 -0.001665722576 0.0641025641)
(-0.008581282243 -0.001665722576 0.06666666667)
(-0.008581282243 -0.001665722576 0.06923076923)
(-0.008581282243 -0.001665722576 0.07179487179)
(-0.008581282243 -0.001665722576 0.07435897436)
(-0.008581282243 -0.001665722576 0.07692307692)
(-0.008581282243 -0.001665722576 0.07948717949)
(-0.008581282243 -0.001665722576 0.08205128205)
(-0.008581282243 -0.001665722576 0.08461538462)
(-0.008581282243 -0.001665722576 0.08717948718)
(-0.008581282243 -0.001665722576 0.08974358974)
(-0.008581282243 -0.001665722576 0.09230769231)
(-0.008581282243 -0.001665722576 0.09487179487)
(-0.008581282243 -0.001665722576 0.09743589744)
(-0.008581282243 -0.001665722576 0.1)
(-0.00802103626 -0.003271467459 0)
(-0.00802103626 -0.003271467459 0.002564102564)
(-0.00802103626 -0.003271467459 0.005128205128)
(-0.00802103626 -0.003271467459 0.007692307692)
(-0.00802103626 -0.003271467459 0.01025641026)
(-0.00802103626 -0.003271467459 0.01282051282)
(-0.00802103626 -0.003271467459 0.01538461538)
(-0.00802103626 -0.003271467459 0.01794871795)
(-0.00802103626 -0.003271467459 0.02051282051)
(-0.00802103626 -0.003271467459 0.02307692308)
(-0.00802103626 -0.003271467459 0.02564102564)
(-0.00802103626 -0.003271467459 0.02820512821)
(-0.00802103626 -0.003271467459 0.03076923077)
(-0.00802103626 -0.003271467459 0.03333333333)
(-0.00802103626 -0.003271467459 0.0358974359)
(-0.00802103626 -0.003271467459 0.03846153846)
(-0.00802103626 -0.003271467459 0.04102564103)
(-0.00802103626 -0.003271467459 0.04358974359)
(-0.00802103626 -0.003271467459 0.04615384615)
(-0.00802103626 -0.003271467459 0.04871794872)
(-0.00802103626 -0.003271467459 0.05128205128)
(-0.00802103626 -0.003271467459 0.05384615385)
(-0.00802103626 -0.003271467459 0.05641025641)
(-0.00802103626 -0.003271467459 0.05897435897)
(-0.00802103626 -0.003271467459 0.06153846154)
(-0.00802103626 -0.003271467459 0.0641025641)
(-0.00802103626 -0.003271467459 0.06666666667)
(-0.00802103626 -0.003271467459 0.06923076923)
(-0.00802103626 -0.003271467459 0.07179487179)
(-0.00802103626 -0.003271467459 0.07435897436)
(-0.00802103626 -0.003271467459 0.07692307692)
(-0.00802103626 -0.003271467459 0.07948717949)
(-0.00802103626 -0.003271467459 0.08205128205)
(-0.00802103626 -0.003271467459 0.08461538462)
(-0.00802103626 -0.003271467459 0.08717948718)
(-0.00802103626 -0.003271467459 0.08974358974)
(-0.00802103626 -0.003271467459 0.09230769231)
(-0.00802103626 -0.003271467459 0.09487179487)
(-0.00802103626 -0.003271467459 0.09743589744)
(-0.00802103626 -0.003271467459 0.1)
(-0.007176756898 -0.004759561864 0)
(-0.007176756898 -0.004759561864 0.002564102564)
(-0.007176756898 -0.004759561864 0.005128205128)
(-0.007176756898 -0.004759561864 0.007692307692)
(-0.007176756898 -0.004759561864 0.01025641026)
(-0.007176756898 -0.004759561864 0.01282051282)
(-0.007176756898 -0.004759561864 0.01538461538)
(-0.007176756898 -0.004759561864 0.01794871795)
(-0.007176756898 -0.004759561864 0.02051282051)
(-0.007176756898 -0.004759561864 0.02307692308)
(-0.007176756898 -0.004759561864 0.02564102564)
(-0.007176756898 -0.004759561864 0.02820512821)
(-0.007176756898 -0.004759561864 0.03076923077)
(-0.007176756898 -0.004759561864 0.03333333333)
(-0.007176756898 -0.004759561864 0.0358974359)
(-0.007176756898 -0.004759561864 0.03846153846)
(-0.007176756898 -0.004759561864 0.04102564103)
(-0.007176756898 -0.004759561864 0.04358974359)
(-0.007176756898 -0.004759561864 0.04615384615)
(-0.007176756898 -0.004759561864 0.04871794872)
(-0.007176756898 -0.004759561864 0.05128205128)
(-0.007176756898 -0.004759561864 0.05384615385)
(-0.007176756898 -0.004759561864 0.05641025641)
(-0.007176756898 -0.004759561864 0.05897435897)
(-0.007176756898 -0.004759561864 0.06153846154)
(-0.007176756898 -0.004759561864 0.0641025641)
(-0.007176756898 -0.004759561864 0.06666666667)
(-0.007176756898 -0.004759561864 0.06923076923)
(-0.007176756898 -0.004759561864 0.07179487179)
(-0.007176756898 -0.004759561864 0.07435897436)
(-0.007176756898 -0.004759561864 0.07692307692)
(-0.007176756898 -0.004759561864 0.07948717949)
(-0.007176756898 -0.004759561864 0.08205128205)
(-0.007176756898 -0.004759561864 0.08461538462)
(-0.007176756898 -0.004759561864 0.08717948718)
(-0.007176756898 -0.004759561864 0.08974358974)
(-0.007176756898 -0.004759561864 0.09230769231)
(-0.007176756898 -0.004759561864 0.09487179487)
(-0.007176756898 -0.004759561864 0.09743589744)
(-0.007176756898 -0.004759561864 0.1)
(-0.006076854249 -0.006076854249 0)
(-0.006076854249 -0.006076854249 0.002564102564)
(-0.006076854249 -0.006076854249 0.005128205128)
(-0.006076854249 -0.006076854249 0.007692307692)
(-0.006076854249 -0.006076854249 0.01025641026)
(-0.006076854249 -0.006076854249 0.01282051282)
(-0.006076854249 -0.006076854249 0.01538461538)
(-0.006076854249 -0.006076854249 0.01794871795)
(-0.006076854249 -0.006076854249 0.02051282051)
(-0.006076854249 -0.006076854249 0.02307692308)
(-0.006076854249 -0.006076854249 0.02564102564)
(-0.006076854249 -0.006076854249 0.02820512821)
(-0.006076854249 -0.006076854249 0.03076923077)
(-0.006076854249 -0.006076854249 0.03333333333)
(-0.006076854249 -0.006076854249 0.0358974359)
(-0.006076854249 -0.006076854249 0.03846153846)
(-0.006076854249 -0.006076854249 0.04102564103)
(-0.006076854249 -0.006076854249 0.04358974359)
(-0.006076854249 -0.006076854249 0.04615384615)
(-0.006076854249 -0.006076854249 0.04871794872)
(-0.006076854249 -0.006076854249 0.05128205128)
(-0.006076854249 -0.006076854249 0.05384615385)
(-0.006076854249 -0.006076854249 0.05641025641)
(-0.006076854249 -0.006076854249 0.05897435897)
(-0.006076854249 -0.006076854249 0.06153846154)
(-0.006076854249 -0.006076854249 0.0641025641)
(-0.006076854249 -0.006076854249 0.06666666667)
(-0.006076854249 -0.006076854249 0.06923076923)
(-0.006076854249 -0.006076854249 0.07179487179)
(-0.006076854249 -0.006076854249 0.07435897436)
(-0.006076854249 -0.006076854249 0.07692307692)
(-0.006076854249 -0.006076854249 0.07948717949)
(-0.006076854249 -0.006076854249 0.08205128205)
(-0.006076854249 -0.006076854249 0.08461538462)
(-0.006076854249 -0.006076854249 0.08717948718)
(-0.006076854249 -0.006076854249 0.08974358974)
(-0.006076854249 -0.006076854249 0.09230769231)
(-0.006076854249 -0.006076854249 0.09487179487)
(-0.006076854249 -0.006076854249 0.09743589744)
(-0.006076854249 -0.006076854249 0.1)
(-0.004759561864 -0.007176756898 0)
(-0.004759561864 -0.007176756898 0.002564102564)
(-0.004759561864 -0.007176756898 0.005128205128)
(-0.004759561864 -0.007176756898 0.007692307692)
(-0.004759561864 -0.007176756898 0.01025641026)
(-0.004759561864 -0.007176756898 0.01282051282)
(-0.004759561864 -0.007176756898 0.01538461538)
(-0.004759561864 -0.007176756898 0.01794871795)
(-0.004759561864 -0.007176756898 0.02051282051)
(-0.004759561864 -0.007176756898 0.02307692308)
(-0.004759561864 -0.007176756898 0.02564102564)
(-0.004759561864 -0.007176756898 0.02820512821)
(-0.004759561864 -0.007176756898 0.03076923077)
(-0.004759561864 -0.007176756898 0.03333333333)
(-0.004759561864 -0.007176756898 0.0358974359)
(-0.004759561864 -0.007176756898 0.03846153846)
(-0.004759561864 -0.007176756898 0.04102564103)
(-0.004759561864 -0.007176756898 0.04358974359)
(-0.004759561864 -0.007176756898 0.04615384615)
(-0.004759561864 -0.007176756898 0.04871794872)
(-0.004759561864 -0.007176756898 0.05128205128)
(-0.004759561864 -0.007176756898 0.05384615385)
(-0.004759561864 -0.007176756898 0.05641025641)
(-0.004759561864 -0.007176756898 0.05897435897)
(-0.004759561864 -0.007176756898 0.06153846154)
(-0.004759561864 -0.007176756898 0.0641025641)
(-0.004759561864 -0.007176756898 0.06666666667)
(-0.004759561864 -0.007176756898 0.06923076923)
(-0.004759561864 -0.007176756898 0.07179487179)
(-0.004759561864 -0.007176756898 0.07435897436)
(-0.004759561864 -0.007176756898 0.07692307692)
(-0.004759561864 -0.007176756898 0.07948717949)
(-0.004759561864 -0.007176756898 0.08205128205)
(-0.004759561864 -0.007176756898 0.08461538462)
(-0.004759561864 -0.007176756898 0.08717948718)
(-0.004759561864 -0.007176756898 0.08974358974)
(-0.004759561864 -0.007176756898 0.09230769231)
(-0.004759561864 -0.007176756898 0.09487179487)
(-0.004759561864 -0.007176756898 0.09743589744)
(-0.004759561864 -0.007176756898 0.1)
(-0.003271467459 -0.00802103626 0)
(-0.003271467459 -0.00802103626 0.002564102564)
(-0.003271467459 -0.00802103626 0.005128205128)
(-0.003271467459 -0.00802103626 0.007692307692)
(-0.003271467459 -0.00802103626 0.01025641026)
(-0.003271467459 -0.00802103626 0.01282051282)
(-0.003271467459 -0.00802103626 0.01538461538)
(-0.003271467459 -0.00802103626 0.01794871795)
(-0.003271467459 -0.00802103626 0.02051282051)
(-0.003271467459 -0.00802103626 0.02307692308)
(-0.003271467459 -0.00802103626 0.02564102564)
(-0.003271467459 -0.00802103626 0.02820512821)
(-0.003271467459 -0.00802103626 0.03076923077)
(-0.003271467459 -0.00802103626 0.03333333333)
(-0.003271467459 -0.00802103626 0.0358974359)
(-0.003271467459 -0.00802103626 0.03846153846)
(-0.003271467459 -0.00802103626 0.04102564103)
(-0.003271467459 -0.00802103626 0.04358974359)
(-0.003271467459 -0.00802103626 0.04615384615)
(-0.003271467459 -0.00802103626 0.04871794872)
(-0.003271467459 -0.00802103626 0.05128205128)
(-0.003271467459 -0.00802103626 0.05384615385)
(-0.003271467459 -0.00802103626 0.05641025641)
(-0.003271467459 -0.00802103626 0.05897435897)
(-0.003271467459 -0.00802103626 0.06153846154)
(-0.003271467459 -0.00802103626 0.0641025641)
(-0.003271467459 -0.00802103626 0.06666666667)
(-0.003271467459 -0.00802103626 0.06923076923)
(-0.003271467459 -0.00802103626 0.07179487179)
(-0.003271467459 -0.00802103626 0.07435897436)
(-0.003271467459 -0.00802103626 0.07692307692)
(-0.003271467459 -0.00802103626 0.07948717949)
(-0.003271467459 -0.00802103626 0.08205128205)
(-0.003271467459 -0.00802103626 0.08461538462)
(-0.003271467459 -0.00802103626 0.08717948718)
(-0.003271467459 -0.00802103626 0.08974358974)
(-0.003271467459 -0.00802103626 0.09230769231)
(-0.003271467459 -0.00802103626 0.09487179487)
(-0.003271467459 -0.00802103626 0.09743589744)
(-0.003271467459 -0.00802103626 0.1)
(-0.001665722576 -0.008581282243 0)
(-0.001665722576 -0.008581282243 0.002564102564)
(-0.001665722576 -0.008581282243 0.005128205128)
(-0.001665722576 -0.008581282243 0.007692307692)
(-0.001665722576 -0.008581282243 0.01025641026)
(-0.001665722576 -0.008581282243 0.01282051282)
(-0.001665722576 -0.008581282243 0.01538461538)
(-0.001665722576 -0.008581282243 0.01794871795)
(-0.001665722576 -0.008581282243 0.02051282051)
(-0.001665722576 -0.008581282243 0.02307692308)
(-0.001665722576 -0.008581282243 0.02564102564)
(-0.001665722576 -0.008581282243 0.02820512821)
(-0.001665722576 -0.008581282243 0.03076923077)
(-0.001665722576 -0.008581282243 0.03333333333)
(-0.001665722576 -0.008581282243 0.0358974359)
(-0.001665722576 -0.008581282243 0.03846153846)
(-0.001665722576 -0.008581282243 0.04102564103)
(-0.001665722576 -0.008581282243 0.04358974359)
(-0.001665722576 -0.008581282243 0.04615384615)
(-0.001665722576 -0.008581282243 0.04871794872)
(-0.001665722576 -0.008581282243 0.05128205128)
(-0.001665722576 -0.008581282243 0.05384615385)
(-0.001665722576 -0.008581282243 0.05641025641)
(-0.001665722576 -0.008581282243 0.05897435897)
(-0.001665722576 -0.008581282243 0.06153846154)
(-0.001665722576 -0.008581282243 0.0641025641)
(-0.001665722576 -0.008581282243 0.06666666667)
(-0.001665722576 -0.008581282243 0.06923076923)
(-0.001665722576 -0.008581282243 0.07179487179)
(-0.001665722576 -0.008581282243 0.07435897436)
(-0.001665722576 -0.008581282243 0.07692307692)
(-0.001665722576 -0.008581282243 0.07948717949)
(-0.001665722576 -0.008581282243 0.08205128205)
(-0.001665722576 -0.008581282243 0.08461538462)
(-0.001665722576 -0.008581282243 0.08717948718)
(-0.001665722576 -0.008581282243 0.08974358974)
(-0.001665722576 -0.008581282243 0.09230769231)
(-0.001665722576 -0.008581282243 0.09487179487)
(-0.001665722576 -0.008581282243 0.09743589744)
(-0.001665722576 -0.008581282243 0.1)
(-1.643199536e-18 -0.00884 0)
(-1.701153178e-18 -0.00884 0.002564102564)
(-1.701153178e-18 -0.00884 0.005128205128)
(-1.701153178e-18 -0.00884 0.007692307692)
(-1.701153178e-18 -0.00884 0.01025641026)
(-1.701153178e-18 -0.00884 0.01282051282)
(-1.701153178e-18 -0.00884 0.01538461538)
(-1.701153178e-18 -0.00884 0.01794871795)
(-1.701153178e-18 -0.00884 0.02051282051)
(-1.701153178e-18 -0.00884 0.02307692308)
(-1.701153178e-18 -0.00884 0.02564102564)
(-1.701153178e-18 -0.00884 0.02820512821)
(-1.701153178e-18 -0.00884 0.03076923077)
(-1.701153178e-18 -0.00884 0.03333333333)
(-1.701153178e-18 -0.00884 0.0358974359)
(-1.701153178e-18 -0.00884 0.03846153846)
(-1.701153178e-18 -0.00884 0.04102564103)
(-1.701153178e-18 -0.00884 0.04358974359)
(-1.701153178e-18 -0.00884 0.04615384615)
(-1.701153178e-18 -0.00884 0.04871794872)
(-1.701153178e-18 -0.00884 0.05128205128)
(-1.701153178e-18 -0.00884 0.05384615385)
(-1.701153178e-18 -0.00884 0.05641025641)
(-1.701153178e-18 -0.00884 0.05897435897)
(-1.701153178e-18 -0.00884 0.06153846154)
(-1.701153178e-18 -0.00884 0.0641025641)
(-1.701153178e-18 -0.00884 0.06666666667)
(-1.701153178e-18 -0.00884 0.06923076923)
(-1.701153178e-18 -0.00884 0.07179487179)
(-1.701153178e-18 -0.00884 0.07435897436)
(-1.701153178e-18 -0.00884 0.07692307692)
(-1.701153178e-18 -0.00884 0.07948717949)
(-1.701153178e-18 -0.00884 0.08205128205)
(-1.701153178e-18 -0.00884 0.08461538462)
(-1.701153178e-18 -0.00884 0.08717948718)
(-1.701153178e-18 -0.00884 0.08974358974)
(-1.701153178e-18 -0.00884 0.09230769231)
(-1.701153178e-18 -0.00884 0.09487179487)
(-1.701153178e-18 -0.00884 0.09743589744)
(-1.701153178e-18 -0.00884 0.1)
(-0.009807852804 -0.00195090322 0)
(-0.009807852804 -0.00195090322 0.002564102564)
(-0.009807852804 -0.00195090322 0.005128205128)
(-0.009807852804 -0.00195090322 0.007692307692)
(-0.009807852804 -0.00195090322 0.01025641026)
(-0.009807852804 -0.00195090322 0.01282051282)
(-0.009807852804 -0.00195090322 0.01538461538)
(-0.009807852804 -0.00195090322 0.01794871795)
(-0.009807852804 -0.00195090322 0.02051282051)
(-0.009807852804 -0.00195090322 0.02307692308)
(-0.009807852804 -0.00195090322 0.02564102564)
(-0.009807852804 -0.00195090322 0.02820512821)
(-0.009807852804 -0.00195090322 0.03076923077)
(-0.009807852804 -0.00195090322 0.03333333333)
(-0.009807852804 -0.00195090322 0.0358974359)
(-0.009807852804 -0.00195090322 0.03846153846)
(-0.009807852804 -0.00195090322 0.04102564103)
(-0.009807852804 -0.00195090322 0.04358974359)
(-0.009807852804 -0.00195090322 0.04615384615)
(-0.009807852804 -0.00195090322 0.04871794872)
(-0.009807852804 -0.00195090322 0.05128205128)
(-0.009807852804 -0.00195090322 0.05384615385)
(-0.009807852804 -0.00195090322 0.05641025641)
(-0.009807852804 -0.00195090322 0.05897435897)
(-0.009807852804 -0.00195090322 0.06153846154)
(-0.009807852804 -0.00195090322 0.0641025641)
(-0.009807852804 -0.00195090322 0.06666666667)
(-0.009807852804 -0.00195090322 0.06923076923)
(-0.009807852804 -0.00195090322 0.07179487179)
(-0.009807852804 -0.00195090322 0.07435897436)
(-0.009807852804 -0.00195090322 0.07692307692)
(-0.009807852804 -0.00195090322 0.07948717949)
(-0.009807852804 -0.00195090322 0.08205128205)
(-0.009807852804 -0.00195090322 0.08461538462)
(-0.009807852804 -0.00195090322 0.08717948718)
(-0.009807852804 -0.00195090322 0.08974358974)
(-0.009807852804 -0.00195090322 0.09230769231)
(-0.009807852804 -0.00195090322 0.09487179487)
(-0.009807852804 -0.00195090322 0.09743589744)
(-0.009807852804 -0.00195090322 0.1)
(-0.009238795325 -0.003826834324 0)
(-0.009238795325 -0.003826834324 0.002564102564)
(-0.009238795325 -0.003826834324 0.005128205128)
(-0.009238795325 -0.003826834324 0.007692307692)
(-0.009238795325 -0.003826834324 0.01025641026)
(-0.009238795325 -0.003826834324 0.01282051282)
(-0.009238795325 -0.003826834324 0.01538461538)
(-0.009238795325 -0.003826834324 0.01794871795)
(-0.009238795325 -0.003826834324 0.02051282051)
(-0.009238795325 -0.003826834324 0.02307692308)
(-0.009238795325 -0.003826834324 0.02564102564)
(-0.009238795325 -0.003826834324 0.02820512821)
(-0.009238795325 -0.003826834324 0.03076923077)
(-0.009238795325 -0.003826834324 0.03333333333)
(-0.009238795325 -0.003826834324 0.0358974359)
(-0.009238795325 -0.003826834324 0.03846153846)
(-0.009238795325 -0.003826834324 0.04102564103)
(-0.009238795325 -0.003826834324 0.04358974359)
(-0.009238795325 -0.003826834324 0.04615384615)
(-0.009238795325 -0.003826834324 0.04871794872)
(-0.009238795325 -0.003826834324 0.05128205128)
(-0.009238795325 -0.003826834324 0.05384615385)
(-0.009238795325 -0.003826834324 0.05641025641)
(-0.009238795325 -0.003826834324 0.05897435897)
(-0.009238795325 -0.003826834324 0.06153846154)
(-0.009238795325 -0.003826834324 0.0641025641)
(-0.009238795325 -0.003826834324 0.06666666667)
(-0.009238795325 -0.003826834324 0.06923076923)
(-0.009238795325 -0.003826834324 0.07179487179)
(-0.009238795325 -0.003826834324 0.07435897436)
(-0.009238795325 -0.003826834324 0.07692307692)
(-0.009238795325 -0.003826834324 0.07948717949)
(-0.009238795325 -0.003826834324 0.08205128205)
(-0.009238795325 -0.003826834324 0.08461538462)
(-0.009238795325 -0.003826834324 0.08717948718)
(-0.009238795325 -0.003826834324 0.08974358974)
(-0.009238795325 -0.003826834324 0.09230769231)
(-0.009238795325 -0.003826834324 0.09487179487)
(-0.009238795325 -0.003826834324 0.09743589744)
(-0.009238795325 -0.003826834324 0.1)
(-0.008314696123 -0.00555570233 0)
(-0.008314696123 -0.00555570233 0.002564102564)
(-0.008314696123 -0.00555570233 0.005128205128)
(-0.008314696123 -0.00555570233 0.007692307692)
(-0.008314696123 -0.00555570233 0.01025641026)
(-0.008314696123 -0.00555570233 0.01282051282)
(-0.008314696123 -0.00555570233 0.01538461538)
(-0.008314696123 -0.00555570233 0.01794871795)
(-0.008314696123 -0.00555570233 0.02051282051)
(-0.008314696123 -0.00555570233 0.02307692308)
(-0.008314696123 -0.00555570233 0.02564102564)
(-0.008314696123 -0.00555570233 0.02820512821)
(-0.008314696123 -0.00555570233 0.03076923077)
(-0.008314696123 -0.00555570233 0.03333333333)
(-0.008314696123 -0.00555570233 0.0358974359)
(-0.008314696123 -0.00555570233 0.03846153846)
(-0.008314696123 -0.00555570233 0.04102564103)
(-0.008314696123 -0.00555570233 0.04358974359)
(-0.008314696123 -0.00555570233 0.04615384615)
(-0.008314696123 -0.00555570233 0.04871794872)
(-0.008314696123 -0.00555570233 0.05128205128)
(-0.008314696123 -0.00555570233 0.05384615385)
(-0.008314696123 -0.00555570233 0.05641025641)
(-0.008314696123 -0.00555570233 0.05897435897)
(-0.008314696123 -0.00555570233 0.06153846154)
(-0.008314696123 -0.00555570233 0.0641025641)
(-0.008314696123 -0.00555570233 0.06666666667)
(-0.008314696123 -0.00555570233 0.06923076923)
(-0.008314696123 -0.00555570233 0.07179487179)
(-0.008314696123 -0.00555570233 0.07435897436)
(-0.008314696123 -0.00555570233 0.07692307692)
(-0.008314696123 -0.00555570233 0.07948717949)
(-0.008314696123 -0.00555570233 0.08205128205)
(-0.008314696123 -0.00555570233 0.08461538462)
(-0.008314696123 -0.00555570233 0.08717948718)
(-0.008314696123 -0.00555570233 0.08974358974)
(-0.008314696123 -0.00555570233 0.09230769231)
(-0.008314696123 -0.00555570233 0.09487179487)
(-0.008314696123 -0.00555570233 0.09743589744)
(-0.008314696123 -0.00555570233 0.1)
(-0.007071067812 -0.007071067812 0)
(-0.007071067812 -0.007071067812 0.002564102564)
(-0.007071067812 -0.007071067812 0.005128205128)
(-0.007071067812 -0.007071067812 0.007692307692)
(-0.007071067812 -0.007071067812 0.01025641026)
(-0.007071067812 -0.007071067812 0.01282051282)
(-0.007071067812 -0.007071067812 0.01538461538)
(-0.007071067812 -0.007071067812 0.01794871795)
(-0.007071067812 -0.007071067812 0.02051282051)
(-0.007071067812 -0.007071067812 0.02307692308)
(-0.007071067812 -0.007071067812 0.02564102564)
(-0.007071067812 -0.007071067812 0.02820512821)
(-0.007071067812 -0.007071067812 0.03076923077)
(-0.007071067812 -0.007071067812 0.03333333333)
(-0.007071067812 -0.007071067812 0.0358974359)
(-0.007071067812 -0.007071067812 0.03846153846)
(-0.007071067812 -0.007071067812 0.04102564103)
(-0.007071067812 -0.007071067812 0.04358974359)
(-0.007071067812 -0.007071067812 0.04615384615)
(-0.007071067812 -0.007071067812 0.04871794872)
(-0.007071067812 -0.007071067812 0.05128205128)
(-0.007071067812 -0.007071067812 0.05384615385)
(-0.007071067812 -0.007071067812 0.05641025641)
(-0.007071067812 -0.007071067812 0.05897435897)
(-0.007071067812 -0.007071067812 0.06153846154)
(-0.007071067812 -0.007071067812 0.0641025641)
(-0.007071067812 -0.007071067812 0.06666666667)
(-0.007071067812 -0.007071067812 0.06923076923)
(-0.007071067812 -0.007071067812 0.07179487179)
(-0.007071067812 -0.007071067812 0.07435897436)
(-0.007071067812 -0.007071067812 0.07692307692)
(-0.007071067812 -0.007071067812 0.07948717949)
(-0.007071067812 -0.007071067812 0.08205128205)
(-0.007071067812 -0.007071067812 0.08461538462)
(-0.007071067812 -0.007071067812 0.08717948718)
(-0.007071067812 -0.007071067812 0.08974358974)
(-0.007071067812 -0.007071067812 0.09230769231)
(-0.007071067812 -0.007071067812 0.09487179487)
(-0.007071067812 -0.007071067812 0.09743589744)
(-0.007071067812 -0.007071067812 0.1)
(-0.00555570233 -0.008314696123 0)
(-0.00555570233 -0.008314696123 0.002564102564)
(-0.00555570233 -0.008314696123 0.005128205128)
(-0.00555570233 -0.008314696123 0.007692307692)
(-0.00555570233 -0.008314696123 0.01025641026)
(-0.00555570233 -0.008314696123 0.01282051282)
(-0.00555570233 -0.008314696123 0.01538461538)
(-0.00555570233 -0.008314696123 0.01794871795)
(-0.00555570233 -0.008314696123 0.02051282051)
(-0.00555570233 -0.008314696123 0.02307692308)
(-0.00555570233 -0.008314696123 0.02564102564)
(-0.00555570233 -0.008314696123 0.02820512821)
(-0.00555570233 -0.008314696123 0.03076923077)
(-0.00555570233 -0.008314696123 0.03333333333)
(-0.00555570233 -0.008314696123 0.0358974359)
(-0.00555570233 -0.008314696123 0.03846153846)
(-0.00555570233 -0.008314696123 0.04102564103)
(-0.00555570233 -0.008314696123 0.04358974359)
(-0.00555570233 -0.008314696123 0.04615384615)
(-0.00555570233 -0.008314696123 0.04871794872)
(-0.00555570233 -0.008314696123 0.05128205128)
(-0.00555570233 -0.008314696123 0.05384615385)
(-0.00555570233 -0.008314696123 0.05641025641)
(-0.00555570233 -0.008314696123 0.05897435897)
(-0.00555570233 -0.008314696123 0.06153846154)
(-0.00555570233 -0.008314696123 0.0641025641)
(-0.00555570233 -0.008314696123 0.06666666667)
(-0.00555570233 -0.008314696123 0.06923076923)
(-0.00555570233 -0.008314696123 0.07179487179)
(-0.00555570233 -0.008314696123 0.07435897436)
(-0.00555570233 -0.008314696123 0.07692307692)
(-0.00555570233 -0.008314696123 0.07948717949)
(-0.00555570233 -0.008314696123 0.08205128205)
(-0.00555570233 -0.008314696123 0.08461538462)
(-0.00555570233 -0.008314696123 0.08717948718)
(-0.00555570233 -0.008314696123 0.08974358974)
(-0.00555570233 -0.008314696123 0.09230769231)
(-0.00555570233 -0.008314696123 0.09487179487)
(-0.00555570233 -0.008314696123 0.09743589744)
(-0.00555570233 -0.008314696123 0.1)
(-0.003826834324 -0.009238795325 0)
(-0.003826834324 -0.009238795325 0.002564102564)
(-0.003826834324 -0.009238795325 0.005128205128)
(-0.003826834324 -0.009238795325 0.007692307692)
(-0.003826834324 -0.009238795325 0.01025641026)
(-0.003826834324 -0.009238795325 0.01282051282)
(-0.003826834324 -0.009238795325 0.01538461538)
(-0.003826834324 -0.009238795325 0.01794871795)
(-0.003826834324 -0.009238795325 0.02051282051)
(-0.003826834324 -0.009238795325 0.02307692308)
(-0.003826834324 -0.009238795325 0.02564102564)
(-0.003826834324 -0.009238795325 0.02820512821)
(-0.003826834324 -0.009238795325 0.03076923077)
(-0.003826834324 -0.009238795325 0.03333333333)
(-0.003826834324 -0.009238795325 0.0358974359)
(-0.003826834324 -0.009238795325 0.03846153846)
(-0.003826834324 -0.009238795325 0.04102564103)
(-0.003826834324 -0.009238795325 0.04358974359)
(-0.003826834324 -0.009238795325 0.04615384615)
(-0.003826834324 -0.009238795325 0.04871794872)
(-0.003826834324 -0.009238795325 0.05128205128)
(-0.003826834324 -0.009238795325 0.05384615385)
(-0.003826834324 -0.009238795325 0.05641025641)
(-0.003826834324 -0.009238795325 0.05897435897)
(-0.003826834324 -0.009238795325 0.06153846154)
(-0.003826834324 -0.009238795325 0.0641025641)
(-0.003826834324 -0.009238795325 0.06666666667)
(-0.003826834324 -0.009238795325 0.06923076923)
(-0.003826834324 -0.009238795325 0.07179487179)
(-0.003826834324 -0.009238795325 0.07435897436)
(-0.003826834324 -0.009238795325 0.07692307692)
(-0.003826834324 -0.009238795325 0.07948717949)
(-0.003826834324 -0.009238795325 0.08205128205)
(-0.003826834324 -0.009238795325 0.08461538462)
(-0.003826834324 -0.009238795325 0.08717948718)
(-0.003826834324 -0.009238795325 0.08974358974)
(-0.003826834324 -0.009238795325 0.09230769231)
(-0.003826834324 -0.009238795325 0.09487179487)
(-0.003826834324 -0.009238795325 0.09743589744)
(-0.003826834324 -0.009238795325 0.1)
(-0.00195090322 -0.009807852804 0)
(-0.00195090322 -0.009807852804 0.002564102564)
(-0.00195090322 -0.009807852804 0.005128205128)
(-0.00195090322 -0.009807852804 0.007692307692)
(-0.00195090322 -0.009807852804 0.01025641026)
(-0.00195090322 -0.009807852804 0.01282051282)
(-0.00195090322 -0.009807852804 0.01538461538)
(-0.00195090322 -0.009807852804 0.01794871795)
(-0.00195090322 -0.009807852804 0.02051282051)
(-0.00195090322 -0.009807852804 0.02307692308)
(-0.00195090322 -0.009807852804 0.02564102564)
(-0.00195090322 -0.009807852804 0.02820512821)
(-0.00195090322 -0.009807852804 0.03076923077)
(-0.00195090322 -0.009807852804 0.03333333333)
(-0.00195090322 -0.009807852804 0.0358974359)
(-0.00195090322 -0.009807852804 0.03846153846)
(-0.00195090322 -0.009807852804 0.04102564103)
(-0.00195090322 -0.009807852804 0.04358974359)
(-0.00195090322 -0.009807852804 0.04615384615)
(-0.00195090322 -0.009807852804 0.04871794872)
(-0.00195090322 -0.009807852804 0.05128205128)
(-0.00195090322 -0.009807852804 0.05384615385)
(-0.00195090322 -0.009807852804 0.05641025641)
(-0.00195090322 -0.009807852804 0.05897435897)
(-0.00195090322 -0.009807852804 0.06153846154)
(-0.00195090322 -0.009807852804 0.0641025641)
(-0.00195090322 -0.009807852804 0.06666666667)
(-0.00195090322 -0.009807852804 0.06923076923)
(-0.00195090322 -0.009807852804 0.07179487179)
(-0.00195090322 -0.009807852804 0.07435897436)
(-0.00195090322 -0.009807852804 0.07692307692)
(-0.00195090322 -0.009807852804 0.07948717949)
(-0.00195090322 -0.009807852804 0.08205128205)
(-0.00195090322 -0.009807852804 0.08461538462)
(-0.00195090322 -0.009807852804 0.08717948718)
(-0.00195090322 -0.009807852804 0.08974358974)
(-0.00195090322 -0.009807852804 0.09230769231)
(-0.00195090322 -0.009807852804 0.09487179487)
(-0.00195090322 -0.009807852804 0.09743589744)
(-0.00195090322 -0.009807852804 0.1)
(-1.836970199e-18 -0.01 0)
(-1.836970199e-18 -0.01 0.002564102564)
(-1.836970199e-18 -0.01 0.005128205128)
(-1.836970199e-18 -0.01 0.007692307692)
(-1.836970199e-18 -0.01 0.01025641026)
(-1.836970199e-18 -0.01 0.01282051282)
(-1.836970199e-18 -0.01 0.01538461538)
(-1.836970199e-18 -0.01 0.01794871795)
(-1.836970199e-18 -0.01 0.02051282051)
(-1.836970199e-18 -0.01 0.02307692308)
(-1.836970199e-18 -0.01 0.02564102564)
(-1.836970199e-18 -0.01 0.02820512821)
(-1.836970199e-18 -0.01 0.03076923077)
(-1.836970199e-18 -0.01 0.03333333333)
(-1.836970199e-18 -0.01 0.0358974359)
(-1.836970199e-18 -0.01 0.03846153846)
(-1.836970199e-18 -0.01 0.04102564103)
(-1.836970199e-18 -0.01 0.04358974359)
(-1.836970199e-18 -0.01 0.04615384615)
(-1.836970199e-18 -0.01 0.04871794872)
(-1.836970199e-18 -0.01 0.05128205128)
(-1.836970199e-18 -0.01 0.05384615385)
(-1.836970199e-18 -0.01 0.05641025641)
(-1.836970199e-18 -0.01 0.05897435897)
(-1.836970199e-18 -0.01 0.06153846154)
(-1.836970199e-18 -0.01 0.0641025641)
(-1.836970199e-18 -0.01 0.06666666667)
(-1.836970199e-18 -0.01 0.06923076923)
(-1.836970199e-18 -0.01 0.07179487179)
(-1.836970199e-18 -0.01 0.07435897436)
(-1.836970199e-18 -0.01 0.07692307692)
(-1.836970199e-18 -0.01 0.07948717949)
(-1.836970199e-18 -0.01 0.08205128205)
(-1.836970199e-18 -0.01 0.08461538462)
(-1.836970199e-18 -0.01 0.08717948718)
(-1.836970199e-18 -0.01 0.08974358974)
(-1.836970199e-18 -0.01 0.09230769231)
(-1.836970199e-18 -0.01 0.09487179487)
(-1.836970199e-18 -0.01 0.09743589744)
(-1.836970199e-18 -0.01 0.1)
(0.000810180644 -0.004901570561 0)
(0.000810180644 -0.004901570561 0.002564102564)
(0.000810180644 -0.004901570561 0.005128205128)
(0.000810180644 -0.004901570561 0.007692307692)
(0.000810180644 -0.004901570561 0.01025641026)
(0.000810180644 -0.004901570561 0.01282051282)
(0.000810180644 -0.004901570561 0.01538461538)
(0.000810180644 -0.004901570561 0.01794871795)
(0.000810180644 -0.004901570561 0.02051282051)
(0.000810180644 -0.004901570561 0.02307692308)
(0.000810180644 -0.004901570561 0.02564102564)
(0.000810180644 -0.004901570561 0.02820512821)
(0.000810180644 -0.004901570561 0.03076923077)
(0.000810180644 -0.004901570561 0.03333333333)
(0.000810180644 -0.004901570561 0.0358974359)
(0.000810180644 -0.004901570561 0.03846153846)
(0.000810180644 -0.004901570561 0.04102564103)
(0.000810180644 -0.004901570561 0.04358974359)
(0.000810180644 -0.004901570561 0.04615384615)
(0.000810180644 -0.004901570561 0.04871794872)
(0.000810180644 -0.004901570561 0.05128205128)
(0.000810180644 -0.004901570561 0.05384615385)
(0.000810180644 -0.004901570561 0.05641025641)
(0.000810180644 -0.004901570561 0.05897435897)
(0.000810180644 -0.004901570561 0.06153846154)
(0.000810180644 -0.004901570561 0.0641025641)
(0.000810180644 -0.004901570561 0.06666666667)
(0.000810180644 -0.004901570561 0.06923076923)
(0.000810180644 -0.004901570561 0.07179487179)
(0.000810180644 -0.004901570561 0.07435897436)
(0.000810180644 -0.004901570561 0.07692307692)
(0.000810180644 -0.004901570561 0.07948717949)
(0.000810180644 -0.004901570561 0.08205128205)
(0.000810180644 -0.004901570561 0.08461538462)
(0.000810180644 -0.004901570561 0.08717948718)
(0.000810180644 -0.004901570561 0.08974358974)
(0.000810180644 -0.004901570561 0.09230769231)
(0.000810180644 -0.004901570561 0.09487179487)
(0.000810180644 -0.004901570561 0.09743589744)
(0.000810180644 -0.004901570561 0.1)
(0.001605366865 -0.004367759065 0)
(0.001605366865 -0.004367759065 0.002564102564)
(0.001605366865 -0.004367759065 0.005128205128)
(0.001605366865 -0.004367759065 0.007692307692)
(0.001605366865 -0.004367759065 0.01025641026)
(0.001605366865 -0.004367759065 0.01282051282)
(0.001605366865 -0.004367759065 0.01538461538)
(0.001605366865 -0.004367759065 0.01794871795)
(0.001605366865 -0.004367759065 0.02051282051)
(0.001605366865 -0.004367759065 0.02307692308)
(0.001605366865 -0.004367759065 0.02564102564)
(0.001605366865 -0.004367759065 0.02820512821)
(0.001605366865 -0.004367759065 0.03076923077)
(0.001605366865 -0.004367759065 0.03333333333)
(0.001605366865 -0.004367759065 0.0358974359)
(0.001605366865 -0.004367759065 0.03846153846)
(0.001605366865 -0.004367759065 0.04102564103)
(0.001605366865 -0.004367759065 0.04358974359)
(0.001605366865 -0.004367759065 0.04615384615)
(0.001605366865 -0.004367759065 0.04871794872)
(0.001605366865 -0.004367759065 0.05128205128)
(0.001605366865 -0.004367759065 0.05384615385)
(0.001605366865 -0.004367759065 0.05641025641)
(0.001605366865 -0.004367759065 0.05897435897)
(0.001605366865 -0.004367759065 0.06153846154)
(0.001605366865 -0.004367759065 0.0641025641)
(0.001605366865 -0.004367759065 0.06666666667)
(0.001605366865 -0.004367759065 0.06923076923)
(0.001605366865 -0.004367759065 0.07179487179)
(0.001605366865 -0.004367759065 0.07435897436)
(0.001605366865 -0.004367759065 0.07692307692)
(0.001605366865 -0.004367759065 0.07948717949)
(0.001605366865 -0.004367759065 0.08205128205)
(0.001605366865 -0.004367759065 0.08461538462)
(0.001605366865 -0.004367759065 0.08717948718)
(0.001605366865 -0.004367759065 0.08974358974)
(0.001605366865 -0.004367759065 0.09230769231)
(0.001605366865 -0.004367759065 0.09487179487)
(0.001605366865 -0.004367759065 0.09743589744)
(0.001605366865 -0.004367759065 0.1)
(0.002371140466 -0.003762939225 0)
(0.002371140466 -0.003762939225 0.002564102564)
(0.002371140466 -0.003762939225 0.005128205128)
(0.002371140466 -0.003762939225 0.007692307692)
(0.002371140466 -0.003762939225 0.01025641026)
(0.002371140466 -0.003762939225 0.01282051282)
(0.002371140466 -0.003762939225 0.01538461538)
(0.002371140466 -0.003762939225 0.01794871795)
(0.002371140466 -0.003762939225 0.02051282051)
(0.002371140466 -0.003762939225 0.02307692308)
(0.002371140466 -0.003762939225 0.02564102564)
(0.002371140466 -0.003762939225 0.02820512821)
(0.002371140466 -0.003762939225 0.03076923077)
(0.002371140466 -0.003762939225 0.03333333333)
(0.002371140466 -0.003762939225 0.0358974359)
(0.002371140466 -0.003762939225 0.03846153846)
(0.002371140466 -0.003762939225 0.04102564103)
(0.002371140466 -0.003762939225 0.04358974359)
(0.002371140466 -0.003762939225 0.04615384615)
(0.002371140466 -0.003762939225 0.04871794872)
(0.002371140466 -0.003762939225 0.05128205128)
(0.002371140466 -0.003762939225 0.05384615385)
(0.002371140466 -0.003762939225 0.05641025641)
(0.002371140466 -0.003762939225 0.05897435897)
(0.002371140466 -0.003762939225 0.06153846154)
(0.002371140466 -0.003762939225 0.0641025641)
(0.002371140466 -0.003762939225 0.06666666667)
(0.002371140466 -0.003762939225 0.06923076923)
(0.002371140466 -0.003762939225 0.07179487179)
(0.002371140466 -0.003762939225 0.07435897436)
(0.002371140466 -0.003762939225 0.07692307692)
(0.002371140466 -0.003762939225 0.07948717949)
(0.002371140466 -0.003762939225 0.08205128205)
(0.002371140466 -0.003762939225 0.08461538462)
(0.002371140466 -0.003762939225 0.08717948718)
(0.002371140466 -0.003762939225 0.08974358974)
(0.002371140466 -0.003762939225 0.09230769231)
(0.002371140466 -0.003762939225 0.09487179487)
(0.002371140466 -0.003762939225 0.09743589744)
(0.002371140466 -0.003762939225 0.1)
(0.003094213562 -0.003094213562 0)
(0.003094213562 -0.003094213562 0.002564102564)
(0.003094213562 -0.003094213562 0.005128205128)
(0.003094213562 -0.003094213562 0.007692307692)
(0.003094213562 -0.003094213562 0.01025641026)
(0.003094213562 -0.003094213562 0.01282051282)
(0.003094213562 -0.003094213562 0.01538461538)
(0.003094213562 -0.003094213562 0.01794871795)
(0.003094213562 -0.003094213562 0.02051282051)
(0.003094213562 -0.003094213562 0.02307692308)
(0.003094213562 -0.003094213562 0.02564102564)
(0.003094213562 -0.003094213562 0.02820512821)
(0.003094213562 -0.003094213562 0.03076923077)
(0.003094213562 -0.003094213562 0.03333333333)
(0.003094213562 -0.003094213562 0.0358974359)
(0.003094213562 -0.003094213562 0.03846153846)
(0.003094213562 -0.003094213562 0.04102564103)
(0.003094213562 -0.003094213562 0.04358974359)
(0.003094213562 -0.003094213562 0.04615384615)
(0.003094213562 -0.003094213562 0.04871794872)
(0.003094213562 -0.003094213562 0.05128205128)
(0.003094213562 -0.003094213562 0.05384615385)
(0.003094213562 -0.003094213562 0.05641025641)
(0.003094213562 -0.003094213562 0.05897435897)
(0.003094213562 -0.003094213562 0.06153846154)
(0.003094213562 -0.003094213562 0.0641025641)
(0.003094213562 -0.003094213562 0.06666666667)
(0.003094213562 -0.003094213562 0.06923076923)
(0.003094213562 -0.003094213562 0.07179487179)
(0.003094213562 -0.003094213562 0.07435897436)
(0.003094213562 -0.003094213562 0.07692307692)
(0.003094213562 -0.003094213562 0.07948717949)
(0.003094213562 -0.003094213562 0.08205128205)
(0.003094213562 -0.003094213562 0.08461538462)
(0.003094213562 -0.003094213562 0.08717948718)
(0.003094213562 -0.003094213562 0.08974358974)
(0.003094213562 -0.003094213562 0.09230769231)
(0.003094213562 -0.003094213562 0.09487179487)
(0.003094213562 -0.003094213562 0.09743589744)
(0.003094213562 -0.003094213562 0.1)
(0.003762939225 -0.002371140466 0)
(0.003762939225 -0.002371140466 0.002564102564)
(0.003762939225 -0.002371140466 0.005128205128)
(0.003762939225 -0.002371140466 0.007692307692)
(0.003762939225 -0.002371140466 0.01025641026)
(0.003762939225 -0.002371140466 0.01282051282)
(0.003762939225 -0.002371140466 0.01538461538)
(0.003762939225 -0.002371140466 0.01794871795)
(0.003762939225 -0.002371140466 0.02051282051)
(0.003762939225 -0.002371140466 0.02307692308)
(0.003762939225 -0.002371140466 0.02564102564)
(0.003762939225 -0.002371140466 0.02820512821)
(0.003762939225 -0.002371140466 0.03076923077)
(0.003762939225 -0.002371140466 0.03333333333)
(0.003762939225 -0.002371140466 0.0358974359)
(0.003762939225 -0.002371140466 0.03846153846)
(0.003762939225 -0.002371140466 0.04102564103)
(0.003762939225 -0.002371140466 0.04358974359)
(0.003762939225 -0.002371140466 0.04615384615)
(0.003762939225 -0.002371140466 0.04871794872)
(0.003762939225 -0.002371140466 0.05128205128)
(0.003762939225 -0.002371140466 0.05384615385)
(0.003762939225 -0.002371140466 0.05641025641)
(0.003762939225 -0.002371140466 0.05897435897)
(0.003762939225 -0.002371140466 0.06153846154)
(0.003762939225 -0.002371140466 0.0641025641)
(0.003762939225 -0.002371140466 0.06666666667)
(0.003762939225 -0.002371140466 0.06923076923)
(0.003762939225 -0.002371140466 0.07179487179)
(0.003762939225 -0.002371140466 0.07435897436)
(0.003762939225 -0.002371140466 0.07692307692)
(0.003762939225 -0.002371140466 0.07948717949)
(0.003762939225 -0.002371140466 0.08205128205)
(0.003762939225 -0.002371140466 0.08461538462)
(0.003762939225 -0.002371140466 0.08717948718)
(0.003762939225 -0.002371140466 0.08974358974)
(0.003762939225 -0.002371140466 0.09230769231)
(0.003762939225 -0.002371140466 0.09487179487)
(0.003762939225 -0.002371140466 0.09743589744)
(0.003762939225 -0.002371140466 0.1)
(0.004367759065 -0.001605366865 0)
(0.004367759065 -0.001605366865 0.002564102564)
(0.004367759065 -0.001605366865 0.005128205128)
(0.004367759065 -0.001605366865 0.007692307692)
(0.004367759065 -0.001605366865 0.01025641026)
(0.004367759065 -0.001605366865 0.01282051282)
(0.004367759065 -0.001605366865 0.01538461538)
(0.004367759065 -0.001605366865 0.01794871795)
(0.004367759065 -0.001605366865 0.02051282051)
(0.004367759065 -0.001605366865 0.02307692308)
(0.004367759065 -0.001605366865 0.02564102564)
(0.004367759065 -0.001605366865 0.02820512821)
(0.004367759065 -0.001605366865 0.03076923077)
(0.004367759065 -0.001605366865 0.03333333333)
(0.004367759065 -0.001605366865 0.0358974359)
(0.004367759065 -0.001605366865 0.03846153846)
(0.004367759065 -0.001605366865 0.04102564103)
(0.004367759065 -0.001605366865 0.04358974359)
(0.004367759065 -0.001605366865 0.04615384615)
(0.004367759065 -0.001605366865 0.04871794872)
(0.004367759065 -0.001605366865 0.05128205128)
(0.004367759065 -0.001605366865 0.05384615385)
(0.004367759065 -0.001605366865 0.05641025641)
(0.004367759065 -0.001605366865 0.05897435897)
(0.004367759065 -0.001605366865 0.06153846154)
(0.004367759065 -0.001605366865 0.0641025641)
(0.004367759065 -0.001605366865 0.06666666667)
(0.004367759065 -0.001605366865 0.06923076923)
(0.004367759065 -0.001605366865 0.07179487179)
(0.004367759065 -0.001605366865 0.07435897436)
(0.004367759065 -0.001605366865 0.07692307692)
(0.004367759065 -0.001605366865 0.07948717949)
(0.004367759065 -0.001605366865 0.08205128205)
(0.004367759065 -0.001605366865 0.08461538462)
(0.004367759065 -0.001605366865 0.08717948718)
(0.004367759065 -0.001605366865 0.08974358974)
(0.004367759065 -0.001605366865 0.09230769231)
(0.004367759065 -0.001605366865 0.09487179487)
(0.004367759065 -0.001605366865 0.09743589744)
(0.004367759065 -0.001605366865 0.1)
(0.004901570561 -0.000810180644 0)
(0.004901570561 -0.000810180644 0.002564102564)
(0.004901570561 -0.000810180644 0.005128205128)
(0.004901570561 -0.000810180644 0.007692307692)
(0.004901570561 -0.000810180644 0.01025641026)
(0.004901570561 -0.000810180644 0.01282051282)
(0.004901570561 -0.000810180644 0.01538461538)
(0.004901570561 -0.000810180644 0.01794871795)
(0.004901570561 -0.000810180644 0.02051282051)
(0.004901570561 -0.000810180644 0.02307692308)
(0.004901570561 -0.000810180644 0.02564102564)
(0.004901570561 -0.000810180644 0.02820512821)
(0.004901570561 -0.000810180644 0.03076923077)
(0.004901570561 -0.000810180644 0.03333333333)
(0.004901570561 -0.000810180644 0.0358974359)
(0.004901570561 -0.000810180644 0.03846153846)
(0.004901570561 -0.000810180644 0.04102564103)
(0.004901570561 -0.000810180644 0.04358974359)
(0.004901570561 -0.000810180644 0.04615384615)
(0.004901570561 -0.000810180644 0.04871794872)
(0.004901570561 -0.000810180644 0.05128205128)
(0.004901570561 -0.000810180644 0.05384615385)
(0.004901570561 -0.000810180644 0.05641025641)
(0.004901570561 -0.000810180644 0.05897435897)
(0.004901570561 -0.000810180644 0.06153846154)
(0.004901570561 -0.000810180644 0.0641025641)
(0.004901570561 -0.000810180644 0.06666666667)
(0.004901570561 -0.000810180644 0.06923076923)
(0.004901570561 -0.000810180644 0.07179487179)
(0.004901570561 -0.000810180644 0.07435897436)
(0.004901570561 -0.000810180644 0.07692307692)
(0.004901570561 -0.000810180644 0.07948717949)
(0.004901570561 -0.000810180644 0.08205128205)
(0.004901570561 -0.000810180644 0.08461538462)
(0.004901570561 -0.000810180644 0.08717948718)
(0.004901570561 -0.000810180644 0.08974358974)
(0.004901570561 -0.000810180644 0.09230769231)
(0.004901570561 -0.000810180644 0.09487179487)
(0.004901570561 -0.000810180644 0.09743589744)
(0.004901570561 -0.000810180644 0.1)
(0.001095361288 -0.006128141122 0)
(0.001095361288 -0.006128141122 0.002564102564)
(0.001095361288 -0.006128141122 0.005128205128)
(0.001095361288 -0.006128141122 0.007692307692)
(0.001095361288 -0.006128141122 0.01025641026)
(0.001095361288 -0.006128141122 0.01282051282)
(0.001095361288 -0.006128141122 0.01538461538)
(0.001095361288 -0.006128141122 0.01794871795)
(0.001095361288 -0.006128141122 0.02051282051)
(0.001095361288 -0.006128141122 0.02307692308)
(0.001095361288 -0.006128141122 0.02564102564)
(0.001095361288 -0.006128141122 0.02820512821)
(0.001095361288 -0.006128141122 0.03076923077)
(0.001095361288 -0.006128141122 0.03333333333)
(0.001095361288 -0.006128141122 0.0358974359)
(0.001095361288 -0.006128141122 0.03846153846)
(0.001095361288 -0.006128141122 0.04102564103)
(0.001095361288 -0.006128141122 0.04358974359)
(0.001095361288 -0.006128141122 0.04615384615)
(0.001095361288 -0.006128141122 0.04871794872)
(0.001095361288 -0.006128141122 0.05128205128)
(0.001095361288 -0.006128141122 0.05384615385)
(0.001095361288 -0.006128141122 0.05641025641)
(0.001095361288 -0.006128141122 0.05897435897)
(0.001095361288 -0.006128141122 0.06153846154)
(0.001095361288 -0.006128141122 0.0641025641)
(0.001095361288 -0.006128141122 0.06666666667)
(0.001095361288 -0.006128141122 0.06923076923)
(0.001095361288 -0.006128141122 0.07179487179)
(0.001095361288 -0.006128141122 0.07435897436)
(0.001095361288 -0.006128141122 0.07692307692)
(0.001095361288 -0.006128141122 0.07948717949)
(0.001095361288 -0.006128141122 0.08205128205)
(0.001095361288 -0.006128141122 0.08461538462)
(0.001095361288 -0.006128141122 0.08717948718)
(0.001095361288 -0.006128141122 0.08974358974)
(0.001095361288 -0.006128141122 0.09230769231)
(0.001095361288 -0.006128141122 0.09487179487)
(0.001095361288 -0.006128141122 0.09743589744)
(0.001095361288 -0.006128141122 0.1)
(0.002160733729 -0.00558551813 0)
(0.002160733729 -0.00558551813 0.002564102564)
(0.002160733729 -0.00558551813 0.005128205128)
(0.002160733729 -0.00558551813 0.007692307692)
(0.002160733729 -0.00558551813 0.01025641026)
(0.002160733729 -0.00558551813 0.01282051282)
(0.002160733729 -0.00558551813 0.01538461538)
(0.002160733729 -0.00558551813 0.01794871795)
(0.002160733729 -0.00558551813 0.02051282051)
(0.002160733729 -0.00558551813 0.02307692308)
(0.002160733729 -0.00558551813 0.02564102564)
(0.002160733729 -0.00558551813 0.02820512821)
(0.002160733729 -0.00558551813 0.03076923077)
(0.002160733729 -0.00558551813 0.03333333333)
(0.002160733729 -0.00558551813 0.0358974359)
(0.002160733729 -0.00558551813 0.03846153846)
(0.002160733729 -0.00558551813 0.04102564103)
(0.002160733729 -0.00558551813 0.04358974359)
(0.002160733729 -0.00558551813 0.04615384615)
(0.002160733729 -0.00558551813 0.04871794872)
(0.002160733729 -0.00558551813 0.05128205128)
(0.002160733729 -0.00558551813 0.05384615385)
(0.002160733729 -0.00558551813 0.05641025641)
(0.002160733729 -0.00558551813 0.05897435897)
(0.002160733729 -0.00558551813 0.06153846154)
(0.002160733729 -0.00558551813 0.0641025641)
(0.002160733729 -0.00558551813 0.06666666667)
(0.002160733729 -0.00558551813 0.06923076923)
(0.002160733729 -0.00558551813 0.07179487179)
(0.002160733729 -0.00558551813 0.07435897436)
(0.002160733729 -0.00558551813 0.07692307692)
(0.002160733729 -0.00558551813 0.07948717949)
(0.002160733729 -0.00558551813 0.08205128205)
(0.002160733729 -0.00558551813 0.08461538462)
(0.002160733729 -0.00558551813 0.08717948718)
(0.002160733729 -0.00558551813 0.08974358974)
(0.002160733729 -0.00558551813 0.09230769231)
(0.002160733729 -0.00558551813 0.09487179487)
(0.002160733729 -0.00558551813 0.09743589744)
(0.002160733729 -0.00558551813 0.1)
(0.003167280932 -0.004900878449 0)
(0.003167280932 -0.004900878449 0.002564102564)
(0.003167280932 -0.004900878449 0.005128205128)
(0.003167280932 -0.004900878449 0.007692307692)
(0.003167280932 -0.004900878449 0.01025641026)
(0.003167280932 -0.004900878449 0.01282051282)
(0.003167280932 -0.004900878449 0.01538461538)
(0.003167280932 -0.004900878449 0.01794871795)
(0.003167280932 -0.004900878449 0.02051282051)
(0.003167280932 -0.004900878449 0.02307692308)
(0.003167280932 -0.004900878449 0.02564102564)
(0.003167280932 -0.004900878449 0.02820512821)
(0.003167280932 -0.004900878449 0.03076923077)
(0.003167280932 -0.004900878449 0.03333333333)
(0.003167280932 -0.004900878449 0.0358974359)
(0.003167280932 -0.004900878449 0.03846153846)
(0.003167280932 -0.004900878449 0.04102564103)
(0.003167280932 -0.004900878449 0.04358974359)
(0.003167280932 -0.004900878449 0.04615384615)
(0.003167280932 -0.004900878449 0.04871794872)
(0.003167280932 -0.004900878449 0.05128205128)
(0.003167280932 -0.004900878449 0.05384615385)
(0.003167280932 -0.004900878449 0.05641025641)
(0.003167280932 -0.004900878449 0.05897435897)
(0.003167280932 -0.004900878449 0.06153846154)
(0.003167280932 -0.004900878449 0.0641025641)
(0.003167280932 -0.004900878449 0.06666666667)
(0.003167280932 -0.004900878449 0.06923076923)
(0.003167280932 -0.004900878449 0.07179487179)
(0.003167280932 -0.004900878449 0.07435897436)
(0.003167280932 -0.004900878449 0.07692307692)
(0.003167280932 -0.004900878449 0.07948717949)
(0.003167280932 -0.004900878449 0.08205128205)
(0.003167280932 -0.004900878449 0.08461538462)
(0.003167280932 -0.004900878449 0.08717948718)
(0.003167280932 -0.004900878449 0.08974358974)
(0.003167280932 -0.004900878449 0.09230769231)
(0.003167280932 -0.004900878449 0.09487179487)
(0.003167280932 -0.004900878449 0.09743589744)
(0.003167280932 -0.004900878449 0.1)
(0.004088427125 -0.004088427125 0)
(0.004088427125 -0.004088427125 0.002564102564)
(0.004088427125 -0.004088427125 0.005128205128)
(0.004088427125 -0.004088427125 0.007692307692)
(0.004088427125 -0.004088427125 0.01025641026)
(0.004088427125 -0.004088427125 0.01282051282)
(0.004088427125 -0.004088427125 0.01538461538)
(0.004088427125 -0.004088427125 0.01794871795)
(0.004088427125 -0.004088427125 0.02051282051)
(0.004088427125 -0.004088427125 0.02307692308)
(0.004088427125 -0.004088427125 0.02564102564)
(0.004088427125 -0.004088427125 0.02820512821)
(0.004088427125 -0.004088427125 0.03076923077)
(0.004088427125 -0.004088427125 0.03333333333)
(0.004088427125 -0.004088427125 0.0358974359)
(0.004088427125 -0.004088427125 0.03846153846)
(0.004088427125 -0.004088427125 0.04102564103)
(0.004088427125 -0.004088427125 0.04358974359)
(0.004088427125 -0.004088427125 0.04615384615)
(0.004088427125 -0.004088427125 0.04871794872)
(0.004088427125 -0.004088427125 0.05128205128)
(0.004088427125 -0.004088427125 0.05384615385)
(0.004088427125 -0.004088427125 0.05641025641)
(0.004088427125 -0.004088427125 0.05897435897)
(0.004088427125 -0.004088427125 0.06153846154)
(0.004088427125 -0.004088427125 0.0641025641)
(0.004088427125 -0.004088427125 0.06666666667)
(0.004088427125 -0.004088427125 0.06923076923)
(0.004088427125 -0.004088427125 0.07179487179)
(0.004088427125 -0.004088427125 0.07435897436)
(0.004088427125 -0.004088427125 0.07692307692)
(0.004088427125 -0.004088427125 0.07948717949)
(0.004088427125 -0.004088427125 0.08205128205)
(0.004088427125 -0.004088427125 0.08461538462)
(0.004088427125 -0.004088427125 0.08717948718)
(0.004088427125 -0.004088427125 0.08974358974)
(0.004088427125 -0.004088427125 0.09230769231)
(0.004088427125 -0.004088427125 0.09487179487)
(0.004088427125 -0.004088427125 0.09743589744)
(0.004088427125 -0.004088427125 0.1)
(0.004900878449 -0.003167280932 0)
(0.004900878449 -0.003167280932 0.002564102564)
(0.004900878449 -0.003167280932 0.005128205128)
(0.004900878449 -0.003167280932 0.007692307692)
(0.004900878449 -0.003167280932 0.01025641026)
(0.004900878449 -0.003167280932 0.01282051282)
(0.004900878449 -0.003167280932 0.01538461538)
(0.004900878449 -0.003167280932 0.01794871795)
(0.004900878449 -0.003167280932 0.02051282051)
(0.004900878449 -0.003167280932 0.02307692308)
(0.004900878449 -0.003167280932 0.02564102564)
(0.004900878449 -0.003167280932 0.02820512821)
(0.004900878449 -0.003167280932 0.03076923077)
(0.004900878449 -0.003167280932 0.03333333333)
(0.004900878449 -0.003167280932 0.0358974359)
(0.004900878449 -0.003167280932 0.03846153846)
(0.004900878449 -0.003167280932 0.04102564103)
(0.004900878449 -0.003167280932 0.04358974359)
(0.004900878449 -0.003167280932 0.04615384615)
(0.004900878449 -0.003167280932 0.04871794872)
(0.004900878449 -0.003167280932 0.05128205128)
(0.004900878449 -0.003167280932 0.05384615385)
(0.004900878449 -0.003167280932 0.05641025641)
(0.004900878449 -0.003167280932 0.05897435897)
(0.004900878449 -0.003167280932 0.06153846154)
(0.004900878449 -0.003167280932 0.0641025641)
(0.004900878449 -0.003167280932 0.06666666667)
(0.004900878449 -0.003167280932 0.06923076923)
(0.004900878449 -0.003167280932 0.07179487179)
(0.004900878449 -0.003167280932 0.07435897436)
(0.004900878449 -0.003167280932 0.07692307692)
(0.004900878449 -0.003167280932 0.07948717949)
(0.004900878449 -0.003167280932 0.08205128205)
(0.004900878449 -0.003167280932 0.08461538462)
(0.004900878449 -0.003167280932 0.08717948718)
(0.004900878449 -0.003167280932 0.08974358974)
(0.004900878449 -0.003167280932 0.09230769231)
(0.004900878449 -0.003167280932 0.09487179487)
(0.004900878449 -0.003167280932 0.09743589744)
(0.004900878449 -0.003167280932 0.1)
(0.00558551813 -0.002160733729 0)
(0.00558551813 -0.002160733729 0.002564102564)
(0.00558551813 -0.002160733729 0.005128205128)
(0.00558551813 -0.002160733729 0.007692307692)
(0.00558551813 -0.002160733729 0.01025641026)
(0.00558551813 -0.002160733729 0.01282051282)
(0.00558551813 -0.002160733729 0.01538461538)
(0.00558551813 -0.002160733729 0.01794871795)
(0.00558551813 -0.002160733729 0.02051282051)
(0.00558551813 -0.002160733729 0.02307692308)
(0.00558551813 -0.002160733729 0.02564102564)
(0.00558551813 -0.002160733729 0.02820512821)
(0.00558551813 -0.002160733729 0.03076923077)
(0.00558551813 -0.002160733729 0.03333333333)
(0.00558551813 -0.002160733729 0.0358974359)
(0.00558551813 -0.002160733729 0.03846153846)
(0.00558551813 -0.002160733729 0.04102564103)
(0.00558551813 -0.002160733729 0.04358974359)
(0.00558551813 -0.002160733729 0.04615384615)
(0.00558551813 -0.002160733729 0.04871794872)
(0.00558551813 -0.002160733729 0.05128205128)
(0.00558551813 -0.002160733729 0.05384615385)
(0.00558551813 -0.002160733729 0.05641025641)
(0.00558551813 -0.002160733729 0.05897435897)
(0.00558551813 -0.002160733729 0.06153846154)
(0.00558551813 -0.002160733729 0.0641025641)
(0.00558551813 -0.002160733729 0.06666666667)
(0.00558551813 -0.002160733729 0.06923076923)
(0.00558551813 -0.002160733729 0.07179487179)
(0.00558551813 -0.002160733729 0.07435897436)
(0.00558551813 -0.002160733729 0.07692307692)
(0.00558551813 -0.002160733729 0.07948717949)
(0.00558551813 -0.002160733729 0.08205128205)
(0.00558551813 -0.002160733729 0.08461538462)
(0.00558551813 -0.002160733729 0.08717948718)
(0.00558551813 -0.002160733729 0.08974358974)
(0.00558551813 -0.002160733729 0.09230769231)
(0.00558551813 -0.002160733729 0.09487179487)
(0.00558551813 -0.002160733729 0.09743589744)
(0.00558551813 -0.002160733729 0.1)
(0.006128141122 -0.001095361288 0)
(0.006128141122 -0.001095361288 0.002564102564)
(0.006128141122 -0.001095361288 0.005128205128)
(0.006128141122 -0.001095361288 0.007692307692)
(0.006128141122 -0.001095361288 0.01025641026)
(0.006128141122 -0.001095361288 0.01282051282)
(0.006128141122 -0.001095361288 0.01538461538)
(0.006128141122 -0.001095361288 0.01794871795)
(0.006128141122 -0.001095361288 0.02051282051)
(0.006128141122 -0.001095361288 0.02307692308)
(0.006128141122 -0.001095361288 0.02564102564)
(0.006128141122 -0.001095361288 0.02820512821)
(0.006128141122 -0.001095361288 0.03076923077)
(0.006128141122 -0.001095361288 0.03333333333)
(0.006128141122 -0.001095361288 0.0358974359)
(0.006128141122 -0.001095361288 0.03846153846)
(0.006128141122 -0.001095361288 0.04102564103)
(0.006128141122 -0.001095361288 0.04358974359)
(0.006128141122 -0.001095361288 0.04615384615)
(0.006128141122 -0.001095361288 0.04871794872)
(0.006128141122 -0.001095361288 0.05128205128)
(0.006128141122 -0.001095361288 0.05384615385)
(0.006128141122 -0.001095361288 0.05641025641)
(0.006128141122 -0.001095361288 0.05897435897)
(0.006128141122 -0.001095361288 0.06153846154)
(0.006128141122 -0.001095361288 0.0641025641)
(0.006128141122 -0.001095361288 0.06666666667)
(0.006128141122 -0.001095361288 0.06923076923)
(0.006128141122 -0.001095361288 0.07179487179)
(0.006128141122 -0.001095361288 0.07435897436)
(0.006128141122 -0.001095361288 0.07692307692)
(0.006128141122 -0.001095361288 0.07948717949)
(0.006128141122 -0.001095361288 0.08205128205)
(0.006128141122 -0.001095361288 0.08461538462)
(0.006128141122 -0.001095361288 0.08717948718)
(0.006128141122 -0.001095361288 0.08974358974)
(0.006128141122 -0.001095361288 0.09230769231)
(0.006128141122 -0.001095361288 0.09487179487)
(0.006128141122 -0.001095361288 0.09743589744)
(0.006128141122 -0.001095361288 0.1)
(0.001380541932 -0.007354711682 0)
(0.001380541932 -0.007354711682 0.002564102564)
(0.001380541932 -0.007354711682 0.005128205128)
(0.001380541932 -0.007354711682 0.007692307692)
(0.001380541932 -0.007354711682 0.01025641026)
(0.001380541932 -0.007354711682 0.01282051282)
(0.001380541932 -0.007354711682 0.01538461538)
(0.001380541932 -0.007354711682 0.01794871795)
(0.001380541932 -0.007354711682 0.02051282051)
(0.001380541932 -0.007354711682 0.02307692308)
(0.001380541932 -0.007354711682 0.02564102564)
(0.001380541932 -0.007354711682 0.02820512821)
(0.001380541932 -0.007354711682 0.03076923077)
(0.001380541932 -0.007354711682 0.03333333333)
(0.001380541932 -0.007354711682 0.0358974359)
(0.001380541932 -0.007354711682 0.03846153846)
(0.001380541932 -0.007354711682 0.04102564103)
(0.001380541932 -0.007354711682 0.04358974359)
(0.001380541932 -0.007354711682 0.04615384615)
(0.001380541932 -0.007354711682 0.04871794872)
(0.001380541932 -0.007354711682 0.05128205128)
(0.001380541932 -0.007354711682 0.05384615385)
(0.001380541932 -0.007354711682 0.05641025641)
(0.001380541932 -0.007354711682 0.05897435897)
(0.001380541932 -0.007354711682 0.06153846154)
(0.001380541932 -0.007354711682 0.0641025641)
(0.001380541932 -0.007354711682 0.06666666667)
(0.001380541932 -0.007354711682 0.06923076923)
(0.001380541932 -0.007354711682 0.07179487179)
(0.001380541932 -0.007354711682 0.07435897436)
(0.001380541932 -0.007354711682 0.07692307692)
(0.001380541932 -0.007354711682 0.07948717949)
(0.001380541932 -0.007354711682 0.08205128205)
(0.001380541932 -0.007354711682 0.08461538462)
(0.001380541932 -0.007354711682 0.08717948718)
(0.001380541932 -0.007354711682 0.08974358974)
(0.001380541932 -0.007354711682 0.09230769231)
(0.001380541932 -0.007354711682 0.09487179487)
(0.001380541932 -0.007354711682 0.09743589744)
(0.001380541932 -0.007354711682 0.1)
(0.002716100594 -0.006803277195 0)
(0.002716100594 -0.006803277195 0.002564102564)
(0.002716100594 -0.006803277195 0.005128205128)
(0.002716100594 -0.006803277195 0.007692307692)
(0.002716100594 -0.006803277195 0.01025641026)
(0.002716100594 -0.006803277195 0.01282051282)
(0.002716100594 -0.006803277195 0.01538461538)
(0.002716100594 -0.006803277195 0.01794871795)
(0.002716100594 -0.006803277195 0.02051282051)
(0.002716100594 -0.006803277195 0.02307692308)
(0.002716100594 -0.006803277195 0.02564102564)
(0.002716100594 -0.006803277195 0.02820512821)
(0.002716100594 -0.006803277195 0.03076923077)
(0.002716100594 -0.006803277195 0.03333333333)
(0.002716100594 -0.006803277195 0.0358974359)
(0.002716100594 -0.006803277195 0.03846153846)
(0.002716100594 -0.006803277195 0.04102564103)
(0.002716100594 -0.006803277195 0.04358974359)
(0.002716100594 -0.006803277195 0.04615384615)
(0.002716100594 -0.006803277195 0.04871794872)
(0.002716100594 -0.006803277195 0.05128205128)
(0.002716100594 -0.006803277195 0.05384615385)
(0.002716100594 -0.006803277195 0.05641025641)
(0.002716100594 -0.006803277195 0.05897435897)
(0.002716100594 -0.006803277195 0.06153846154)
(0.002716100594 -0.006803277195 0.0641025641)
(0.002716100594 -0.006803277195 0.06666666667)
(0.002716100594 -0.006803277195 0.06923076923)
(0.002716100594 -0.006803277195 0.07179487179)
(0.002716100594 -0.006803277195 0.07435897436)
(0.002716100594 -0.006803277195 0.07692307692)
(0.002716100594 -0.006803277195 0.07948717949)
(0.002716100594 -0.006803277195 0.08205128205)
(0.002716100594 -0.006803277195 0.08461538462)
(0.002716100594 -0.006803277195 0.08717948718)
(0.002716100594 -0.006803277195 0.08974358974)
(0.002716100594 -0.006803277195 0.09230769231)
(0.002716100594 -0.006803277195 0.09487179487)
(0.002716100594 -0.006803277195 0.09743589744)
(0.002716100594 -0.006803277195 0.1)
(0.003963421398 -0.006038817674 0)
(0.003963421398 -0.006038817674 0.002564102564)
(0.003963421398 -0.006038817674 0.005128205128)
(0.003963421398 -0.006038817674 0.007692307692)
(0.003963421398 -0.006038817674 0.01025641026)
(0.003963421398 -0.006038817674 0.01282051282)
(0.003963421398 -0.006038817674 0.01538461538)
(0.003963421398 -0.006038817674 0.01794871795)
(0.003963421398 -0.006038817674 0.02051282051)
(0.003963421398 -0.006038817674 0.02307692308)
(0.003963421398 -0.006038817674 0.02564102564)
(0.003963421398 -0.006038817674 0.02820512821)
(0.003963421398 -0.006038817674 0.03076923077)
(0.003963421398 -0.006038817674 0.03333333333)
(0.003963421398 -0.006038817674 0.0358974359)
(0.003963421398 -0.006038817674 0.03846153846)
(0.003963421398 -0.006038817674 0.04102564103)
(0.003963421398 -0.006038817674 0.04358974359)
(0.003963421398 -0.006038817674 0.04615384615)
(0.003963421398 -0.006038817674 0.04871794872)
(0.003963421398 -0.006038817674 0.05128205128)
(0.003963421398 -0.006038817674 0.05384615385)
(0.003963421398 -0.006038817674 0.05641025641)
(0.003963421398 -0.006038817674 0.05897435897)
(0.003963421398 -0.006038817674 0.06153846154)
(0.003963421398 -0.006038817674 0.0641025641)
(0.003963421398 -0.006038817674 0.06666666667)
(0.003963421398 -0.006038817674 0.06923076923)
(0.003963421398 -0.006038817674 0.07179487179)
(0.003963421398 -0.006038817674 0.07435897436)
(0.003963421398 -0.006038817674 0.07692307692)
(0.003963421398 -0.006038817674 0.07948717949)
(0.003963421398 -0.006038817674 0.08205128205)
(0.003963421398 -0.006038817674 0.08461538462)
(0.003963421398 -0.006038817674 0.08717948718)
(0.003963421398 -0.006038817674 0.08974358974)
(0.003963421398 -0.006038817674 0.09230769231)
(0.003963421398 -0.006038817674 0.09487179487)
(0.003963421398 -0.006038817674 0.09743589744)
(0.003963421398 -0.006038817674 0.1)
(0.005082640687 -0.005082640687 0)
(0.005082640687 -0.005082640687 0.002564102564)
(0.005082640687 -0.005082640687 0.005128205128)
(0.005082640687 -0.005082640687 0.007692307692)
(0.005082640687 -0.005082640687 0.01025641026)
(0.005082640687 -0.005082640687 0.01282051282)
(0.005082640687 -0.005082640687 0.01538461538)
(0.005082640687 -0.005082640687 0.01794871795)
(0.005082640687 -0.005082640687 0.02051282051)
(0.005082640687 -0.005082640687 0.02307692308)
(0.005082640687 -0.005082640687 0.02564102564)
(0.005082640687 -0.005082640687 0.02820512821)
(0.005082640687 -0.005082640687 0.03076923077)
(0.005082640687 -0.005082640687 0.03333333333)
(0.005082640687 -0.005082640687 0.0358974359)
(0.005082640687 -0.005082640687 0.03846153846)
(0.005082640687 -0.005082640687 0.04102564103)
(0.005082640687 -0.005082640687 0.04358974359)
(0.005082640687 -0.005082640687 0.04615384615)
(0.005082640687 -0.005082640687 0.04871794872)
(0.005082640687 -0.005082640687 0.05128205128)
(0.005082640687 -0.005082640687 0.05384615385)
(0.005082640687 -0.005082640687 0.05641025641)
(0.005082640687 -0.005082640687 0.05897435897)
(0.005082640687 -0.005082640687 0.06153846154)
(0.005082640687 -0.005082640687 0.0641025641)
(0.005082640687 -0.005082640687 0.06666666667)
(0.005082640687 -0.005082640687 0.06923076923)
(0.005082640687 -0.005082640687 0.07179487179)
(0.005082640687 -0.005082640687 0.07435897436)
(0.005082640687 -0.005082640687 0.07692307692)
(0.005082640687 -0.005082640687 0.07948717949)
(0.005082640687 -0.005082640687 0.08205128205)
(0.005082640687 -0.005082640687 0.08461538462)
(0.005082640687 -0.005082640687 0.08717948718)
(0.005082640687 -0.005082640687 0.08974358974)
(0.005082640687 -0.005082640687 0.09230769231)
(0.005082640687 -0.005082640687 0.09487179487)
(0.005082640687 -0.005082640687 0.09743589744)
(0.005082640687 -0.005082640687 0.1)
(0.006038817674 -0.003963421398 0)
(0.006038817674 -0.003963421398 0.002564102564)
(0.006038817674 -0.003963421398 0.005128205128)
(0.006038817674 -0.003963421398 0.007692307692)
(0.006038817674 -0.003963421398 0.01025641026)
(0.006038817674 -0.003963421398 0.01282051282)
(0.006038817674 -0.003963421398 0.01538461538)
(0.006038817674 -0.003963421398 0.01794871795)
(0.006038817674 -0.003963421398 0.02051282051)
(0.006038817674 -0.003963421398 0.02307692308)
(0.006038817674 -0.003963421398 0.02564102564)
(0.006038817674 -0.003963421398 0.02820512821)
(0.006038817674 -0.003963421398 0.03076923077)
(0.006038817674 -0.003963421398 0.03333333333)
(0.006038817674 -0.003963421398 0.0358974359)
(0.006038817674 -0.003963421398 0.03846153846)
(0.006038817674 -0.003963421398 0.04102564103)
(0.006038817674 -0.003963421398 0.04358974359)
(0.006038817674 -0.003963421398 0.04615384615)
(0.006038817674 -0.003963421398 0.04871794872)
(0.006038817674 -0.003963421398 0.05128205128)
(0.006038817674 -0.003963421398 0.05384615385)
(0.006038817674 -0.003963421398 0.05641025641)
(0.006038817674 -0.003963421398 0.05897435897)
(0.006038817674 -0.003963421398 0.06153846154)
(0.006038817674 -0.003963421398 0.0641025641)
(0.006038817674 -0.003963421398 0.06666666667)
(0.006038817674 -0.003963421398 0.06923076923)
(0.006038817674 -0.003963421398 0.07179487179)
(0.006038817674 -0.003963421398 0.07435897436)
(0.006038817674 -0.003963421398 0.07692307692)
(0.006038817674 -0.003963421398 0.07948717949)
(0.006038817674 -0.003963421398 0.08205128205)
(0.006038817674 -0.003963421398 0.08461538462)
(0.006038817674 -0.003963421398 0.08717948718)
(0.006038817674 -0.003963421398 0.08974358974)
(0.006038817674 -0.003963421398 0.09230769231)
(0.006038817674 -0.003963421398 0.09487179487)
(0.006038817674 -0.003963421398 0.09743589744)
(0.006038817674 -0.003963421398 0.1)
(0.006803277195 -0.002716100594 0)
(0.006803277195 -0.002716100594 0.002564102564)
(0.006803277195 -0.002716100594 0.005128205128)
(0.006803277195 -0.002716100594 0.007692307692)
(0.006803277195 -0.002716100594 0.01025641026)
(0.006803277195 -0.002716100594 0.01282051282)
(0.006803277195 -0.002716100594 0.01538461538)
(0.006803277195 -0.002716100594 0.01794871795)
(0.006803277195 -0.002716100594 0.02051282051)
(0.006803277195 -0.002716100594 0.02307692308)
(0.006803277195 -0.002716100594 0.02564102564)
(0.006803277195 -0.002716100594 0.02820512821)
(0.006803277195 -0.002716100594 0.03076923077)
(0.006803277195 -0.002716100594 0.03333333333)
(0.006803277195 -0.002716100594 0.0358974359)
(0.006803277195 -0.002716100594 0.03846153846)
(0.006803277195 -0.002716100594 0.04102564103)
(0.006803277195 -0.002716100594 0.04358974359)
(0.006803277195 -0.002716100594 0.04615384615)
(0.006803277195 -0.002716100594 0.04871794872)
(0.006803277195 -0.002716100594 0.05128205128)
(0.006803277195 -0.002716100594 0.05384615385)
(0.006803277195 -0.002716100594 0.05641025641)
(0.006803277195 -0.002716100594 0.05897435897)
(0.006803277195 -0.002716100594 0.06153846154)
(0.006803277195 -0.002716100594 0.0641025641)
(0.006803277195 -0.002716100594 0.06666666667)
(0.006803277195 -0.002716100594 0.06923076923)
(0.006803277195 -0.002716100594 0.07179487179)
(0.006803277195 -0.002716100594 0.07435897436)
(0.006803277195 -0.002716100594 0.07692307692)
(0.006803277195 -0.002716100594 0.07948717949)
(0.006803277195 -0.002716100594 0.08205128205)
(0.006803277195 -0.002716100594 0.08461538462)
(0.006803277195 -0.002716100594 0.08717948718)
(0.006803277195 -0.002716100594 0.08974358974)
(0.006803277195 -0.002716100594 0.09230769231)
(0.006803277195 -0.002716100594 0.09487179487)
(0.006803277195 -0.002716100594 0.09743589744)
(0.006803277195 -0.002716100594 0.1)
(0.007354711682 -0.001380541932 0)
(0.007354711682 -0.001380541932 0.002564102564)
(0.007354711682 -0.001380541932 0.005128205128)
(0.007354711682 -0.001380541932 0.007692307692)
(0.007354711682 -0.001380541932 0.01025641026)
(0.007354711682 -0.001380541932 0.01282051282)
(0.007354711682 -0.001380541932 0.01538461538)
(0.007354711682 -0.001380541932 0.01794871795)
(0.007354711682 -0.001380541932 0.02051282051)
(0.007354711682 -0.001380541932 0.02307692308)
(0.007354711682 -0.001380541932 0.02564102564)
(0.007354711682 -0.001380541932 0.02820512821)
(0.007354711682 -0.001380541932 0.03076923077)
(0.007354711682 -0.001380541932 0.03333333333)
(0.007354711682 -0.001380541932 0.0358974359)
(0.007354711682 -0.001380541932 0.03846153846)
(0.007354711682 -0.001380541932 0.04102564103)
(0.007354711682 -0.001380541932 0.04358974359)
(0.007354711682 -0.001380541932 0.04615384615)
(0.007354711682 -0.001380541932 0.04871794872)
(0.007354711682 -0.001380541932 0.05128205128)
(0.007354711682 -0.001380541932 0.05384615385)
(0.007354711682 -0.001380541932 0.05641025641)
(0.007354711682 -0.001380541932 0.05897435897)
(0.007354711682 -0.001380541932 0.06153846154)
(0.007354711682 -0.001380541932 0.0641025641)
(0.007354711682 -0.001380541932 0.06666666667)
(0.007354711682 -0.001380541932 0.06923076923)
(0.007354711682 -0.001380541932 0.07179487179)
(0.007354711682 -0.001380541932 0.07435897436)
(0.007354711682 -0.001380541932 0.07692307692)
(0.007354711682 -0.001380541932 0.07948717949)
(0.007354711682 -0.001380541932 0.08205128205)
(0.007354711682 -0.001380541932 0.08461538462)
(0.007354711682 -0.001380541932 0.08717948718)
(0.007354711682 -0.001380541932 0.08974358974)
(0.007354711682 -0.001380541932 0.09230769231)
(0.007354711682 -0.001380541932 0.09487179487)
(0.007354711682 -0.001380541932 0.09743589744)
(0.007354711682 -0.001380541932 0.1)
(0.001665722576 -0.008581282243 0)
(0.001665722576 -0.008581282243 0.002564102564)
(0.001665722576 -0.008581282243 0.005128205128)
(0.001665722576 -0.008581282243 0.007692307692)
(0.001665722576 -0.008581282243 0.01025641026)
(0.001665722576 -0.008581282243 0.01282051282)
(0.001665722576 -0.008581282243 0.01538461538)
(0.001665722576 -0.008581282243 0.01794871795)
(0.001665722576 -0.008581282243 0.02051282051)
(0.001665722576 -0.008581282243 0.02307692308)
(0.001665722576 -0.008581282243 0.02564102564)
(0.001665722576 -0.008581282243 0.02820512821)
(0.001665722576 -0.008581282243 0.03076923077)
(0.001665722576 -0.008581282243 0.03333333333)
(0.001665722576 -0.008581282243 0.0358974359)
(0.001665722576 -0.008581282243 0.03846153846)
(0.001665722576 -0.008581282243 0.04102564103)
(0.001665722576 -0.008581282243 0.04358974359)
(0.001665722576 -0.008581282243 0.04615384615)
(0.001665722576 -0.008581282243 0.04871794872)
(0.001665722576 -0.008581282243 0.05128205128)
(0.001665722576 -0.008581282243 0.05384615385)
(0.001665722576 -0.008581282243 0.05641025641)
(0.001665722576 -0.008581282243 0.05897435897)
(0.001665722576 -0.008581282243 0.06153846154)
(0.001665722576 -0.008581282243 0.0641025641)
(0.001665722576 -0.008581282243 0.06666666667)
(0.001665722576 -0.008581282243 0.06923076923)
(0.001665722576 -0.008581282243 0.07179487179)
(0.001665722576 -0.008581282243 0.07435897436)
(0.001665722576 -0.008581282243 0.07692307692)
(0.001665722576 -0.008581282243 0.07948717949)
(0.001665722576 -0.008581282243 0.08205128205)
(0.001665722576 -0.008581282243 0.08461538462)
(0.001665722576 -0.008581282243 0.08717948718)
(0.001665722576 -0.008581282243 0.08974358974)
(0.001665722576 -0.008581282243 0.09230769231)
(0.001665722576 -0.008581282243 0.09487179487)
(0.001665722576 -0.008581282243 0.09743589744)
(0.001665722576 -0.008581282243 0.1)
(0.003271467459 -0.00802103626 0)
(0.003271467459 -0.00802103626 0.002564102564)
(0.003271467459 -0.00802103626 0.005128205128)
(0.003271467459 -0.00802103626 0.007692307692)
(0.003271467459 -0.00802103626 0.01025641026)
(0.003271467459 -0.00802103626 0.01282051282)
(0.003271467459 -0.00802103626 0.01538461538)
(0.003271467459 -0.00802103626 0.01794871795)
(0.003271467459 -0.00802103626 0.02051282051)
(0.003271467459 -0.00802103626 0.02307692308)
(0.003271467459 -0.00802103626 0.02564102564)
(0.003271467459 -0.00802103626 0.02820512821)
(0.003271467459 -0.00802103626 0.03076923077)
(0.003271467459 -0.00802103626 0.03333333333)
(0.003271467459 -0.00802103626 0.0358974359)
(0.003271467459 -0.00802103626 0.03846153846)
(0.003271467459 -0.00802103626 0.04102564103)
(0.003271467459 -0.00802103626 0.04358974359)
(0.003271467459 -0.00802103626 0.04615384615)
(0.003271467459 -0.00802103626 0.04871794872)
(0.003271467459 -0.00802103626 0.05128205128)
(0.003271467459 -0.00802103626 0.05384615385)
(0.003271467459 -0.00802103626 0.05641025641)
(0.003271467459 -0.00802103626 0.05897435897)
(0.003271467459 -0.00802103626 0.06153846154)
(0.003271467459 -0.00802103626 0.0641025641)
(0.003271467459 -0.00802103626 0.06666666667)
(0.003271467459 -0.00802103626 0.06923076923)
(0.003271467459 -0.00802103626 0.07179487179)
(0.003271467459 -0.00802103626 0.07435897436)
(0.003271467459 -0.00802103626 0.07692307692)
(0.003271467459 -0.00802103626 0.07948717949)
(0.003271467459 -0.00802103626 0.08205128205)
(0.003271467459 -0.00802103626 0.08461538462)
(0.003271467459 -0.00802103626 0.08717948718)
(0.003271467459 -0.00802103626 0.08974358974)
(0.003271467459 -0.00802103626 0.09230769231)
(0.003271467459 -0.00802103626 0.09487179487)
(0.003271467459 -0.00802103626 0.09743589744)
(0.003271467459 -0.00802103626 0.1)
(0.004759561864 -0.007176756898 0)
(0.004759561864 -0.007176756898 0.002564102564)
(0.004759561864 -0.007176756898 0.005128205128)
(0.004759561864 -0.007176756898 0.007692307692)
(0.004759561864 -0.007176756898 0.01025641026)
(0.004759561864 -0.007176756898 0.01282051282)
(0.004759561864 -0.007176756898 0.01538461538)
(0.004759561864 -0.007176756898 0.01794871795)
(0.004759561864 -0.007176756898 0.02051282051)
(0.004759561864 -0.007176756898 0.02307692308)
(0.004759561864 -0.007176756898 0.02564102564)
(0.004759561864 -0.007176756898 0.02820512821)
(0.004759561864 -0.007176756898 0.03076923077)
(0.004759561864 -0.007176756898 0.03333333333)
(0.004759561864 -0.007176756898 0.0358974359)
(0.004759561864 -0.007176756898 0.03846153846)
(0.004759561864 -0.007176756898 0.04102564103)
(0.004759561864 -0.007176756898 0.04358974359)
(0.004759561864 -0.007176756898 0.04615384615)
(0.004759561864 -0.007176756898 0.04871794872)
(0.004759561864 -0.007176756898 0.05128205128)
(0.004759561864 -0.007176756898 0.05384615385)
(0.004759561864 -0.007176756898 0.05641025641)
(0.004759561864 -0.007176756898 0.05897435897)
(0.004759561864 -0.007176756898 0.06153846154)
(0.004759561864 -0.007176756898 0.0641025641)
(0.004759561864 -0.007176756898 0.06666666667)
(0.004759561864 -0.007176756898 0.06923076923)
(0.004759561864 -0.007176756898 0.07179487179)
(0.004759561864 -0.007176756898 0.07435897436)
(0.004759561864 -0.007176756898 0.07692307692)
(0.004759561864 -0.007176756898 0.07948717949)
(0.004759561864 -0.007176756898 0.08205128205)
(0.004759561864 -0.007176756898 0.08461538462)
(0.004759561864 -0.007176756898 0.08717948718)
(0.004759561864 -0.007176756898 0.08974358974)
(0.004759561864 -0.007176756898 0.09230769231)
(0.004759561864 -0.007176756898 0.09487179487)
(0.004759561864 -0.007176756898 0.09743589744)
(0.004759561864 -0.007176756898 0.1)
(0.006076854249 -0.006076854249 0)
(0.006076854249 -0.006076854249 0.002564102564)
(0.006076854249 -0.006076854249 0.005128205128)
(0.006076854249 -0.006076854249 0.007692307692)
(0.006076854249 -0.006076854249 0.01025641026)
(0.006076854249 -0.006076854249 0.01282051282)
(0.006076854249 -0.006076854249 0.01538461538)
(0.006076854249 -0.006076854249 0.01794871795)
(0.006076854249 -0.006076854249 0.02051282051)
(0.006076854249 -0.006076854249 0.02307692308)
(0.006076854249 -0.006076854249 0.02564102564)
(0.006076854249 -0.006076854249 0.02820512821)
(0.006076854249 -0.006076854249 0.03076923077)
(0.006076854249 -0.006076854249 0.03333333333)
(0.006076854249 -0.006076854249 0.0358974359)
(0.006076854249 -0.006076854249 0.03846153846)
(0.006076854249 -0.006076854249 0.04102564103)
(0.006076854249 -0.006076854249 0.04358974359)
(0.006076854249 -0.006076854249 0.04615384615)
(0.006076854249 -0.006076854249 0.04871794872)
(0.006076854249 -0.006076854249 0.05128205128)
(0.006076854249 -0.006076854249 0.05384615385)
(0.006076854249 -0.006076854249 0.05641025641)
(0.006076854249 -0.006076854249 0.05897435897)
(0.006076854249 -0.006076854249 0.06153846154)
(0.006076854249 -0.006076854249 0.0641025641)
(0.006076854249 -0.006076854249 0.06666666667)
(0.006076854249 -0.006076854249 0.06923076923)
(0.006076854249 -0.006076854249 0.07179487179)
(0.006076854249 -0.006076854249 0.07435897436)
(0.006076854249 -0.006076854249 0.07692307692)
(0.006076854249 -0.006076854249 0.07948717949)
(0.006076854249 -0.006076854249 0.08205128205)
(0.006076854249 -0.006076854249 0.08461538462)
(0.006076854249 -0.006076854249 0.08717948718)
(0.006076854249 -0.006076854249 0.08974358974)
(0.006076854249 -0.006076854249 0.09230769231)
(0.006076854249 -0.006076854249 0.09487179487)
(0.006076854249 -0.006076854249 0.09743589744)
(0.006076854249 -0.006076854249 0.1)
(0.007176756898 -0.004759561864 0)
(0.007176756898 -0.004759561864 0.002564102564)
(0.007176756898 -0.004759561864 0.005128205128)
(0.007176756898 -0.004759561864 0.007692307692)
(0.007176756898 -0.004759561864 0.01025641026)
(0.007176756898 -0.004759561864 0.01282051282)
(0.007176756898 -0.004759561864 0.01538461538)
(0.007176756898 -0.004759561864 0.01794871795)
(0.007176756898 -0.004759561864 0.02051282051)
(0.007176756898 -0.004759561864 0.02307692308)
(0.007176756898 -0.004759561864 0.02564102564)
(0.007176756898 -0.004759561864 0.02820512821)
(0.007176756898 -0.004759561864 0.03076923077)
(0.007176756898 -0.004759561864 0.03333333333)
(0.007176756898 -0.004759561864 0.0358974359)
(0.007176756898 -0.004759561864 0.03846153846)
(0.007176756898 -0.004759561864 0.04102564103)
(0.007176756898 -0.004759561864 0.04358974359)
(0.007176756898 -0.004759561864 0.04615384615)
(0.007176756898 -0.004759561864 0.04871794872)
(0.007176756898 -0.004759561864 0.05128205128)
(0.007176756898 -0.004759561864 0.05384615385)
(0.007176756898 -0.004759561864 0.05641025641)
(0.007176756898 -0.004759561864 0.05897435897)
(0.007176756898 -0.004759561864 0.06153846154)
(0.007176756898 -0.004759561864 0.0641025641)
(0.007176756898 -0.004759561864 0.06666666667)
(0.007176756898 -0.004759561864 0.06923076923)
(0.007176756898 -0.004759561864 0.07179487179)
(0.007176756898 -0.004759561864 0.07435897436)
(0.007176756898 -0.004759561864 0.07692307692)
(0.007176756898 -0.004759561864 0.07948717949)
(0.007176756898 -0.004759561864 0.08205128205)
(0.007176756898 -0.004759561864 0.08461538462)
(0.007176756898 -0.004759561864 0.08717948718)
(0.007176756898 -0.004759561864 0.08974358974)
(0.007176756898 -0.004759561864 0.09230769231)
(0.007176756898 -0.004759561864 0.09487179487)
(0.007176756898 -0.004759561864 0.09743589744)
(0.007176756898 -0.004759561864 0.1)
(0.00802103626 -0.003271467459 0)
(0.00802103626 -0.003271467459 0.002564102564)
(0.00802103626 -0.003271467459 0.005128205128)
(0.00802103626 -0.003271467459 0.007692307692)
(0.00802103626 -0.003271467459 0.01025641026)
(0.00802103626 -0.003271467459 0.01282051282)
(0.00802103626 -0.003271467459 0.01538461538)
(0.00802103626 -0.003271467459 0.01794871795)
(0.00802103626 -0.003271467459 0.02051282051)
(0.00802103626 -0.003271467459 0.02307692308)
(0.00802103626 -0.003271467459 0.02564102564)
(0.00802103626 -0.003271467459 0.02820512821)
(0.00802103626 -0.003271467459 0.03076923077)
(0.00802103626 -0.003271467459 0.03333333333)
(0.00802103626 -0.003271467459 0.0358974359)
(0.00802103626 -0.003271467459 0.03846153846)
(0.00802103626 -0.003271467459 0.04102564103)
(0.00802103626 -0.003271467459 0.04358974359)
(0.00802103626 -0.003271467459 0.04615384615)
(0.00802103626 -0.003271467459 0.04871794872)
(0.00802103626 -0.003271467459 0.05128205128)
(0.00802103626 -0.003271467459 0.05384615385)
(0.00802103626 -0.003271467459 0.05641025641)
(0.00802103626 -0.003271467459 0.05897435897)
(0.00802103626 -0.003271467459 0.06153846154)
(0.00802103626 -0.003271467459 0.0641025641)
(0.00802103626 -0.003271467459 0.06666666667)
(0.00802103626 -0.003271467459 0.06923076923)
(0.00802103626 -0.003271467459 0.07179487179)
(0.00802103626 -0.003271467459 0.07435897436)
(0.00802103626 -0.003271467459 0.07692307692)
(0.00802103626 -0.003271467459 0.07948717949)
(0.00802103626 -0.003271467459 0.08205128205)
(0.00802103626 -0.003271467459 0.08461538462)
(0.00802103626 -0.003271467459 0.08717948718)
(0.00802103626 -0.003271467459 0.08974358974)
(0.00802103626 -0.003271467459 0.09230769231)
(0.00802103626 -0.003271467459 0.09487179487)
(0.00802103626 -0.003271467459 0.09743589744)
(0.00802103626 -0.003271467459 0.1)
(0.008581282243 -0.001665722576 0)
(0.008581282243 -0.001665722576 0.002564102564)
(0.008581282243 -0.001665722576 0.005128205128)
(0.008581282243 -0.001665722576 0.007692307692)
(0.008581282243 -0.001665722576 0.01025641026)
(0.008581282243 -0.001665722576 0.01282051282)
(0.008581282243 -0.001665722576 0.01538461538)
(0.008581282243 -0.001665722576 0.01794871795)
(0.008581282243 -0.001665722576 0.02051282051)
(0.008581282243 -0.001665722576 0.02307692308)
(0.008581282243 -0.001665722576 0.02564102564)
(0.008581282243 -0.001665722576 0.02820512821)
(0.008581282243 -0.001665722576 0.03076923077)
(0.008581282243 -0.001665722576 0.03333333333)
(0.008581282243 -0.001665722576 0.0358974359)
(0.008581282243 -0.001665722576 0.03846153846)
(0.008581282243 -0.001665722576 0.04102564103)
(0.008581282243 -0.001665722576 0.04358974359)
(0.008581282243 -0.001665722576 0.04615384615)
(0.008581282243 -0.001665722576 0.04871794872)
(0.008581282243 -0.001665722576 0.05128205128)
(0.008581282243 -0.001665722576 0.05384615385)
(0.008581282243 -0.001665722576 0.05641025641)
(0.008581282243 -0.001665722576 0.05897435897)
(0.008581282243 -0.001665722576 0.06153846154)
(0.008581282243 -0.001665722576 0.0641025641)
(0.008581282243 -0.001665722576 0.06666666667)
(0.008581282243 -0.001665722576 0.06923076923)
(0.008581282243 -0.001665722576 0.07179487179)
(0.008581282243 -0.001665722576 0.07435897436)
(0.008581282243 -0.001665722576 0.07692307692)
(0.008581282243 -0.001665722576 0.07948717949)
(0.008581282243 -0.001665722576 0.08205128205)
(0.008581282243 -0.001665722576 0.08461538462)
(0.008581282243 -0.001665722576 0.08717948718)
(0.008581282243 -0.001665722576 0.08974358974)
(0.008581282243 -0.001665722576 0.09230769231)
(0.008581282243 -0.001665722576 0.09487179487)
(0.008581282243 -0.001665722576 0.09743589744)
(0.008581282243 -0.001665722576 0.1)
(0.00195090322 -0.009807852804 0)
(0.00195090322 -0.009807852804 0.002564102564)
(0.00195090322 -0.009807852804 0.005128205128)
(0.00195090322 -0.009807852804 0.007692307692)
(0.00195090322 -0.009807852804 0.01025641026)
(0.00195090322 -0.009807852804 0.01282051282)
(0.00195090322 -0.009807852804 0.01538461538)
(0.00195090322 -0.009807852804 0.01794871795)
(0.00195090322 -0.009807852804 0.02051282051)
(0.00195090322 -0.009807852804 0.02307692308)
(0.00195090322 -0.009807852804 0.02564102564)
(0.00195090322 -0.009807852804 0.02820512821)
(0.00195090322 -0.009807852804 0.03076923077)
(0.00195090322 -0.009807852804 0.03333333333)
(0.00195090322 -0.009807852804 0.0358974359)
(0.00195090322 -0.009807852804 0.03846153846)
(0.00195090322 -0.009807852804 0.04102564103)
(0.00195090322 -0.009807852804 0.04358974359)
(0.00195090322 -0.009807852804 0.04615384615)
(0.00195090322 -0.009807852804 0.04871794872)
(0.00195090322 -0.009807852804 0.05128205128)
(0.00195090322 -0.009807852804 0.05384615385)
(0.00195090322 -0.009807852804 0.05641025641)
(0.00195090322 -0.009807852804 0.05897435897)
(0.00195090322 -0.009807852804 0.06153846154)
(0.00195090322 -0.009807852804 0.0641025641)
(0.00195090322 -0.009807852804 0.06666666667)
(0.00195090322 -0.009807852804 0.06923076923)
(0.00195090322 -0.009807852804 0.07179487179)
(0.00195090322 -0.009807852804 0.07435897436)
(0.00195090322 -0.009807852804 0.07692307692)
(0.00195090322 -0.009807852804 0.07948717949)
(0.00195090322 -0.009807852804 0.08205128205)
(0.00195090322 -0.009807852804 0.08461538462)
(0.00195090322 -0.009807852804 0.08717948718)
(0.00195090322 -0.009807852804 0.08974358974)
(0.00195090322 -0.009807852804 0.09230769231)
(0.00195090322 -0.009807852804 0.09487179487)
(0.00195090322 -0.009807852804 0.09743589744)
(0.00195090322 -0.009807852804 0.1)
(0.003826834324 -0.009238795325 0)
(0.003826834324 -0.009238795325 0.002564102564)
(0.003826834324 -0.009238795325 0.005128205128)
(0.003826834324 -0.009238795325 0.007692307692)
(0.003826834324 -0.009238795325 0.01025641026)
(0.003826834324 -0.009238795325 0.01282051282)
(0.003826834324 -0.009238795325 0.01538461538)
(0.003826834324 -0.009238795325 0.01794871795)
(0.003826834324 -0.009238795325 0.02051282051)
(0.003826834324 -0.009238795325 0.02307692308)
(0.003826834324 -0.009238795325 0.02564102564)
(0.003826834324 -0.009238795325 0.02820512821)
(0.003826834324 -0.009238795325 0.03076923077)
(0.003826834324 -0.009238795325 0.03333333333)
(0.003826834324 -0.009238795325 0.0358974359)
(0.003826834324 -0.009238795325 0.03846153846)
(0.003826834324 -0.009238795325 0.04102564103)
(0.003826834324 -0.009238795325 0.04358974359)
(0.003826834324 -0.009238795325 0.04615384615)
(0.003826834324 -0.009238795325 0.04871794872)
(0.003826834324 -0.009238795325 0.05128205128)
(0.003826834324 -0.009238795325 0.05384615385)
(0.003826834324 -0.009238795325 0.05641025641)
(0.003826834324 -0.009238795325 0.05897435897)
(0.003826834324 -0.009238795325 0.06153846154)
(0.003826834324 -0.009238795325 0.0641025641)
(0.003826834324 -0.009238795325 0.06666666667)
(0.003826834324 -0.009238795325 0.06923076923)
(0.003826834324 -0.009238795325 0.07179487179)
(0.003826834324 -0.009238795325 0.07435897436)
(0.003826834324 -0.009238795325 0.07692307692)
(0.003826834324 -0.009238795325 0.07948717949)
(0.003826834324 -0.009238795325 0.08205128205)
(0.003826834324 -0.009238795325 0.08461538462)
(0.003826834324 -0.009238795325 0.08717948718)
(0.003826834324 -0.009238795325 0.08974358974)
(0.003826834324 -0.009238795325 0.09230769231)
(0.003826834324 -0.009238795325 0.09487179487)
(0.003826834324 -0.009238795325 0.09743589744)
(0.003826834324 -0.009238795325 0.1)
(0.00555570233 -0.008314696123 0)
(0.00555570233 -0.008314696123 0.002564102564)
(0.00555570233 -0.008314696123 0.005128205128)
(0.00555570233 -0.008314696123 0.007692307692)
(0.00555570233 -0.008314696123 0.01025641026)
(0.00555570233 -0.008314696123 0.01282051282)
(0.00555570233 -0.008314696123 0.01538461538)
(0.00555570233 -0.008314696123 0.01794871795)
(0.00555570233 -0.008314696123 0.02051282051)
(0.00555570233 -0.008314696123 0.02307692308)
(0.00555570233 -0.008314696123 0.02564102564)
(0.00555570233 -0.008314696123 0.02820512821)
(0.00555570233 -0.008314696123 0.03076923077)
(0.00555570233 -0.008314696123 0.03333333333)
(0.00555570233 -0.008314696123 0.0358974359)
(0.00555570233 -0.008314696123 0.03846153846)
(0.00555570233 -0.008314696123 0.04102564103)
(0.00555570233 -0.008314696123 0.04358974359)
(0.00555570233 -0.008314696123 0.04615384615)
(0.00555570233 -0.008314696123 0.04871794872)
(0.00555570233 -0.008314696123 0.05128205128)
(0.00555570233 -0.008314696123 0.05384615385)
(0.00555570233 -0.008314696123 0.05641025641)
(0.00555570233 -0.008314696123 0.05897435897)
(0.00555570233 -0.008314696123 0.06153846154)
(0.00555570233 -0.008314696123 0.0641025641)
(0.00555570233 -0.008314696123 0.06666666667)
(0.00555570233 -0.008314696123 0.06923076923)
(0.00555570233 -0.008314696123 0.07179487179)
(0.00555570233 -0.008314696123 0.07435897436)
(0.00555570233 -0.008314696123 0.07692307692)
(0.00555570233 -0.008314696123 0.07948717949)
(0.00555570233 -0.008314696123 0.08205128205)
(0.00555570233 -0.008314696123 0.08461538462)
(0.00555570233 -0.008314696123 0.08717948718)
(0.00555570233 -0.008314696123 0.08974358974)
(0.00555570233 -0.008314696123 0.09230769231)
(0.00555570233 -0.008314696123 0.09487179487)
(0.00555570233 -0.008314696123 0.09743589744)
(0.00555570233 -0.008314696123 0.1)
(0.007071067812 -0.007071067812 0)
(0.007071067812 -0.007071067812 0.002564102564)
(0.007071067812 -0.007071067812 0.005128205128)
(0.007071067812 -0.007071067812 0.007692307692)
(0.007071067812 -0.007071067812 0.01025641026)
(0.007071067812 -0.007071067812 0.01282051282)
(0.007071067812 -0.007071067812 0.01538461538)
(0.007071067812 -0.007071067812 0.01794871795)
(0.007071067812 -0.007071067812 0.02051282051)
(0.007071067812 -0.007071067812 0.02307692308)
(0.007071067812 -0.007071067812 0.02564102564)
(0.007071067812 -0.007071067812 0.02820512821)
(0.007071067812 -0.007071067812 0.03076923077)
(0.007071067812 -0.007071067812 0.03333333333)
(0.007071067812 -0.007071067812 0.0358974359)
(0.007071067812 -0.007071067812 0.03846153846)
(0.007071067812 -0.007071067812 0.04102564103)
(0.007071067812 -0.007071067812 0.04358974359)
(0.007071067812 -0.007071067812 0.04615384615)
(0.007071067812 -0.007071067812 0.04871794872)
(0.007071067812 -0.007071067812 0.05128205128)
(0.007071067812 -0.007071067812 0.05384615385)
(0.007071067812 -0.007071067812 0.05641025641)
(0.007071067812 -0.007071067812 0.05897435897)
(0.007071067812 -0.007071067812 0.06153846154)
(0.007071067812 -0.007071067812 0.0641025641)
(0.007071067812 -0.007071067812 0.06666666667)
(0.007071067812 -0.007071067812 0.06923076923)
(0.007071067812 -0.007071067812 0.07179487179)
(0.007071067812 -0.007071067812 0.07435897436)
(0.007071067812 -0.007071067812 0.07692307692)
(0.007071067812 -0.007071067812 0.07948717949)
(0.007071067812 -0.007071067812 0.08205128205)
(0.007071067812 -0.007071067812 0.08461538462)
(0.007071067812 -0.007071067812 0.08717948718)
(0.007071067812 -0.007071067812 0.08974358974)
(0.007071067812 -0.007071067812 0.09230769231)
(0.007071067812 -0.007071067812 0.09487179487)
(0.007071067812 -0.007071067812 0.09743589744)
(0.007071067812 -0.007071067812 0.1)
(0.008314696123 -0.00555570233 0)
(0.008314696123 -0.00555570233 0.002564102564)
(0.008314696123 -0.00555570233 0.005128205128)
(0.008314696123 -0.00555570233 0.007692307692)
(0.008314696123 -0.00555570233 0.01025641026)
(0.008314696123 -0.00555570233 0.01282051282)
(0.008314696123 -0.00555570233 0.01538461538)
(0.008314696123 -0.00555570233 0.01794871795)
(0.008314696123 -0.00555570233 0.02051282051)
(0.008314696123 -0.00555570233 0.02307692308)
(0.008314696123 -0.00555570233 0.02564102564)
(0.008314696123 -0.00555570233 0.02820512821)
(0.008314696123 -0.00555570233 0.03076923077)
(0.008314696123 -0.00555570233 0.03333333333)
(0.008314696123 -0.00555570233 0.0358974359)
(0.008314696123 -0.00555570233 0.03846153846)
(0.008314696123 -0.00555570233 0.04102564103)
(0.008314696123 -0.00555570233 0.04358974359)
(0.008314696123 -0.00555570233 0.04615384615)
(0.008314696123 -0.00555570233 0.04871794872)
(0.008314696123 -0.00555570233 0.05128205128)
(0.008314696123 -0.00555570233 0.05384615385)
(0.008314696123 -0.00555570233 0.05641025641)
(0.008314696123 -0.00555570233 0.05897435897)
(0.008314696123 -0.00555570233 0.06153846154)
(0.008314696123 -0.00555570233 0.0641025641)
(0.008314696123 -0.00555570233 0.06666666667)
(0.008314696123 -0.00555570233 0.06923076923)
(0.008314696123 -0.00555570233 0.07179487179)
(0.008314696123 -0.00555570233 0.07435897436)
(0.008314696123 -0.00555570233 0.07692307692)
(0.008314696123 -0.00555570233 0.07948717949)
(0.008314696123 -0.00555570233 0.08205128205)
(0.008314696123 -0.00555570233 0.08461538462)
(0.008314696123 -0.00555570233 0.08717948718)
(0.008314696123 -0.00555570233 0.08974358974)
(0.008314696123 -0.00555570233 0.09230769231)
(0.008314696123 -0.00555570233 0.09487179487)
(0.008314696123 -0.00555570233 0.09743589744)
(0.008314696123 -0.00555570233 0.1)
(0.009238795325 -0.003826834324 0)
(0.009238795325 -0.003826834324 0.002564102564)
(0.009238795325 -0.003826834324 0.005128205128)
(0.009238795325 -0.003826834324 0.007692307692)
(0.009238795325 -0.003826834324 0.01025641026)
(0.009238795325 -0.003826834324 0.01282051282)
(0.009238795325 -0.003826834324 0.01538461538)
(0.009238795325 -0.003826834324 0.01794871795)
(0.009238795325 -0.003826834324 0.02051282051)
(0.009238795325 -0.003826834324 0.02307692308)
(0.009238795325 -0.003826834324 0.02564102564)
(0.009238795325 -0.003826834324 0.02820512821)
(0.009238795325 -0.003826834324 0.03076923077)
(0.009238795325 -0.003826834324 0.03333333333)
(0.009238795325 -0.003826834324 0.0358974359)
(0.009238795325 -0.003826834324 0.03846153846)
(0.009238795325 -0.003826834324 0.04102564103)
(0.009238795325 -0.003826834324 0.04358974359)
(0.009238795325 -0.003826834324 0.04615384615)
(0.009238795325 -0.003826834324 0.04871794872)
(0.009238795325 -0.003826834324 0.05128205128)
(0.009238795325 -0.003826834324 0.05384615385)
(0.009238795325 -0.003826834324 0.05641025641)
(0.009238795325 -0.003826834324 0.05897435897)
(0.009238795325 -0.003826834324 0.06153846154)
(0.009238795325 -0.003826834324 0.0641025641)
(0.009238795325 -0.003826834324 0.06666666667)
(0.009238795325 -0.003826834324 0.06923076923)
(0.009238795325 -0.003826834324 0.07179487179)
(0.009238795325 -0.003826834324 0.07435897436)
(0.009238795325 -0.003826834324 0.07692307692)
(0.009238795325 -0.003826834324 0.07948717949)
(0.009238795325 -0.003826834324 0.08205128205)
(0.009238795325 -0.003826834324 0.08461538462)
(0.009238795325 -0.003826834324 0.08717948718)
(0.009238795325 -0.003826834324 0.08974358974)
(0.009238795325 -0.003826834324 0.09230769231)
(0.009238795325 -0.003826834324 0.09487179487)
(0.009238795325 -0.003826834324 0.09743589744)
(0.009238795325 -0.003826834324 0.1)
(0.009807852804 -0.00195090322 0)
(0.009807852804 -0.00195090322 0.002564102564)
(0.009807852804 -0.00195090322 0.005128205128)
(0.009807852804 -0.00195090322 0.007692307692)
(0.009807852804 -0.00195090322 0.01025641026)
(0.009807852804 -0.00195090322 0.01282051282)
(0.009807852804 -0.00195090322 0.01538461538)
(0.009807852804 -0.00195090322 0.01794871795)
(0.009807852804 -0.00195090322 0.02051282051)
(0.009807852804 -0.00195090322 0.02307692308)
(0.009807852804 -0.00195090322 0.02564102564)
(0.009807852804 -0.00195090322 0.02820512821)
(0.009807852804 -0.00195090322 0.03076923077)
(0.009807852804 -0.00195090322 0.03333333333)
(0.009807852804 -0.00195090322 0.0358974359)
(0.009807852804 -0.00195090322 0.03846153846)
(0.009807852804 -0.00195090322 0.04102564103)
(0.009807852804 -0.00195090322 0.04358974359)
(0.009807852804 -0.00195090322 0.04615384615)
(0.009807852804 -0.00195090322 0.04871794872)
(0.009807852804 -0.00195090322 0.05128205128)
(0.009807852804 -0.00195090322 0.05384615385)
(0.009807852804 -0.00195090322 0.05641025641)
(0.009807852804 -0.00195090322 0.05897435897)
(0.009807852804 -0.00195090322 0.06153846154)
(0.009807852804 -0.00195090322 0.0641025641)
(0.009807852804 -0.00195090322 0.06666666667)
(0.009807852804 -0.00195090322 0.06923076923)
(0.009807852804 -0.00195090322 0.07179487179)
(0.009807852804 -0.00195090322 0.07435897436)
(0.009807852804 -0.00195090322 0.07692307692)
(0.009807852804 -0.00195090322 0.07948717949)
(0.009807852804 -0.00195090322 0.08205128205)
(0.009807852804 -0.00195090322 0.08461538462)
(0.009807852804 -0.00195090322 0.08717948718)
(0.009807852804 -0.00195090322 0.08974358974)
(0.009807852804 -0.00195090322 0.09230769231)
(0.009807852804 -0.00195090322 0.09487179487)
(0.009807852804 -0.00195090322 0.09743589744)
(0.009807852804 -0.00195090322 0.1)
)
